{
    "Putrid Warrior": 7.174011299435028,
    "Krosan Tusker": 4.612535612535613,
    "Mass Hysteria": null,
    "Spell Snare": 6.891231964483906,
    "Ghost Quarter": 7.401047120418848,
    "Enlisted Wurm": null,
    "Kuldotha Rebirth": 6.025706940874036,
    "Molten Psyche": null,
    "Leonin Relic-Warder": 4.170896785109983,
    "Gnaw to the Bone": 7.589247311827957,
    "Stromkirk Captain": 6.5130533484676505,
    "Burden of Guilt": 6.9824150058616645,
    "Ixidor, Reality Sculptor": null,
    "Duskmantle, House of Shadow": 7.8361018826135105,
    "Worldspine Wurm": null,
    "Possibility Storm": null,
    "Millstone": 7.653084982537835,
    "Nyx Weaver": 5.408970976253298,
    "Evolutionary Leap": null,
    "Shard of Broken Glass": 7.9178228388473855,
    "Metalspinner's Puzzleknot": 6.687711386696731,
    "Smuggler's Copter": null,
    "Consign // Oblivion": 5.577656675749319,
    "Bishop of the Bloodstained": 6.8960612691466086,
    "Goblin Warchief": 6.691780821917808,
    "High Alert": 7.025,
    "Jace, Wielder of Mysteries": null,
    "Syr Konrad, the Grim": null,
    "Ranger-Captain of Eos": null,
    "Hard Evidence": 4.697872340425532,
    "Combine Chrysalis": 5.644113667117726,
    "Quintorius, Field Historian": 5.30719794344473,
    "Laid to Rest": 7.530172413793103,
    "Monologue Tax": null,
    "Magmaw": 4.831506849315068,
    "Mistveil Plains": 7.099020674646355,
    "Mentor of the Meek": null,
    "Ghostly Prison": null,
    "Fabricate": null,
    "Show and Tell": null,
    "Tragic Slip": null,
    "Victimize": null,
    "Gamble": null,
    "Crashing Footfalls": null,
    "Tireless Tracker": null,
    "Drown in the Loch": null,
    "Field of the Dead": null,
    "Case of the Shattered Pact": 6.100405483684109,
    "Absolving Lammasu": 5.997265625,
    "Assemble the Players": 4.075957727873184,
    "Aurelia's Vindicator": null,
    "Auspicious Arrival": 4.905209487918421,
    "Call a Surprise Witness": 5.226729243490893,
    "Case of the Gateway Express": 2.5559345156889495,
    "Case of the Pilfered Proof": 5.330567889693854,
    "Case of the Uneaten Feast": 5.411823899371069,
    "Defenestrated Phantom": 6.592857408855622,
    "Delney, Streetwise Lookout": 1.8237232289950576,
    "Doorkeeper Thrull": 4.451789838337183,
    "Due Diligence": 6.57935812997297,
    "Essence of Antiquity": 6.2034439392473635,
    "Forum Familiar": 5.8167298044435345,
    "Griffnaut Tracker": 5.907802825845372,
    "Haazda Vigilante": 5.615934879131721,
    "Inside Source": 3.1325735718407386,
    "Karlov Watchdog": 3.6683673469387754,
    "Krovod Haunch": 5.840553549939831,
    "Make Your Move": 5.576311868895878,
    "Makeshift Binding": 2.583776839787117,
    "Marketwatch Phantom": 3.2639687756778963,
    "Museum Nightwatch": 4.5754110754110755,
    "Neighborhood Guardian": 2.5094706168042737,
    "No Witnesses": 2.4654403567447045,
    "Not on My Watch": 3.5352067699185694,
    "Novice Inspector": 2.6321725009022012,
    "On the Job": 5.051769037356322,
    "Perimeter Enforcer": 2.6704293935369634,
    "Sanctuary Wall": 6.7781520254893035,
    "Seasoned Consultant": 4.1831448376504925,
    "Tenth District Hero": 1.4393782383419689,
    "Unyielding Gatekeeper": 1.766990291262136,
    "Wrench": 6.687651331719128,
    "Agency Outfitter": 6.663371088500672,
    "Behind the Mask": 8.331019978969506,
    "Benthic Criminologists": 7.459663625997719,
    "Bubble Smuggler": 6.0480913617323955,
    "Burden of Proof": 6.00354394491697,
    "Candlestick": 7.059774436090225,
    "Case of the Filched Falcon": 4.997546728971963,
    "Case of the Ransacked Lab": 6.220657276995305,
    "Cold Case Cracker": 4.1530672067366625,
    "Conspiracy Unraveler": 3.7456521739130433,
    "Coveted Falcon": 3.60759027266028,
    "Crimestopper Sprite": 5.092675768221639,
    "Cryptic Coat": 1.5298429319371727,
    "Curious Inquiry": 6.203393295175797,
    "Deduce": 5.486174631813032,
    "Dramatic Accusation": 5.473750053923472,
    "Eliminate the Impossible": 5.535393610357068,
    "Exit Specialist": 3.047173274596182,
    "Fae Flight": 6.185922846369525,
    "Forensic Gadgeteer": 3.0478180129990715,
    "Forensic Researcher": 4.450720100187852,
    "Furtive Courier": 4.982537178909419,
    "Hotshot Investigators": 6.853657623947615,
    "Intrude on the Mind": 2.212080536912752,
    "Jaded Analyst": 6.377034498870804,
    "Living Conundrum": 7.48848299442145,
    "Lost in the Maze": 3.0728328865058088,
    "Mistway Spy": 4.887257224064425,
    "Out Cold": 4.945414053267885,
    "Proft's Eidetic Memory": 2.1736641221374047,
    "Projektor Inspector": 4.208891691628567,
    "Reasonable Doubt": 6.26511609633442,
    "Reenact the Crime": 5.589860698789678,
    "Steamcore Scholar": 1.9088168801808592,
    "Unauthorized Exit": 5.973204715969989,
    "Agency Coroner": 8.110465323587093,
    "Alley Assailant": 6.68173121077606,
    "Barbed Servitor": 3.052584670231729,
    "Basilica Stalker": 6.4007381507381504,
    "Case of the Stashed Skeleton": 2.70915907873594,
    "Cerebral Confiscation": 7.841964221047295,
    "Deadly Cover-Up": 2.310062893081761,
    "Extract a Confession": 4.462938750880016,
    "Festerleech": 5.993774088348651,
    "Homicide Investigator": 2.0883367839889577,
    "Hunted Bonebrute": 2.1091160220994474,
    "Illicit Masquerade": 4.801362088535755,
    "It Doesn't Add Up": 6.867979922341131,
    "Lead Pipe": 7.331389088298636,
    "Leering Onlooker": 3.5657726692209453,
    "Long Goodbye": 3.1289915208370918,
    "Macabre Reconstruction": 7.147475277195086,
    "Massacre Girl, Known Killer": 1.609009009009009,
    "Murder": 4.2178090609463155,
    "Nightdrinker Moroii": 4.820622854340363,
    "Outrageous Robbery": 2.7205957883923984,
    "Persuasive Interrogators": 6.116835326586936,
    "Polygraph Orb": 6.984469450385939,
    "Presumed Dead": 6.223220525107317,
    "Repeat Offender": 6.364263983150011,
    "Rot Farm Mortipede": 7.282259870139563,
    "Slice from the Shadows": 4.5312994462025316,
    "Slimy Dualleech": 5.044119368051492,
    "Snarling Gorehound": 5.615212912087912,
    "Soul Enervation": 3.997545480796997,
    "Toxin Analysis": 6.856705473238585,
    "Undercity Eliminator": 4.329274819373829,
    "Unscrupulous Agent": 5.328488881106637,
    "Vein Ripper": null,
    "Anzrag's Rampage": 6.206026928830947,
    "Bolrac-Clan Basher": 4.167254476397178,
    "Case of the Burning Masks": 3.7141075604053,
    "Case of the Crimson Pulse": 3.2154953429297204,
    "Caught Red-Handed": 7.307295373665481,
    "The Chase Is On": 5.936803268933232,
    "Concealed Weapon": 5.715698267074414,
    "Connecting the Dots": 4.65388983532084,
    "Convenient Target": 6.59260663507109,
    "Cornered Crook": 4.913763366678165,
    "Crime Novelist": 5.5510270979020975,
    "Demand Answers": 7.080569594569669,
    "Expedited Inheritance": 5.668526266852627,
    "Expose the Culprit": 7.52307554440362,
    "Felonious Rage": 6.443625843780135,
    "Frantic Scapegoat": 4.904103165298945,
    "Fugitive Codebreaker": 2.2101300479123887,
    "Galvanize": 3.189390681003584,
    "Gearbane Orangutan": 5.692680502050454,
    "Goblin Maskmaker": 6.356766740018862,
    "Harried Dronesmith": 3.4218314763231197,
    "Incinerator of the Guilty": null,
    "Innocent Bystander": 5.80538268811121,
    "Knife": 7.047004273115737,
    "Krenko, Baron of Tin Street": 1.7548936170212766,
    "Krenko's Buzzcrusher": 2.2344322344322345,
    "Lamplight Phoenix": 1.7561919504643964,
    "Offender at Large": 5.388947081744669,
    "Person of Interest": 3.940107557316728,
    "Pyrotechnic Performer": 1.8376674546887313,
    "Reckless Detective": 3.0235038514714594,
    "Red Herring": 4.379704815892957,
    "Rubblebelt Braggart": 7.141037909458962,
    "Shock": 3.268363939899833,
    "Suspicious Detonation": 6.203395146430392,
    "Vengeful Tracker": 4.30587170201759,
    "Aftermath Analyst": 5.420933734939759,
    "Airtight Alibi": 7.007111697642875,
    "Analyze the Pollen": 3.7338736913205,