{
    "Archon of the Wild Rose": 1.6525619834710743,
    "Archon's Glory": 6.42271958945922,
    "Armory Mice": 6.617683603551438,
    "Besotted Knight": 5.6487240309673385,
    "Break the Spell": 8.475112115108555,
    "Charmed Clothier": 6.604801852368195,
    "Cheeky House-Mouse": 4.935690638867366,
    "Cooped Up": 3.582355412680887,
    "Cursed Courtier": 4.052789377877717,
    "Discerning Financier": 5.310563476830271,
    "Dutiful Griffin": 5.855036933775577,
    "Eerie Interference": 7.97295086437258,
    "Expel the Interlopers": 2.0715735353808684,
    "Frostbridge Guard": 6.777701951879409,
    "Gallant Pie-Wielder": 4.607022772428549,
    "Glass Casket": 3.892482865354853,
    "Hopeful Vigil": 3.729458319334005,
    "Kellan's Lightblades": 4.761994641085995,
    "Knight of Doves": 5.753318419090231,
    "Moment of Valor": 6.976199927716983,
    "Moonshaker Cavalry": 2.5964696223316914,
    "Plunge into Winter": 8.501217020421379,
    "The Princess Takes Flight": 3.2266046257013823,
    "Protective Parents": 7.206086167003486,
    "Regal Bunnicorn": 1.7759887447240894,
    "Return Triumphant": 6.526388685507883,
    "Rimefur Reindeer": 7.456088388770661,
    "Savior of the Sleeping": 6.957536951708455,
    "Slumbering Keepguard": 7.477154438113141,
    "Solitary Sanctuary": 6.329931100785131,
    "Spellbook Vendor": 1.5098399852860034,
    "Stockpiling Celebrant": 4.849970140010175,
    "Stroke of Midnight": 4.607319329881686,
    "A Tale for the Ages": 3.8678380965404076,
    "Three Blind Mice": 2.191819291819292,
    "Tuinvale Guide": 7.244194967117014,
    "Unassuming Sage": 6.560182913903273,
    "Virtue of Loyalty": 1.2809133993968118,
    "Werefox Bodyguard": 1.9508781558726673,
    "Aquatic Alchemist": 6.769695647166506,
    "Archive Dragon": 4.1978211375194165,
    "Asinine Antics": 2.9633746355685133,
    "Beluna's Gatekeeper": 5.511952419850266,
    "Bitter Chill": 3.853368352526545,
    "Chancellor of Tales": 5.535941530524505,
    "Diminisher Witch": 7.390554579149773,
    "Disdainful Stroke": 7.143057424060044,
    "Extraordinary Journey": 3.0089565217391305,
    "Farsight Ritual": 3.8397312859884836,
    "Freeze in Place": 8.227234763108818,
    "Gadwick's First Duel": 5.6803683107539475,
    "Galvanic Giant": 6.20043830336188,
    "Horned Loch-Whale": 1.8937279774489078,
    "Ice Out": 6.800501836430415,
    "Icewrought Sentry": 5.04924825815915,
    "Ingenious Prodigy": 2.041970310391363,
    "Into the Fae Court": 6.210765717185815,
    "Johann's Stopgap": 6.4839894438566406,
    "Living Lectern": 8.245058956586005,
    "Merfolk Coralsmith": 8.948292955462925,
    "Misleading Motes": 8.522165054309516,
    "Mocking Sprite": 6.508708318619785,
    "Obyra's Attendants": 6.328276789717531,
    "Picklock Prankster": 4.297510736602145,
    "Quick Study": 6.690493557014345,
    "Sleep-Cursed Faerie": 2.215331610680448,
    "Sleight of Hand": 7.869736032978796,
    "Snaremaster Sprite": 6.929885867781654,
    "Spell Stutter": 6.149258559561088,
    "Splashy Spellcaster": 5.363050427967413,
    "Stormkeld Prowler": 8.33726556586583,
    "Succumb to the Cold": 7.041511744893049,
    "Talion's Messenger": 2.016820401519262,
    "Tenacious Tomeseeker": 5.22682064983194,
    "Vantress Transmuter": 6.1553402401845805,
    "Virtue of Knowledge": 4.356235565819861,
    "Water Wings": 8.805616245411292,
    "Ashiok, Wicked Manipulator": 1.2339181286549707,
    "Ashiok's Reaper": 5.400504498444463,
    "Back for Seconds": 3.92364435547045,
    "Barrow Naughty": 4.604515846267777,
    "Beseech the Mirror": 3.565322351604658,
    "Candy Grapple": 2.2587448645232113,
    "Conceited Witch": 4.508942893506141,
    "Dream Spoilers": 6.003156200684364,
    "Ego Drain": 7.204486907289455,
    "The End": 2.090133195396353,
    "Eriette's Whisper": 7.421034846159133,
    "Faerie Dreamthief": 3.7433634221174796,
    "Faerie Fencing": 3.0427196487870773,
    "Feed the Cauldron": 3.726523979243227,
    "Fell Horseman": 5.872909951177213,
    "Gumdrop Poisoner": 1.5281138790035587,
    "High Fae Negotiator": 2.640687142809398,
    "Hopeless Nightmare": 4.488878247706139,
    "Lich-Knights' Conquest": 4.079380683214549,
    "Lord Skitter, Sewer King": 1.3211279461279462,
    "Lord Skitter's Blessing": 1.9932950191570882,
    "Lord Skitter's Butcher": 3.051089765194922,
    "Mintstrosity": 4.502478198600811,
    "Not Dead After All": 6.7030387400521,
    "Rankle's Prank": 2.4573779484366427,
    "Rat Out": 5.618774245619516,
    "Rowan's Grim Search": 6.752631117091292,
    "Scream Puff": 5.216749641955944,
    "Shatter the Oath": 4.488828586448959,
    "Specter of Mortality": 1.8641975308641976,
    "Spiteful Hexmage": 2.459771299062532,
    "Stingblade Assassin": 6.314065039656837,
    "Sugar Rush": 7.801138616665723,
    "Sweettooth Witch": 4.591119002678325,
    "Taken by Nightmares": 2.55941746897918,
    "Tangled Colony": 1.9205993558325165,
    "Twisted Sewer-Witch": 3.1325737074490814,
    "Virtue of Persistence": 1.2217777777777779,
    "Voracious Vermin": 4.308703980940423,
    "Warehouse Tabby": 6.637557400956984,
    "Wicked Visitor": 6.764396231666084,
    "The Witch's Vanity": 2.561424977904684,
    "Belligerent of the Ball": 3.90950653918013,
    "Bellowing Bruiser": 6.403605764839835,
    "Bespoke Battlegarb": 8.380660839005294,
    "Boundary Lands Ranger": 5.229408328465325,
    "Charming Scoundrel": 2.252872242647059,
    "Cut In": 3.3065756863754867,
    "Edgewall Pack": 4.707777169880611,
    "Embereth Veteran": 3.992983798953948,
    "Flick a Coin": 5.454810260274065,
    "Food Fight": 6.100742746932578,
    "Frantic Firebolt": 4.534046390149866,
    "Gnawing Crescendo": 6.953244882031578,
    "Goddric, Cloaked Reveler": 1.758773316471704,
    "Grabby Giant": 4.733290362763346,
    "Grand Ball Guest": 5.283506251845341,
    "Harried Spearguard": 5.819444081440632,
    "Hearth Elemental": 3.460893105382533,
    "Imodane, the Pyrohammer": 2.8876662081613937,
    "Kindled Heroism": 8.654611331061027,
    "Korvold and the Noble Thief": 6.654210720887246,
    "Merry Bards": 6.601356628735536,
    "Minecart Daredevil": 5.529566498316498,
    "Monstrous Rage": 3.6678741437362126,
    "Raging Battle Mouse": 2.469153052450559,
    "Ratcatcher Trainee": 3.8746744733202823,
    "Realm-Scorcher Hellkite": 1.3510336441021484,
    "Redcap Gutter-Dweller": 1.5831597222222222,
    "Redcap Thief": 5.366886120757854,
    "Rotisserie Elemental": 3.689703998381768,
    "Skewer Slinger": 7.24561076917707,
    "Song of Totentanz": 1.655323286339329,
    "Stonesplitter Bolt": 3.186759374492722,
    "Tattered Ratter": 5.205826659486128,
    "Torch the Tower": 2.688888584499904,
    "Twisted Fealty": 4.718709795993384,
    "Two-Headed Hunter": 3.447018638152521,
    "Unruly Catapult": 6.977599575849957,
    "Virtue of Courage": 2.779280948851001,
    "Witch's Mark": 6.292142064509009,
    "Witchstalker Frenzy": 2.423422739861148,
    "Agatha's Champion": 2.4242569158328426,
    "Beanstalk Wurm": 5.536886942356224,
    "Bestial Bloodline": 7.934518342736208,
    "Blossoming Tortoise": 2.785909837561599,
    "Bramble Familiar": 2.264912079071371,
    "Brave the Wilds": 5.842900127671314,
    "Commune with Nature": 8.833872808783065,
    "Curse of the Werefox": 4.242064465485944,
    "Elvish Archivist": 2.012115436972502,
    "Feral Encounter": 2.635125936010892,
    "Ferocious Werefox": 4.442523317928556,
    "Graceful Takedown": 3.6606384213580965,
    "Gruff Triplets": 1.393477836360086,
    "Hamlet Glutton": 3.3994399741846837,
    "Hollow Scavenger": 4.345796092699517,
    "Howling Galefang": 3.751541489385907,
    "The Huntsman's Redemption": 1.828575698699746,
    "Leaping Ambush": 8.209407065089684,
    "Night of the Sweets' Revenge": 5.894686176357335,
    "Redtooth Genealogist": 5.377694282505215,
    "Redtooth Vanguard": 3.9058742552321957,
    "Return from the Wilds": 5.698727917493574,
    "Rootrider Faun": 4.047201018899213,