{
    "Abuelo's Awakening": 4.271960334492711,
    "Acrobatic Leap": 8.645512499928145,
    "Adaptive Gemguard": 5.725751828297772,
    "Attentive Sunscribe": 5.855589559683986,
    "Bat Colony": 6.49494341439923,
    "Clay-Fired Bricks": 3.2011090480252924,
    "Cosmium Blast": 5.417124143139305,
    "Dauntless Dismantler": 5.814883819031884,
    "Deconstruction Hammer": 7.101632670578209,
    "Dusk Rose Reliquary": 3.3026442377773244,
    "Envoy of Okinec Ahau": 6.466446658873827,
    "Fabrication Foundry": 5.266767098523652,
    "Family Reunion": 8.312033623100055,
    "Get Lost": 2.5571124734142376,
    "Glorifier of Suffering": 5.774321117848668,
    "Guardian of the Great Door": 3.2682941369340366,
    "Helping Hand": 6.1828990901571546,
    "Ironpaw Aspirant": 5.412712674578245,
    "Kinjalli's Dawnrunner": 3.5075546066677616,
    "Kutzil's Flanker": 2.0500910746812386,
    "Malamet War Scribe": 4.3720772772411305,
    "Market Gnome": 4.293816278133249,
    "Might of the Ancestors": 6.316439680168703,
    "Miner's Guidewing": 4.80474204732461,
    "Mischievous Pup": 4.639530021742766,
    "Ojer Taq, Deepest Foundation": 1.4300975383186252,
    "Oltec Archaeologists": 7.366835629861725,
    "Oltec Cloud Guard": 3.716628652112523,
    "Oteclan Landmark": 7.066720329129773,
    "Petrify": 3.6376537842672825,
    "Quicksand Whirlpool": 5.220152413209145,
    "Resplendent Angel": 1.3890160183066362,
    "Ruin-Lurker Bat": 3.3504980976445644,
    "Sanguine Evangelist": 1.6539778449144007,
    "Soaring Sandwing": 5.984329271537274,
    "Spring-Loaded Sawblades": 2.6175757575757577,
    "Thousand Moons Crackshot": 7.744465092530472,
    "Thousand Moons Infantry": 7.918047751143988,
    "Thousand Moons Smithy": 1.4628914628914629,
    "Tinker's Tote": 4.2924602864413695,
    "Unstable Glyphbridge": 1.667253865727148,
    "Vanguard of the Rose": 4.581509764914758,
    "Warden of the Inner Sky": 1.747983870967742,
    "Akal Pakal, First Among Equals": 1.8756849315068493,
    "Ancestral Reminiscence": 8.48379124536252,
    "Brackish Blunder": 6.269592517410857,
    "Braided Net": 2.5201648145835933,
    "Chart a Course": 4.449931984729475,
    "Cogwork Wrestler": 6.533562285357477,
    "Confounding Riddle": 5.121039192169304,
    "Council of Echoes": 4.889055098479182,
    "Didact Echo": 7.616622902157781,
    "Eaten by Piranhas": 4.448767292001143,
    "The Enigma Jewel": 4.1327367636092465,
    "The Everflowing Well": 2.5844288449266113,
    "Frilled Cave-Wurm": 8.55831597997645,
    "Hermitic Nautilus": 4.9058298692081515,
    "Hurl into History": 6.555757866684323,
    "Inverted Iceberg": 5.656909477126568,
    "Kitesail Larcenist": 1.663299009131533,
    "Lodestone Needle": 3.9630343413634033,
    "Malcolm, Alluring Scoundrel": 1.6089396672679896,
    "Marauding Brinefang": 6.940899135018747,
    "Merfolk Cave-Diver": 6.179234109751283,
    "Oaken Siren": 4.924369882164969,
    "Ojer Pakpatiq, Deepest Epoch": 1.39159891598916,
    "Orazca Puzzle-Door": 7.615747325643937,
    "Out of Air": 8.16257518430854,
    "Pirate Hat": 8.15322074074074,
    "Relic's Roar": 9.28079575446264,
    "River Herald Scout": 5.497611407686663,
    "Sage of Days": 7.997116193138079,
    "Self-Reflection": 7.050324623404868,
    "Shipwreck Sentry": 7.343563145636557,
    "Sinuous Benthisaur": 6.786672038678485,
    "Song of Stupefaction": 8.823718670756293,
    "Spyglass Siren": 2.9971737647402787,
    "Staunch Crewmate": 4.002585491975219,
    "Tishana's Tidebinder": 2.2398951579528212,
    "Unlucky Drop": 7.939321062427985,
    "Waterlogged Hulk": 7.231459966129731,
    "Waterwind Scout": 3.7450021718707385,
    "Waylaying Pirates": 6.558439555921052,
    "Zoetic Glyph": 3.4109233932242784,
    "Abyssal Gorestalker": 6.210108466667827,
    "Aclazotz, Deepest Betrayal": 1.1942171303873432,
    "Another Chance": 6.807096876486444,
    "Bitter Triumph": 2.625888570471547,
    "Bloodthorn Flail": 7.765273066226582,
    "Bringer of the Last Gift": 2.689020699673163,
    "Broodrage Mycoid": 6.13857409460958,
    "Canonized in Blood": 5.82185628742515,
    "Chupacabra Echo": 2.528741346999656,
    "Corpses of the Lost": 2.1578153289076645,
    "Dead Weight": 4.354736970499573,
    "Deathcap Marionette": 5.5164121153074674,
    "Deep Goblin Skulltaker": 6.295631934830153,
    "Deep-Cavern Bat": 3.0711678252864805,
    "Echo of Dusk": 5.976632572244749,
    "Fanatical Offering": 6.449005781330819,
    "Gargantuan Leech": 6.398388005669302,
    "Grasping Shadows": 4.887702276467362,
    "Greedy Freebooter": 6.854727162425365,
    "Join the Dead": 3.244022050819883,
    "Malicious Eclipse": 6.313587032141366,
    "Mephitic Draught": 6.956208471106912,
    "Preacher of the Schism": 1.5562602291325696,
    "Primordial Gnawer": 7.686711272465421,
    "Queen's Bay Paladin": 2.819727495050658,
    "Rampaging Spiketail": 5.93374603776652,
    "Ray of Ruin": 6.028515287702527,
    "Screaming Phantom": 6.592823601337201,
    "Skullcap Snail": 5.349041428425194,
    "Soulcoil Viper": 4.395208498135383,
    "Stalactite Stalker": 1.9533618984838497,
    "Starving Revenant": 1.7867542613636365,
    "Stinging Cave Crawler": 3.590263046245227,
    "Synapse Necromage": 4.595756917374912,
    "Tarrian's Journal": 2.1191256830601093,
    "Terror Tide": 2.1177182629747313,
    "Tithing Blade": 4.934777107499408,
    "Visage of Dread": 4.213925479864509,
    "Vito's Inquisitor": 7.4861791408936815,
    "Abrade": 2.7481151239996184,
    "Ancestors' Aid": 7.448565937851264,
    "Belligerent Yearling": 3.042708734128511,
    "Bonehoard Dracosaur": 1.1578063794068272,
    "Brass's Tunnel-Grinder": 2.242538943077595,
    "Brazen Blademaster": 6.879177604451915,
    "Breeches, Eager Pillager": 1.4508838666368316,
    "Burning Sun Cavalry": 6.695758538319169,
    "Calamitous Cave-In": 7.19576568878762,
    "Child of the Volcano": 7.63533913502426,
    "Curator of Sun's Creation": 5.5135539855628934,
    "Daring Discovery": 8.514493426859293,
    "Diamond Pick-Axe": 3.872399619028523,
    "Dinotomaton": 5.407579449871722,
    "Dire Flail": 2.1586330398447995,
    "Dowsing Device": 5.627619364397811,
    "Dreadmaw's Ire": 3.819212841795658,
    "Enterprising Scallywag": 3.8913705085411348,
    "Etali's Favor": 5.978707418283083,
    "Geological Appraiser": 2.752411461114077,
    "Goblin Tomb Raider": 6.065176376032748,
    "Goldfury Strider": 6.053618156630009,
    "Hit the Mother Lode": 5.3439800591270075,
    "Hotfoot Gnome": 7.348259579877716,
    "Idol of the Deep King": 5.183886090013851,
    "Inti, Seneschal of the Sun": 1.4971603320227174,
    "Magmatic Galleon": 1.580194410692588,
    "Ojer Axonil, Deepest Might": 1.5448979591836736,
    "Panicked Altisaur": 5.798959572144909,
    "Plundering Pirate": 4.708846053536288,
    "Poetic Ingenuity": 2.050437121721587,
    "Rampaging Ceratops": 4.548015505924849,
    "Rumbling Rockslide": 4.978454892583022,
    "Saheeli's Lattice": 4.736207979373947,
    "Scytheclaw Raptor": 2.931929801584703,
    "Seismic Monstrosaur": 5.603649568896417,
    "Sunfire Torch": 5.9261466331453425,
    "Sunshot Militia": 6.05064250478749,
    "Tectonic Hazard": 9.264398818265455,
    "Triumphant Chomp": 3.2574676182923605,
    "Trumpeting Carnosaur": 1.3040862371521684,
    "Volatile Wanderglyph": 5.4635466143139615,
    "Zoyowa's Justice": 7.909824747742963,
    "Armored Kincaller": 5.3916843239755705,
    "Basking Capybara": 7.382173701496169,
    "Bedrock Tortoise": 1.80105473722495,
    "Cavern Stomper": 5.799192083540806,
    "Cenote Scout": 3.8947992002567076,
    "Coati Scavenger": 4.539131556874637,
    "Colossadactyl": 3.0927695247488134,
    "Disturbed Slumber": 9.057891511942472,
    "Earthshaker Dreadmaw": 3.3143279261894714,
    "Explorer's Cache": 5.446561801131345,
    "Ghalta, Stampede Tyrant": 2.0249143568981625,
    "Glimpse the Core": 5.761420675908308,
    "Glowcap Lantern": 5.889875568711287,
    "Growing Rites of Itlimoc": 3.547213054638797,