{
    "Abuelo's Awakening": 4.246423982869379,
    "Acrobatic Leap": 8.67717018065341,
    "Adaptive Gemguard": 5.7369776990580466,
    "Attentive Sunscribe": 5.890021260861527,
    "Bat Colony": 6.474283338612607,
    "Clay-Fired Bricks": 3.2310814646608006,
    "Cosmium Blast": 5.424555216382344,
    "Dauntless Dismantler": 5.820671467694492,
    "Deconstruction Hammer": 7.169480846774194,
    "Dusk Rose Reliquary": 3.310661886742349,
    "Envoy of Okinec Ahau": 6.451047313123201,
    "Fabrication Foundry": 5.358056439060703,
    "Family Reunion": 8.294221479629991,
    "Get Lost": 2.531391775208547,
    "Glorifier of Suffering": 5.771109816533529,
    "Guardian of the Great Door": 3.2722265932336745,
    "Helping Hand": 6.169071226424429,
    "Ironpaw Aspirant": 5.457126427339193,
    "Kinjalli's Dawnrunner": 3.5342005215697365,
    "Kutzil's Flanker": 2.0300594197832926,
    "Malamet War Scribe": 4.36989431590974,
    "Market Gnome": 4.297400827827339,
    "Might of the Ancestors": 6.317642078100115,
    "Miner's Guidewing": 4.8957123796473265,
    "Mischievous Pup": 4.633378339280548,
    "Ojer Taq, Deepest Foundation": 1.4260162601626016,
    "Oltec Archaeologists": 7.3502238162760305,
    "Oltec Cloud Guard": 3.7651344474707735,
    "Oteclan Landmark": 7.0860022593565235,
    "Petrify": 3.6700196857113596,
    "Quicksand Whirlpool": 5.234968801979111,
    "Resplendent Angel": 1.3835470085470085,
    "Ruin-Lurker Bat": 3.402739636458742,
    "Sanguine Evangelist": 1.6599294947121035,
    "Soaring Sandwing": 5.981146345003553,
    "Spring-Loaded Sawblades": 2.6194908484701145,
    "Thousand Moons Crackshot": 7.743402188940877,
    "Thousand Moons Infantry": 7.912258283772302,
    "Thousand Moons Smithy": 1.4712924505252871,
    "Tinker's Tote": 4.325942702745659,
    "Unstable Glyphbridge": 1.67223099481164,
    "Vanguard of the Rose": 4.594151474366818,
    "Warden of the Inner Sky": 1.7613305613305614,
    "Akal Pakal, First Among Equals": 1.888212180746562,
    "Ancestral Reminiscence": 8.48296807135042,
    "Brackish Blunder": 6.317086114495429,
    "Braided Net": 2.530431046828011,
    "Chart a Course": 4.475762745885187,
    "Cogwork Wrestler": 6.648858457606712,
    "Confounding Riddle": 5.107542676548485,
    "Council of Echoes": 4.88368316737111,
    "Didact Echo": 7.619017727805753,
    "Eaten by Piranhas": 4.4644040363167345,
    "The Enigma Jewel": 4.074196350999131,
    "The Everflowing Well": 2.5609756097560976,
    "Frilled Cave-Wurm": 8.555544452882476,
    "Hermitic Nautilus": 4.9691186276989585,
    "Hurl into History": 6.498441891142677,
    "Inverted Iceberg": 5.738278655863993,
    "Kitesail Larcenist": 1.6815654881031799,
    "Lodestone Needle": 4.028765277196896,
    "Malcolm, Alluring Scoundrel": 1.6120193414690307,
    "Marauding Brinefang": 6.9294461966868415,
    "Merfolk Cave-Diver": 6.187285470577354,
    "Oaken Siren": 5.022365773779987,
    "Ojer Pakpatiq, Deepest Epoch": 1.379812695109261,
    "Orazca Puzzle-Door": 7.669100273267083,
    "Out of Air": 8.150735144657498,
    "Pirate Hat": 8.230555612137508,
    "Relic's Roar": 9.287480126150077,
    "River Herald Scout": 5.52211988026816,
    "Sage of Days": 8.002056548267596,
    "Self-Reflection": 7.034705719812103,
    "Shipwreck Sentry": 7.398094393661115,
    "Sinuous Benthisaur": 6.795086222881513,
    "Song of Stupefaction": 8.824414116898103,
    "Spyglass Siren": 3.045093715545755,
    "Staunch Crewmate": 4.0557295275045036,
    "Tishana's Tidebinder": 2.251655629139073,
    "Unlucky Drop": 8.009080144795156,
    "Waterlogged Hulk": 7.24930297047609,
    "Waterwind Scout": 3.8112986643932936,
    "Waylaying Pirates": 6.638807393281502,
    "Zoetic Glyph": 3.49424981719072,
    "Abyssal Gorestalker": 6.157639629130548,
    "Aclazotz, Deepest Betrayal": 1.1919254658385092,
    "Another Chance": 6.816863661852847,
    "Bitter Triumph": 2.6005578202102555,
    "Bloodthorn Flail": 7.728107691229054,
    "Bringer of the Last Gift": 2.692468619246862,
    "Broodrage Mycoid": 6.068120528128945,
    "Canonized in Blood": 5.752953929539295,
    "Chupacabra Echo": 2.5169118294723862,
    "Corpses of the Lost": 2.1584365730239052,
    "Dead Weight": 4.341315562335655,
    "Deathcap Marionette": 5.513953277723339,
    "Deep Goblin Skulltaker": 6.23274625622677,
    "Deep-Cavern Bat": 3.0935617333236554,
    "Echo of Dusk": 5.95843078142361,
    "Fanatical Offering": 6.402841419501921,
    "Gargantuan Leech": 6.379914806744793,
    "Grasping Shadows": 4.843669250645995,
    "Greedy Freebooter": 6.825856880733945,
    "Join the Dead": 3.210691823899371,
    "Malicious Eclipse": 6.279525032092426,
    "Mephitic Draught": 6.916583409350882,
    "Preacher of the Schism": 1.5384431709646609,
    "Primordial Gnawer": 7.658513023977919,
    "Queen's Bay Paladin": 2.78194975423266,
    "Rampaging Spiketail": 5.899150685145179,
    "Ray of Ruin": 5.964747992495899,
    "Screaming Phantom": 6.5663118871083475,
    "Skullcap Snail": 5.3129709796376465,
    "Soulcoil Viper": 4.36553790049492,
    "Stalactite Stalker": 1.9262637780311669,
    "Starving Revenant": 1.7777088502894955,
    "Stinging Cave Crawler": 3.557893445388461,
    "Synapse Necromage": 4.549653864157079,
    "Tarrian's Journal": 2.0844557699308335,
    "Terror Tide": 2.1003678402522334,
    "Tithing Blade": 4.930524302430243,
    "Visage of Dread": 4.196789936015617,
    "Vito's Inquisitor": 7.436298636280303,
    "Abrade": 2.7575012450199203,
    "Ancestors' Aid": 7.489419270905417,
    "Belligerent Yearling": 3.0380899500277625,
    "Bonehoard Dracosaur": 1.1531069827033953,
    "Brass's Tunnel-Grinder": 2.218639203106534,
    "Brazen Blademaster": 6.884811732979537,
    "Breeches, Eager Pillager": 1.4487014656724093,
    "Burning Sun Cavalry": 6.695411049081695,
    "Calamitous Cave-In": 7.188108382972541,
    "Child of the Volcano": 7.599434106445817,
    "Curator of Sun's Creation": 5.5087638071301015,
    "Daring Discovery": 8.518056629429173,
    "Diamond Pick-Axe": 3.904497738328924,
    "Dinotomaton": 5.423465703971119,
    "Dire Flail": 2.1716811150773414,
    "Dowsing Device": 5.664272486543554,
    "Dreadmaw's Ire": 3.8491364617657085,
    "Enterprising Scallywag": 3.882741675845124,
    "Etali's Favor": 6.120038270366136,
    "Geological Appraiser": 2.778707408754699,
    "Goblin Tomb Raider": 6.146768349922807,
    "Goldfury Strider": 6.0608534833848156,
    "Hit the Mother Lode": 5.281061114842176,
    "Hotfoot Gnome": 7.338785322707281,
    "Idol of the Deep King": 5.198834242170022,
    "Inti, Seneschal of the Sun": 1.4991265285749937,
    "Magmatic Galleon": 1.580398517145505,
    "Ojer Axonil, Deepest Might": 1.541899441340782,
    "Panicked Altisaur": 5.822006524114499,
    "Plundering Pirate": 4.744730975096806,
    "Poetic Ingenuity": 2.0535026943802923,
    "Rampaging Ceratops": 4.54665450583973,
    "Rumbling Rockslide": 4.974731421468525,
    "Saheeli's Lattice": 4.7417562622068,
    "Scytheclaw Raptor": 2.9377279735268678,
    "Seismic Monstrosaur": 5.5843648156175245,
    "Sunfire Torch": 5.9782408089518215,
    "Sunshot Militia": 6.113141114928653,
    "Tectonic Hazard": 9.252492959318317,
    "Triumphant Chomp": 3.2689132266217356,
    "Trumpeting Carnosaur": 1.2961910176236497,
    "Volatile Wanderglyph": 5.5139355635582,
    "Zoyowa's Justice": 7.881872343390705,
    "Armored Kincaller": 5.39143653621028,
    "Basking Capybara": 7.3426020515260495,
    "Bedrock Tortoise": 1.7962806424344886,
    "Cavern Stomper": 5.795167229335031,
    "Cenote Scout": 3.895576277932564,
    "Coati Scavenger": 4.502746228595571,
    "Colossadactyl": 3.0903706330909735,
    "Disturbed Slumber": 9.032307273945255,
    "Earthshaker Dreadmaw": 3.292489568845619,
    "Explorer's Cache": 5.4208693018325,
    "Ghalta, Stampede Tyrant": 1.9868517165814463,
    "Glimpse the Core": 5.711407146747099,
    "Glowcap Lantern": 5.860556257901391,
    "Growing Rites of Itlimoc": 3.4698885555079295,