{
    "Abuelo's Awakening": 4.606605402738374,
    "Acrobatic Leap": 8.54921137819409,
    "Adaptive Gemguard": 5.611708401817655,
    "Attentive Sunscribe": 5.661601297941782,
    "Bat Colony": 6.588525238121072,
    "Clay-Fired Bricks": 2.9909434243546102,
    "Cosmium Blast": 5.4269642418733035,
    "Dauntless Dismantler": 5.852387507803621,
    "Deconstruction Hammer": 6.798069876450251,
    "Dusk Rose Reliquary": 3.246707290414253,
    "Envoy of Okinec Ahau": 6.64204702869958,
    "Fabrication Foundry": 5.08946633137748,
    "Family Reunion": 8.455195835611738,
    "Get Lost": 2.6958109559613317,
    "Glorifier of Suffering": 5.889603667785225,
    "Guardian of the Great Door": 3.253420427879403,
    "Helping Hand": 6.287456378290573,
    "Ironpaw Aspirant": 5.225355138430141,
    "Kinjalli's Dawnrunner": 3.496823876383252,
    "Kutzil's Flanker": 2.2575123621148725,
    "Malamet War Scribe": 4.490942758232026,
    "Market Gnome": 4.413098312114293,
    "Might of the Ancestors": 6.229300902061856,
    "Miner's Guidewing": 4.338431607423516,
    "Mischievous Pup": 4.7433747567001046,
    "Ojer Taq, Deepest Foundation": 1.5344177742511407,
    "Oltec Archaeologists": 7.450685938130204,
    "Oltec Cloud Guard": 3.4350806830024845,
    "Oteclan Landmark": 7.016230417265426,
    "Petrify": 3.481115691943561,
    "Quicksand Whirlpool": 5.175642334236871,
    "Resplendent Angel": 1.3877204164011048,
    "Ruin-Lurker Bat": 3.0871547605174223,
    "Sanguine Evangelist": 1.6193919169447535,
    "Soaring Sandwing": 5.972325278251279,
    "Spring-Loaded Sawblades": 2.596139705882353,
    "Thousand Moons Crackshot": 7.78410719052522,
    "Thousand Moons Infantry": 7.983845526244221,
    "Thousand Moons Smithy": 1.4886679920477137,
    "Tinker's Tote": 4.186873261305557,
    "Unstable Glyphbridge": 1.6246666053527086,
    "Vanguard of the Rose": 4.551738939563924,
    "Warden of the Inner Sky": 1.7036651033524406,
    "Akal Pakal, First Among Equals": 1.8399581589958158,
    "Ancestral Reminiscence": 8.52490338858548,
    "Brackish Blunder": 6.016565352335127,
    "Braided Net": 2.398691226369365,
    "Chart a Course": 4.37733472816096,
    "Cogwork Wrestler": 5.9250447063572915,
    "Confounding Riddle": 5.346853758260974,
    "Council of Echoes": 5.0877707807416455,
    "Didact Echo": 7.651437124926187,
    "Eaten by Piranhas": 4.4050253689339,
    "The Enigma Jewel": 4.515128640624017,
    "The Everflowing Well": 2.694492911668484,
    "Frilled Cave-Wurm": 8.660506677088401,
    "Hermitic Nautilus": 4.5453960841734515,
    "Hurl into History": 7.012962421406638,
    "Inverted Iceberg": 5.230184712207374,
    "Kitesail Larcenist": 1.6114980960341785,
    "Lodestone Needle": 3.590355088358234,
    "Malcolm, Alluring Scoundrel": 1.590904863758951,
    "Marauding Brinefang": 6.988325294345897,
    "Merfolk Cave-Diver": 6.183453031677166,
    "Oaken Siren": 4.3674438863153435,
    "Ojer Pakpatiq, Deepest Epoch": 1.4190535491905354,
    "Orazca Puzzle-Door": 7.395595490950927,
    "Out of Air": 8.335468549318643,
    "Pirate Hat": 7.800515831399654,
    "Relic's Roar": 9.332175348505547,
    "River Herald Scout": 5.4436459008585905,
    "Sage of Days": 7.981107467074605,
    "Self-Reflection": 7.192739682631109,
    "Shipwreck Sentry": 7.033475477299953,
    "Sinuous Benthisaur": 6.6771672880712645,
    "Song of Stupefaction": 8.885575218897971,
    "Spyglass Siren": 2.760015827480463,
    "Staunch Crewmate": 3.7139034866700262,
    "Tishana's Tidebinder": 2.199215173315893,
    "Unlucky Drop": 7.750319420783645,
    "Waterlogged Hulk": 7.275434969647723,
    "Waterwind Scout": 3.378607210527682,
    "Waylaying Pirates": 6.083107800563422,
    "Zoetic Glyph": 2.9764831295527596,
    "Abyssal Gorestalker": 6.464368012289835,
    "Aclazotz, Deepest Betrayal": 1.2486435480066054,
    "Another Chance": 6.514771779518897,
    "Bitter Triumph": 2.6953134104719885,
    "Bloodthorn Flail": 7.965853051230798,
    "Bringer of the Last Gift": 2.617398172176464,
    "Broodrage Mycoid": 6.504535652760544,
    "Canonized in Blood": 6.296209460011437,
    "Chupacabra Echo": 2.5363988743163595,
    "Corpses of the Lost": 2.1972068546754824,
    "Dead Weight": 4.40825628285589,
    "Deathcap Marionette": 5.403932358072742,
    "Deep Goblin Skulltaker": 6.584405600915269,
    "Deep-Cavern Bat": 2.8633364600391102,
    "Echo of Dusk": 5.92607697552371,
    "Fanatical Offering": 6.6626001967742035,
    "Gargantuan Leech": 6.446520197779644,
    "Grasping Shadows": 5.086470583775013,
    "Greedy Freebooter": 7.002482477483493,
    "Join the Dead": 3.3487068786583087,
    "Malicious Eclipse": 6.573506280170777,
    "Mephitic Draught": 7.244228990917291,
    "Preacher of the Schism": 1.568771505626337,
    "Primordial Gnawer": 7.812201812486812,
    "Queen's Bay Paladin": 3.164988344988345,
    "Rampaging Spiketail": 5.946774758793081,
    "Ray of Ruin": 6.337661826862276,
    "Screaming Phantom": 6.686942192927764,
    "Skullcap Snail": 5.446444077660893,
    "Soulcoil Viper": 4.433923761325606,
    "Stalactite Stalker": 2.0698506206606355,
    "Starving Revenant": 1.8893194853511084,
    "Stinging Cave Crawler": 3.7550917806617563,
    "Synapse Necromage": 4.897115117891817,
    "Tarrian's Journal": 2.2507822381998537,
    "Terror Tide": 2.2347677325963944,
    "Tithing Blade": 4.738251178640679,
    "Visage of Dread": 4.267843601693833,
    "Vito's Inquisitor": 7.783998691825015,
    "Abrade": 2.6710167901394324,
    "Ancestors' Aid": 7.169019854319353,
    "Belligerent Yearling": 3.0440703723186626,
    "Bonehoard Dracosaur": 1.1436321363988633,
    "Brass's Tunnel-Grinder": 2.3904345685091717,
    "Brazen Blademaster": 6.8976984900848715,
    "Breeches, Eager Pillager": 1.4151220023039062,
    "Burning Sun Cavalry": 6.641604187088437,
    "Calamitous Cave-In": 7.174906017079902,
    "Child of the Volcano": 7.874297389799705,
    "Curator of Sun's Creation": 5.629198098584272,
    "Daring Discovery": 8.526491519787163,
    "Diamond Pick-Axe": 3.6572876043299196,
    "Dinotomaton": 5.244061813095318,
    "Dire Flail": 2.1123201123201123,
    "Dowsing Device": 5.382177609926394,
    "Dreadmaw's Ire": 3.664015200689224,
    "Enterprising Scallywag": 3.942648719254356,
    "Etali's Favor": 5.179572841647055,
    "Geological Appraiser": 2.5649725517974145,
    "Goblin Tomb Raider": 5.71540489422616,
    "Goldfury Strider": 6.162881506347185,
    "Hit the Mother Lode": 5.615415206422589,
    "Hotfoot Gnome": 7.387802897393898,
    "Idol of the Deep King": 5.094879808619825,
    "Inti, Seneschal of the Sun": 1.456343513014962,
    "Magmatic Galleon": 1.5569525239256896,
    "Ojer Axonil, Deepest Might": 1.5824934677118327,
    "Panicked Altisaur": 5.515144476143115,
    "Plundering Pirate": 4.436642087783178,
    "Poetic Ingenuity": 1.9611711288554876,
    "Rampaging Ceratops": 4.553037950645171,
    "Rumbling Rockslide": 4.9826307955853855,
    "Saheeli's Lattice": 4.6946636188971835,
    "Scytheclaw Raptor": 2.920411900687502,
    "Seismic Monstrosaur": 5.646423614851805,
    "Sunfire Torch": 5.65915334943937,
    "Sunshot Militia": 5.756953113613465,
    "Tectonic Hazard": 9.356150588111879,
    "Triumphant Chomp": 3.2428240927554945,
    "Trumpeting Carnosaur": 1.307457627118644,
    "Volatile Wanderglyph": 5.1284418829734495,
    "Zoyowa's Justice": 8.08152777206759,
    "Armored Kincaller": 5.236879354840921,
    "Basking Capybara": 7.607865647199416,
    "Bedrock Tortoise": 1.8263849689541165,
    "Cavern Stomper": 5.698884637936564,
    "Cenote Scout": 3.942755893265791,
    "Coati Scavenger": 4.629765325208739,
    "Colossadactyl": 3.060366397285094,
    "Disturbed Slumber": 9.233659603930045,
    "Earthshaker Dreadmaw": 3.4168521462639108,
    "Explorer's Cache": 5.562085203878898,
    "Ghalta, Stampede Tyrant": 2.207188160676533,
    "Glimpse the Core": 6.1489656380091215,
    "Glowcap Lantern": 6.133718239177568,
    "Growing Rites of Itlimoc": 3.936942627824019,