{
    "Ajani, Nacatl Pariah": null,
    "Razorgrass Ambush": 4.458150948401645,
    "Witch Enchanter": 4.620921670686809,
    "Hydroelectric Specimen": 5.61488533102553,
    "Sink into Stupor": 4.905504257105169,
    "Tamiyo, Inquisitive Student": 1.6497373029772329,
    "Boggart Trawler": 5.774362664473684,
    "Fell the Profane": 2.935558842171984,
    "Sorin of House Markov": null,
    "Pinnacle Monk": 4.8455014749262535,
    "Ral, Monsoon Mage": 2.4752604166666665,
    "Sundering Eruption": 6.593786071565987,
    "Bridgeworks Battle": 3.2565028901734103,
    "Disciple of Freyalise": 4.299421806167401,
    "Grist, Voracious Larva": 1.983525535420099,
    "Bloodsoaked Insight": 5.0492012039824035,
    "Drowner of Truth": 3.3390902872777017,
    "Glasswing Grace": 4.250846998238243,
    "Legion Leadership": 4.984330646076984,
    "Revitalizing Repast": 3.779398762157383,
    "Rush of Inspiration": 5.201565335753176,
    "Strength of the Harvest": 4.4776061776061775,
    "Stump Stomp": 3.182020389249305,
    "Suppression Ray": 5.168496095960167,
    "Waterlogged Teachings": 6.125861050974217,
    "Breaker of Creation": 3.408759124087591,
    "Devourer of Destiny": 2.0770392749244713,
    "Drownyard Lurker": 5.150186163304182,
    "Echoes of Eternity": 3.602297834732656,
    "Eldrazi Ravager": 3.5362882760954153,
    "Emrakul, the World Anew": null,
    "Glaring Fleshraker": 3.353968253968254,
    "Herigast, Erupting Nullkite": 1.5317164179104477,
    "It That Heralds the End": 3.573951799273688,
    "Kozilek, the Broken Reality": null,
    "Kozilek's Command": 2.3590078328981723,
    "Null Elemental Blast": 7.026641294005709,
    "Nulldrifter": 1.5741482965931863,
    "Twisted Riddlekeeper": 3.983678063880681,
    "Ulamog, the Defiler": null,
    "Warped Tusker": 4.866394187102634,
    "Wastescape Battlemage": 3.6232331437855403,
    "Aerie Auxiliary": 5.235500089782726,
    "Ajani Fells the Godsire": 4.126885536823425,
    "Argent Dais": 5.236834694452267,
    "Charitable Levy": 7.805747544561659,
    "Dog Umbra": 5.581994117396309,
    "Envoy of the Ancestors": 4.217517823366798,
    "Essence Reliquary": 7.8113879003558715,
    "Expel the Unworthy": 5.873374881340542,
    "Flare of Fortitude": 4.7297551789077215,
    "Glyph Elemental": 3.068367550328882,
    "Guardian of the Forgotten": 5.001503759398497,
    "Guide of Souls": 1.8011894647408666,
    "Hexgold Slith": 5.492993630573248,
    "Indebted Spirit": 5.056733317272946,
    "Inspired Inventor": 5.774478094678036,
    "Jolted Awake": 7.567150635208711,
    "Mandibular Kite": 6.383048338721614,
    "Metastatic Evangel": 3.931508991399531,
    "Muster the Departed": 5.9744517543859645,
    "Nyxborn Unicorn": 5.909489534210309,
    "Ocelot Pride": 1.7078651685393258,
    "Pearl-Ear, Imperial Advisor": 2.95433316035288,
    "Phelia, Exuberant Shepherd": 1.9824980111376294,
    "Proud Pack-Rhino": 4.351118995633188,
    "Rosecot Knight": 7.606488112288742,
    "Solstice Zealot": 7.133353166486929,
    "Static Prison": 5.520632033647835,
    "Thraben Charm": 6.311235777496839,
    "Voltstorm Angel": 3.7434387617765816,
    "White Orchid Phantom": 3.490827558092132,
    "Wing It": 7.5365024859605825,
    "Wrath of the Skies": 2.748948948948949,
    "Aether Spike": 6.279440647340718,
    "Amphibian Downpour": 3.4026327734906947,
    "Bespoke Battlewagon": 5.057425247091205,
    "Brainsurge": 5.519740521194497,
    "Consign to Memory": 7.555872344339189,
    "Copycrook": 4.852332252432028,
    "Corrupted Shapeshifter": 6.313564275415969,
    "Deem Inferior": 6.756862890378987,
    "Depth Defiler": 3.363554107853782,
    "Dreamtide Whale": 3.6411056620597413,
    "Electrozoa": 7.540041732623399,
    "Emrakul's Messenger": 3.738512949039265,
    "Flare of Denial": 3.5643846780766095,
    "Harbinger of the Seas": 5.357741151040259,
    "Hope-Ender Coatl": 3.3292437282548986,
    "Kozilek's Unsealing": 4.178746177370031,
    "Petrifying Meddler": 5.40733607259031,
    "Roil Cartographer": 4.874519166998276,
    "Sage of the Unknowable": 6.471023052009906,
    "Serum Visionary": 5.503895124811526,
    "Shadow of the Second Sun": 4.158911954187545,
    "Strix Serenade": 5.156133828996283,
    "Tamiyo Meets the Story Circle": 6.664230693264863,
    "Tempest Harvester": 6.54453053083768,
    "Triton Wavebreaker": 6.5467461500248385,
    "Tune the Narrative": 6.027035910921193,
    "Ugin's Binding": 2.070588235294118,
    "Unfathomable Truths": 5.7406645829906235,
    "Utter Insignificance": 6.144486995372587,
    "Volatile Stormdrake": 3.598027127003699,
    "Accursed Marauder": 6.074254461255938,
    "Arcbound Condor": 4.484747179272879,
    "Breathe Your Last": 3.914307484907098,
    "Chthonian Nightmare": 3.3190239493899685,
    "Consuming Corruption": 5.576417180770574,
    "Crabomination": 1.9387590652699436,
    "The Creation of Avacyn": 6.817598717177791,
    "Dreadmobile": 6.43987020888258,
    "Dreamdrinker Vampire": 6.199437324163801,
    "Drossclaw": 6.805589633491795,
    "Emperor of Bones": 2.0557515878616797,
    "Etched Slith": 4.303030303030303,
    "Etherium Pteramander": 4.987523629489603,
    "Eviscerator's Insight": 7.137170581100452,
    "Fetid Gargantua": 6.419868426174627,
    "Flare of Malice": 2.7335728952772076,
    "Gravedig": 6.58972718720602,
    "Grim Servant": 5.87022737022737,
    "Kami of Jealous Thirst": 7.403245896834701,
    "Lethal Throwdown": 5.1586190532684775,
    "Marionette Apprentice": 3.772784412319296,
    "Mindless Conscription": 6.515689089417555,
    "Necrodominance": 4.2226277372262775,
    "Nethergoyf": 2.251621271076524,
    "Quest for the Necropolis": 6.2100041771094405,
    "Refurbished Familiar": 5.460503908126283,
    "Retrofitted Transmogrant": 6.427060155365577,
    "Ripples of Undeath": 5.595017976373908,
    "Scurrilous Sentry": 6.939481592787378,
    "Shilgengar, Sire of Famine": 2.088607594936709,
    "Warren Soultrader": 3.355584082156611,
    "Wither and Bloom": 4.075641097581505,
    "Wurmcoil Larva": 3.422178289000719,
    "Aether Revolt": 3.4491150442477876,
    "Amped Raptor": 3.674344850609247,
    "Ashling, Flame Dancer": 2.5595238095238093,
    "Detective's Phoenix": 2.1384499623777278,
    "Eldrazi Linebreaker": 2.1280353200883004,
    "Fanged Flames": 3.768052647322764,
    "Flare of Duplication": 5.1974435681261895,
    "Frogmyr Enforcer": 6.268901569186876,
    "Furnace Hellkite": 5.3321424318208885,
    "Galvanic Discharge": 3.583301392615306,
    "Ghostfire Slice": 3.1738233639602473,
    "Glimpse the Impossible": 6.725070634771144,
    "Infernal Captor": 7.84274852554537,
    "Inventor's Axe": 7.672416910780804,
    "Mogg Mob": 7.4503120052156095,
    "Molten Gatekeeper": 5.944317473509246,
    "Party Thrasher": 3.180143755615454,
    "Phyrexian Ironworks": 4.9186497672012415,
    "Powerbalance": 5.6147330595482545,
    "Ral and the Implicit Maze": 4.924666162761401,
    "Reckless Pyrosurfer": 5.027273834165348,
    "Reiterating Bolt": 3.5655597398151317,
    "Sarpadian Simulacrum": 7.130136223599718,
    "Siege Smash": 7.792865121474448,
    "Skittering Precursor": 4.708472894181863,
    "Skoa, Embermage": 6.298688511677366,
    "Smelted Chargebug": 6.18615903232203,
    "Spawn-Gang Commander": 3.108596386738138,
    "Thriving Skyclaw": 6.419448818897638,
    "Unstable Amulet": 5.530703771849126,
    "Voidpouncer": 5.700562401786453,
    "Wheel of Potential": 5.799217412570311,
    "Basking Broodscale": 3.8525316815366257,
    "Birthing Ritual": 3.6581945661700264,
    "Collective Resistance": 5.871606749816581,
    "Colossal Dreadmask": 5.694706100119287,
    "Eladamri, Korvecdal": null,
    "Eldrazi Repurposer": 3.606477782557925,
    "Evolution Witness": 4.6728412653177545,
    "Fanatic of Rhonas": 1.7493380406001766,
    "Fangs of Kalonia": 5.094159576914233,
    "Flare of Cultivation": 3.653770232925385,
    "Fowl Strike": 7.211695698542481,
    "Gift of the Viper": 6.475925715798631,