{
    "Abuelo's Awakening": 4.456783587028458,
    "Acrobatic Leap": 8.578301815006323,
    "Adaptive Gemguard": 5.652726221425765,
    "Attentive Sunscribe": 5.737282068649179,
    "Bat Colony": 6.543199122467415,
    "Clay-Fired Bricks": 3.0783559926082367,
    "Cosmium Blast": 5.418032076684892,
    "Dauntless Dismantler": 5.81017510909794,
    "Deconstruction Hammer": 6.88761925632577,
    "Dusk Rose Reliquary": 3.256369039831031,
    "Envoy of Okinec Ahau": 6.573930938571423,
    "Fabrication Foundry": 5.081751768389316,
    "Family Reunion": 8.407150976922482,
    "Get Lost": 2.6289575582719613,
    "Glorifier of Suffering": 5.831225926934599,
    "Guardian of the Great Door": 3.2342914375342517,
    "Helping Hand": 6.23224043715847,
    "Ironpaw Aspirant": 5.275467375366569,
    "Kinjalli's Dawnrunner": 3.493169683101033,
    "Kutzil's Flanker": 2.1461517342362955,
    "Malamet War Scribe": 4.429685752628047,
    "Market Gnome": 4.347742997433322,
    "Might of the Ancestors": 6.269111091494902,
    "Miner's Guidewing": 4.503232724130205,
    "Mischievous Pup": 4.692784711388455,
    "Ojer Taq, Deepest Foundation": 1.4901361489302585,
    "Oltec Archaeologists": 7.421584642498437,
    "Oltec Cloud Guard": 3.5464449840722754,
    "Oteclan Landmark": 7.0091844098875535,
    "Petrify": 3.5328594612138917,
    "Quicksand Whirlpool": 5.201921252701183,
    "Resplendent Angel": 1.3729353810489713,
    "Ruin-Lurker Bat": 3.171744776524402,
    "Sanguine Evangelist": 1.633312061263561,
    "Soaring Sandwing": 5.985122657829467,
    "Spring-Loaded Sawblades": 2.6039921616844692,
    "Thousand Moons Crackshot": 7.758126559208856,
    "Thousand Moons Infantry": 7.95955944079426,
    "Thousand Moons Smithy": 1.4683054826681396,
    "Tinker's Tote": 4.218254714372615,
    "Unstable Glyphbridge": 1.6411897590361446,
    "Vanguard of the Rose": 4.529596315945385,
    "Warden of the Inner Sky": 1.7138961346929096,
    "Akal Pakal, First Among Equals": 1.8502803121908322,
    "Ancestral Reminiscence": 8.500792462317051,
    "Brackish Blunder": 6.098328901282859,
    "Braided Net": 2.450372409326425,
    "Chart a Course": 4.395450313364184,
    "Cogwork Wrestler": 6.127351682684145,
    "Confounding Riddle": 5.2119741873804974,
    "Council of Echoes": 4.980462652575552,
    "Didact Echo": 7.632920716344392,
    "Eaten by Piranhas": 4.405746505409861,
    "The Enigma Jewel": 4.337792942444105,
    "The Everflowing Well": 2.6166900202397634,
    "Frilled Cave-Wurm": 8.617184395585967,
    "Hermitic Nautilus": 4.6748370793988565,
    "Hurl into History": 6.819012629629253,
    "Inverted Iceberg": 5.384271178711559,
    "Kitesail Larcenist": 1.6304675716440422,
    "Lodestone Needle": 3.7220264135935377,
    "Malcolm, Alluring Scoundrel": 1.587936507936508,
    "Marauding Brinefang": 6.9730329739544255,
    "Merfolk Cave-Diver": 6.16887327749257,
    "Oaken Siren": 4.568082776978726,
    "Ojer Pakpatiq, Deepest Epoch": 1.3968162083936324,
    "Orazca Puzzle-Door": 7.45284954479208,
    "Out of Air": 8.248541574839898,
    "Pirate Hat": 7.917191472422819,
    "Relic's Roar": 9.294732402622005,
    "River Herald Scout": 5.422747073856144,
    "Sage of Days": 7.978379948388922,
    "Self-Reflection": 7.135221971332226,
    "Shipwreck Sentry": 7.12711652217458,
    "Sinuous Benthisaur": 6.747344284250363,
    "Song of Stupefaction": 8.845089697330497,
    "Spyglass Siren": 2.839769603351224,
    "Staunch Crewmate": 3.8123775886980256,
    "Tishana's Tidebinder": 2.2068720589540973,
    "Unlucky Drop": 7.773646068845734,
    "Waterlogged Hulk": 7.216289077958053,
    "Waterwind Scout": 3.5116015304728068,
    "Waylaying Pirates": 6.263451397251173,
    "Zoetic Glyph": 3.1436066119831785,
    "Abyssal Gorestalker": 6.384872437504017,
    "Aclazotz, Deepest Betrayal": 1.2333990795529257,
    "Another Chance": 6.657860085628887,
    "Bitter Triumph": 2.691856334089711,
    "Bloodthorn Flail": 7.886929232999799,
    "Bringer of the Last Gift": 2.635334872979215,
    "Broodrage Mycoid": 6.370825738700022,
    "Canonized in Blood": 6.122636122784579,
    "Chupacabra Echo": 2.5440329614726647,
    "Corpses of the Lost": 2.1816909294512876,
    "Dead Weight": 4.39536463058844,
    "Deathcap Marionette": 5.451764963323957,
    "Deep Goblin Skulltaker": 6.48332897733637,
    "Deep-Cavern Bat": 2.956905220816224,
    "Echo of Dusk": 5.9790420310681105,
    "Fanatical Offering": 6.587397561870592,
    "Gargantuan Leech": 6.444920918394628,
    "Grasping Shadows": 5.0239512769806876,
    "Greedy Freebooter": 6.957319238057245,
    "Join the Dead": 3.325819466180419,
    "Malicious Eclipse": 6.453262216475405,
    "Mephitic Draught": 7.121134798474497,
    "Preacher of the Schism": 1.5793731041456016,
    "Primordial Gnawer": 7.774001926173385,
    "Queen's Bay Paladin": 3.0090718299370387,
    "Rampaging Spiketail": 5.972955433302652,
    "Ray of Ruin": 6.240883399623194,
    "Screaming Phantom": 6.662128929907056,
    "Skullcap Snail": 5.409802720590924,
    "Soulcoil Viper": 4.439829590990256,
    "Stalactite Stalker": 2.004878048780488,
    "Starving Revenant": 1.8521308652604391,
    "Stinging Cave Crawler": 3.6920656657048303,
    "Synapse Necromage": 4.775542436953032,
    "Tarrian's Journal": 2.1944522537719053,
    "Terror Tide": 2.1633447668489847,
    "Tithing Blade": 4.857832737684595,
    "Visage of Dread": 4.261013254579334,
    "Vito's Inquisitor": 7.676994296548877,
    "Abrade": 2.693443731286932,
    "Ancestors' Aid": 7.304978047026787,
    "Belligerent Yearling": 3.0495799835602155,
    "Bonehoard Dracosaur": 1.1502645502645503,
    "Brass's Tunnel-Grinder": 2.3374564459930314,
    "Brazen Blademaster": 6.875156510024566,
    "Breeches, Eager Pillager": 1.4273847035233458,
    "Burning Sun Cavalry": 6.66742071430584,
    "Calamitous Cave-In": 7.161629552839855,
    "Child of the Volcano": 7.7839936881151095,
    "Curator of Sun's Creation": 5.582057231245166,
    "Daring Discovery": 8.52038542739632,
    "Diamond Pick-Axe": 3.7392361281059827,
    "Dinotomaton": 5.320835031472173,
    "Dire Flail": 2.121810303322099,
    "Dowsing Device": 5.472590396465527,
    "Dreadmaw's Ire": 3.7160254768915633,
    "Enterprising Scallywag": 3.909570471239515,
    "Etali's Favor": 5.48989166160593,
    "Geological Appraiser": 2.6311589913578786,
    "Goblin Tomb Raider": 5.807686374754843,
    "Goldfury Strider": 6.105017478045869,
    "Hit the Mother Lode": 5.4989336037201495,
    "Hotfoot Gnome": 7.3743351114425515,
    "Idol of the Deep King": 5.1158178774819145,
    "Inti, Seneschal of the Sun": 1.4766753818632172,
    "Magmatic Galleon": 1.5611232770836017,
    "Ojer Axonil, Deepest Might": 1.5658307210031348,
    "Panicked Altisaur": 5.670903848786023,
    "Plundering Pirate": 4.549505607877587,
    "Poetic Ingenuity": 1.9978593599486247,
    "Rampaging Ceratops": 4.563996696944674,
    "Rumbling Rockslide": 4.984437409961021,
    "Saheeli's Lattice": 4.702768653214453,
    "Scytheclaw Raptor": 2.927686545664074,
    "Seismic Monstrosaur": 5.639244973900009,
    "Sunfire Torch": 5.736647306437529,
    "Sunshot Militia": 5.851480098212124,
    "Tectonic Hazard": 9.320551148525894,
    "Triumphant Chomp": 3.230756439155981,
    "Trumpeting Carnosaur": 1.3058878359484232,
    "Volatile Wanderglyph": 5.256960335621663,
    "Zoyowa's Justice": 8.01013019136904,
    "Armored Kincaller": 5.3099245177523064,
    "Basking Capybara": 7.526237685923998,
    "Bedrock Tortoise": 1.8152866242038217,
    "Cavern Stomper": 5.77437766439158,
    "Cenote Scout": 3.9129449243398886,
    "Coati Scavenger": 4.609535465332836,
    "Colossadactyl": 3.094879987531172,
    "Disturbed Slumber": 9.185981504681763,
    "Earthshaker Dreadmaw": 3.373187202479796,
    "Explorer's Cache": 5.501089656465295,
    "Ghalta, Stampede Tyrant": 2.124858757062147,
    "Glimpse the Core": 5.9734804297348045,
    "Glowcap Lantern": 6.041914886428901,
    "Growing Rites of Itlimoc": 3.7876344086021505,