{
    "Abuelo's Awakening": 4.519570251698872,
    "Acrobatic Leap": 8.561438082725617,
    "Adaptive Gemguard": 5.63414521154002,
    "Attentive Sunscribe": 5.707213115986424,
    "Bat Colony": 6.558962396717441,
    "Clay-Fired Bricks": 3.043329632443172,
    "Cosmium Blast": 5.418589641434263,
    "Dauntless Dismantler": 5.824331486388822,
    "Deconstruction Hammer": 6.846165461527638,
    "Dusk Rose Reliquary": 3.256932755944113,
    "Envoy of Okinec Ahau": 6.604223024536068,
    "Fabrication Foundry": 5.073702012514798,
    "Family Reunion": 8.423009982659833,
    "Get Lost": 2.656178000131657,
    "Glorifier of Suffering": 5.861708339769213,
    "Guardian of the Great Door": 3.2496663975881783,
    "Helping Hand": 6.258500794466773,
    "Ironpaw Aspirant": 5.2550271690020365,
    "Kinjalli's Dawnrunner": 3.503571644772686,
    "Kutzil's Flanker": 2.203575052689095,
    "Malamet War Scribe": 4.458471720379089,
    "Market Gnome": 4.372767182265652,
    "Might of the Ancestors": 6.246233148295004,
    "Miner's Guidewing": 4.431330583627439,
    "Mischievous Pup": 4.709994125090383,
    "Ojer Taq, Deepest Foundation": 1.4996360106770201,
    "Oltec Archaeologists": 7.435180216882953,
    "Oltec Cloud Guard": 3.5027214508228046,
    "Oteclan Landmark": 7.007313058832237,
    "Petrify": 3.513926694400219,
    "Quicksand Whirlpool": 5.196456513037396,
    "Resplendent Angel": 1.371559633027523,
    "Ruin-Lurker Bat": 3.135952646478511,
    "Sanguine Evangelist": 1.6282022722209846,
    "Soaring Sandwing": 5.984132247063282,
    "Spring-Loaded Sawblades": 2.5993362980931205,
    "Thousand Moons Crackshot": 7.770594345292534,
    "Thousand Moons Infantry": 7.967385348033139,
    "Thousand Moons Smithy": 1.4815887963298322,
    "Tinker's Tote": 4.204956742214566,
    "Unstable Glyphbridge": 1.6334323759216463,
    "Vanguard of the Rose": 4.537345715293288,
    "Warden of the Inner Sky": 1.7046944935984178,
    "Akal Pakal, First Among Equals": 1.8469819300269128,
    "Ancestral Reminiscence": 8.50918843461965,
    "Brackish Blunder": 6.060466631526546,
    "Braided Net": 2.4289801172936634,
    "Chart a Course": 4.386194075190162,
    "Cogwork Wrestler": 6.035978008241296,
    "Confounding Riddle": 5.275375988557095,
    "Council of Echoes": 5.030178098436236,
    "Didact Echo": 7.645553494696404,
    "Eaten by Piranhas": 4.395587629864626,
    "The Enigma Jewel": 4.421784472769409,
    "The Everflowing Well": 2.6638890740617294,
    "Frilled Cave-Wurm": 8.632992531268536,
    "Hermitic Nautilus": 4.618406245604164,
    "Hurl into History": 6.902957502474897,
    "Inverted Iceberg": 5.3181241654143525,
    "Kitesail Larcenist": 1.6204532891100056,
    "Lodestone Needle": 3.664271034742743,
    "Malcolm, Alluring Scoundrel": 1.5838896306186026,
    "Marauding Brinefang": 6.979958565412308,
    "Merfolk Cave-Diver": 6.1709925014495886,
    "Oaken Siren": 4.477674138852822,
    "Ojer Pakpatiq, Deepest Epoch": 1.4088732039324428,
    "Orazca Puzzle-Door": 7.428847089507531,
    "Out of Air": 8.280839750701032,
    "Pirate Hat": 7.861890555773007,
    "Relic's Roar": 9.304885869174198,
    "River Herald Scout": 5.428293334074919,
    "Sage of Days": 7.978955286088282,
    "Self-Reflection": 7.1633553127518175,
    "Shipwreck Sentry": 7.087088116432839,
    "Sinuous Benthisaur": 6.716985496930332,
    "Song of Stupefaction": 8.861447809311063,
    "Spyglass Siren": 2.80539797479138,
    "Staunch Crewmate": 3.7678627145085803,
    "Tishana's Tidebinder": 2.2017475425183335,
    "Unlucky Drop": 7.763522691936302,
    "Waterlogged Hulk": 7.234831379880636,
    "Waterwind Scout": 3.451917056238108,
    "Waylaying Pirates": 6.184508452526257,
    "Zoetic Glyph": 3.069141886468425,
    "Abyssal Gorestalker": 6.421010335096343,
    "Aclazotz, Deepest Betrayal": 1.2436519258202567,
    "Another Chance": 6.59503991242723,
    "Bitter Triumph": 2.7008569202804464,
    "Bloodthorn Flail": 7.919515663592439,
    "Bringer of the Last Gift": 2.624479096652776,
    "Broodrage Mycoid": 6.433764335425318,
    "Canonized in Blood": 6.19109761165087,
    "Chupacabra Echo": 2.546030673032236,
    "Corpses of the Lost": 2.1910467093013843,
    "Dead Weight": 4.408414282398966,
    "Deathcap Marionette": 5.432367990462589,
    "Deep Goblin Skulltaker": 6.532607557457257,
    "Deep-Cavern Bat": 2.9197864940765124,
    "Echo of Dusk": 5.960150831140876,
    "Fanatical Offering": 6.623426368433209,
    "Gargantuan Leech": 6.450769173325368,
    "Grasping Shadows": 5.053007862497714,
    "Greedy Freebooter": 6.9782003532817924,
    "Join the Dead": 3.341640323366611,
    "Malicious Eclipse": 6.506135918325255,
    "Mephitic Draught": 7.184572617027017,
    "Preacher of the Schism": 1.5824297410931623,
    "Primordial Gnawer": 7.791033249863622,
    "Queen's Bay Paladin": 3.0765638512539635,
    "Rampaging Spiketail": 5.969135024537786,
    "Ray of Ruin": 6.29209341330465,
    "Screaming Phantom": 6.67555175850776,
    "Skullcap Snail": 5.426453247498247,
    "Soulcoil Viper": 4.446725928102654,
    "Stalactite Stalker": 2.031196434693178,
    "Starving Revenant": 1.8767110531706863,
    "Stinging Cave Crawler": 3.7323166591217745,
    "Synapse Necromage": 4.840619185329657,
    "Tarrian's Journal": 2.223543689320388,
    "Terror Tide": 2.192050848821305,
    "Tithing Blade": 4.809810399901293,
    "Visage of Dread": 4.272778402699663,
    "Vito's Inquisitor": 7.730847441832601,
    "Abrade": 2.6818364073777063,
    "Ancestors' Aid": 7.24788156196033,
    "Belligerent Yearling": 3.045593930154725,
    "Bonehoard Dracosaur": 1.1480334468875812,
    "Brass's Tunnel-Grinder": 2.3618911390499133,
    "Brazen Blademaster": 6.880275881190864,
    "Breeches, Eager Pillager": 1.4216762284859068,
    "Burning Sun Cavalry": 6.656879673547632,
    "Calamitous Cave-In": 7.166785608605594,
    "Child of the Volcano": 7.818769095038149,
    "Curator of Sun's Creation": 5.598370427192719,
    "Daring Discovery": 8.51863588928568,
    "Diamond Pick-Axe": 3.697753279173461,
    "Dinotomaton": 5.28751723069467,
    "Dire Flail": 2.114151022813368,
    "Dowsing Device": 5.429256492593886,
    "Dreadmaw's Ire": 3.6937680039345184,
    "Enterprising Scallywag": 3.92082538072421,
    "Etali's Favor": 5.3519878219791766,
    "Geological Appraiser": 2.600832339962775,
    "Goblin Tomb Raider": 5.7580893801950594,
    "Goldfury Strider": 6.1286137776580025,
    "Hit the Mother Lode": 5.546622235686156,
    "Hotfoot Gnome": 7.381998479006638,
    "Idol of the Deep King": 5.109472985630699,
    "Inti, Seneschal of the Sun": 1.4665699431749486,
    "Magmatic Galleon": 1.5553044853688849,
    "Ojer Axonil, Deepest Might": 1.5713321332133214,
    "Panicked Altisaur": 5.6113403702740365,
    "Plundering Pirate": 4.50026166672682,
    "Poetic Ingenuity": 1.9732385140825301,
    "Rampaging Ceratops": 4.558208202801484,
    "Rumbling Rockslide": 4.978317513101677,
    "Saheeli's Lattice": 4.699475675922127,
    "Scytheclaw Raptor": 2.926494403857919,
    "Seismic Monstrosaur": 5.64421423462633,
    "Sunfire Torch": 5.701029122295365,
    "Sunshot Militia": 5.804688269477002,
    "Tectonic Hazard": 9.33040204561109,
    "Triumphant Chomp": 3.238438864101284,
    "Trumpeting Carnosaur": 1.3065564887564345,
    "Volatile Wanderglyph": 5.203586033595557,
    "Zoyowa's Justice": 8.039229090310094,
    "Armored Kincaller": 5.281386943292969,
    "Basking Capybara": 7.56005238421294,
    "Bedrock Tortoise": 1.8236208236208236,
    "Cavern Stomper": 5.741214255310916,
    "Cenote Scout": 3.927824476800725,
    "Coati Scavenger": 4.617387676582726,
    "Colossadactyl": 3.086964697837422,
    "Disturbed Slumber": 9.198875229706609,
    "Earthshaker Dreadmaw": 3.4012522619181067,
    "Explorer's Cache": 5.52857405178218,
    "Ghalta, Stampede Tyrant": 2.147639068564036,
    "Glimpse the Core": 6.04584582461755,
    "Glowcap Lantern": 6.083688777761435,
    "Growing Rites of Itlimoc": 3.8346963153542224,