{
    "Abuelo's Awakening": 4.1396930589466345,
    "Acrobatic Leap": 8.734924251200267,
    "Adaptive Gemguard": 5.821587073384173,
    "Attentive Sunscribe": 6.044165902976912,
    "Bat Colony": 6.447551640573912,
    "Clay-Fired Bricks": 3.3715158859792402,
    "Cosmium Blast": 5.431825196978312,
    "Dauntless Dismantler": 5.8400461214265835,
    "Deconstruction Hammer": 7.3971407377436105,
    "Dusk Rose Reliquary": 3.4427279577995478,
    "Envoy of Okinec Ahau": 6.399047563568578,
    "Fabrication Foundry": 5.436919504643963,
    "Family Reunion": 8.19713356078669,
    "Get Lost": 2.4108298999411417,
    "Glorifier of Suffering": 5.737551997983108,
    "Guardian of the Great Door": 3.326744415892469,
    "Helping Hand": 6.11963430903241,
    "Ironpaw Aspirant": 5.657359769105283,
    "Kinjalli's Dawnrunner": 3.6012900143334927,
    "Kutzil's Flanker": 1.934077809798271,
    "Malamet War Scribe": 4.413392811882192,
    "Market Gnome": 4.322993796277767,
    "Might of the Ancestors": 6.320663495931764,
    "Miner's Guidewing": 5.2743381725021345,
    "Mischievous Pup": 4.645747083176515,
    "Ojer Taq, Deepest Foundation": 1.4119496855345912,
    "Oltec Archaeologists": 7.311564201066964,
    "Oltec Cloud Guard": 3.983860981549511,
    "Oteclan Landmark": 7.129665508006155,
    "Petrify": 3.8060718315556405,
    "Quicksand Whirlpool": 5.289284952324684,
    "Resplendent Angel": 1.3849372384937237,
    "Ruin-Lurker Bat": 3.6201555023923446,
    "Sanguine Evangelist": 1.684375,
    "Soaring Sandwing": 5.988261965486897,
    "Spring-Loaded Sawblades": 2.665511034068938,
    "Thousand Moons Crackshot": 7.727600425645118,
    "Thousand Moons Infantry": 7.831098233628836,
    "Thousand Moons Smithy": 1.467343976777939,
    "Tinker's Tote": 4.470627025397543,
    "Unstable Glyphbridge": 1.7215787215787215,
    "Vanguard of the Rose": 4.703962593869551,
    "Warden of the Inner Sky": 1.8181461115475255,
    "Akal Pakal, First Among Equals": 1.9137994820569737,
    "Ancestral Reminiscence": 8.485648872734798,
    "Brackish Blunder": 6.5123393021120295,
    "Braided Net": 2.6428761651131825,
    "Chart a Course": 4.585173425698754,
    "Cogwork Wrestler": 7.0553517932637115,
    "Confounding Riddle": 5.07539055643321,
    "Council of Echoes": 4.846304866077689,
    "Didact Echo": 7.614172806430006,
    "Eaten by Piranhas": 4.57472383084335,
    "The Enigma Jewel": 3.946988820771727,
    "The Everflowing Well": 2.5161849710982658,
    "Frilled Cave-Wurm": 8.524117967756172,
    "Hermitic Nautilus": 5.193805888767721,
    "Hurl into History": 6.257771873220725,
    "Inverted Iceberg": 6.051361734024611,
    "Kitesail Larcenist": 1.7278182597513931,
    "Lodestone Needle": 4.31003653556845,
    "Malcolm, Alluring Scoundrel": 1.6328331862312444,
    "Marauding Brinefang": 6.88397666694577,
    "Merfolk Cave-Diver": 6.249679692504805,
    "Oaken Siren": 5.472009738604024,
    "Ojer Pakpatiq, Deepest Epoch": 1.3648936170212767,
    "Orazca Puzzle-Door": 7.847923221320361,
    "Out of Air": 8.05060806599207,
    "Pirate Hat": 8.488534004641467,
    "Relic's Roar": 9.292522450431226,
    "River Herald Scout": 5.609715939063574,
    "Sage of Days": 8.005473140330785,
    "Self-Reflection": 6.969528985507246,
    "Shipwreck Sentry": 7.652065030525361,
    "Sinuous Benthisaur": 6.835075873085022,
    "Song of Stupefaction": 8.850589760207388,
    "Spyglass Siren": 3.2373810782241015,
    "Staunch Crewmate": 4.318398035906092,
    "Tishana's Tidebinder": 2.2758830694275276,
    "Unlucky Drop": 8.222758232994732,
    "Waterlogged Hulk": 7.283375944047724,
    "Waterwind Scout": 4.112219502663568,
    "Waylaying Pirates": 6.948025327474132,
    "Zoetic Glyph": 3.8292146536257885,
    "Abyssal Gorestalker": 5.988733410849605,
    "Aclazotz, Deepest Betrayal": 1.1891891891891893,
    "Another Chance": 6.857444680761159,
    "Bitter Triumph": 2.575482024080155,
    "Bloodthorn Flail": 7.6141538461538465,
    "Bringer of the Last Gift": 2.770255271920089,
    "Broodrage Mycoid": 5.843520555159701,
    "Canonized in Blood": 5.477101398753758,
    "Chupacabra Echo": 2.5172532188841203,
    "Corpses of the Lost": 2.122086956521739,
    "Dead Weight": 4.32670986883198,
    "Deathcap Marionette": 5.550071039734359,
    "Deep Goblin Skulltaker": 6.043182165216064,
    "Deep-Cavern Bat": 3.179683756588404,
    "Echo of Dusk": 5.901346791110571,
    "Fanatical Offering": 6.2689330091439315,
    "Gargantuan Leech": 6.3025821687120125,
    "Grasping Shadows": 4.728662269441921,
    "Greedy Freebooter": 6.723559635146057,
    "Join the Dead": 3.171102355873603,
    "Malicious Eclipse": 6.167255688361196,
    "Mephitic Draught": 6.798936079424231,
    "Preacher of the Schism": 1.4796015180265654,
    "Primordial Gnawer": 7.525011497984471,
    "Queen's Bay Paladin": 2.646756216061732,
    "Rampaging Spiketail": 5.8014840305409185,
    "Ray of Ruin": 5.792664448505866,
    "Screaming Phantom": 6.520657427356897,
    "Skullcap Snail": 5.3022384995647815,
    "Soulcoil Viper": 4.303077401305564,
    "Stalactite Stalker": 1.8977879481311977,
    "Starving Revenant": 1.769479208720226,
    "Stinging Cave Crawler": 3.4744428294573644,
    "Synapse Necromage": 4.430074227006833,
    "Tarrian's Journal": 2.0420594633792604,
    "Terror Tide": 2.016991150442478,
    "Tithing Blade": 4.9046770846723104,
    "Visage of Dread": 4.148181739656215,
    "Vito's Inquisitor": 7.265493763428858,
    "Abrade": 2.832606308792546,
    "Ancestors' Aid": 7.571543775704954,
    "Belligerent Yearling": 3.0042218663560925,
    "Bonehoard Dracosaur": 1.1430348258706469,
    "Brass's Tunnel-Grinder": 2.1282396499495118,
    "Brazen Blademaster": 6.899101969464142,
    "Breeches, Eager Pillager": 1.4883026381284221,
    "Burning Sun Cavalry": 6.695273292014782,
    "Calamitous Cave-In": 7.1599017716190145,
    "Child of the Volcano": 7.434036067386935,
    "Curator of Sun's Creation": 5.499697963410425,
    "Daring Discovery": 8.504679222689349,
    "Diamond Pick-Axe": 4.045195903105186,
    "Dinotomaton": 5.473572599042509,
    "Dire Flail": 2.225662304500479,
    "Dowsing Device": 5.78218712514994,
    "Dreadmaw's Ire": 3.9519485433219828,
    "Enterprising Scallywag": 3.860649379432624,
    "Etali's Favor": 6.544776227315451,
    "Geological Appraiser": 2.9003277711561384,
    "Goblin Tomb Raider": 6.430359246171967,
    "Goldfury Strider": 6.105821118297677,
    "Hit the Mother Lode": 5.090773607912207,
    "Hotfoot Gnome": 7.354473217549037,
    "Idol of the Deep King": 5.278477792663693,
    "Inti, Seneschal of the Sun": 1.5426971535230984,
    "Magmatic Galleon": 1.6057476425684778,
    "Ojer Axonil, Deepest Might": 1.4935661764705883,
    "Panicked Altisaur": 5.9069900628424605,
    "Plundering Pirate": 4.869905090595341,
    "Poetic Ingenuity": 2.0647697491576187,
    "Rampaging Ceratops": 4.548184494602552,
    "Rumbling Rockslide": 4.975714926351374,
    "Saheeli's Lattice": 4.757714285714286,
    "Scytheclaw Raptor": 2.9251243053524423,
    "Seismic Monstrosaur": 5.5336389012243865,
    "Sunfire Torch": 6.1768089660503005,
    "Sunshot Militia": 6.372529106136207,
    "Tectonic Hazard": 9.164630472405616,
    "Triumphant Chomp": 3.2998955749902104,
    "Trumpeting Carnosaur": 1.299667036625971,
    "Volatile Wanderglyph": 5.6919078414285496,
    "Zoyowa's Justice": 7.803595890410959,
    "Armored Kincaller": 5.397895531698349,
    "Basking Capybara": 7.176281743472952,
    "Bedrock Tortoise": 1.7539484621778887,
    "Cavern Stomper": 5.750335909960323,
    "Cenote Scout": 3.8572773593265395,
    "Coati Scavenger": 4.4391057558255325,
    "Colossadactyl": 3.0897214349899773,
    "Disturbed Slumber": 8.869171634968259,
    "Earthshaker Dreadmaw": 3.1977907461442268,
    "Explorer's Cache": 5.326669229783417,
    "Ghalta, Stampede Tyrant": 1.9189591078066914,
    "Glimpse the Core": 5.535685946961787,
    "Glowcap Lantern": 5.752030996125485,
    "Growing Rites of Itlimoc": 3.1937029431895962,