{
    "Banishing Light": 3.1636977554598387,
    "Beza, the Bounding Spring": 1.424492385786802,
    "Brave-Kin Duo": 5.9332602726231665,
    "Brightblade Stoat": 2.9183973642407484,
    "Builder's Talent": 5.603472609708866,
    "Caretaker's Talent": 2.8343588082901556,
    "Carrot Cake": 5.234039961013646,
    "Crumb and Get It": 5.434871582328485,
    "Dawn's Truce": 3.9695322117357406,
    "Dewdrop Cure": 5.516431772423199,
    "Driftgloom Coyote": 2.976174915334799,
    "Essence Channeler": 2.162641898864809,
    "Feather of Flight": 4.630062738983554,
    "Flowerfoot Swordmaster": 4.247751093504993,
    "Harvestrite Host": 3.728955110562779,
    "Hop to It": 3.773618784530387,
    "Intrepid Rabbit": 4.210778969293607,
    "Jackdaw Savior": 2.0052666227781435,
    "Jolly Gerbils": 4.610918935178223,
    "Lifecreed Duo": 4.73241391530329,
    "Mabel's Mettle": 4.482847341337908,
    "Mouse Trapper": 4.55746327535034,
    "Nettle Guard": 5.208199378271382,
    "Parting Gust": 4.049770323233175,
    "Pileated Provisioner": 6.049647084114605,
    "Rabbit Response": 6.251510146295423,
    "Repel Calamity": 3.7805910974950443,
    "Salvation Swan": 1.8753985773853323,
    "Season of the Burrow": 1.4917127071823204,
    "Seasoned Warrenguard": 5.00934060210424,
    "Shrike Force": 3.645945816809212,
    "Sonar Strike": 4.520472632282364,
    "Star Charter": 3.9977653141705374,
    "Starfall Invocation": 1.9784255221482672,
    "Thistledown Players": 5.90238063247383,
    "Valley Questcaller": 1.6457627118644067,
    "Warren Elder": 4.9067809667885305,
    "Warren Warleader": 1.3521594684385383,
    "Wax-Wane Witness": 5.968690795462933,
    "Whiskervale Forerunner": 1.8966015907447578,
    "Azure Beastbinder": 2.8099939246658567,
    "Bellowing Crier": 6.79944443804101,
    "Calamitous Tide": 5.832726359412282,
    "Daring Waverider": 5.086331439792412,
    "Dazzling Denial": 6.333377459534268,
    "Dire Downdraft": 6.211041213193963,
    "Dour Port-Mage": 2.699902248289345,
    "Eddymurk Crab": 4.857518728302576,
    "Eluge, the Shoreless Sea": 3.0992052617155386,
    "Finch Formation": 6.5945942787697485,
    "Gossip's Talent": 5.897315135204408,
    "Into the Flood Maw": 5.6563636938846535,
    "Kitnap": 2.6420214494637633,
    "Kitsa, Otterball Elite": 2.176694915254237,
    "Knightfisher": 4.803128351144474,
    "Lightshell Duo": 6.837637825992175,
    "Long River Lurker": 4.424362963254697,
    "Long River's Pull": 6.0358664663866834,
    "Mind Spiral": 7.24043446615531,
    "Mindwhisker": 5.010395084660999,
    "Mockingbird": 2.584359400998336,
    "Nightwhorl Hermit": 7.6329694824138725,
    "Otterball Antics": 5.464982778415615,
    "Pearl of Wisdom": 6.672239191729323,
    "Plumecreed Escort": 4.204115362366746,
    "Portent of Calamity": 4.733702823964107,
    "Run Away Together": 6.786739923357496,
    "Season of Weaving": 2.0155513666352496,
    "Shore Up": 6.585169635632278,
    "Shoreline Looter": 4.175055623189623,
    "Skyskipper Duo": 6.613851613358088,
    "Spellgyre": 5.7018188672132695,
    "Splash Lasher": 4.28653853967738,
    "Splash Portal": 5.4339350180505415,
    "Stormchaser's Talent": 3.1039411000433086,
    "Sugar Coat": 4.78136511375948,
    "Thought Shucker": 7.391465408874996,
    "Thundertrap Trainer": 3.1855476605443087,
    "Valley Floodcaller": 2.65383974679327,
    "Waterspout Warden": 7.285564841915488,
    "Wishing Well": 5.346522599299955,
    "Agate-Blade Assassin": 5.65888663941508,
    "Bandit's Talent": 4.696698166484696,
    "Bonebind Orator": 5.568486711723157,
    "Bonecache Overseer": 5.380273937117508,
    "Coiling Rebirth": 3.1948777951118044,
    "Consumed by Greed": 3.380428834386349,
    "Cruelclaw's Heist": 3.3252535246104378,
    "Daggerfang Duo": 5.631852323360917,
    "Darkstar Augur": 2.1501936009781946,
    "Diresight": 6.552532865502476,
    "Downwind Ambusher": 3.9133048706107867,
    "Early Winter": 5.634532100797771,
    "Feed the Cycle": 2.754072483899482,
    "Fell": 2.3891198133158316,
    "Glidedive Duo": 5.529871968088528,
    "Hazel's Nocturne": 4.875338467489538,
    "Huskburster Swarm": 4.341133440830613,
    "Iridescent Vinelasher": 2.099702380952381,
    "Maha, Its Feathers Night": 1.3204344874405973,
    "Moonstone Harbinger": 4.08864370516424,
    "Nocturnal Hunger": 3.661492144133973,
    "Osteomancer Adept": 2.097195461357311,
    "Persistent Marshstalker": 4.749184149184149,
    "Psychic Whorl": 7.190630896160588,
    "Ravine Raider": 6.6562252457946975,
    "Rottenmouth Viper": 1.3692722371967656,
    "Ruthless Negotiation": 5.780458271236959,
    "Savor": 4.010161366551887,
    "Scales of Shale": 6.607674526121128,
    "Scavenger's Talent": 3.3499869212660216,
    "Season of Loss": 1.6206128133704736,
    "Sinister Monolith": 4.7623058892469965,
    "Stargaze": 6.305841128261562,
    "Starlit Soothsayer": 6.089184656039965,
    "Starscape Cleric": 3.8899640463402725,
    "Thornplate Intimidator": 5.8605870675339915,
    "Thought-Stalker Warlock": 3.1737726451754145,
    "Valley Rotcaller": 1.992717341829768,
    "Wick, the Whorled Mind": 2.869157464831342,
    "Wick's Patrol": 3.7036353308719114,
    "Agate Assault": 4.433584963796025,
    "Alania's Pathmaker": 6.297165780478542,
    "Artist's Talent": 4.701631276770255,
    "Blacksmith's Talent": 4.9837651979724225,
    "Blooming Blast": 3.91683818699365,
    "Brambleguard Captain": 4.197727644270067,
    "Brazen Collector": 3.8853123094346196,
    "Byway Barterer": 2.532234432234432,
    "Coruscation Mage": 4.330139053133792,
    "Conduct Electricity": 6.383303696550749,
    "Emberheart Challenger": 2.1119598428633783,
    "Festival of Embers": 5.127711797307997,
    "Flamecache Gecko": 4.778755591112404,
    "Dragonhawk, Fate's Tempest": 1.4517399868680236,
    "Frilled Sparkshooter": 6.521469006177624,
    "Harnesser of Storms": 5.406542056074766,
    "Heartfire Hero": 3.856927504453885,
    "Hearthborn Battler": 2.478442028985507,
    "Hired Claw": 2.5242597217267213,
    "Hoarder's Overflow": 6.865909847896081,
    "Kindlespark Duo": 6.241602270935184,
    "Manifold Mouse": 2.317990794476686,
    "Might of the Meek": 6.472253267608616,
    "Playful Shove": 5.042679576981184,
    "Quaketusk Boar": 3.575410150628418,
    "Rabid Gnaw": 3.288463533561573,
    "Raccoon Rallier": 6.252235643398417,
    "Reptilian Recruiter": 5.3934816651442,
    "Roughshod Duo": 5.878001241464928,
    "Sazacap's Brew": 6.839850812458069,
    "Season of the Bold": 2.2791252485089464,
    "Steampath Charger": 6.072548780487804,
    "Stormsplitter": 3.3100968188105115,
    "Sunspine Lynx": 2.8939004086574847,
    "Take Out the Trash": 3.94542413048024,
    "Teapot Slinger": 4.456330689065173,
    "Valley Flamecaller": 2.1370684308455656,
    "War Squeak": 7.14839434089378,
    "Whiskerquill Scribe": 6.75589316175713,
    "Wildfire Howl": 5.760406736574516,
    "Bakersbane Duo": 4.471677739618171,
    "Valley Rally": 5.961362742428368,
    "Bark-Knuckle Boxer": 4.096535759249482,
    "Brambleguard Veteran": 3.9544259043676973,
    "Bushy Bodyguard": 3.696492744393395,
    "Cache Grab": 6.023198499209142,
    "Clifftop Lookout": 3.959938629389703,
    "Curious Forager": 4.043671686869923,
    "Druid of the Spade": 6.311745193767666,
    "Fecund Greenshell": 1.6956179480451326,
    "For the Common Good": 4.4171028037383175,
    "Galewind Moose": 2.887761760692887,
    "Hazardroot Herbalist": 5.168042035770824,
    "Heaped Harvest": 5.615070370228079,
    "High Stride": 6.913111651192223,
    "Hivespine Wolverine": 3.1328772248650383,
    "Honored Dreyleader": 4.556281213983865,
    "Hunter's Talent": 2.3813514533786333,
    "Innkeeper's Talent": 1.5312407462244595,
    "Keen-Eyed Curator": 1.9785746504285069,
    "Longstalk Brawl": 4.173003741485721,
    "Lumra, Bellow of the Woods": 1.4363968350578211,
    "Mistbreath Elder": 2.4975957257346395,
    "Overprotect": 3.7947809556726866,
    "Pawpatch Formation": 4.887777928416486,