{
    "Putrid Warrior": 6.875323331608898,
    "Krosan Tusker": 4.4389416553595655,
    "Mass Hysteria": 5.680142687277051,
    "Spell Snare": 7.094492167761496,
    "Ghost Quarter": 7.471387002909796,
    "Enlisted Wurm": 3.1525252525252525,
    "Kuldotha Rebirth": 6.313791178112786,
    "Molten Psyche": 5.972355769230769,
    "Leonin Relic-Warder": 4.000806451612903,
    "Gnaw to the Bone": 7.720670391061453,
    "Stromkirk Captain": 6.597079502433748,
    "Burden of Guilt": 6.871312309257376,
    "Ixidor, Reality Sculptor": 4.320813771517997,
    "Duskmantle, House of Shadow": 7.661226508407517,
    "Worldspine Wurm": 3.938775510204082,
    "Possibility Storm": 5.756613756613756,
    "Millstone": 7.70800395256917,
    "Nyx Weaver": 5.148313176320815,
    "Evolutionary Leap": 5.283837056504599,
    "Shard of Broken Glass": 7.854448742746615,
    "Metalspinner's Puzzleknot": 6.889957264957265,
    "Smuggler's Copter": null,
    "Consign // Oblivion": 5.404342723004695,
    "Bishop of the Bloodstained": 7.037987679671458,
    "Goblin Warchief": 6.704935622317596,
    "High Alert": 6.850418410041841,
    "Jace, Wielder of Mysteries": null,
    "Syr Konrad, the Grim": 3.1372745490981964,
    "Ranger-Captain of Eos": null,
    "Hard Evidence": 4.571142284569138,
    "Combine Chrysalis": 5.294757033248082,
    "Quintorius, Field Historian": 5.289224952741021,
    "Laid to Rest": 7.394591887831748,
    "Monologue Tax": 5.361940298507463,
    "Magmaw": 4.854694996572995,
    "Mistveil Plains": 6.916497975708502,
    "Mentor of the Meek": 2.3715775749674055,
    "Ghostly Prison": null,
    "Fabricate": 5.3795966785290625,
    "Show and Tell": 4.620081411126187,
    "Tragic Slip": null,
    "Victimize": null,
    "Gamble": 4.684971098265896,
    "Crashing Footfalls": null,
    "Tireless Tracker": null,
    "Drown in the Loch": 3.816949152542373,
    "Field of the Dead": 4.6842837273991655,
    "Case of the Shattered Pact": 5.985835438469866,
    "Absolving Lammasu": 5.966169467157876,
    "Assemble the Players": 3.9385182908084846,
    "Aurelia's Vindicator": 1.145083932853717,
    "Auspicious Arrival": 4.844241700304803,
    "Call a Surprise Witness": 5.25745189911275,
    "Case of the Gateway Express": 2.439572668595593,
    "Case of the Pilfered Proof": 5.2833685322069694,
    "Case of the Uneaten Feast": 5.465591155234657,
    "Defenestrated Phantom": 6.589228460331537,
    "Delney, Streetwise Lookout": 1.7301223241590213,
    "Doorkeeper Thrull": 4.510913082784451,
    "Due Diligence": 6.626885794252168,
    "Essence of Antiquity": 6.187414197776892,
    "Forum Familiar": 5.714918146183998,
    "Griffnaut Tracker": 5.864788681495401,
    "Haazda Vigilante": 5.538011586619324,
    "Inside Source": 3.0681719641129974,
    "Karlov Watchdog": 3.5865479723046487,
    "Krovod Haunch": 5.706826401446655,
    "Make Your Move": 5.568414549675197,
    "Makeshift Binding": 2.551038993294147,
    "Marketwatch Phantom": 3.1721708638826907,
    "Museum Nightwatch": 4.470839940050826,
    "Neighborhood Guardian": 2.4694435333989286,
    "No Witnesses": 2.5236732570239333,
    "Not on My Watch": 3.4712041884816753,
    "Novice Inspector": 2.5063776609497546,
    "On the Job": 5.053361293212264,
    "Perimeter Enforcer": 2.6589312977099238,
    "Sanctuary Wall": 6.726577598521133,
    "Seasoned Consultant": 4.17705305447241,
    "Tenth District Hero": 1.432231020027946,
    "Unyielding Gatekeeper": 1.7098525989138866,
    "Wrench": 6.693741061664003,
    "Agency Outfitter": 6.569922332624636,
    "Behind the Mask": 8.39277673843422,
    "Benthic Criminologists": 7.5365773412953,
    "Bubble Smuggler": 6.129924485288879,
    "Burden of Proof": 5.942800516224189,
    "Candlestick": 7.006959875896189,
    "Case of the Filched Falcon": 4.948432652187868,
    "Case of the Ransacked Lab": 6.263066705168929,
    "Cold Case Cracker": 4.214265456608055,
    "Conspiracy Unraveler": 3.661558526247147,
    "Coveted Falcon": 3.4728514323784143,
    "Crimestopper Sprite": 4.952527049968297,
    "Cryptic Coat": 1.438868613138686,
    "Curious Inquiry": 6.262857660268019,
    "Deduce": 5.540901120683083,
    "Dramatic Accusation": 5.45274975405567,
    "Eliminate the Impossible": 5.402525082809275,
    "Exit Specialist": 3.0111092121004956,
    "Fae Flight": 6.044069963921999,
    "Forensic Gadgeteer": 3.0458250716016746,
    "Forensic Researcher": 4.47172287850254,
    "Furtive Courier": 4.901995118327497,
    "Hotshot Investigators": 6.864872117400419,
    "Intrude on the Mind": 2.048223350253807,
    "Jaded Analyst": 6.349099338217079,
    "Living Conundrum": 7.467249788383248,
    "Lost in the Maze": 3.004166666666667,
    "Mistway Spy": 4.6976313640076235,
    "Out Cold": 4.980414390269044,
    "Proft's Eidetic Memory": 2.2861238532110093,
    "Projektor Inspector": 4.297536779754882,
    "Reasonable Doubt": 6.277988111244781,
    "Reenact the Crime": 5.612324165441948,
    "Steamcore Scholar": 1.8842946490618484,
    "Unauthorized Exit": 6.0766470682274365,
    "Agency Coroner": 8.147515279511056,
    "Alley Assailant": 6.713021751407595,
    "Barbed Servitor": 3.057665813816178,
    "Basilica Stalker": 6.372647645477409,
    "Case of the Stashed Skeleton": 2.5979507196877285,
    "Cerebral Confiscation": 7.96859058207979,
    "Deadly Cover-Up": 2.3259976525821595,
    "Extract a Confession": 4.444395379645339,
    "Festerleech": 5.953771626297578,
    "Homicide Investigator": 2.028985507246377,
    "Hunted Bonebrute": 2.118922266955714,
    "Illicit Masquerade": 4.686753050698201,
    "It Doesn't Add Up": 6.888287904599659,
    "Lead Pipe": 7.295728234336859,
    "Leering Onlooker": 3.5536944384018563,
    "Long Goodbye": 3.132209926224011,
    "Macabre Reconstruction": 7.17786838675178,
    "Massacre Girl, Known Killer": 1.5570776255707763,
    "Murder": 4.180297118847539,
    "Nightdrinker Moroii": 4.779845216532192,
    "Outrageous Robbery": 2.7303423848878396,
    "Persuasive Interrogators": 6.0875715266651405,
    "Polygraph Orb": 7.079793174767322,
    "Presumed Dead": 6.218844572925606,
    "Repeat Offender": 6.438428930751235,
    "Rot Farm Mortipede": 7.352844283979169,
    "Slice from the Shadows": 4.533192042113899,
    "Slimy Dualleech": 5.025199979087154,
    "Snarling Gorehound": 5.599871297361596,
    "Soul Enervation": 3.9464653853827225,
    "Toxin Analysis": 6.945586293299021,
    "Undercity Eliminator": 4.369253492522617,
    "Unscrupulous Agent": 5.383071742255657,
    "Vein Ripper": 1.5125,
    "Anzrag's Rampage": 6.2159619952494065,
    "Bolrac-Clan Basher": 4.154486983154671,
    "Case of the Burning Masks": 3.571729345143023,
    "Case of the Crimson Pulse": 3.178750753163286,
    "Caught Red-Handed": 7.332432764337468,
    "The Chase Is On": 6.041717417783191,
    "Concealed Weapon": 5.621851904156664,
    "Connecting the Dots": 4.5551873566148355,
    "Convenient Target": 6.505257261053176,
    "Cornered Crook": 4.820233755093287,
    "Crime Novelist": 5.5266663353049355,
    "Demand Answers": 7.142852374753847,
    "Expedited Inheritance": 5.574135776759683,
    "Expose the Culprit": 7.550846770926181,
    "Felonious Rage": 6.486761604294853,
    "Frantic Scapegoat": 4.814004143866546,
    "Fugitive Codebreaker": 2.158132530120482,
    "Galvanize": 3.109531632413585,
    "Gearbane Orangutan": 5.702956638454942,
    "Goblin Maskmaker": 6.454291226393387,
    "Harried Dronesmith": 3.3733926020003175,
    "Incinerator of the Guilty": 1.3068552774755169,
    "Innocent Bystander": 5.735823010804145,
    "Knife": 7.059720088043523,
    "Krenko, Baron of Tin Street": 1.7206349206349207,
    "Krenko's Buzzcrusher": 2.1521803619104123,
    "Lamplight Phoenix": 1.7450834879406307,
    "Offender at Large": 5.461638761857969,
    "Person of Interest": 4.0482620716895426,
    "Pyrotechnic Performer": 1.7648588410104011,
    "Reckless Detective": 2.867737144978652,
    "Red Herring": 4.399927401424747,
    "Rubblebelt Braggart": 7.277437371663244,