{
    "Another Round": 6.283864402021337,
    "Archangel of Tithes": 2.0808383233532934,
    "Armored Armadillo": 7.924241869546647,
    "Aven Interrupter": 2.3943401731012353,
    "Bounding Felidar": 4.067529076667458,
    "Bovine Intervention": 6.348087450045337,
    "Bridled Bighorn": 5.807879499874129,
    "Claim Jumper": 2.6739537257570603,
    "Dust Animus": 1.4632958172350075,
    "Eriette's Lullaby": 5.73476694974635,
    "Final Showdown": 1.7338756536897153,
    "Fortune, Loyal Steed": 2.035926055109871,
    "Frontier Seeker": 3.69089768062129,
    "Getaway Glamer": 4.027903344141245,
    "High Noon": 5.777147268867014,
    "Holy Cow": 4.777812990223264,
    "Inventive Wingsmith": 7.59228392976681,
    "Lassoed by the Law": 2.5227909546548797,
    "Mystical Tether": 3.4386694386694385,
    "Nurturing Pixie": 5.530233138012717,
    "Omenport Vigilante": 4.7336917129741485,
    "One Last Job": 3.472913992297818,
    "Outlaw Medic": 5.917311541715677,
    "Prairie Dog": 2.996737409955745,
    "Prosperity Tycoon": 3.985314191574488,
    "Requisition Raid": 5.452124481778518,
    "Rustler Rampage": 6.960018933417482,
    "Shepherd of the Clouds": 2.6345177664974617,
    "Sheriff of Safe Passage": 5.404129466348731,
    "Stagecoach Security": 6.600308055192148,
    "Steer Clear": 6.546833944691589,
    "Sterling Keykeeper": 6.060019015124441,
    "Sterling Supplier": 6.479044505447708,
    "Take Up the Shield": 5.384900944878438,
    "Thunder Lasso": 5.894503685804836,
    "Trained Arynx": 4.327043413702892,
    "Vengeful Townsfolk": 6.350929009409028,
    "Wanted Griffin": 6.574247493803271,
    "Archmage's Newt": 3.8449307573944265,
    "Canyon Crab": 5.015570222683563,
    "Daring Thunder-Thief": 7.955537526839742,
    "Deepmuck Desperado": 5.007147391918737,
    "Djinn of Fool's Fall": 7.327720587775715,
    "Double Down": 3.4440171572252627,
    "Duelist of the Mind": 2.5542395693135935,
    "Emergent Haunting": 5.246283893373023,
    "Failed Fording": 7.296332711263637,
    "Fblthp, Lost on the Range": 3.410723824786325,
    "Fleeting Reflection": 7.654714435162303,
    "Geralf, the Fleshwright": 1.7355491329479769,
    "Geyser Drake": 6.448629261268051,
    "Harrier Strix": 7.600667840294702,
    "Jailbreak Scheme": 7.2227378190255225,
    "The Key to the Vault": 5.108665190073679,
    "Loan Shark": 5.618441491197791,
    "Marauding Sphinx": 3.3973406561641855,
    "Metamorphic Blast": 5.244811009520219,
    "Nimble Brigand": 3.978043472945549,
    "Outlaw Stitcher": 3.7388050003898434,
    "Peerless Ropemaster": 8.04334571724677,
    "Phantom Interference": 6.007250692520776,
    "Plan the Heist": 5.932017468450191,
    "Razzle-Dazzler": 7.011959120131837,
    "Seize the Secrets": 7.2856578427499015,
    "Shackle Slinger": 6.314212242428317,
    "Shifting Grift": 7.701884212125817,
    "Slickshot Lockpicker": 3.7822174775049566,
    "Slickshot Vault-Buster": 8.271330189022395,
    "Spring Splasher": 7.664239868531208,
    "Step Between Worlds": 6.322363579013773,
    "Stoic Sphinx": 1.9851951547779274,
    "Stop Cold": 6.621946177923893,
    "Take the Fall": 6.846939762766308,
    "This Town Ain't Big Enough": 5.346521070097703,
    "Three Steps Ahead": 2.658757850662945,
    "Visage Bandit": 4.962688753882518,
    "Ambush Gigapede": 6.493476953645847,
    "Binding Negotiation": 5.792566402207658,
    "Blacksnag Buzzard": 6.965627118214587,
    "Blood Hustler": 2.868608698590788,
    "Boneyard Desecrator": 7.231419701313171,
    "Caustic Bronco": 1.8797148412184057,
    "Consuming Ashes": 3.612271962737741,
    "Corrupted Conviction": 7.930855373749834,
    "Desert's Due": 3.8477604921822954,
    "Desperate Bloodseeker": 4.725949017125181,
    "Fake Your Own Death": 7.232950028481825,
    "Forsaken Miner": 4.578806410797132,
    "Gisa, the Hellraiser": 1.2863264511102455,
    "Hollow Marauder": 3.1195207936854583,
    "Insatiable Avarice": 4.18371911573472,
    "Kaervek, the Punisher": 2.2713766566908937,
    "Lively Dirge": 5.307998371456066,
    "Mourner's Surprise": 5.908476965288849,
    "Neutralize the Guards": 7.292445352275846,
    "Nezumi Linkbreaker": 7.04789324326898,
    "Overzealous Muscle": 7.621840168114731,
    "Pitiless Carnage": 6.162269696752455,
    "Rakish Crew": 5.32255959464128,
    "Rattleback Apothecary": 3.850642085806012,
    "Raven of Fell Omens": 5.131436730432647,
    "Rictus Robber": 3.9192091481285734,
    "Rooftop Assassin": 5.89022344448264,
    "Rush of Dread": 2.3382143583485866,
    "Servant of the Stinger": 3.6700092294644415,
    "Shoot the Sheriff": 3.06159032197089,
    "Skulduggery": 6.328841898856606,
    "Tinybones Joins Up": 5.145421979615335,
    "Tinybones, the Pickpocket": 1.993583650190114,
    "Treasure Dredger": 4.601262050112022,
    "Unfortunate Accident": 3.1157646048109964,
    "Unscrupulous Contractor": 4.347061244827661,
    "Vadmir, New Blood": 1.7939466032249538,
    "Vault Plunderer": 4.285538391679838,
    "Brimstone Roundup": 6.40801249223433,
    "Calamity, Galloping Inferno": 1.673099587507366,
    "Caught in the Crossfire": 6.690799837596427,
    "Cunning Coyote": 4.351825582156653,
    "Deadeye Duelist": 5.7829406260632865,
    "Demonic Ruckus": 5.630479907744167,
    "Discerning Peddler": 6.53243427791055,
    "Explosive Derailment": 4.292384943156704,
    "Ferocification": 6.526551042957109,
    "Gila Courser": 4.329392151271196,
    "Great Train Heist": 2.9854342604788098,
    "Hell to Pay": 2.907856598016781,
    "Hellspur Brute": 4.509077579887015,
    "Hellspur Posse Boss": 1.9152235719824244,
    "Highway Robbery": 7.395486167286847,
    "Irascible Wolverine": 6.006498520578648,
    "Iron-Fist Pulverizer": 7.351355069473105,
    "Longhorn Sharpshooter": 3.057894572578883,
    "Magda, the Hoardmaster": 1.8039085349641053,
    "Magebane Lizard": 7.540001830049412,
    "Mine Raider": 6.435165793489823,
    "Outlaws' Fury": 8.280817693721582,
    "Prickly Pair": 5.04481062773542,
    "Quick Draw": 8.334865733953533,
    "Quilled Charger": 7.013151105573804,
    "Reckless Lackey": 6.806950812838683,
    "Resilient Roadrunner": 5.141243791429813,
    "Return the Favor": 7.055613061070857,
    "Rodeo Pyromancers": 7.691944484189441,
    "Scalestorm Summoner": 3.806853660364163,
    "Scorching Shot": 3.7969558446777514,
    "Slickshot Show-Off": 2.4495369495369497,
    "Stingerback Terror": 1.6559061957151129,
    "Take for a Ride": 6.585146527498996,
    "Terror of the Peaks": 1.2682926829268293,
    "Thunder Salvo": 5.1494677119238625,
    "Trick Shot": 7.3470448378021755,
    "Aloe Alchemist": 2.8804633153957213,
    "Ankle Biter": 5.933016694865157,
    "Beastbond Outcaster": 2.96132721633497,
    "Betrayal at the Vault": 4.585381950173239,
    "Bristlepack Sentry": 5.507763204537398,
    "Bristly Bill, Spine Sower": 1.2695174578265986,
    "Cactarantula": 3.6349837519077233,
    "Colossal Rattlewurm": 1.4607712765957446,
    "Dance of the Tumbleweeds": 4.193663960465937,
    "Drover Grizzly": 4.8741209726490595,
    "Freestrider Commando": 4.939157316235402,
    "Freestrider Lookout": 1.8324022346368716,
    "Full Steam Ahead": 6.457587988375848,
    "Giant Beaver": 3.9972288202692003,
    "Gold Rush": 5.7832863317035725,
    "Goldvein Hydra": 1.2891428571428571,
    "Hardbristle Bandit": 3.4714154560673975,
    "Intrepid Stablemaster": 2.907117913906204,
    "Map the Frontier": 6.374875504106323,
    "Ornery Tumblewagg": 1.3854239663629992,
    "Outcaster Greenblade": 2.4005928523714095,
    "Outcaster Trailblazer": 1.6278217531515684,
    "Patient Naturalist": 4.357960359430758,
    "Railway Brawler": 1.2156940063091484,
    "Rambling Possum": 3.560544747081712,
    "Raucous Entertainer": 3.9468779564806056,
    "Reach for the Sky": 7.484218272667681,
    "Rise of the Varmints": 5.280059937139098,
    "Smuggler's Surprise": 3.0311721639369007,
    "Snakeskin Veil": 4.719047619047619,
    "Spinewoods Armadillo": 2.2715049053959357,