{
    "Putrid Warrior": 6.6087530239718495,
    "Krosan Tusker": 4.690903986524424,
    "Mass Hysteria": 5.558510638297872,
    "Spell Snare": 6.919292188174364,
    "Ghost Quarter": 7.229188078108941,
    "Enlisted Wurm": 4.104125083166999,
    "Kuldotha Rebirth": 6.1664698937426214,
    "Molten Psyche": 5.413541666666666,
    "Leonin Relic-Warder": 4.0965625,
    "Gnaw to the Bone": 7.9437256110084205,
    "Stromkirk Captain": 6.204801920768308,
    "Burden of Guilt": 6.953961012028204,
    "Ixidor, Reality Sculptor": 3.962962962962963,
    "Duskmantle, House of Shadow": 7.6139317627944765,
    "Worldspine Wurm": 3.643910007757952,
    "Possibility Storm": 5.584408879710893,
    "Millstone": 7.592530774045483,
    "Nyx Weaver": 5.411334552102376,
    "Evolutionary Leap": 5.049559471365638,
    "Shard of Broken Glass": 7.911492213680268,
    "Metalspinner's Puzzleknot": 6.647532072189606,
    "Smuggler's Copter": null,
    "Consign // Oblivion": 5.419674631418403,
    "Bishop of the Bloodstained": 6.629464285714286,
    "Goblin Warchief": 6.666519141402965,
    "High Alert": 6.884692290602088,
    "Jace, Wielder of Mysteries": 2.6770708283313325,
    "Syr Konrad, the Grim": 3.0795718939041414,
    "Ranger-Captain of Eos": 2.244,
    "Hard Evidence": 5.185997357992074,
    "Combine Chrysalis": 5.532577156423107,
    "Quintorius, Field Historian": 5.260397350993378,
    "Laid to Rest": 7.428723630939698,
    "Monologue Tax": 4.83995257854179,
    "Magmaw": 4.8672292545710265,
    "Mistveil Plains": 6.8715262932877295,
    "Mentor of the Meek": 2.3384982121573303,
    "Ghostly Prison": 2.3905635648754915,
    "Fabricate": 4.769485903814262,
    "Show and Tell": 4.2,
    "Tragic Slip": 2.4081115335868186,
    "Victimize": 2.175213675213675,
    "Gamble": 4.0837370242214535,
    "Crashing Footfalls": 1.8864027538726333,
    "Tireless Tracker": null,
    "Drown in the Loch": 3.5760781122864116,
    "Field of the Dead": 4.138482023968042,
    "Case of the Shattered Pact": 5.721539753530067,
    "Absolving Lammasu": 5.073784552580722,
    "Assemble the Players": 3.116142781033564,
    "Aurelia's Vindicator": 1.1733791748526523,
    "Auspicious Arrival": 5.499741926262377,
    "Call a Surprise Witness": 4.681032091001573,
    "Case of the Gateway Express": 2.876470588235294,
    "Case of the Pilfered Proof": 4.465989503094237,
    "Case of the Uneaten Feast": 4.576065497619324,
    "Defenestrated Phantom": 6.099706395218862,
    "Delney, Streetwise Lookout": 1.5177923021060276,
    "Doorkeeper Thrull": 3.6495104895104897,
    "Due Diligence": 6.4556000998575565,
    "Essence of Antiquity": 5.464399531221087,
    "Forum Familiar": 5.082914843632131,
    "Griffnaut Tracker": 5.663434978485672,
    "Haazda Vigilante": 5.838879950969126,
    "Inside Source": 3.6812063951817753,
    "Karlov Watchdog": 3.7746716752569816,
    "Krovod Haunch": 5.226926565829167,
    "Make Your Move": 5.677703355343373,
    "Makeshift Binding": 2.835609323923869,
    "Marketwatch Phantom": 3.769879383515747,
    "Museum Nightwatch": 4.74409799751123,
    "Neighborhood Guardian": 3.027725267800882,
    "No Witnesses": 2.17074122236671,
    "Not on My Watch": 3.211968567398751,
    "Novice Inspector": 3.063819829530144,
    "On the Job": 6.456246540220843,
    "Perimeter Enforcer": 2.8785174748542133,
    "Sanctuary Wall": 6.201669793621013,
    "Seasoned Consultant": 4.964364298975452,
    "Tenth District Hero": 1.4483216385359379,
    "Unyielding Gatekeeper": 1.6649320127580998,
    "Wrench": 6.017798461392345,
    "Agency Outfitter": 5.9426132787916925,
    "Behind the Mask": 8.121542511792851,
    "Benthic Criminologists": 7.319110493398193,
    "Bubble Smuggler": 6.285460346738265,
    "Burden of Proof": 5.307120743034056,
    "Candlestick": 6.360985672074483,
    "Case of the Filched Falcon": 4.707173601147776,
    "Case of the Ransacked Lab": 5.591695982225514,
    "Cold Case Cracker": 4.486805455850682,
    "Conspiracy Unraveler": 3.044584869229419,
    "Coveted Falcon": 3.0126537785588754,
    "Crimestopper Sprite": 4.879655047620729,
    "Cryptic Coat": 1.6383239831697054,
    "Curious Inquiry": 5.725150913751757,
    "Deduce": 5.946112280919056,
    "Dramatic Accusation": 5.157310921510416,
    "Eliminate the Impossible": 5.6037880623536065,
    "Exit Specialist": 3.1737137035150282,
    "Fae Flight": 5.179172585991648,
    "Forensic Gadgeteer": 2.5371492704826037,
    "Forensic Researcher": 5.070599824868651,
    "Furtive Courier": 4.7879198393049,
    "Hotshot Investigators": 6.706637993241264,
    "Intrude on the Mind": 1.9925050446814645,
    "Jaded Analyst": 6.817958381124037,
    "Living Conundrum": 6.881235323418487,
    "Lost in the Maze": 2.928159884767735,
    "Mistway Spy": 4.141603943602248,
    "Out Cold": 5.840484682355506,
    "Proft's Eidetic Memory": 2.5550524572059636,
    "Projektor Inspector": 5.198916249399821,
    "Reasonable Doubt": 6.418444160940636,
    "Reenact the Crime": 4.937968188814777,
    "Steamcore Scholar": 1.9346557759626604,
    "Unauthorized Exit": 6.350107650563322,
    "Agency Coroner": 7.626754110019969,
    "Alley Assailant": 6.200203320908167,
    "Barbed Servitor": 2.198919197117859,
    "Basilica Stalker": 5.992294991744634,
    "Case of the Stashed Skeleton": 2.1322118543829673,
    "Cerebral Confiscation": 7.332272959773538,
    "Deadly Cover-Up": 2.0584556824361067,
    "Extract a Confession": 4.879033055548064,
    "Festerleech": 5.558351409978308,
    "Homicide Investigator": 1.9038795599305154,
    "Hunted Bonebrute": 2.0815817130846033,
    "Illicit Masquerade": 3.7599166427134234,
    "It Doesn't Add Up": 6.025091763609175,
    "Lead Pipe": 6.5452830873018755,
    "Leering Onlooker": 3.329040271966527,
    "Long Goodbye": 2.8406231742940604,
    "Macabre Reconstruction": 6.74747990394156,
    "Massacre Girl, Known Killer": 1.380293501048218,
    "Murder": 3.4211233921530604,
    "Nightdrinker Moroii": 4.297589680337136,
    "Outrageous Robbery": 2.426837725381415,
    "Persuasive Interrogators": 5.569239121356385,
    "Polygraph Orb": 6.662086207525822,
    "Presumed Dead": 5.743893942711547,
    "Repeat Offender": 6.239450508091833,
    "Rot Farm Mortipede": 7.018170346108582,
    "Slice from the Shadows": 4.251243148699905,
    "Slimy Dualleech": 4.813145105299699,
    "Snarling Gorehound": 5.936766097929232,
    "Soul Enervation": 3.340465490643236,
    "Toxin Analysis": 6.659636870494457,
    "Undercity Eliminator": 3.5415788168175615,
    "Unscrupulous Agent": 5.125698707177395,
    "Vein Ripper": 1.532215020968357,
    "Anzrag's Rampage": 5.536284535342662,
    "Bolrac-Clan Basher": 3.9166528491681865,
    "Case of the Burning Masks": 3.358453792431379,
    "Case of the Crimson Pulse": 2.9142750303823504,
    "Caught Red-Handed": 6.969589903144721,
    "The Chase Is On": 6.607690421588566,
    "Concealed Weapon": 5.037860383118698,
    "Connecting the Dots": 4.041925764472081,
    "Convenient Target": 5.733885728906296,
    "Cornered Crook": 4.278192614490686,
    "Crime Novelist": 5.236367558239862,
    "Demand Answers": 6.710161005655008,
    "Expedited Inheritance": 5.0277294587127805,
    "Expose the Culprit": 6.977509273598156,
    "Felonious Rage": 6.704338935211187,
    "Frantic Scapegoat": 4.716315644256415,
    "Fugitive Codebreaker": 2.114334470989761,
    "Galvanize": 3.1704132528289373,
    "Gearbane Orangutan": 5.490361504089304,
    "Goblin Maskmaker": 6.595492438214681,
    "Harried Dronesmith": 3.337465427038555,
    "Incinerator of the Guilty": 1.2632955536181343,
    "Innocent Bystander": 6.101006322247578,
    "Knife": 6.216465803514795,
    "Krenko, Baron of Tin Street": 1.6805138471805139,
    "Krenko's Buzzcrusher": 1.835310218978102,
    "Lamplight Phoenix": 1.7286648588291593,
    "Offender at Large": 6.433457265395143,
    "Person of Interest": 4.801730927576702,
    "Pyrotechnic Performer": 1.7856251948861865,
    "Reckless Detective": 3.54231124807396,