{
    "Ajani, Nacatl Pariah": 1.424931129476584,
    "Razorgrass Ambush": 4.639111249951189,
    "Witch Enchanter": 4.2807892179644265,
    "Hydroelectric Specimen": 6.182383547304578,
    "Sink into Stupor": 5.141660802251935,
    "Tamiyo, Inquisitive Student": 1.6656976744186047,
    "Boggart Trawler": 6.093747052720928,
    "Fell the Profane": 3.0491510826771653,
    "Sorin of House Markov": 1.7970437748720864,
    "Pinnacle Monk": 4.8394546673619905,
    "Ral, Monsoon Mage": 3.239167616875713,
    "Sundering Eruption": 5.390977949840094,
    "Bridgeworks Battle": 3.1352506352506353,
    "Disciple of Freyalise": 4.6194198642911,
    "Grist, Voracious Larva": 2.8453958545701665,
    "Bloodsoaked Insight": 5.02688041172584,
    "Drowner of Truth": 3.557921381774866,
    "Glasswing Grace": 3.8986897203836284,
    "Legion Leadership": 4.416916780354707,
    "Revitalizing Repast": 3.7539646163718032,
    "Rush of Inspiration": 5.175411983727504,
    "Strength of the Harvest": 4.292851652574942,
    "Stump Stomp": 2.8588242620500686,
    "Suppression Ray": 4.6358197507190795,
    "Waterlogged Teachings": 6.351153103115189,
    "Breaker of Creation": 3.5308818090558463,
    "Devourer of Destiny": 2.487717982373898,
    "Drownyard Lurker": 5.468151216986017,
    "Echoes of Eternity": 4.099967648010352,
    "Eldrazi Ravager": 3.9470272686633883,
    "Emrakul, the World Anew": 1.7467032967032967,
    "Glaring Fleshraker": 3.1952084665930105,
    "Herigast, Erupting Nullkite": 1.9990583804143127,
    "It That Heralds the End": 3.8603442521336957,
    "Kozilek, the Broken Reality": 1.5641187618445989,
    "Kozilek's Command": 2.4832075471698114,
    "Null Elemental Blast": 8.027573324411732,
    "Nulldrifter": 1.617386331140978,
    "Twisted Riddlekeeper": 3.770629634877899,
    "Ulamog, the Defiler": 1.6092757306226175,
    "Warped Tusker": 4.99619797957615,
    "Wastescape Battlemage": 3.5143977706677676,
    "Aerie Auxiliary": 4.060469992137678,
    "Ajani Fells the Godsire": 3.9585299585299585,
    "Argent Dais": 6.090547039374812,
    "Charitable Levy": 8.449878021734309,
    "Dog Umbra": 5.14413776834159,
    "Envoy of the Ancestors": 4.354251190686188,
    "Essence Reliquary": 6.7559856587263,
    "Expel the Unworthy": 6.3541494079235905,
    "Flare of Fortitude": 5.708103916246607,
    "Glyph Elemental": 2.7099767981438516,
    "Guardian of the Forgotten": 5.296041432762305,
    "Guide of Souls": 1.5995769114536114,
    "Hexgold Slith": 4.889948567229978,
    "Indebted Spirit": 5.7238453968577145,
    "Inspired Inventor": 5.560365893498856,
    "Jolted Awake": 7.338431323859725,
    "Mandibular Kite": 5.756873830369178,
    "Metastatic Evangel": 3.2959048114133886,
    "Muster the Departed": 6.452648372686663,
    "Nyxborn Unicorn": 5.889318020123996,
    "Ocelot Pride": 1.6297213622291022,
    "Pearl-Ear, Imperial Advisor": 3.4747393744987973,
    "Phelia, Exuberant Shepherd": 1.894589076059214,
    "Proud Pack-Rhino": 4.157908704883227,
    "Rosecot Knight": 7.961018444877815,
    "Solstice Zealot": 6.20181102946634,
    "Static Prison": 4.2740163860628435,
    "Thraben Charm": 5.413233609595041,
    "Voltstorm Angel": 3.5899164195200863,
    "White Orchid Phantom": 4.095748098961122,
    "Wing It": 7.44957705450675,
    "Wrath of the Skies": 2.6884981159160235,
    "Aether Spike": 6.273427720726742,
    "Amphibian Downpour": 3.2655359745594277,
    "Bespoke Battlewagon": 5.223127218382215,
    "Brainsurge": 5.277690269921959,
    "Consign to Memory": 7.593487574978577,
    "Copycrook": 5.07205597737085,
    "Corrupted Shapeshifter": 6.878102266002993,
    "Deem Inferior": 6.074137825795032,
    "Depth Defiler": 3.1288684430636873,
    "Dreamtide Whale": 3.5610450077599585,
    "Electrozoa": 7.52951137727237,
    "Emrakul's Messenger": 3.6441093789931,
    "Flare of Denial": 4.565751583797274,
    "Harbinger of the Seas": 6.424822990420658,
    "Hope-Ender Coatl": 3.5970059580433587,
    "Kozilek's Unsealing": 4.53696637787853,
    "Petrifying Meddler": 5.091210659063494,
    "Roil Cartographer": 3.93139011281654,
    "Sage of the Unknowable": 6.709296033127853,
    "Serum Visionary": 4.964821076359538,
    "Shadow of the Second Sun": 4.0558231173380035,
    "Strix Serenade": 6.06696918685501,
    "Tamiyo Meets the Story Circle": 6.8891137432295695,
    "Tempest Harvester": 6.273499303410261,
    "Triton Wavebreaker": 7.366888567293777,
    "Tune the Narrative": 5.981023060584606,
    "Ugin's Binding": 2.3111407012871727,
    "Unfathomable Truths": 5.415099048920183,
    "Utter Insignificance": 6.05983409414421,
    "Volatile Stormdrake": 3.441364884298601,
    "Accursed Marauder": 4.933070636310566,
    "Arcbound Condor": 5.149645525962828,
    "Breathe Your Last": 3.7991946712828812,
    "Chthonian Nightmare": 2.682278923453338,
    "Consuming Corruption": 5.872863466121893,
    "Crabomination": 1.7864953526517222,
    "The Creation of Avacyn": 7.815762244194068,
    "Dreadmobile": 7.108029370670947,
    "Dreamdrinker Vampire": 6.1663860589153385,
    "Drossclaw": 7.280012833587332,
    "Emperor of Bones": 2.0907049842837897,
    "Etched Slith": 4.463949313621964,
    "Etherium Pteramander": 5.207042724872643,
    "Eviscerator's Insight": 6.46324139614352,
    "Fetid Gargantua": 6.558421760929889,
    "Flare of Malice": 3.303250067150148,
    "Gravedig": 7.130285583993616,
    "Grim Servant": 5.96056933390575,
    "Kami of Jealous Thirst": 6.751823151318556,
    "Lethal Throwdown": 5.186210182911184,
    "Marionette Apprentice": 3.1763356474494415,
    "Mindless Conscription": 5.840273351745627,
    "Necrodominance": 4.971579876434245,
    "Nethergoyf": 2.945589182227946,
    "Quest for the Necropolis": 6.503654651090148,
    "Refurbished Familiar": 5.245707804635996,
    "Retrofitted Transmogrant": 6.361592963596384,
    "Ripples of Undeath": 6.574788655576766,
    "Scurrilous Sentry": 6.507907177653524,
    "Shilgengar, Sire of Famine": 2.2430675909878683,
    "Warren Soultrader": 3.728273880775676,
    "Wither and Bloom": 3.8253720374793314,
    "Wurmcoil Larva": 3.5423936170212764,
    "Aether Revolt": 3.247307001795332,
    "Amped Raptor": 2.8747712949786544,
    "Ashling, Flame Dancer": 3.1580381471389645,
    "Detective's Phoenix": 2.0093984962406015,
    "Eldrazi Linebreaker": 2.2726881720430105,
    "Fanged Flames": 3.415925993107201,
    "Flare of Duplication": 6.1396636299929925,
    "Frogmyr Enforcer": 7.315193743752572,
    "Furnace Hellkite": 6.251766813762899,
    "Galvanic Discharge": 2.8127989487516425,
    "Ghostfire Slice": 2.8956379429722414,
    "Glimpse the Impossible": 5.43752757021214,
    "Infernal Captor": 7.659648618148828,
    "Inventor's Axe": 7.561202956610055,
    "Mogg Mob": 7.832617540687161,
    "Molten Gatekeeper": 5.2442706488268795,
    "Party Thrasher": 3.0489994114184813,
    "Phyrexian Ironworks": 4.706728595503309,
    "Powerbalance": 6.5586110136794105,
    "Ral and the Implicit Maze": 4.202212251788015,
    "Reckless Pyrosurfer": 4.387869884575026,
    "Reiterating Bolt": 3.406179473401397,
    "Sarpadian Simulacrum": 7.224684197253491,
    "Siege Smash": 7.564544768500022,
    "Skittering Precursor": 4.35337080956875,
    "Skoa, Embermage": 6.376211853479154,
    "Smelted Chargebug": 5.214614268941225,
    "Spawn-Gang Commander": 2.7543157022510703,
    "Thriving Skyclaw": 6.730631135710281,
    "Unstable Amulet": 4.429642470205851,
    "Voidpouncer": 5.878852284803401,
    "Wheel of Potential": 6.389884088514226,
    "Basking Broodscale": 3.5878670161609687,
    "Birthing Ritual": 4.584265254071022,
    "Collective Resistance": 5.235632582322357,
    "Colossal Dreadmask": 5.933222657217899,
    "Eladamri, Korvecdal": 1.7608695652173914,
    "Eldrazi Repurposer": 3.240680643921602,
    "Evolution Witness": 4.4139486413762,
    "Fanatic of Rhonas": 1.8978453738910013,
    "Fangs of Kalonia": 5.214590086316786,
    "Flare of Cultivation": 4.708140484617479,
    "Fowl Strike": 7.156402682151562,