{
    "Abuelo's Awakening": 4.32391808104215,
    "Acrobatic Leap": 8.622754579841281,
    "Adaptive Gemguard": 5.703481327425626,
    "Attentive Sunscribe": 5.821746517554782,
    "Bat Colony": 6.50992946604167,
    "Clay-Fired Bricks": 3.159895753487659,
    "Cosmium Blast": 5.423761375757084,
    "Dauntless Dismantler": 5.8169706845305456,
    "Deconstruction Hammer": 7.025763641755635,
    "Dusk Rose Reliquary": 3.2832612598942923,
    "Envoy of Okinec Ahau": 6.507708386326185,
    "Fabrication Foundry": 5.192883796709938,
    "Family Reunion": 8.342772237332527,
    "Get Lost": 2.587690341816633,
    "Glorifier of Suffering": 5.794715156711441,
    "Guardian of the Great Door": 3.255453310434983,
    "Helping Hand": 6.187875025863852,
    "Ironpaw Aspirant": 5.360400029852974,
    "Kinjalli's Dawnrunner": 3.501391969046383,
    "Kutzil's Flanker": 2.0765147591921282,
    "Malamet War Scribe": 4.386486434146058,
    "Market Gnome": 4.3001173009249465,
    "Might of the Ancestors": 6.316744333348415,
    "Miner's Guidewing": 4.699463993424612,
    "Mischievous Pup": 4.643386908503188,
    "Ojer Taq, Deepest Foundation": 1.4545101088646968,
    "Oltec Archaeologists": 7.382277875673793,
    "Oltec Cloud Guard": 3.662223333534519,
    "Oteclan Landmark": 7.043931947903123,
    "Petrify": 3.600869489609599,
    "Quicksand Whirlpool": 5.215904486984706,
    "Resplendent Angel": 1.383642828921375,
    "Ruin-Lurker Bat": 3.29390023195942,
    "Sanguine Evangelist": 1.6562228024369017,
    "Soaring Sandwing": 5.9801819697021585,
    "Spring-Loaded Sawblades": 2.6130737426074213,
    "Thousand Moons Crackshot": 7.740809434029747,
    "Thousand Moons Infantry": 7.931471964643862,
    "Thousand Moons Smithy": 1.4584655590815756,
    "Tinker's Tote": 4.26632679110417,
    "Unstable Glyphbridge": 1.6503829787234043,
    "Vanguard of the Rose": 4.5626991288974015,
    "Warden of the Inner Sky": 1.7398412698412697,
    "Akal Pakal, First Among Equals": 1.8712753277711562,
    "Ancestral Reminiscence": 8.484338729763387,
    "Brackish Blunder": 6.209917542076132,
    "Braided Net": 2.4948375176611237,
    "Chart a Course": 4.427218778348957,
    "Cogwork Wrestler": 6.390046769286655,
    "Confounding Riddle": 5.136410426697659,
    "Council of Echoes": 4.904816900907944,
    "Didact Echo": 7.614860745104118,
    "Eaten by Piranhas": 4.442500283436,
    "The Enigma Jewel": 4.194943109987358,
    "The Everflowing Well": 2.5837502719164673,
    "Frilled Cave-Wurm": 8.582849510861712,
    "Hermitic Nautilus": 4.829127791914051,
    "Hurl into History": 6.637736702917509,
    "Inverted Iceberg": 5.571177504393673,
    "Kitesail Larcenist": 1.6473657633395051,
    "Lodestone Needle": 3.8820586647471655,
    "Malcolm, Alluring Scoundrel": 1.6070441988950277,
    "Marauding Brinefang": 6.959962964145461,
    "Merfolk Cave-Diver": 6.175852653986765,
    "Oaken Siren": 4.806308740848887,
    "Ojer Pakpatiq, Deepest Epoch": 1.3839563862928348,
    "Orazca Puzzle-Door": 7.560028230397132,
    "Out of Air": 8.18179696142409,
    "Pirate Hat": 8.071058006535948,
    "Relic's Roar": 9.280593965521454,
    "River Herald Scout": 5.469189135508218,
    "Sage of Days": 7.995022546135602,
    "Self-Reflection": 7.075577020426591,
    "Shipwreck Sentry": 7.278868280681661,
    "Sinuous Benthisaur": 6.776948636300706,
    "Song of Stupefaction": 8.828901889116228,
    "Spyglass Siren": 2.9382158873432545,
    "Staunch Crewmate": 3.940391838825337,
    "Tishana's Tidebinder": 2.220263788968825,
    "Unlucky Drop": 7.869580082360805,
    "Waterlogged Hulk": 7.222272383553604,
    "Waterwind Scout": 3.671956165943215,
    "Waylaying Pirates": 6.461708296164139,
    "Zoetic Glyph": 3.3200370811813005,
    "Abyssal Gorestalker": 6.278453893534085,
    "Aclazotz, Deepest Betrayal": 1.2093879429360332,
    "Another Chance": 6.783698339422846,
    "Bitter Triumph": 2.651369732409585,
    "Bloodthorn Flail": 7.810788849425302,
    "Bringer of the Last Gift": 2.664705882352941,
    "Broodrage Mycoid": 6.213435123333623,
    "Canonized in Blood": 5.910271150713807,
    "Chupacabra Echo": 2.5410583642268953,
    "Corpses of the Lost": 2.1593584271116284,
    "Dead Weight": 4.371718742988767,
    "Deathcap Marionette": 5.508743871262551,
    "Deep Goblin Skulltaker": 6.368531584579378,
    "Deep-Cavern Bat": 3.03749517879773,
    "Echo of Dusk": 5.990127612979131,
    "Fanatical Offering": 6.499016591860406,
    "Gargantuan Leech": 6.423436471362739,
    "Grasping Shadows": 4.943868676090102,
    "Greedy Freebooter": 6.890461376681418,
    "Join the Dead": 3.2700015953416024,
    "Malicious Eclipse": 6.348770222673274,
    "Mephitic Draught": 7.007981811406753,
    "Preacher of the Schism": 1.5625545280055837,
    "Primordial Gnawer": 7.719506221220731,
    "Queen's Bay Paladin": 2.869126859827721,
    "Rampaging Spiketail": 5.9593693746007785,
    "Ray of Ruin": 6.107634354304155,
    "Screaming Phantom": 6.628048099682908,
    "Skullcap Snail": 5.371264107784732,
    "Soulcoil Viper": 4.422377649400081,
    "Stalactite Stalker": 1.9643862612612613,
    "Starving Revenant": 1.8114002105579787,
    "Stinging Cave Crawler": 3.624384403379569,
    "Synapse Necromage": 4.659574468085107,
    "Tarrian's Journal": 2.1419098143236073,
    "Terror Tide": 2.1148473874806,
    "Tithing Blade": 4.925222806376339,
    "Visage of Dread": 4.236712099512415,
    "Vito's Inquisitor": 7.554040398724251,
    "Abrade": 2.729800163470309,
    "Ancestors' Aid": 7.406369459923963,
    "Belligerent Yearling": 3.0468198853615522,
    "Bonehoard Dracosaur": 1.1530758226037197,
    "Brass's Tunnel-Grinder": 2.2686530411228762,
    "Brazen Blademaster": 6.880472418792876,
    "Breeches, Eager Pillager": 1.4389210019267822,
    "Burning Sun Cavalry": 6.693670023305923,
    "Calamitous Cave-In": 7.182142468140725,
    "Child of the Volcano": 7.685187280751387,
    "Curator of Sun's Creation": 5.533391395799783,
    "Daring Discovery": 8.517167832167832,
    "Diamond Pick-Axe": 3.8304260607910687,
    "Dinotomaton": 5.3783797088250855,
    "Dire Flail": 2.1579695169206925,
    "Dowsing Device": 5.567972108629548,
    "Dreadmaw's Ire": 3.781403675265292,
    "Enterprising Scallywag": 3.8902603705110352,
    "Etali's Favor": 5.820798778751734,
    "Geological Appraiser": 2.7140584547241025,
    "Goblin Tomb Raider": 5.977510924787722,
    "Goldfury Strider": 6.068752198897619,
    "Hit the Mother Lode": 5.3667965090478775,
    "Hotfoot Gnome": 7.3601094630380155,
    "Idol of the Deep King": 5.154322727838931,
    "Inti, Seneschal of the Sun": 1.4930995897053339,
    "Magmatic Galleon": 1.5713786475624671,
    "Ojer Axonil, Deepest Might": 1.5514316012725344,
    "Panicked Altisaur": 5.768309567906784,
    "Plundering Pirate": 4.660716733843327,
    "Poetic Ingenuity": 2.032510885341074,
    "Rampaging Ceratops": 4.5612302696170985,
    "Rumbling Rockslide": 4.978737194367836,
    "Saheeli's Lattice": 4.716154842751178,
    "Scytheclaw Raptor": 2.931602048280907,
    "Seismic Monstrosaur": 5.621716800296556,
    "Sunfire Torch": 5.856646731964588,
    "Sunshot Militia": 5.979909487446353,
    "Tectonic Hazard": 9.282508848708014,
    "Triumphant Chomp": 3.250804347275353,
    "Trumpeting Carnosaur": 1.3036402569593148,
    "Volatile Wanderglyph": 5.39321622593882,
    "Zoyowa's Justice": 7.940701649487216,
    "Armored Kincaller": 5.372325835666479,
    "Basking Capybara": 7.43249296502613,
    "Bedrock Tortoise": 1.8057487250811313,
    "Cavern Stomper": 5.802187933216804,
    "Cenote Scout": 3.8905591666490227,
    "Coati Scavenger": 4.569164159389447,
    "Colossadactyl": 3.0843923274878624,
    "Disturbed Slumber": 9.094990198754374,
    "Earthshaker Dreadmaw": 3.3213053108741564,
    "Explorer's Cache": 5.465926104805603,
    "Ghalta, Stampede Tyrant": 2.0526315789473686,
    "Glimpse the Core": 5.814572202864886,
    "Glowcap Lantern": 5.9368868337186775,
    "Growing Rites of Itlimoc": 3.6226385997378365,