{
    "Putrid Warrior": 6.658477452723452,
    "Krosan Tusker": 4.669762641898865,
    "Mass Hysteria": 5.545034642032332,
    "Spell Snare": 6.9302766798418975,
    "Ghost Quarter": 7.236371827601742,
    "Enlisted Wurm": 3.9734982332155475,
    "Kuldotha Rebirth": 6.192517006802721,
    "Molten Psyche": 5.429924242424242,
    "Leonin Relic-Warder": 4.0804866635470285,
    "Gnaw to the Bone": 7.948737450562823,
    "Stromkirk Captain": 6.249739130434783,
    "Burden of Guilt": 6.992524790236461,
    "Ixidor, Reality Sculptor": 4.096120440069485,
    "Duskmantle, House of Shadow": 7.651753864447087,
    "Worldspine Wurm": 3.7702407002188183,
    "Possibility Storm": 5.639171511627907,
    "Millstone": 7.603288171715634,
    "Nyx Weaver": 5.341287878787878,
    "Evolutionary Leap": 5.0672734467748315,
    "Shard of Broken Glass": 7.959183673469388,
    "Metalspinner's Puzzleknot": 6.6728778467908905,
    "Smuggler's Copter": 1.3653846153846154,
    "Consign // Oblivion": 5.432098765432099,
    "Bishop of the Bloodstained": 6.701929260450161,
    "Goblin Warchief": 6.7453195610071015,
    "High Alert": 6.910237748665696,
    "Jace, Wielder of Mysteries": 2.662891986062718,
    "Syr Konrad, the Grim": 3.0560402684563757,
    "Ranger-Captain of Eos": 2.256611165523996,
    "Hard Evidence": 5.072590011614402,
    "Combine Chrysalis": 5.506326649795601,
    "Quintorius, Field Historian": 5.273618188945512,
    "Laid to Rest": 7.464224740027937,
    "Monologue Tax": 4.998731501057082,
    "Magmaw": 4.8318858560794045,
    "Mistveil Plains": 6.888679836939479,
    "Mentor of the Meek": 2.327563825183903,
    "Ghostly Prison": 2.513692162417375,
    "Fabricate": 4.912460567823344,
    "Show and Tell": 4.3813358597820935,
    "Tragic Slip": 2.4585191793041927,
    "Victimize": 2.3372093023255816,
    "Gamble": 4.2744140625,
    "Crashing Footfalls": 1.899749373433584,
    "Tireless Tracker": 1.5296803652968036,
    "Drown in the Loch": 3.604414261460102,
    "Field of the Dead": 4.175876982220086,
    "Case of the Shattered Pact": 5.791385219209055,
    "Absolving Lammasu": 5.208937329700272,
    "Assemble the Players": 3.196251723705654,
    "Aurelia's Vindicator": 1.1650623885918003,
    "Auspicious Arrival": 5.369297888292628,
    "Call a Surprise Witness": 4.748458569351847,
    "Case of the Gateway Express": 2.7941484115836346,
    "Case of the Pilfered Proof": 4.54210001692652,
    "Case of the Uneaten Feast": 4.733417484425262,
    "Defenestrated Phantom": 6.151650656350517,
    "Delney, Streetwise Lookout": 1.56,
    "Doorkeeper Thrull": 3.7640206438928483,
    "Due Diligence": 6.4364035559764945,
    "Essence of Antiquity": 5.5855317516525025,
    "Forum Familiar": 5.126908293001758,
    "Griffnaut Tracker": 5.659569741810912,
    "Haazda Vigilante": 5.7732834633675765,
    "Inside Source": 3.5606317472308353,
    "Karlov Watchdog": 3.75387903398162,
    "Krovod Haunch": 5.262252545140956,
    "Make Your Move": 5.6809343025140056,
    "Makeshift Binding": 2.7761539791390537,
    "Marketwatch Phantom": 3.6554787256607137,
    "Museum Nightwatch": 4.670839064649243,
    "Neighborhood Guardian": 2.911917542256738,
    "No Witnesses": 2.210658716109196,
    "Not on My Watch": 3.2579334980793226,
    "Novice Inspector": 2.9643978030600233,
    "On the Job": 6.224021319208081,
    "Perimeter Enforcer": 2.8189740890214656,
    "Sanctuary Wall": 6.268144830975916,
    "Seasoned Consultant": 4.804158679619221,
    "Tenth District Hero": 1.4454227812718379,
    "Unyielding Gatekeeper": 1.6585962337979947,
    "Wrench": 6.100956049246853,
    "Agency Outfitter": 6.014294248165216,
    "Behind the Mask": 8.172687782626335,
    "Benthic Criminologists": 7.376615847767053,
    "Bubble Smuggler": 6.293840406585292,
    "Burden of Proof": 5.398507878525215,
    "Candlestick": 6.471755334204958,
    "Case of the Filched Falcon": 4.723710153019384,
    "Case of the Ransacked Lab": 5.706756442999768,
    "Cold Case Cracker": 4.454041349415225,
    "Conspiracy Unraveler": 3.180133432171979,
    "Coveted Falcon": 3.086741713570982,
    "Crimestopper Sprite": 4.877835228339017,
    "Cryptic Coat": 1.5929555084745763,
    "Curious Inquiry": 5.788312757201646,
    "Deduce": 5.902140742427693,
    "Dramatic Accusation": 5.174380103565027,
    "Eliminate the Impossible": 5.534078345833209,
    "Exit Specialist": 3.1467553658842724,
    "Fae Flight": 5.285208423929925,
    "Forensic Gadgeteer": 2.5873948245753295,
    "Forensic Researcher": 4.996008307911988,
    "Furtive Courier": 4.7829853133881315,
    "Hotshot Investigators": 6.754774189838412,
    "Intrude on the Mind": 2.02497883149873,
    "Jaded Analyst": 6.752740867717968,
    "Living Conundrum": 6.944575258105416,
    "Lost in the Maze": 2.9193040052527905,
    "Mistway Spy": 4.205805254195129,
    "Out Cold": 5.746447442968307,
    "Proft's Eidetic Memory": 2.5075166351762097,
    "Projektor Inspector": 5.062086533587428,
    "Reasonable Doubt": 6.36651261997867,
    "Reenact the Crime": 5.0549333918899135,
    "Steamcore Scholar": 1.9255296383479563,
    "Unauthorized Exit": 6.316791974531244,
    "Agency Coroner": 7.736990970011644,
    "Alley Assailant": 6.307980131725783,
    "Barbed Servitor": 2.335280271990236,
    "Basilica Stalker": 6.10064349206878,
    "Case of the Stashed Skeleton": 2.1883989846761307,
    "Cerebral Confiscation": 7.451118854996597,
    "Deadly Cover-Up": 2.1010627829167485,
    "Extract a Confession": 4.826426302435386,
    "Festerleech": 5.604926596415384,
    "Homicide Investigator": 1.9170506912442395,
    "Hunted Bonebrute": 2.100287356321839,
    "Illicit Masquerade": 3.9477199102915526,
    "It Doesn't Add Up": 6.188631903560415,
    "Lead Pipe": 6.681391460058723,
    "Leering Onlooker": 3.362339043118724,
    "Long Goodbye": 2.8738833271886786,
    "Macabre Reconstruction": 6.8263744221313845,
    "Massacre Girl, Known Killer": 1.4064966605950213,
    "Murder": 3.5636736928551875,
    "Nightdrinker Moroii": 4.383769982238011,
    "Outrageous Robbery": 2.5099457504520797,
    "Persuasive Interrogators": 5.665443001790362,
    "Polygraph Orb": 6.754419468205026,
    "Presumed Dead": 5.8112411501228145,
    "Repeat Offender": 6.2934021782623235,
    "Rot Farm Mortipede": 7.093530871858517,
    "Slice from the Shadows": 4.3035206324577935,
    "Slimy Dualleech": 4.847264821867943,
    "Snarling Gorehound": 5.901665907426522,
    "Soul Enervation": 3.4309098284378057,
    "Toxin Analysis": 6.740828714700449,
    "Undercity Eliminator": 3.666306266548985,
    "Unscrupulous Agent": 5.1520566292809935,
    "Vein Ripper": 1.5687022900763359,
    "Anzrag's Rampage": 5.658115792194366,
    "Bolrac-Clan Basher": 3.9027904431880356,
    "Case of the Burning Masks": 3.3832666871731774,
    "Case of the Crimson Pulse": 2.921298506444793,
    "Caught Red-Handed": 7.034110457801628,
    "The Chase Is On": 6.5181177172315365,
    "Concealed Weapon": 5.050563566526037,
    "Connecting the Dots": 4.115370455591348,
    "Convenient Target": 5.811668167717402,
    "Cornered Crook": 4.3368341532622114,
    "Crime Novelist": 5.25906899051341,
    "Demand Answers": 6.770143877314571,
    "Expedited Inheritance": 5.1487089459439686,
    "Expose the Culprit": 7.0794031336791905,
    "Felonious Rage": 6.674705929000027,
    "Frantic Scapegoat": 4.6866528869612365,
    "Fugitive Codebreaker": 2.1138390716409323,
    "Galvanize": 3.140830604649271,
    "Gearbane Orangutan": 5.511268717380804,
    "Goblin Maskmaker": 6.604677630762758,
    "Harried Dronesmith": 3.3338206271471384,
    "Incinerator of the Guilty": 1.2692057291666667,
    "Innocent Bystander": 6.033126613846528,
    "Knife": 6.300402403545501,
    "Krenko, Baron of Tin Street": 1.6871433774432438,
    "Krenko's Buzzcrusher": 1.8641815235008103,
    "Lamplight Phoenix": 1.7475417604549224,
    "Offender at Large": 6.343928434449564,
    "Person of Interest": 4.688799382405263,
    "Pyrotechnic Performer": 1.7812789620018536,