{
    "Another Round": 5.908018867924528,
    "Archangel of Tithes": 1.849655700076511,
    "Armored Armadillo": 7.712321861017834,
    "Aven Interrupter": 2.2330696202531644,
    "Bounding Felidar": 4.412845843316157,
    "Bovine Intervention": 6.104289231566671,
    "Bridled Bighorn": 5.991330095216849,
    "Claim Jumper": 2.410206358059119,
    "Dust Animus": 1.5267835695411962,
    "Eriette's Lullaby": 5.635145551109187,
    "Final Showdown": 1.6862210095497954,
    "Fortune, Loyal Steed": 2.033501128276341,
    "Frontier Seeker": 3.7745727293081575,
    "Getaway Glamer": 4.557542426147077,
    "High Noon": 5.477004350528278,
    "Holy Cow": 4.744587308170884,
    "Inventive Wingsmith": 7.293755577841364,
    "Lassoed by the Law": 2.797903499306305,
    "Mystical Tether": 3.8510465352570615,
    "Nurturing Pixie": 5.451344481605351,
    "Omenport Vigilante": 4.5945735710507485,
    "One Last Job": 3.4048937669922466,
    "Outlaw Medic": 5.846657551989638,
    "Prairie Dog": 3.0416745327543895,
    "Prosperity Tycoon": 4.169019266791544,
    "Requisition Raid": 5.259700821055,
    "Rustler Rampage": 6.634752534287418,
    "Shepherd of the Clouds": 2.9819741241459514,
    "Sheriff of Safe Passage": 4.938175645492719,
    "Stagecoach Security": 6.702738248429339,
    "Steer Clear": 6.550459687123947,
    "Sterling Keykeeper": 6.304665669644614,
    "Sterling Supplier": 6.719845208891932,
    "Take Up the Shield": 5.923538810694186,
    "Thunder Lasso": 5.8615541494535375,
    "Trained Arynx": 5.106998938344045,
    "Vengeful Townsfolk": 6.207126041739096,
    "Wanted Griffin": 6.538071309845217,
    "Archmage's Newt": 3.354450365107559,
    "Canyon Crab": 5.1409911084079125,
    "Daring Thunder-Thief": 7.523143067057298,
    "Deepmuck Desperado": 5.36629879944107,
    "Djinn of Fool's Fall": 7.083867476511696,
    "Double Down": 3.1118983630588812,
    "Duelist of the Mind": 2.442726633872101,
    "Emergent Haunting": 5.1645416606706,
    "Failed Fording": 7.229056754225738,
    "Fblthp, Lost on the Range": 2.8985613265057304,
    "Fleeting Reflection": 7.363084823558817,
    "Geralf, the Fleshwright": 1.6164199192462987,
    "Geyser Drake": 5.892452296967731,
    "Harrier Strix": 7.082214544566911,
    "Jailbreak Scheme": 7.169039819129793,
    "The Key to the Vault": 4.495328558081595,
    "Loan Shark": 5.557412283058406,
    "Marauding Sphinx": 3.529895212656667,
    "Metamorphic Blast": 5.169993195735994,
    "Nimble Brigand": 4.100812197207182,
    "Outlaw Stitcher": 3.605607783570754,
    "Peerless Ropemaster": 7.79990478500274,
    "Phantom Interference": 5.951203153376259,
    "Plan the Heist": 5.953115423901941,
    "Razzle-Dazzler": 6.4918803033490615,
    "Seize the Secrets": 6.996719709003412,
    "Shackle Slinger": 5.78078301260783,
    "Shifting Grift": 7.293203123200589,
    "Slickshot Lockpicker": 3.9648131593062756,
    "Slickshot Vault-Buster": 7.9448070526805195,
    "Spring Splasher": 7.471109636877943,
    "Step Between Worlds": 5.925524861878453,
    "Stoic Sphinx": 1.9163946318462097,
    "Stop Cold": 6.67297825792337,
    "Take the Fall": 6.840505630276898,
    "This Town Ain't Big Enough": 5.347655168595316,
    "Three Steps Ahead": 2.5773458445040216,
    "Visage Bandit": 4.981818712426311,
    "Ambush Gigapede": 7.176073381613952,
    "Binding Negotiation": 6.055076027500377,
    "Blacksnag Buzzard": 6.643653475364145,
    "Blood Hustler": 3.106576806878922,
    "Boneyard Desecrator": 7.04695169267303,
    "Caustic Bronco": 1.944514729803,
    "Consuming Ashes": 4.203408187326917,
    "Corrupted Conviction": 7.752309872800014,
    "Desert's Due": 4.530935939524294,
    "Desperate Bloodseeker": 5.144098000537972,
    "Fake Your Own Death": 7.365777237807273,
    "Forsaken Miner": 4.392444126819127,
    "Gisa, the Hellraiser": 1.2982261640798227,
    "Hollow Marauder": 3.8198935889211727,
    "Insatiable Avarice": 3.9509026488948877,
    "Kaervek, the Punisher": 2.1582768635043563,
    "Lively Dirge": 5.634473507712944,
    "Mourner's Surprise": 6.524086434898525,
    "Neutralize the Guards": 7.035579922921637,
    "Nezumi Linkbreaker": 6.769044832081918,
    "Overzealous Muscle": 7.57103691195962,
    "Pitiless Carnage": 5.799908790331775,
    "Rakish Crew": 4.955979742890534,
    "Rattleback Apothecary": 3.879888571325205,
    "Raven of Fell Omens": 5.276083324050351,
    "Rictus Robber": 3.9663463243377426,
    "Rooftop Assassin": 5.9237708937839715,
    "Rush of Dread": 2.5006382073464755,
    "Servant of the Stinger": 3.875202593192869,
    "Shoot the Sheriff": 3.3293684750984083,
    "Skulduggery": 6.188617676522222,
    "Tinybones Joins Up": 4.785679391443925,
    "Tinybones, the Pickpocket": 1.8187641296156745,
    "Treasure Dredger": 4.849175759013283,
    "Unfortunate Accident": 3.3921689723320156,
    "Unscrupulous Contractor": 4.3223080953628505,
    "Vadmir, New Blood": 1.809861932938856,
    "Vault Plunderer": 4.709917494933899,
    "Brimstone Roundup": 5.6906964755677345,
    "Calamity, Galloping Inferno": 1.5870417339174545,
    "Caught in the Crossfire": 5.924567262344813,
    "Cunning Coyote": 4.059308922124806,
    "Deadeye Duelist": 5.591215963993558,
    "Demonic Ruckus": 5.35331187254474,
    "Discerning Peddler": 6.2010326103082996,
    "Explosive Derailment": 4.286857563373063,
    "Ferocification": 6.08135506223534,
    "Gila Courser": 4.4127755542849885,
    "Great Train Heist": 2.6200506599120117,
    "Hell to Pay": 2.547925608011445,
    "Hellspur Brute": 4.364398179973158,
    "Hellspur Posse Boss": 1.7917900138148806,
    "Highway Robbery": 7.25709914377091,
    "Irascible Wolverine": 5.821032717102963,
    "Iron-Fist Pulverizer": 7.108727906674827,
    "Longhorn Sharpshooter": 2.8941971345057262,
    "Magda, the Hoardmaster": 1.628905419766206,
    "Magebane Lizard": 6.942784503067198,
    "Mine Raider": 6.074407620877362,
    "Outlaws' Fury": 7.9632867444137805,
    "Prickly Pair": 4.693655771318297,
    "Quick Draw": 7.895477161683625,
    "Quilled Charger": 6.928717891361891,
    "Reckless Lackey": 6.124203373474598,
    "Resilient Roadrunner": 4.818387494858083,
    "Return the Favor": 6.517766621173718,
    "Rodeo Pyromancers": 7.0481822909280005,
    "Scalestorm Summoner": 3.7496636297236,
    "Scorching Shot": 3.570601806592891,
    "Slickshot Show-Off": 2.0714405500586954,
    "Stingerback Terror": 1.6046666666666667,
    "Take for a Ride": 6.313655569938695,
    "Terror of the Peaks": 1.2314647377938517,
    "Thunder Salvo": 4.894429368756591,
    "Trick Shot": 7.014313974320693,
    "Aloe Alchemist": 3.119739076043249,
    "Ankle Biter": 6.060360945858121,
    "Beastbond Outcaster": 3.287351425041537,
    "Betrayal at the Vault": 5.052208377291779,
    "Bristlepack Sentry": 5.982384198917185,
    "Bristly Bill, Spine Sower": 1.3276308968377397,
    "Cactarantula": 4.5823005957617955,
    "Colossal Rattlewurm": 1.5439369348481335,
    "Dance of the Tumbleweeds": 4.9834448467073,
    "Drover Grizzly": 5.505012370958109,
    "Freestrider Commando": 5.183230769230769,
    "Freestrider Lookout": 1.8499169281890344,
    "Full Steam Ahead": 6.386646189849349,
    "Giant Beaver": 4.522686449644448,
    "Gold Rush": 5.843002220725104,
    "Goldvein Hydra": 1.3508403361344539,
    "Hardbristle Bandit": 3.7722197672705846,
    "Intrepid Stablemaster": 3.028376419989715,
    "Map the Frontier": 6.3257340157210376,
    "Ornery Tumblewagg": 1.4685534591194969,
    "Outcaster Greenblade": 2.9412509742790336,
    "Outcaster Trailblazer": 1.7016229712858926,
    "Patient Naturalist": 4.9690563866513235,
    "Railway Brawler": 1.2948500282965478,
    "Rambling Possum": 3.9270052341208093,
    "Raucous Entertainer": 4.012576455226445,
    "Reach for the Sky": 7.651538050806809,
    "Rise of the Varmints": 5.298802012396809,
    "Smuggler's Surprise": 2.9653598595669983,
    "Snakeskin Veil": 5.657701686013796,
    "Spinewoods Armadillo": 2.711982889039595,
    "Spinewoods Paladin": 4.434479048059959,