{
    "Another Round": 6.024772020544355,
    "Archangel of Tithes": 1.9302705223880596,
    "Armored Armadillo": 7.782291618776148,
    "Aven Interrupter": 2.294753389663981,
    "Bounding Felidar": 4.333169711456377,
    "Bovine Intervention": 6.184056291120435,
    "Bridled Bighorn": 5.94625096758666,
    "Claim Jumper": 2.503681885125184,
    "Dust Animus": 1.5048799380325328,
    "Eriette's Lullaby": 5.660278617232992,
    "Final Showdown": 1.7031692133559706,
    "Fortune, Loyal Steed": 2.035694612757519,
    "Frontier Seeker": 3.746953059008085,
    "Getaway Glamer": 4.397898394837002,
    "High Noon": 5.556693095219767,
    "Holy Cow": 4.766220360310129,
    "Inventive Wingsmith": 7.381230144568022,
    "Lassoed by the Law": 2.7325494714014638,
    "Mystical Tether": 3.7361405721492864,
    "Nurturing Pixie": 5.4921481985044185,
    "Omenport Vigilante": 4.645424420086669,
    "One Last Job": 3.433169873003898,
    "Outlaw Medic": 5.8578650949574325,
    "Prairie Dog": 3.0289316161799382,
    "Prosperity Tycoon": 4.115298136377394,
    "Requisition Raid": 5.320705732754053,
    "Rustler Rampage": 6.726228269085412,
    "Shepherd of the Clouds": 2.8858593699463095,
    "Sheriff of Safe Passage": 5.081005069755394,
    "Stagecoach Security": 6.680457155303328,
    "Steer Clear": 6.553943817468106,
    "Sterling Keykeeper": 6.241269640941503,
    "Sterling Supplier": 6.6719064647228965,
    "Take Up the Shield": 5.775770597035582,
    "Thunder Lasso": 5.876377703299818,
    "Trained Arynx": 4.880950580120109,
    "Vengeful Townsfolk": 6.262170180532761,
    "Wanted Griffin": 6.561715187010161,
    "Archmage's Newt": 3.4955423921498237,
    "Canyon Crab": 5.101784888560067,
    "Daring Thunder-Thief": 7.65063094679662,
    "Deepmuck Desperado": 5.27560106856634,
    "Djinn of Fool's Fall": 7.158816317299337,
    "Double Down": 3.2297930200936698,
    "Duelist of the Mind": 2.48073524213503,
    "Emergent Haunting": 5.163920620972466,
    "Failed Fording": 7.243379675604104,
    "Fblthp, Lost on the Range": 3.0534128947751418,
    "Fleeting Reflection": 7.440568157112835,
    "Geralf, the Fleshwright": 1.6524580846831487,
    "Geyser Drake": 6.055260996682106,
    "Harrier Strix": 7.243635257125469,
    "Jailbreak Scheme": 7.197140733925475,
    "The Key to the Vault": 4.661338041610994,
    "Loan Shark": 5.5802155299069955,
    "Marauding Sphinx": 3.4974539861030074,
    "Metamorphic Blast": 5.198574154754618,
    "Nimble Brigand": 4.061114535534096,
    "Outlaw Stitcher": 3.6230969370669004,
    "Peerless Ropemaster": 7.884490452975246,
    "Phantom Interference": 5.991368114497107,
    "Plan the Heist": 5.985541543748177,
    "Razzle-Dazzler": 6.640327698901349,
    "Seize the Secrets": 7.0958633254681756,
    "Shackle Slinger": 5.9280974003293245,
    "Shifting Grift": 7.417029928907873,
    "Slickshot Lockpicker": 3.9160861817592743,
    "Slickshot Vault-Buster": 8.031353756631868,
    "Spring Splasher": 7.521714077401602,
    "Step Between Worlds": 6.056814632284039,
    "Stoic Sphinx": 1.9393730623492937,
    "Stop Cold": 6.664878924877686,
    "Take the Fall": 6.833277588922471,
    "This Town Ain't Big Enough": 5.338318154434956,
    "Three Steps Ahead": 2.6214949359671884,
    "Visage Bandit": 4.973825280047322,
    "Ambush Gigapede": 7.009906291834002,
    "Binding Negotiation": 6.044147466909358,
    "Blacksnag Buzzard": 6.741333688563799,
    "Blood Hustler": 3.033119174735318,
    "Boneyard Desecrator": 7.110921734792653,
    "Caustic Bronco": 1.9374127501163332,
    "Consuming Ashes": 4.0395798793929565,
    "Corrupted Conviction": 7.814200060586315,
    "Desert's Due": 4.341684203494004,
    "Desperate Bloodseeker": 5.034429997897073,
    "Fake Your Own Death": 7.323088016320597,
    "Forsaken Miner": 4.448565603311572,
    "Gisa, the Hellraiser": 1.294691224268689,
    "Hollow Marauder": 3.6315148439482363,
    "Insatiable Avarice": 4.037262555295342,
    "Kaervek, the Punisher": 2.2046611031956034,
    "Lively Dirge": 5.5525550835067685,
    "Mourner's Surprise": 6.3512572533849125,
    "Neutralize the Guards": 7.1106522088118975,
    "Nezumi Linkbreaker": 6.864906775862278,
    "Overzealous Muscle": 7.607446611814736,
    "Pitiless Carnage": 5.918638056392978,
    "Rakish Crew": 5.066091143335402,
    "Rattleback Apothecary": 3.8753295582200415,
    "Raven of Fell Omens": 5.241360826215916,
    "Rictus Robber": 3.9794193228438752,
    "Rooftop Assassin": 5.927277102791581,
    "Rush of Dread": 2.469906129210381,
    "Servant of the Stinger": 3.8157145784476674,
    "Shoot the Sheriff": 3.2560555571112544,
    "Skulduggery": 6.219309943812058,
    "Tinybones Joins Up": 4.8788927335640135,
    "Tinybones, the Pickpocket": 1.852547546372388,
    "Treasure Dredger": 4.76783635773847,
    "Unfortunate Accident": 3.32369134907206,
    "Unscrupulous Contractor": 4.338428083255669,
    "Vadmir, New Blood": 1.8120338768802933,
    "Vault Plunderer": 4.608926715278266,
    "Brimstone Roundup": 5.889826353076442,
    "Calamity, Galloping Inferno": 1.6085578446909667,
    "Caught in the Crossfire": 6.162794787752818,
    "Cunning Coyote": 4.149271086802042,
    "Deadeye Duelist": 5.636353148751358,
    "Demonic Ruckus": 5.420472576750604,
    "Discerning Peddler": 6.309320917157164,
    "Explosive Derailment": 4.280730590543918,
    "Ferocification": 6.204719936374998,
    "Gila Courser": 4.373537741657431,
    "Great Train Heist": 2.740728797162206,
    "Hell to Pay": 2.6744298104722133,
    "Hellspur Brute": 4.4252146033716,
    "Hellspur Posse Boss": 1.8446493085835305,
    "Highway Robbery": 7.290965344354881,
    "Irascible Wolverine": 5.866425922056211,
    "Iron-Fist Pulverizer": 7.195642405250399,
    "Longhorn Sharpshooter": 2.933132181280668,
    "Magda, the Hoardmaster": 1.6824431517715495,
    "Magebane Lizard": 7.116946623528195,
    "Mine Raider": 6.178930083939847,
    "Outlaws' Fury": 8.056463165075034,
    "Prickly Pair": 4.7929016510256375,
    "Quick Draw": 8.02764015794376,
    "Quilled Charger": 6.963989955655286,
    "Reckless Lackey": 6.317802172713609,
    "Resilient Roadrunner": 4.913122788915095,
    "Return the Favor": 6.661489922195675,
    "Rodeo Pyromancers": 7.245839205925571,
    "Scalestorm Summoner": 3.751692673574878,
    "Scorching Shot": 3.6481267373496347,
    "Slickshot Show-Off": 2.1726944873776404,
    "Stingerback Terror": 1.633897357013005,
    "Take for a Ride": 6.378995433789954,
    "Terror of the Peaks": 1.2371937639198218,
    "Thunder Salvo": 4.962638689150019,
    "Trick Shot": 7.109919952564483,
    "Aloe Alchemist": 3.0461448255643506,
    "Ankle Biter": 6.020897372810409,
    "Beastbond Outcaster": 3.1857098600276004,
    "Betrayal at the Vault": 4.918884263732997,
    "Bristlepack Sentry": 5.823765663140765,
    "Bristly Bill, Spine Sower": 1.317206132879046,
    "Cactarantula": 4.310032148340416,
    "Colossal Rattlewurm": 1.5148026315789473,
    "Dance of the Tumbleweeds": 4.757092507674233,
    "Drover Grizzly": 5.321677982541222,
    "Freestrider Commando": 5.109454776889895,
    "Freestrider Lookout": 1.8319387999043748,
    "Full Steam Ahead": 6.404373191377416,
    "Giant Beaver": 4.368871519927653,
    "Gold Rush": 5.817258399860333,
    "Goldvein Hydra": 1.3363821138211383,
    "Hardbristle Bandit": 3.666592649089101,
    "Intrepid Stablemaster": 2.9787285326905693,
    "Map the Frontier": 6.3419266454947385,
    "Ornery Tumblewagg": 1.4422110552763818,
    "Outcaster Greenblade": 2.7841235872400185,
    "Outcaster Trailblazer": 1.6841824486529742,
    "Patient Naturalist": 4.771956845012291,
    "Railway Brawler": 1.2592324402606807,
    "Rambling Possum": 3.8198481036034995,
    "Raucous Entertainer": 3.997713280562885,
    "Reach for the Sky": 7.619193093911464,
    "Rise of the Varmints": 5.2759636588162655,
    "Smuggler's Surprise": 2.98583590195215,
    "Snakeskin Veil": 5.384969483455009,
    "Spinewoods Armadillo": 2.5931071049840932,