{
    "Abuelo's Awakening": 4.576172328086164,
    "Acrobatic Leap": 8.553726566072244,
    "Adaptive Gemguard": 5.616571630626208,
    "Attentive Sunscribe": 5.673091476523102,
    "Bat Colony": 6.580532554657578,
    "Clay-Fired Bricks": 3.0087264399283984,
    "Cosmium Blast": 5.425222886687626,
    "Dauntless Dismantler": 5.838881718959667,
    "Deconstruction Hammer": 6.810698317359153,
    "Dusk Rose Reliquary": 3.2499854532759223,
    "Envoy of Okinec Ahau": 6.626776444094694,
    "Fabrication Foundry": 5.078812294837362,
    "Family Reunion": 8.44841282314315,
    "Get Lost": 2.689968381718885,
    "Glorifier of Suffering": 5.879367251247309,
    "Guardian of the Great Door": 3.248654262477327,
    "Helping Hand": 6.278945274951108,
    "Ironpaw Aspirant": 5.231398639378002,
    "Kinjalli's Dawnrunner": 3.4977154222437243,
    "Kutzil's Flanker": 2.239333106498809,
    "Malamet War Scribe": 4.480088614537516,
    "Market Gnome": 4.4019539800331,
    "Might of the Ancestors": 6.237412233266381,
    "Miner's Guidewing": 4.365978130865784,
    "Mischievous Pup": 4.731665900873005,
    "Ojer Taq, Deepest Foundation": 1.5225531914893617,
    "Oltec Archaeologists": 7.442651527643636,
    "Oltec Cloud Guard": 3.455262318484394,
    "Oteclan Landmark": 7.011642034068136,
    "Petrify": 3.491500395983956,
    "Quicksand Whirlpool": 5.184793471618075,
    "Resplendent Angel": 1.3814153289622428,
    "Ruin-Lurker Bat": 3.1021126217188004,
    "Sanguine Evangelist": 1.6183531746031745,
    "Soaring Sandwing": 5.974028664275819,
    "Spring-Loaded Sawblades": 2.5919000301114123,
    "Thousand Moons Crackshot": 7.7799184872534735,
    "Thousand Moons Infantry": 7.981339639428162,
    "Thousand Moons Smithy": 1.48634521015575,
    "Tinker's Tote": 4.187195261272369,
    "Unstable Glyphbridge": 1.6279776492500735,
    "Vanguard of the Rose": 4.542441491409721,
    "Warden of the Inner Sky": 1.7035217794253938,
    "Akal Pakal, First Among Equals": 1.8403945111492281,
    "Ancestral Reminiscence": 8.522580773121245,
    "Brackish Blunder": 6.030156681787371,
    "Braided Net": 2.405549832603657,
    "Chart a Course": 4.38211320591542,
    "Cogwork Wrestler": 5.957927978062206,
    "Confounding Riddle": 5.3189038082581,
    "Council of Echoes": 5.0679594603821805,
    "Didact Echo": 7.649448817975212,
    "Eaten by Piranhas": 4.400064571674559,
    "The Enigma Jewel": 4.484992208144183,
    "The Everflowing Well": 2.677670471173544,
    "Frilled Cave-Wurm": 8.652369314593663,
    "Hermitic Nautilus": 4.564991589571068,
    "Hurl into History": 6.977353480926165,
    "Inverted Iceberg": 5.252754505839027,
    "Kitesail Larcenist": 1.6135937654138306,
    "Lodestone Needle": 3.6118367704749175,
    "Malcolm, Alluring Scoundrel": 1.5887248588130387,
    "Marauding Brinefang": 6.981793537324607,
    "Merfolk Cave-Diver": 6.17861870754224,
    "Oaken Siren": 4.402838347891729,
    "Ojer Pakpatiq, Deepest Epoch": 1.415388036468757,
    "Orazca Puzzle-Door": 7.402509166408977,
    "Out of Air": 8.319689738155544,
    "Pirate Hat": 7.819790013643843,
    "Relic's Roar": 9.325775311264465,
    "River Herald Scout": 5.434447482141282,
    "Sage of Days": 7.979523892167071,
    "Self-Reflection": 7.179802615422397,
    "Shipwreck Sentry": 7.043660935386457,
    "Sinuous Benthisaur": 6.686636930463235,
    "Song of Stupefaction": 8.877105682346805,
    "Spyglass Siren": 2.7735779880582423,
    "Staunch Crewmate": 3.7288934765709625,
    "Tishana's Tidebinder": 2.1932984293193716,
    "Unlucky Drop": 7.751025808796801,
    "Waterlogged Hulk": 7.256635139008312,
    "Waterwind Scout": 3.400263548015154,
    "Waylaying Pirates": 6.112247097789943,
    "Zoetic Glyph": 3.0065205917905238,
    "Abyssal Gorestalker": 6.452618340380113,
    "Aclazotz, Deepest Betrayal": 1.245182555780933,
    "Another Chance": 6.540810785923177,
    "Bitter Triumph": 2.6994443359548366,
    "Bloodthorn Flail": 7.953962442075484,
    "Bringer of the Last Gift": 2.615980309761076,
    "Broodrage Mycoid": 6.4828050205541405,
    "Canonized in Blood": 6.264265966632072,
    "Chupacabra Echo": 2.5410556079170594,
    "Corpses of the Lost": 2.191776883266245,
    "Dead Weight": 4.409967196568257,
    "Deathcap Marionette": 5.412603075869547,
    "Deep Goblin Skulltaker": 6.570444150698216,
    "Deep-Cavern Bat": 2.8808003763314405,
    "Echo of Dusk": 5.942035545496905,
    "Fanatical Offering": 6.650693068059,
    "Gargantuan Leech": 6.446527898667861,
    "Grasping Shadows": 5.078940345940176,
    "Greedy Freebooter": 6.998456580103183,
    "Join the Dead": 3.346361573792264,
    "Malicious Eclipse": 6.553723523130789,
    "Mephitic Draught": 7.222997517709027,
    "Preacher of the Schism": 1.5744344561888768,
    "Primordial Gnawer": 7.806694511785495,
    "Queen's Bay Paladin": 3.133801756587202,
    "Rampaging Spiketail": 5.95420137135085,
    "Ray of Ruin": 6.327334540840541,
    "Screaming Phantom": 6.683806529762827,
    "Skullcap Snail": 5.439980919402141,
    "Soulcoil Viper": 4.435269944119502,
    "Stalactite Stalker": 2.053176329408235,
    "Starving Revenant": 1.8835311572700297,
    "Stinging Cave Crawler": 3.747029010835372,
    "Synapse Necromage": 4.881412760738623,
    "Tarrian's Journal": 2.23693976591493,
    "Terror Tide": 2.2184743490226517,
    "Tithing Blade": 4.764781154692112,
    "Visage of Dread": 4.267569286687869,
    "Vito's Inquisitor": 7.768715397221443,
    "Abrade": 2.6732617336851314,
    "Ancestors' Aid": 7.191045756512652,
    "Belligerent Yearling": 3.044861095945967,
    "Bonehoard Dracosaur": 1.1442307692307692,
    "Brass's Tunnel-Grinder": 2.3692948802751688,
    "Brazen Blademaster": 6.889528628429847,
    "Breeches, Eager Pillager": 1.4147131056039295,
    "Burning Sun Cavalry": 6.643949032609854,
    "Calamitous Cave-In": 7.167267840177957,
    "Child of the Volcano": 7.856033837531114,
    "Curator of Sun's Creation": 5.622274007541492,
    "Daring Discovery": 8.525846227142793,
    "Diamond Pick-Axe": 3.6702477526858144,
    "Dinotomaton": 5.253835059656484,
    "Dire Flail": 2.1083732774116237,
    "Dowsing Device": 5.391472456017745,
    "Dreadmaw's Ire": 3.670838406788597,
    "Enterprising Scallywag": 3.9338942591761006,
    "Etali's Favor": 5.234932234322643,
    "Geological Appraiser": 2.573440114300754,
    "Goblin Tomb Raider": 5.730326156646192,
    "Goldfury Strider": 6.149357504577471,
    "Hit the Mother Lode": 5.602710907541542,
    "Hotfoot Gnome": 7.388350144900164,
    "Idol of the Deep King": 5.096613121444749,
    "Inti, Seneschal of the Sun": 1.4588260822393404,
    "Magmatic Galleon": 1.5520352917585722,
    "Ojer Axonil, Deepest Might": 1.5815347721822541,
    "Panicked Altisaur": 5.547071238640072,
    "Plundering Pirate": 4.454445046809131,
    "Poetic Ingenuity": 1.9654539385847798,
    "Rampaging Ceratops": 4.5553305983270285,
    "Rumbling Rockslide": 4.977818086618296,
    "Saheeli's Lattice": 4.69640010680735,
    "Scytheclaw Raptor": 2.9244416714660524,
    "Seismic Monstrosaur": 5.6428219259499395,
    "Sunfire Torch": 5.667495792159843,
    "Sunshot Militia": 5.766563036925269,
    "Tectonic Hazard": 9.351545455815188,
    "Triumphant Chomp": 3.242437722419929,
    "Trumpeting Carnosaur": 1.3072672672672672,
    "Volatile Wanderglyph": 5.148833960236432,
    "Zoyowa's Justice": 8.065582996513642,
    "Armored Kincaller": 5.249616431666527,
    "Basking Capybara": 7.591476566903019,
    "Bedrock Tortoise": 1.8219048438441021,
    "Cavern Stomper": 5.711185130214176,
    "Cenote Scout": 3.937164097828918,
    "Coati Scavenger": 4.62375159261847,
    "Colossadactyl": 3.067975253952494,
    "Disturbed Slumber": 9.228812462363594,
    "Earthshaker Dreadmaw": 3.4078861581200215,
    "Explorer's Cache": 5.544743112972524,
    "Ghalta, Stampede Tyrant": 2.195004257734885,
    "Glimpse the Core": 6.1140561428595745,
    "Glowcap Lantern": 6.122492675231012,
    "Growing Rites of Itlimoc": 3.9096614302274455,