{
    "Abuelo's Awakening": 4.484512999129245,
    "Acrobatic Leap": 8.570810146484812,
    "Adaptive Gemguard": 5.646165416675371,
    "Attentive Sunscribe": 5.72381555755907,
    "Bat Colony": 6.550735690389758,
    "Clay-Fired Bricks": 3.0651959015235914,
    "Cosmium Blast": 5.420392749244713,
    "Dauntless Dismantler": 5.815783153916031,
    "Deconstruction Hammer": 6.869593755214804,
    "Dusk Rose Reliquary": 3.2567715894203872,
    "Envoy of Okinec Ahau": 6.5861691368257755,
    "Fabrication Foundry": 5.075292397660819,
    "Family Reunion": 8.414756232551987,
    "Get Lost": 2.642857142857143,
    "Glorifier of Suffering": 5.842551329959035,
    "Guardian of the Great Door": 3.241764137783024,
    "Helping Hand": 6.2450721068580055,
    "Ironpaw Aspirant": 5.2627748952521545,
    "Kinjalli's Dawnrunner": 3.4958655991599947,
    "Kutzil's Flanker": 2.1683966715278373,
    "Malamet War Scribe": 4.440161842679395,
    "Market Gnome": 4.35828961382194,
    "Might of the Ancestors": 6.26167266337545,
    "Miner's Guidewing": 4.471967742590749,
    "Mischievous Pup": 4.69904677672956,
    "Ojer Taq, Deepest Foundation": 1.4938109033447458,
    "Oltec Archaeologists": 7.429459293714294,
    "Oltec Cloud Guard": 3.528201015771184,
    "Oteclan Landmark": 7.01063301960964,
    "Petrify": 3.525990099009901,
    "Quicksand Whirlpool": 5.2004485267385885,
    "Resplendent Angel": 1.3674931129476584,
    "Ruin-Lurker Bat": 3.151864894264275,
    "Sanguine Evangelist": 1.628412660062817,
    "Soaring Sandwing": 5.984590797884934,
    "Spring-Loaded Sawblades": 2.602037845705968,
    "Thousand Moons Crackshot": 7.76496927160088,
    "Thousand Moons Infantry": 7.963163937611503,
    "Thousand Moons Smithy": 1.4733124018838304,
    "Tinker's Tote": 4.212482002146653,
    "Unstable Glyphbridge": 1.637881679389313,
    "Vanguard of the Rose": 4.528849458396446,
    "Warden of the Inner Sky": 1.714478265753117,
    "Akal Pakal, First Among Equals": 1.8461618690029202,
    "Ancestral Reminiscence": 8.504311831666092,
    "Brackish Blunder": 6.081913302254901,
    "Braided Net": 2.4388666461348936,
    "Chart a Course": 4.394824092834776,
    "Cogwork Wrestler": 6.089702832890905,
    "Confounding Riddle": 5.242722053360351,
    "Council of Echoes": 5.003087201379593,
    "Didact Echo": 7.640232398593603,
    "Eaten by Piranhas": 4.4031290128148015,
    "The Enigma Jewel": 4.37846049966239,
    "The Everflowing Well": 2.639856819343999,
    "Frilled Cave-Wurm": 8.622221992087985,
    "Hermitic Nautilus": 4.650321015115515,
    "Hurl into History": 6.853969627066513,
    "Inverted Iceberg": 5.354296056907633,
    "Kitesail Larcenist": 1.6267176484645716,
    "Lodestone Needle": 3.6976446626279507,
    "Malcolm, Alluring Scoundrel": 1.5851654989127808,
    "Marauding Brinefang": 6.973058462217482,
    "Merfolk Cave-Diver": 6.175694230093771,
    "Oaken Siren": 4.529148693387368,
    "Ojer Pakpatiq, Deepest Epoch": 1.4016953787257316,
    "Orazca Puzzle-Door": 7.442079039340443,
    "Out of Air": 8.26123381035437,
    "Pirate Hat": 7.8916221109960905,
    "Relic's Roar": 9.299573185190203,
    "River Herald Scout": 5.424374179383973,
    "Sage of Days": 7.9797476478636815,
    "Self-Reflection": 7.148975563909774,
    "Shipwreck Sentry": 7.10924572225023,
    "Sinuous Benthisaur": 6.733555098352145,
    "Song of Stupefaction": 8.8531107217699,
    "Spyglass Siren": 2.8264730963622373,
    "Staunch Crewmate": 3.7917118217202166,
    "Tishana's Tidebinder": 2.209184960888216,
    "Unlucky Drop": 7.765561218156734,
    "Waterlogged Hulk": 7.221109603356574,
    "Waterwind Scout": 3.4869956793462324,
    "Waylaying Pirates": 6.228167948258126,
    "Zoetic Glyph": 3.1105297710227386,
    "Abyssal Gorestalker": 6.399967574578469,
    "Aclazotz, Deepest Betrayal": 1.235585864848109,
    "Another Chance": 6.628993476985378,
    "Bitter Triumph": 2.696628726287263,
    "Bloodthorn Flail": 7.902126393783972,
    "Bringer of the Last Gift": 2.6307669917042644,
    "Broodrage Mycoid": 6.3960016745258805,
    "Canonized in Blood": 6.15334396276825,
    "Chupacabra Echo": 2.544920580505085,
    "Corpses of the Lost": 2.184885052409055,
    "Dead Weight": 4.401635344814303,
    "Deathcap Marionette": 5.441125464366494,
    "Deep Goblin Skulltaker": 6.505221686463601,
    "Deep-Cavern Bat": 2.9422470564757535,
    "Echo of Dusk": 5.967541361129628,
    "Fanatical Offering": 6.600477371142567,
    "Gargantuan Leech": 6.447541132808155,
    "Grasping Shadows": 5.034063260340632,
    "Greedy Freebooter": 6.969071853688544,
    "Join the Dead": 3.3309415458904437,
    "Malicious Eclipse": 6.475927773140891,
    "Mephitic Draught": 7.149705744010252,
    "Preacher of the Schism": 1.5810115987085973,
    "Primordial Gnawer": 7.781231095517013,
    "Queen's Bay Paladin": 3.0359133519128454,
    "Rampaging Spiketail": 5.970980288270497,
    "Ray of Ruin": 6.262043593496578,
    "Screaming Phantom": 6.667158175908842,
    "Skullcap Snail": 5.4162366790261105,
    "Soulcoil Viper": 4.441668327023976,
    "Stalactite Stalker": 2.0178588125292194,
    "Starving Revenant": 1.8627450980392157,
    "Stinging Cave Crawler": 3.7035685694931955,
    "Synapse Necromage": 4.8034359061958565,
    "Tarrian's Journal": 2.2057213491082464,
    "Terror Tide": 2.1715360391882434,
    "Tithing Blade": 4.8365475035817855,
    "Visage of Dread": 4.266500387983593,
    "Vito's Inquisitor": 7.69940089035354,
    "Abrade": 2.686598144396929,
    "Ancestors' Aid": 7.28256983199707,
    "Belligerent Yearling": 3.0483828107205224,
    "Bonehoard Dracosaur": 1.1478144811478146,
    "Brass's Tunnel-Grinder": 2.344513695259964,
    "Brazen Blademaster": 6.876004682891685,
    "Breeches, Eager Pillager": 1.424246519799973,
    "Burning Sun Cavalry": 6.663574244816094,
    "Calamitous Cave-In": 7.162026867782229,
    "Child of the Volcano": 7.796962469656544,
    "Curator of Sun's Creation": 5.5909652908911065,
    "Daring Discovery": 8.519065475470459,
    "Diamond Pick-Axe": 3.7198158253751705,
    "Dinotomaton": 5.30629307568438,
    "Dire Flail": 2.1206896551724137,
    "Dowsing Device": 5.455549937951004,
    "Dreadmaw's Ire": 3.7046520452303255,
    "Enterprising Scallywag": 3.9171906238229073,
    "Etali's Favor": 5.433128122966891,
    "Geological Appraiser": 2.6199216286821008,
    "Goblin Tomb Raider": 5.784417267691021,
    "Goldfury Strider": 6.116544384423124,
    "Hit the Mother Lode": 5.518197402254896,
    "Hotfoot Gnome": 7.380345755782988,
    "Idol of the Deep King": 5.113921631962294,
    "Inti, Seneschal of the Sun": 1.4715330373465656,
    "Magmatic Galleon": 1.556682140239433,
    "Ojer Axonil, Deepest Might": 1.5707305155142928,
    "Panicked Altisaur": 5.646738288203388,
    "Plundering Pirate": 4.529699629573889,
    "Poetic Ingenuity": 1.9859283255719782,
    "Rampaging Ceratops": 4.559977607665469,
    "Rumbling Rockslide": 4.980048419967994,
    "Saheeli's Lattice": 4.702896690624753,
    "Scytheclaw Raptor": 2.9280847990317604,
    "Seismic Monstrosaur": 5.642861263815513,
    "Sunfire Torch": 5.717804528376508,
    "Sunshot Militia": 5.830530136077272,
    "Tectonic Hazard": 9.32455967156639,
    "Triumphant Chomp": 3.2315010755697022,
    "Trumpeting Carnosaur": 1.303694980126601,
    "Volatile Wanderglyph": 5.233412572749982,
    "Zoyowa's Justice": 8.019917331024077,
    "Armored Kincaller": 5.297036657448556,
    "Basking Capybara": 7.540251766975198,
    "Bedrock Tortoise": 1.8209551861981905,
    "Cavern Stomper": 5.761545029171236,
    "Cenote Scout": 3.9216924945067655,
    "Coati Scavenger": 4.61158167240556,
    "Colossadactyl": 3.091479322786567,
    "Disturbed Slumber": 9.19370858655838,
    "Earthshaker Dreadmaw": 3.3846875977886723,
    "Explorer's Cache": 5.506805772446866,
    "Ghalta, Stampede Tyrant": 2.132638643588838,
    "Glimpse the Core": 6.002702872587843,
    "Glowcap Lantern": 6.057877094972067,
    "Growing Rites of Itlimoc": 3.808739038403387,