{
    "Ajani, Nacatl Pariah": 1.4110152075626798,
    "Razorgrass Ambush": 4.5668653448485585,
    "Witch Enchanter": 4.40894743382627,
    "Hydroelectric Specimen": 5.886237256719184,
    "Sink into Stupor": 5.020624146082279,
    "Tamiyo, Inquisitive Student": 1.6850848681834598,
    "Boggart Trawler": 6.033358677057594,
    "Fell the Profane": 3.036071843713675,
    "Sorin of House Markov": 1.7712729748127978,
    "Pinnacle Monk": 4.769474958320963,
    "Ral, Monsoon Mage": 2.958053027305105,
    "Sundering Eruption": 5.7792633015006825,
    "Bridgeworks Battle": 3.0900709219858156,
    "Disciple of Freyalise": 4.358468822807326,
    "Grist, Voracious Larva": 2.49859616284511,
    "Bloodsoaked Insight": 5.067723525681674,
    "Drowner of Truth": 3.3641891249960416,
    "Glasswing Grace": 4.087283374218565,
    "Legion Leadership": 4.616750395705733,
    "Revitalizing Repast": 3.7188891654911074,
    "Rush of Inspiration": 5.159372681996397,
    "Strength of the Harvest": 4.370153017920799,
    "Stump Stomp": 2.8971774193548385,
    "Suppression Ray": 4.916313867795623,
    "Waterlogged Teachings": 6.348358477077338,
    "Breaker of Creation": 3.302302473788803,
    "Devourer of Destiny": 2.2532756646737058,
    "Drownyard Lurker": 5.215877583684291,
    "Echoes of Eternity": 3.932912723449001,
    "Eldrazi Ravager": 3.6519160855831694,
    "Emrakul, the World Anew": 1.585814038956266,
    "Glaring Fleshraker": 3.150718641891651,
    "Herigast, Erupting Nullkite": 1.807140580172139,
    "It That Heralds the End": 3.6185693287604117,
    "Kozilek, the Broken Reality": 1.4303797468354431,
    "Kozilek's Command": 2.4140597539543056,
    "Null Elemental Blast": 7.648148148148148,
    "Nulldrifter": 1.5590522028878193,
    "Twisted Riddlekeeper": 3.6745451856234284,
    "Ulamog, the Defiler": 1.462692619626926,
    "Warped Tusker": 4.788834244392275,
    "Wastescape Battlemage": 3.409127508132307,
    "Aerie Auxiliary": 4.640554035374763,
    "Ajani Fells the Godsire": 4.046876324489277,
    "Argent Dais": 5.870995180039694,
    "Charitable Levy": 8.269540828322864,
    "Dog Umbra": 5.314388459471748,
    "Envoy of the Ancestors": 4.261577857687698,
    "Essence Reliquary": 7.450016664035503,
    "Expel the Unworthy": 6.198217209113711,
    "Flare of Fortitude": 5.429463356622565,
    "Glyph Elemental": 2.782706861228415,
    "Guardian of the Forgotten": 5.207994011296872,
    "Guide of Souls": 1.7274586671211862,
    "Hexgold Slith": 5.085814148649935,
    "Indebted Spirit": 5.434702610183996,
    "Inspired Inventor": 5.6706940328425555,
    "Jolted Awake": 7.577603196457979,
    "Mandibular Kite": 6.063911233552256,
    "Metastatic Evangel": 3.5560107086410992,
    "Muster the Departed": 6.288262688452127,
    "Nyxborn Unicorn": 5.938517206632263,
    "Ocelot Pride": 1.6994440583738708,
    "Pearl-Ear, Imperial Advisor": 3.277392144802741,
    "Phelia, Exuberant Shepherd": 2.0180427251732103,
    "Proud Pack-Rhino": 4.289622072438301,
    "Rosecot Knight": 7.884416665565495,
    "Solstice Zealot": 6.675799283154122,
    "Static Prison": 4.908086041015112,
    "Thraben Charm": 5.7743100315281035,
    "Voltstorm Angel": 3.6339062347704605,
    "White Orchid Phantom": 3.8671976039752227,
    "Wing It": 7.488186052791467,
    "Wrath of the Skies": 2.814528754827262,
    "Aether Spike": 6.315814536157244,
    "Amphibian Downpour": 3.2272197234715976,
    "Bespoke Battlewagon": 5.0661565217391304,
    "Brainsurge": 5.391752796563311,
    "Consign to Memory": 7.667543723881752,
    "Copycrook": 4.891936650106127,
    "Corrupted Shapeshifter": 6.5717168090758955,
    "Deem Inferior": 6.308601287916567,
    "Depth Defiler": 3.109354365370506,
    "Dreamtide Whale": 3.6226813451968027,
    "Electrozoa": 7.550613496932515,
    "Emrakul's Messenger": 3.6336181633093747,
    "Flare of Denial": 4.2893460239484185,
    "Harbinger of the Seas": 6.098443103297472,
    "Hope-Ender Coatl": 3.4534017809043953,
    "Kozilek's Unsealing": 4.302281368821292,
    "Petrifying Meddler": 5.074064531143508,
    "Roil Cartographer": 4.314456194560614,
    "Sage of the Unknowable": 6.502750877901401,
    "Serum Visionary": 5.221080453523701,
    "Shadow of the Second Sun": 4.283350305498982,
    "Strix Serenade": 5.7559216343245385,
    "Tamiyo Meets the Story Circle": 6.825848592313816,
    "Tempest Harvester": 6.428218161835417,
    "Triton Wavebreaker": 7.045312471770041,
    "Tune the Narrative": 6.053755012898463,
    "Ugin's Binding": 2.1888459414688017,
    "Unfathomable Truths": 5.513323234622358,
    "Utter Insignificance": 6.071750638581424,
    "Volatile Stormdrake": 3.6761680869820745,
    "Accursed Marauder": 5.7128129485562935,
    "Arcbound Condor": 4.847853596807164,
    "Breathe Your Last": 3.9277753206545776,
    "Chthonian Nightmare": 3.147231505735706,
    "Consuming Corruption": 5.818305098890094,
    "Crabomination": 1.8480037723986167,
    "The Creation of Avacyn": 7.494838800904978,
    "Dreadmobile": 6.81536402962094,
    "Dreamdrinker Vampire": 6.240707336546707,
    "Drossclaw": 7.14565481765191,
    "Emperor of Bones": 2.1150033046926637,
    "Etched Slith": 4.390024508525838,
    "Etherium Pteramander": 5.081917966493356,
    "Eviscerator's Insight": 6.946201843104501,
    "Fetid Gargantua": 6.541827847772999,
    "Flare of Malice": 3.1870515886573285,
    "Gravedig": 6.969914079822616,
    "Grim Servant": 5.990561122244489,
    "Kami of Jealous Thirst": 7.225893684790108,
    "Lethal Throwdown": 5.193382810416852,
    "Marionette Apprentice": 3.4884010893460644,
    "Mindless Conscription": 6.250055514060198,
    "Necrodominance": 4.784255561893896,
    "Nethergoyf": 2.718339244731901,
    "Quest for the Necropolis": 6.567093588603644,
    "Refurbished Familiar": 5.347254557526958,
    "Retrofitted Transmogrant": 6.4620539650814175,
    "Ripples of Undeath": 6.28294120195849,
    "Scurrilous Sentry": 6.820317108358385,
    "Shilgengar, Sire of Famine": 2.1995814805126863,
    "Warren Soultrader": 3.7272531727253173,
    "Wither and Bloom": 3.953045480466102,
    "Wurmcoil Larva": 3.432083609820836,
    "Aether Revolt": 3.341142020497804,
    "Amped Raptor": 3.160462831568606,
    "Ashling, Flame Dancer": 2.9147332936744004,
    "Detective's Phoenix": 1.9766666666666666,
    "Eldrazi Linebreaker": 2.1151235405919087,
    "Fanged Flames": 3.4541579890541,
    "Flare of Duplication": 5.89689667437311,
    "Frogmyr Enforcer": 6.882600612423447,
    "Furnace Hellkite": 5.828972950126796,
    "Galvanic Discharge": 3.0858591629767176,
    "Ghostfire Slice": 2.932982817083857,
    "Glimpse the Impossible": 5.902404806563276,
    "Infernal Captor": 7.749204176164494,
    "Inventor's Axe": 7.599053698225854,
    "Mogg Mob": 7.6674484376077805,
    "Molten Gatekeeper": 5.525183334676445,
    "Party Thrasher": 3.150082130197977,
    "Phyrexian Ironworks": 4.80260319821495,
    "Powerbalance": 6.3065949789706455,
    "Ral and the Implicit Maze": 4.395166304009948,
    "Reckless Pyrosurfer": 4.522915230875259,
    "Reiterating Bolt": 3.3806361644199483,
    "Sarpadian Simulacrum": 7.1816372249155584,
    "Siege Smash": 7.687348013147698,
    "Skittering Precursor": 4.391306506466748,
    "Skoa, Embermage": 6.260805128055369,
    "Smelted Chargebug": 5.685251473121917,
    "Spawn-Gang Commander": 2.789480265077314,
    "Thriving Skyclaw": 6.618050947696391,
    "Unstable Amulet": 5.043279396892525,
    "Voidpouncer": 5.689897211565813,
    "Wheel of Potential": 6.211101079152156,
    "Basking Broodscale": 3.5920305108530814,
    "Birthing Ritual": 4.262758440198901,
    "Collective Resistance": 5.505953956073035,
    "Colossal Dreadmask": 5.775826855662246,
    "Eladamri, Korvecdal": 1.6727272727272726,
    "Eldrazi Repurposer": 3.2874491369070187,
    "Evolution Witness": 4.48539294895336,
    "Fanatic of Rhonas": 1.82752,
    "Fangs of Kalonia": 5.062116547182956,
    "Flare of Cultivation": 4.37366314154269,
    "Fowl Strike": 7.135518518016246,