{
    "Abuelo's Awakening": 4.592496889654512,
    "Acrobatic Leap": 8.552179876715922,
    "Adaptive Gemguard": 5.615425779432294,
    "Attentive Sunscribe": 5.665706846179039,
    "Bat Colony": 6.582382251085713,
    "Clay-Fired Bricks": 2.9992715375669357,
    "Cosmium Blast": 5.424747893119005,
    "Dauntless Dismantler": 5.8467894532444245,
    "Deconstruction Hammer": 6.8035074620232345,
    "Dusk Rose Reliquary": 3.2498378866052047,
    "Envoy of Okinec Ahau": 6.634920682691642,
    "Fabrication Foundry": 5.084890965732087,
    "Family Reunion": 8.4512817392603,
    "Get Lost": 2.692175551368724,
    "Glorifier of Suffering": 5.885285961927697,
    "Guardian of the Great Door": 3.2509161914734057,
    "Helping Hand": 6.283078798767967,
    "Ironpaw Aspirant": 5.228898030355976,
    "Kinjalli's Dawnrunner": 3.4960696530362583,
    "Kutzil's Flanker": 2.2506392185143906,
    "Malamet War Scribe": 4.4842100884900535,
    "Market Gnome": 4.407919975250078,
    "Might of the Ancestors": 6.2356938721254815,
    "Miner's Guidewing": 4.351861036030451,
    "Mischievous Pup": 4.738959470556978,
    "Ojer Taq, Deepest Foundation": 1.5261316872427984,
    "Oltec Archaeologists": 7.448391167012729,
    "Oltec Cloud Guard": 3.445205827373212,
    "Oteclan Landmark": 7.01492234198625,
    "Petrify": 3.4871793601569387,
    "Quicksand Whirlpool": 5.180395639605753,
    "Resplendent Angel": 1.3834208223972004,
    "Ruin-Lurker Bat": 3.0943532058492687,
    "Sanguine Evangelist": 1.6210264266564534,
    "Soaring Sandwing": 5.972254270020817,
    "Spring-Loaded Sawblades": 2.5944034530024207,
    "Thousand Moons Crackshot": 7.782787737731829,
    "Thousand Moons Infantry": 7.982800141460977,
    "Thousand Moons Smithy": 1.4856203779786359,
    "Tinker's Tote": 4.185926210222437,
    "Unstable Glyphbridge": 1.6257254305013795,
    "Vanguard of the Rose": 4.54616771230904,
    "Warden of the Inner Sky": 1.7054235768713581,
    "Akal Pakal, First Among Equals": 1.839943577829406,
    "Ancestral Reminiscence": 8.52386821560726,
    "Brackish Blunder": 6.02231599012807,
    "Braided Net": 2.3998123240538005,
    "Chart a Course": 4.378425912355269,
    "Cogwork Wrestler": 5.939639990902297,
    "Confounding Riddle": 5.3318615064059935,
    "Council of Echoes": 5.076421661438758,
    "Didact Echo": 7.649807388678026,
    "Eaten by Piranhas": 4.402840199750312,
    "The Enigma Jewel": 4.504628422425033,
    "The Everflowing Well": 2.6847905951506243,
    "Frilled Cave-Wurm": 8.657902818067658,
    "Hermitic Nautilus": 4.5553030380237045,
    "Hurl into History": 6.995060907916896,
    "Inverted Iceberg": 5.240469688098883,
    "Kitesail Larcenist": 1.6143527833668678,
    "Lodestone Needle": 3.6005153541462582,
    "Malcolm, Alluring Scoundrel": 1.588614289835561,
    "Marauding Brinefang": 6.9843508952363145,
    "Merfolk Cave-Diver": 6.179392754514734,
    "Oaken Siren": 4.3841565578714565,
    "Ojer Pakpatiq, Deepest Epoch": 1.417990553885788,
    "Orazca Puzzle-Door": 7.397904489686472,
    "Out of Air": 8.32713914817677,
    "Pirate Hat": 7.808876045351062,
    "Relic's Roar": 9.327843908219325,
    "River Herald Scout": 5.439732546437648,
    "Sage of Days": 7.980140929913285,
    "Self-Reflection": 7.186130790595435,
    "Shipwreck Sentry": 7.037337124884717,
    "Sinuous Benthisaur": 6.68248183582811,
    "Song of Stupefaction": 8.88185476719916,
    "Spyglass Siren": 2.7669468546637743,
    "Staunch Crewmate": 3.721871408623012,
    "Tishana's Tidebinder": 2.2001757112928297,
    "Unlucky Drop": 7.750727151396722,
    "Waterlogged Hulk": 7.263272767628689,
    "Waterwind Scout": 3.387852288440081,
    "Waylaying Pirates": 6.096878138733196,
    "Zoetic Glyph": 2.9913908932570292,
    "Abyssal Gorestalker": 6.459370946303029,
    "Aclazotz, Deepest Betrayal": 1.24486301369863,
    "Another Chance": 6.527349319307883,
    "Bitter Triumph": 2.6985029991578298,
    "Bloodthorn Flail": 7.957986430665839,
    "Bringer of the Last Gift": 2.618751814223512,
    "Broodrage Mycoid": 6.494599060787407,
    "Canonized in Blood": 6.2797168577623665,
    "Chupacabra Echo": 2.5388055342605775,
    "Corpses of the Lost": 2.193723470878853,
    "Dead Weight": 4.407081267997442,
    "Deathcap Marionette": 5.4087209945515395,
    "Deep Goblin Skulltaker": 6.576257903035447,
    "Deep-Cavern Bat": 2.8722020716923176,
    "Echo of Dusk": 5.933682801335506,
    "Fanatical Offering": 6.656571202000793,
    "Gargantuan Leech": 6.447731027734557,
    "Grasping Shadows": 5.08378651184263,
    "Greedy Freebooter": 7.001604948991966,
    "Join the Dead": 3.34770130329089,
    "Malicious Eclipse": 6.565663917839117,
    "Mephitic Draught": 7.233423055857397,
    "Preacher of the Schism": 1.5741626794258374,
    "Primordial Gnawer": 7.809005982876983,
    "Queen's Bay Paladin": 3.1510517174835972,
    "Rampaging Spiketail": 5.94912392349241,
    "Ray of Ruin": 6.33500783655017,
    "Screaming Phantom": 6.685477153007473,
    "Skullcap Snail": 5.444336892798752,
    "Soulcoil Viper": 4.436087061719563,
    "Stalactite Stalker": 2.065173263737857,
    "Starving Revenant": 1.8874420833999042,
    "Stinging Cave Crawler": 3.750551743267526,
    "Synapse Necromage": 4.8901470630393025,
    "Tarrian's Journal": 2.2414649286157666,
    "Terror Tide": 2.224439752060486,
    "Tithing Blade": 4.752121257799763,
    "Visage of Dread": 4.265845612491753,
    "Vito's Inquisitor": 7.776488783558558,
    "Abrade": 2.671164554595591,
    "Ancestors' Aid": 7.178146320010647,
    "Belligerent Yearling": 3.043109167671894,
    "Bonehoard Dracosaur": 1.144,
    "Brass's Tunnel-Grinder": 2.3753028177993114,
    "Brazen Blademaster": 6.894907406029693,
    "Breeches, Eager Pillager": 1.41519014693172,
    "Burning Sun Cavalry": 6.642324558076019,
    "Calamitous Cave-In": 7.1669620754900425,
    "Child of the Volcano": 7.867913989721654,
    "Curator of Sun's Creation": 5.629080513853994,
    "Daring Discovery": 8.526174448778507,
    "Diamond Pick-Axe": 3.664639867882746,
    "Dinotomaton": 5.249884152390236,
    "Dire Flail": 2.110604415490409,
    "Dowsing Device": 5.384743903964907,
    "Dreadmaw's Ire": 3.665823431399973,
    "Enterprising Scallywag": 3.9387985881869167,
    "Etali's Favor": 5.2056124397562975,
    "Geological Appraiser": 2.5672187841281398,
    "Goblin Tomb Raider": 5.7213971057280935,
    "Goldfury Strider": 6.155377501395201,
    "Hit the Mother Lode": 5.610471983976169,
    "Hotfoot Gnome": 7.3888988898889885,
    "Idol of the Deep King": 5.094098023749738,
    "Inti, Seneschal of the Sun": 1.4568774411485275,
    "Magmatic Galleon": 1.5523312052621396,
    "Ojer Axonil, Deepest Might": 1.5809064609450338,
    "Panicked Altisaur": 5.53161415042233,
    "Plundering Pirate": 4.445622884397394,
    "Poetic Ingenuity": 1.9637786382704099,
    "Rampaging Ceratops": 4.553382543969978,
    "Rumbling Rockslide": 4.980175796805537,
    "Saheeli's Lattice": 4.6941850261681655,
    "Scytheclaw Raptor": 2.921881042617372,
    "Seismic Monstrosaur": 5.643973597402894,
    "Sunfire Torch": 5.662175576533698,
    "Sunshot Militia": 5.760661695021601,
    "Tectonic Hazard": 9.354113188766057,
    "Triumphant Chomp": 3.241474590391558,
    "Trumpeting Carnosaur": 1.3071195905072126,
    "Volatile Wanderglyph": 5.137523704995242,
    "Zoyowa's Justice": 8.074273183843815,
    "Armored Kincaller": 5.244797237902585,
    "Basking Capybara": 7.601495775291163,
    "Bedrock Tortoise": 1.8233483108670328,
    "Cavern Stomper": 5.706824705681853,
    "Cenote Scout": 3.938186198588883,
    "Coati Scavenger": 4.62960570127921,
    "Colossadactyl": 3.064580618410141,
    "Disturbed Slumber": 9.231631351775555,
    "Earthshaker Dreadmaw": 3.412762929205841,
    "Explorer's Cache": 5.551536486085149,
    "Ghalta, Stampede Tyrant": 2.204505119453925,
    "Glimpse the Core": 6.131502367486519,
    "Glowcap Lantern": 6.131061533046146,
    "Growing Rites of Itlimoc": 3.925870301910043,