{
    "Abuelo's Awakening": 4.2600681536555145,
    "Acrobatic Leap": 8.653989890520567,
    "Adaptive Gemguard": 5.73404115394733,
    "Attentive Sunscribe": 5.867125355425282,
    "Bat Colony": 6.486711529834007,
    "Clay-Fired Bricks": 3.2092835572217013,
    "Cosmium Blast": 5.41653178841005,
    "Dauntless Dismantler": 5.818131716726371,
    "Deconstruction Hammer": 7.124383411290991,
    "Dusk Rose Reliquary": 3.3020223765198145,
    "Envoy of Okinec Ahau": 6.460924587996411,
    "Fabrication Foundry": 5.293181248433191,
    "Family Reunion": 8.305038328463317,
    "Get Lost": 2.5468032033609034,
    "Glorifier of Suffering": 5.771492885163793,
    "Guardian of the Great Door": 3.266689457981104,
    "Helping Hand": 6.174236836898059,
    "Ironpaw Aspirant": 5.426112004788448,
    "Kinjalli's Dawnrunner": 3.5156544592355594,
    "Kutzil's Flanker": 2.0483512999365883,
    "Malamet War Scribe": 4.369835926649561,
    "Market Gnome": 4.29508273238582,
    "Might of the Ancestors": 6.315829960255682,
    "Miner's Guidewing": 4.830752285676428,
    "Mischievous Pup": 4.637194390525834,
    "Ojer Taq, Deepest Foundation": 1.433752417794971,
    "Oltec Archaeologists": 7.35935586501193,
    "Oltec Cloud Guard": 3.732940548530136,
    "Oteclan Landmark": 7.070287986889702,
    "Petrify": 3.6481585284836404,
    "Quicksand Whirlpool": 5.224304729755649,
    "Resplendent Angel": 1.3928571428571428,
    "Ruin-Lurker Bat": 3.3669843369509667,
    "Sanguine Evangelist": 1.6536265595263269,
    "Soaring Sandwing": 5.985942576291895,
    "Spring-Loaded Sawblades": 2.6179321231254935,
    "Thousand Moons Crackshot": 7.744598865653548,
    "Thousand Moons Infantry": 7.914973780597024,
    "Thousand Moons Smithy": 1.4680803571428571,
    "Tinker's Tote": 4.302094738270823,
    "Unstable Glyphbridge": 1.6668711656441717,
    "Vanguard of the Rose": 4.587669708435344,
    "Warden of the Inner Sky": 1.7537030003797949,
    "Akal Pakal, First Among Equals": 1.8808419550481628,
    "Ancestral Reminiscence": 8.482765485124146,
    "Brackish Blunder": 6.286733209132818,
    "Braided Net": 2.52012987012987,
    "Chart a Course": 4.459705788295491,
    "Cogwork Wrestler": 6.572455834448454,
    "Confounding Riddle": 5.112294718153573,
    "Council of Echoes": 4.887628262142873,
    "Didact Echo": 7.615922784952836,
    "Eaten by Piranhas": 4.452760426235532,
    "The Enigma Jewel": 4.113832626785995,
    "The Everflowing Well": 2.575616255829447,
    "Frilled Cave-Wurm": 8.556815981801462,
    "Hermitic Nautilus": 4.92442301212938,
    "Hurl into History": 6.5394315763981385,
    "Inverted Iceberg": 5.682751765946631,
    "Kitesail Larcenist": 1.6680170143812032,
    "Lodestone Needle": 3.988905451448041,
    "Malcolm, Alluring Scoundrel": 1.6101128290848308,
    "Marauding Brinefang": 6.935432034229734,
    "Merfolk Cave-Diver": 6.185422784147231,
    "Oaken Siren": 4.954311059525783,
    "Ojer Pakpatiq, Deepest Epoch": 1.3906323185011709,
    "Orazca Puzzle-Door": 7.633085810124136,
    "Out of Air": 8.155899645990457,
    "Pirate Hat": 8.177880013585698,
    "Relic's Roar": 9.283312515169634,
    "River Herald Scout": 5.508376873083813,
    "Sage of Days": 7.9974499719064704,
    "Self-Reflection": 7.045887026774388,
    "Shipwreck Sentry": 7.361924204221116,
    "Sinuous Benthisaur": 6.788460242587601,
    "Song of Stupefaction": 8.822004601356316,
    "Spyglass Siren": 3.0123352768696705,
    "Staunch Crewmate": 4.020477988696555,
    "Tishana's Tidebinder": 2.244004021255206,
    "Unlucky Drop": 7.962433422616299,
    "Waterlogged Hulk": 7.2421046865156535,
    "Waterwind Scout": 3.7675230835189426,
    "Waylaying Pirates": 6.585234719807409,
    "Zoetic Glyph": 3.440728079090825,
    "Abyssal Gorestalker": 6.192876503010569,
    "Aclazotz, Deepest Betrayal": 1.192395005675369,
    "Another Chance": 6.814176726474594,
    "Bitter Triumph": 2.6189847873331265,
    "Bloodthorn Flail": 7.748980307182461,
    "Bringer of the Last Gift": 2.6891721352852094,
    "Broodrage Mycoid": 6.118091996073252,
    "Canonized in Blood": 5.798073911681804,
    "Chupacabra Echo": 2.5257649596548695,
    "Corpses of the Lost": 2.1601008509297195,
    "Dead Weight": 4.352094621622604,
    "Deathcap Marionette": 5.517432439496106,
    "Deep Goblin Skulltaker": 6.276157229630664,
    "Deep-Cavern Bat": 3.0787924877661683,
    "Echo of Dusk": 5.972868435911914,
    "Fanatical Offering": 6.431930244486237,
    "Gargantuan Leech": 6.388840406774832,
    "Grasping Shadows": 4.871415505460806,
    "Greedy Freebooter": 6.841695265385,
    "Join the Dead": 3.231851779333301,
    "Malicious Eclipse": 6.302516123171951,
    "Mephitic Draught": 6.943957876491984,
    "Preacher of the Schism": 1.5541755888650963,
    "Primordial Gnawer": 7.678013011978785,
    "Queen's Bay Paladin": 2.799926533610873,
    "Rampaging Spiketail": 5.924790082270786,
    "Ray of Ruin": 6.009044147946062,
    "Screaming Phantom": 6.581672928506517,
    "Skullcap Snail": 5.339025619102873,
    "Soulcoil Viper": 4.384290401000731,
    "Stalactite Stalker": 1.9427047487955953,
    "Starving Revenant": 1.7803746985716935,
    "Stinging Cave Crawler": 3.579899191314944,
    "Synapse Necromage": 4.583363005162898,
    "Tarrian's Journal": 2.1119281045751634,
    "Terror Tide": 2.1136938646426313,
    "Tithing Blade": 4.936911014820931,
    "Visage of Dread": 4.210264575225066,
    "Vito's Inquisitor": 7.4669677353324975,
    "Abrade": 2.753248777722667,
    "Ancestors' Aid": 7.4628692435195285,
    "Belligerent Yearling": 3.042925490983305,
    "Bonehoard Dracosaur": 1.1573426573426573,
    "Brass's Tunnel-Grinder": 2.2325616813889737,
    "Brazen Blademaster": 6.882044217017647,
    "Breeches, Eager Pillager": 1.4555659494855004,
    "Burning Sun Cavalry": 6.698043013625434,
    "Calamitous Cave-In": 7.198683581055445,
    "Child of the Volcano": 7.622443874679507,
    "Curator of Sun's Creation": 5.509947958366693,
    "Daring Discovery": 8.516975355329796,
    "Diamond Pick-Axe": 3.8891231357851175,
    "Dinotomaton": 5.415294967995767,
    "Dire Flail": 2.1632748174615504,
    "Dowsing Device": 5.643428553431388,
    "Dreadmaw's Ire": 3.832145356522641,
    "Enterprising Scallywag": 3.886406102024623,
    "Etali's Favor": 6.02211839341592,
    "Geological Appraiser": 2.763114117777531,
    "Goblin Tomb Raider": 6.096075221960051,
    "Goldfury Strider": 6.0538822731249216,
    "Hit the Mother Lode": 5.312026199284372,
    "Hotfoot Gnome": 7.3471481666109275,
    "Idol of the Deep King": 5.1912661121341035,
    "Inti, Seneschal of the Sun": 1.4953249714937287,
    "Magmatic Galleon": 1.5769799366420274,
    "Ojer Axonil, Deepest Might": 1.5437925170068028,
    "Panicked Altisaur": 5.806389628093481,
    "Plundering Pirate": 4.721754432128408,
    "Poetic Ingenuity": 2.0572825707300035,
    "Rampaging Ceratops": 4.544117309062493,
    "Rumbling Rockslide": 4.979930283294557,
    "Saheeli's Lattice": 4.737001583912954,
    "Scytheclaw Raptor": 2.937779141522621,
    "Seismic Monstrosaur": 5.6005498221805246,
    "Sunfire Torch": 5.947644053062696,
    "Sunshot Militia": 6.070927832146153,
    "Tectonic Hazard": 9.25912556588039,
    "Triumphant Chomp": 3.2601511581652947,
    "Trumpeting Carnosaur": 1.3012519561815337,
    "Volatile Wanderglyph": 5.482744240153937,
    "Zoyowa's Justice": 7.9019940132089515,
    "Armored Kincaller": 5.393897693477978,
    "Basking Capybara": 7.368605594866723,
    "Bedrock Tortoise": 1.7994280266920877,
    "Cavern Stomper": 5.800749047232403,
    "Cenote Scout": 3.896397092933354,
    "Coati Scavenger": 4.530451381091399,
    "Colossadactyl": 3.088463644856802,
    "Disturbed Slumber": 9.04769764583986,
    "Earthshaker Dreadmaw": 3.312625691302162,
    "Explorer's Cache": 5.437685081681081,
    "Ghalta, Stampede Tyrant": 2.0052459016393445,
    "Glimpse the Core": 5.745861272114255,
    "Glowcap Lantern": 5.876977991563114,
    "Growing Rites of Itlimoc": 3.513518714519388,