{
    "Ajani, Nacatl Pariah": 1.4081553398058253,
    "Razorgrass Ambush": 4.545678387334315,
    "Witch Enchanter": 4.470748802886951,
    "Hydroelectric Specimen": 5.807005583092259,
    "Sink into Stupor": 5.002262583047083,
    "Tamiyo, Inquisitive Student": 1.681757209926224,
    "Boggart Trawler": 5.978645198307395,
    "Fell the Profane": 3.0276215562041715,
    "Sorin of House Markov": 1.7419354838709677,
    "Pinnacle Monk": 4.77642697016727,
    "Ral, Monsoon Mage": 2.8528546203649205,
    "Sundering Eruption": 5.9853303370786515,
    "Bridgeworks Battle": 3.116415244144502,
    "Disciple of Freyalise": 4.313183800920077,
    "Grist, Voracious Larva": 2.3604815864022664,
    "Bloodsoaked Insight": 5.079256693165662,
    "Drowner of Truth": 3.3443897460527108,
    "Glasswing Grace": 4.1408762354329545,
    "Legion Leadership": 4.71027621027621,
    "Revitalizing Repast": 3.736868109007697,
    "Rush of Inspiration": 5.176721206544785,
    "Strength of the Harvest": 4.398922079108432,
    "Stump Stomp": 2.9600013804527885,
    "Suppression Ray": 5.002637755208009,
    "Waterlogged Teachings": 6.31846286701209,
    "Breaker of Creation": 3.302506566360777,
    "Devourer of Destiny": 2.187453416149068,
    "Drownyard Lurker": 5.17559844850933,
    "Echoes of Eternity": 3.8575960278601475,
    "Eldrazi Ravager": 3.5960797838707825,
    "Emrakul, the World Anew": 1.5398326664241542,
    "Glaring Fleshraker": 3.1797066825934035,
    "Herigast, Erupting Nullkite": 1.7326701896176562,
    "It That Heralds the End": 3.585419820659136,
    "Kozilek, the Broken Reality": 1.3933630109267503,
    "Kozilek's Command": 2.3816112474893996,
    "Null Elemental Blast": 7.490205011389522,
    "Nulldrifter": 1.5557506584723442,
    "Twisted Riddlekeeper": 3.722663392004366,
    "Ulamog, the Defiler": 1.4236300038865137,
    "Warped Tusker": 4.777205888303511,
    "Wastescape Battlemage": 3.4545208364675792,
    "Aerie Auxiliary": 4.817474714630431,
    "Ajani Fells the Godsire": 4.081688205290837,
    "Argent Dais": 5.7230382063601,
    "Charitable Levy": 8.169339757203081,
    "Dog Umbra": 5.3839792681983445,
    "Envoy of the Ancestors": 4.2407736028598615,
    "Essence Reliquary": 7.607092059443818,
    "Expel the Unworthy": 6.120771913309514,
    "Flare of Fortitude": 5.276461141661395,
    "Glyph Elemental": 2.8460326003383054,
    "Guardian of the Forgotten": 5.165196004401199,
    "Guide of Souls": 1.7574703557312252,
    "Hexgold Slith": 5.18533052346002,
    "Indebted Spirit": 5.34137867609491,
    "Inspired Inventor": 5.699253919518236,
    "Jolted Awake": 7.596063533274789,
    "Mandibular Kite": 6.158792716034506,
    "Metastatic Evangel": 3.6560749325666184,
    "Muster the Departed": 6.204310959366675,
    "Nyxborn Unicorn": 5.9349752984025095,
    "Ocelot Pride": 1.7011382113821139,
    "Pearl-Ear, Imperial Advisor": 3.1903785354182688,
    "Phelia, Exuberant Shepherd": 2.0241290497492206,
    "Proud Pack-Rhino": 4.318127309659578,
    "Rosecot Knight": 7.825087974798268,
    "Solstice Zealot": 6.804433082143192,
    "Static Prison": 5.084110118853617,
    "Thraben Charm": 5.911666618543008,
    "Voltstorm Angel": 3.6642783096530276,
    "White Orchid Phantom": 3.7743474228170135,
    "Wing It": 7.494341684722866,
    "Wrath of the Skies": 2.8213827793668016,
    "Aether Spike": 6.311698259027457,
    "Amphibian Downpour": 3.254229211341434,
    "Bespoke Battlewagon": 5.053626025559246,
    "Brainsurge": 5.437542376261317,
    "Consign to Memory": 7.651707775276532,
    "Copycrook": 4.873372467670036,
    "Corrupted Shapeshifter": 6.490758956834288,
    "Deem Inferior": 6.437236510337872,
    "Depth Defiler": 3.170467289719626,
    "Dreamtide Whale": 3.628583871670175,
    "Electrozoa": 7.549908920678191,
    "Emrakul's Messenger": 3.6615527932229046,
    "Flare of Denial": 4.140040046113707,
    "Harbinger of the Seas": 5.9232930359271245,
    "Hope-Ender Coatl": 3.4262634883862706,
    "Kozilek's Unsealing": 4.252895544901148,
    "Petrifying Meddler": 5.141780363726878,
    "Roil Cartographer": 4.461091015739564,
    "Sage of the Unknowable": 6.486006195315472,
    "Serum Visionary": 5.304155201091497,
    "Shadow of the Second Sun": 4.2522001205545505,
    "Strix Serenade": 5.604233861808931,
    "Tamiyo Meets the Story Circle": 6.797655366263326,
    "Tempest Harvester": 6.472165046499147,
    "Triton Wavebreaker": 6.917615930450321,
    "Tune the Narrative": 6.060786453920062,
    "Ugin's Binding": 2.1544137022397893,
    "Unfathomable Truths": 5.571456972660133,
    "Utter Insignificance": 6.085352118587748,
    "Volatile Stormdrake": 3.6773812829769508,
    "Accursed Marauder": 5.850205098154117,
    "Arcbound Condor": 4.753357582540571,
    "Breathe Your Last": 3.941127634623966,
    "Chthonian Nightmare": 3.2310302027306577,
    "Consuming Corruption": 5.764778300669168,
    "Crabomination": 1.873504522906332,
    "The Creation of Avacyn": 7.338679691725257,
    "Dreadmobile": 6.719267015706806,
    "Dreamdrinker Vampire": 6.238498090262076,
    "Drossclaw": 7.066957045549326,
    "Emperor of Bones": 2.1053223388305846,
    "Etched Slith": 4.377273958102553,
    "Etherium Pteramander": 5.062632812671151,
    "Eviscerator's Insight": 7.031139870190383,
    "Fetid Gargantua": 6.518174887342926,
    "Flare of Malice": 3.0853072718237535,
    "Gravedig": 6.884026315616863,
    "Grim Servant": 5.98432566318138,
    "Kami of Jealous Thirst": 7.302867933898338,
    "Lethal Throwdown": 5.192689984901862,
    "Marionette Apprentice": 3.5853935947321163,
    "Mindless Conscription": 6.343627973020944,
    "Necrodominance": 4.644634613219232,
    "Nethergoyf": 2.597322348094748,
    "Quest for the Necropolis": 6.506666188160563,
    "Refurbished Familiar": 5.387085871487522,
    "Retrofitted Transmogrant": 6.465386929252557,
    "Ripples of Undeath": 6.130263213131271,
    "Scurrilous Sentry": 6.871179287178699,
    "Shilgengar, Sire of Famine": 2.1722166998011927,
    "Warren Soultrader": 3.663412622026674,
    "Wither and Bloom": 3.987837592529095,
    "Wurmcoil Larva": 3.419353821907013,
    "Aether Revolt": 3.368929712460064,
    "Amped Raptor": 3.2833997431422266,
    "Ashling, Flame Dancer": 2.8064018511376783,
    "Detective's Phoenix": 2.0068203519301595,
    "Eldrazi Linebreaker": 2.1018518518518516,
    "Fanged Flames": 3.5191329401701705,
    "Flare of Duplication": 5.74515725441132,
    "Frogmyr Enforcer": 6.740795492095515,
    "Furnace Hellkite": 5.700636685194543,
    "Galvanic Discharge": 3.209545489621113,
    "Ghostfire Slice": 2.98182526748388,
    "Glimpse the Impossible": 6.107736345241369,
    "Infernal Captor": 7.774906917806076,
    "Inventor's Axe": 7.614977591625707,
    "Mogg Mob": 7.611311515547213,
    "Molten Gatekeeper": 5.628448762851655,
    "Party Thrasher": 3.1559365901002914,
    "Phyrexian Ironworks": 4.821604765894071,
    "Powerbalance": 6.1406007792534245,
    "Ral and the Implicit Maze": 4.520868113522537,
    "Reckless Pyrosurfer": 4.637105388758836,
    "Reiterating Bolt": 3.4137866616850365,
    "Sarpadian Simulacrum": 7.157340277959536,
    "Siege Smash": 7.7183989865097935,
    "Skittering Precursor": 4.448730706037535,
    "Skoa, Embermage": 6.256395577412524,
    "Smelted Chargebug": 5.832336813859884,
    "Spawn-Gang Commander": 2.8596612779060817,
    "Thriving Skyclaw": 6.571359299554025,
    "Unstable Amulet": 5.190875232774674,
    "Voidpouncer": 5.666232338746661,
    "Wheel of Potential": 6.12369823698237,
    "Basking Broodscale": 3.6414816218663466,
    "Birthing Ritual": 4.115566037735849,
    "Collective Resistance": 5.603780029602642,
    "Colossal Dreadmask": 5.73839156800462,
    "Eladamri, Korvecdal": 1.6331503088538093,
    "Eldrazi Repurposer": 3.354715656447461,
    "Evolution Witness": 4.525854807378247,
    "Fanatic of Rhonas": 1.8055300947143293,
    "Fangs of Kalonia": 5.046243992917966,
    "Flare of Cultivation": 4.1987228758942825,
    "Fowl Strike": 7.141819362560962,