{
    "Putrid Warrior": 6.607390300230947,
    "Krosan Tusker": 4.589908256880734,
    "Mass Hysteria": 5.4331450094161955,
    "Spell Snare": 6.940814757878555,
    "Ghost Quarter": 7.129304286718201,
    "Enlisted Wurm": 4.498015873015873,
    "Kuldotha Rebirth": 6.20545746388443,
    "Molten Psyche": 5.128913443830571,
    "Leonin Relic-Warder": 4.187768240343348,
    "Gnaw to the Bone": 7.936769759450172,
    "Stromkirk Captain": 6.0218093699515345,
    "Burden of Guilt": 7.072727272727272,
    "Ixidor, Reality Sculptor": null,
    "Duskmantle, House of Shadow": 7.528129395218003,
    "Worldspine Wurm": null,
    "Possibility Storm": 5.55,
    "Millstone": 7.491701244813278,
    "Nyx Weaver": 5.545141874462597,
    "Evolutionary Leap": 5.017175572519084,
    "Shard of Broken Glass": 8.049697783747481,
    "Metalspinner's Puzzleknot": 6.727534148094896,
    "Smuggler's Copter": null,
    "Consign // Oblivion": 5.271201413427562,
    "Bishop of the Bloodstained": 6.469000729394603,
    "Goblin Warchief": 6.54915514592934,
    "High Alert": 6.777524677296887,
    "Jace, Wielder of Mysteries": null,
    "Syr Konrad, the Grim": 3.116519174041298,
    "Ranger-Captain of Eos": null,
    "Hard Evidence": 5.443766346992153,
    "Combine Chrysalis": 5.5632965165675445,
    "Quintorius, Field Historian": 5.276400367309458,
    "Laid to Rest": 7.494639027877055,
    "Monologue Tax": 4.47713717693837,
    "Magmaw": 5.211538461538462,
    "Mistveil Plains": 6.847874720357942,
    "Mentor of the Meek": 2.5796847635726796,
    "Ghostly Prison": null,
    "Fabricate": null,
    "Show and Tell": null,
    "Tragic Slip": null,
    "Victimize": null,
    "Gamble": null,
    "Crashing Footfalls": null,
    "Tireless Tracker": null,
    "Drown in the Loch": null,
    "Field of the Dead": null,
    "Case of the Shattered Pact": 5.527006120938992,
    "Absolving Lammasu": 4.870634191176471,
    "Assemble the Players": 2.9736588499839383,
    "Aurelia's Vindicator": 1.1581632653061225,
    "Auspicious Arrival": 5.806927852261464,
    "Call a Surprise Witness": 4.566873339238264,
    "Case of the Gateway Express": 3.130244436337103,
    "Case of the Pilfered Proof": 4.378602659052378,
    "Case of the Uneaten Feast": 4.355316000845487,
    "Defenestrated Phantom": 6.024635431247296,
    "Delney, Streetwise Lookout": 1.4816687737041718,
    "Doorkeeper Thrull": 3.3699165797705946,
    "Due Diligence": 6.468803903208319,
    "Essence of Antiquity": 5.228963103397987,
    "Forum Familiar": 4.980436418359669,
    "Griffnaut Tracker": 5.703373226011438,
    "Haazda Vigilante": 6.023138807304304,
    "Inside Source": 3.9567827994103477,
    "Karlov Watchdog": 3.8930201597565612,
    "Krovod Haunch": 5.175321888412017,
    "Make Your Move": 5.693582786641829,
    "Makeshift Binding": 3.026099889651202,
    "Marketwatch Phantom": 4.062846710202935,
    "Museum Nightwatch": 4.932630906768837,
    "Neighborhood Guardian": 3.4007104007104005,
    "No Witnesses": 2.127669902912621,
    "Not on My Watch": 3.2753854940034266,
    "Novice Inspector": 3.302452434979927,
    "On the Job": 6.824055618830676,
    "Perimeter Enforcer": 3.031960049937578,
    "Sanctuary Wall": 6.101793349926607,
    "Seasoned Consultant": 5.349829539205983,
    "Tenth District Hero": 1.477286869943995,
    "Unyielding Gatekeeper": 1.66147859922179,
    "Wrench": 5.885729126087521,
    "Agency Outfitter": 5.6765500472781305,
    "Behind the Mask": 7.953998942504425,
    "Benthic Criminologists": 7.183205566694186,
    "Bubble Smuggler": 6.142984036748471,
    "Burden of Proof": 5.1600353019048315,
    "Candlestick": 6.160482789450157,
    "Case of the Filched Falcon": 4.552573257818271,
    "Case of the Ransacked Lab": 5.280643000669793,
    "Cold Case Cracker": 4.561759350943879,
    "Conspiracy Unraveler": 2.8296199213630406,
    "Coveted Falcon": 2.9135410044500953,
    "Crimestopper Sprite": 4.874724882517399,
    "Cryptic Coat": 1.7529989094874592,
    "Curious Inquiry": 5.5752837866780895,
    "Deduce": 5.926363257220311,
    "Dramatic Accusation": 5.162007496637958,
    "Eliminate the Impossible": 5.7310270123891405,
    "Exit Specialist": 3.2291453864487574,
    "Fae Flight": 4.955431754874652,
    "Forensic Gadgeteer": 2.463157894736842,
    "Forensic Researcher": 5.181917132283579,
    "Furtive Courier": 4.811097992916174,
    "Hotshot Investigators": 6.580360614307931,
    "Intrude on the Mind": 1.9815175097276265,
    "Jaded Analyst": 6.831059610560268,
    "Living Conundrum": 6.593784683684794,
    "Lost in the Maze": 2.9045669291338583,
    "Mistway Spy": 3.946644512138835,
    "Out Cold": 6.014415722471415,
    "Proft's Eidetic Memory": 2.618609783008459,
    "Projektor Inspector": 5.496758531269828,
    "Reasonable Doubt": 6.328759393675139,
    "Reenact the Crime": 4.610749488562395,
    "Steamcore Scholar": 1.9376869391824527,
    "Unauthorized Exit": 6.347508655727834,
    "Agency Coroner": 7.360730700137648,
    "Alley Assailant": 5.9452590930438864,
    "Barbed Servitor": 2.056515646893975,
    "Basilica Stalker": 5.821465537832745,
    "Case of the Stashed Skeleton": 2.0815682739972963,
    "Cerebral Confiscation": 7.0566648289748075,
    "Deadly Cover-Up": 1.9981176470588236,
    "Extract a Confession": 4.953526648113236,
    "Festerleech": 5.396715097915351,
    "Homicide Investigator": 1.8850281042411854,
    "Hunted Bonebrute": 2.1170494699646643,
    "Illicit Masquerade": 3.47392110140323,
    "It Doesn't Add Up": 5.69487630120319,
    "Lead Pipe": 6.273694147262429,
    "Leering Onlooker": 3.299682755495128,
    "Long Goodbye": 2.793150128604305,
    "Macabre Reconstruction": 6.5827688973178,
    "Massacre Girl, Known Killer": 1.3121546961325967,
    "Murder": 3.2635178262058906,
    "Nightdrinker Moroii": 4.196125055041832,
    "Outrageous Robbery": 2.368316041500399,
    "Persuasive Interrogators": 5.3114933313898405,
    "Polygraph Orb": 6.409151235543197,
    "Presumed Dead": 5.658020615778481,
    "Repeat Offender": 6.141056009780699,
    "Rot Farm Mortipede": 6.822745457174531,
    "Slice from the Shadows": 4.171150763225762,
    "Slimy Dualleech": 4.810569931983426,
    "Snarling Gorehound": 5.872137861340851,
    "Soul Enervation": 3.2664015904572565,
    "Toxin Analysis": 6.405614544726034,
    "Undercity Eliminator": 3.358811748998665,
    "Unscrupulous Agent": 5.023482329399994,
    "Vein Ripper": 1.5304232804232805,
    "Anzrag's Rampage": 5.287555048116131,
    "Bolrac-Clan Basher": 3.916108630952381,
    "Case of the Burning Masks": 3.315504475632667,
    "Case of the Crimson Pulse": 2.808988764044944,
    "Caught Red-Handed": 6.89439412774522,
    "The Chase Is On": 6.761454650407678,
    "Concealed Weapon": 5.025025837885723,
    "Connecting the Dots": 3.9087254670134786,
    "Convenient Target": 5.572019811384761,
    "Cornered Crook": 4.191054763162529,
    "Crime Novelist": 5.176837776309026,
    "Demand Answers": 6.525757650664953,
    "Expedited Inheritance": 4.7904235727440145,
    "Expose the Culprit": 6.757245479316324,
    "Felonious Rage": 6.649600625320599,
    "Frantic Scapegoat": 4.745215965008201,
    "Fugitive Codebreaker": 2.084,
    "Galvanize": 3.2898751115075826,
    "Gearbane Orangutan": 5.402878096028781,
    "Goblin Maskmaker": 6.577136736168199,
    "Harried Dronesmith": 3.3898976559920766,
    "Incinerator of the Guilty": 1.2819383259911894,
    "Innocent Bystander": 6.211637307250861,
    "Knife": 6.070086240185352,
    "Krenko, Baron of Tin Street": 1.6906077348066297,
    "Krenko's Buzzcrusher": 1.8081841432225063,
    "Lamplight Phoenix": 1.7317736670293797,
    "Offender at Large": 6.606546620981264,
    "Person of Interest": 5.055853827502598,
    "Pyrotechnic Performer": 1.838006230529595,
    "Reckless Detective": 3.8438573063716137,
    "Red Herring": 5.223743000961484,
    "Rubblebelt Braggart": 6.881584359650608,
    "Shock": 3.445769520461963,
    "Suspicious Detonation": 5.402700379827553,