{
    "Summon: Bahamut": 1.4522370012091899,
    "Ultima, Origin of Oblivion": 2.5052268563422784,
    "Adelbert Steiner": 3.326867355964254,
    "Aerith Gainsborough": 2.433633425669437,
    "Aerith Rescue Mission": 6.974075176407853,
    "Ambrosia Whiteheart": 3.685949316704259,
    "Ashe, Princess of Dalmasca": 4.551868151607688,
    "Auron's Inspiration": 7.159526066350711,
    "Battle Menu": 3.3189364879505723,
    "Cloud, Midgar Mercenary": 1.9781849912739966,
    "Cloudbound Moogle": 7.263737928193198,
    "Coeurl": 6.939939156888309,
    "Crystal Fragments": 5.4142551621023145,
    "The Crystal's Chosen": 4.782597574233155,
    "Delivery Moogle": 3.7189265914995047,
    "Dion, Bahamut's Dominant": 1.3578400830737278,
    "Dragoon's Lance": 2.5673713345902365,
    "Dwarven Castle Guard": 6.338982173476981,
    "Fate of the Sun-Cryst": 4.757160883280757,
    "From Father to Son": 6.829642912833307,
    "G'raha Tia": 3.965394247552554,
    "Gaelicat": 5.173828991808397,
    "Machinist's Arsenal": 2.0749623132794297,
    "Magitek Armor": 4.561845592388234,
    "Magitek Infantry": 4.828376532570165,
    "Minwu, White Mage": 3.2903278421138475,
    "Moogles' Valor": 2.6102482831484415,
    "Paladin's Arms": 5.0385633155655976,
    "Phoenix Down": 6.248058598121333,
    "Restoration Magic": 4.99819562587988,
    "Sidequest: Catch a Fish": 6.651610854889379,
    "Slash of Light": 5.1454571253603385,
    "Snow Villiers": 5.7231660020757085,
    "Stiltzkin, Moogle Merchant": 4.600557312041155,
    "Summon: Choco/Mog": 6.139873510810413,
    "Summon: Knights of Round": 1.58165548098434,
    "Summon: Primal Garuda": 3.7686205260661008,
    "Ultima": 2.9211827343601446,
    "Venat, Heart of Hydaelyn": 1.9798944816768858,
    "Weapons Vendor": 5.706858204648151,
    "White Auracite": 3.163363474195731,
    "White Mage's Staff": 4.132226033580069,
    "The Wind Crystal": 4.153008265521882,
    "You're Not Alone": 6.96185722475635,
    "Zack Fair": 3.7663656295677597,
    "Astrologian's Planisphere": 2.0853477380148546,
    "Cargo Ship": 6.496253164556962,
    "Combat Tutorial": 4.5049344981802735,
    "Dragoon's Wyvern": 3.8460536294164545,
    "Dreams of Laguna": 5.000824927818816,
    "Edgar, King of Figaro": 4.29396535782531,
    "Eject": 3.5710166796906577,
    "Ether": 7.828909759085341,
    "Gogo, Master of Mimicry": 3.268777257308997,
    "Ice Flan": 6.658505514991456,
    "Ice Magic": 4.17444593240331,
    "Il Mheg Pixie": 3.1732484871171,
    "Jill, Shiva's Dominant": 1.6710548811762695,
    "Louisoix's Sacrifice": 6.2635516311013,
    "The Lunar Whale": 2.0046478873239435,
    "Magic Damper": 7.495689422760088,
    "Matoya, Archon Elder": 4.687465850726697,
    "Memories Returning": 2.566258591065292,
    "The Prima Vista": 7.00782672587292,
    "Qiqirn Merchant": 7.382733881939741,
    "Quistis Trepe": 3.6771018491497096,
    "Relm's Sketching": 4.031571182689944,
    "Retrieve the Esper": 5.196169753245131,
    "Rook Turret": 6.9316905645242155,
    "Sage's Nouliths": 6.837328618400645,
    "Sahagin": 4.809694503649164,
    "Scorpion Sentinel": 5.800847601288354,
    "Sidequest: Card Collection": 5.026912633764574,
    "Sleep Magic": 3.567696091828368,
    "Stolen Uniform": 8.755490098865526,
    "Stuck in Summoner's Sanctum": 4.472231616282427,
    "Summon: Leviathan": 2.022802237200631,
    "Summon: Shiva": 3.583365295052326,
    "Swallowed by Leviathan": 4.561795560950234,
    "Syncopate": 5.966639021910699,
    "Thief's Knife": 4.4713643709459605,
    "Travel the Overworld": 5.2628457726971245,
    "Ultros, Obnoxious Octopus": 3.6170937308100264,
    "Valkyrie Aerial Unit": 5.538191648452778,
    "The Water Crystal": 5.804997089508799,
    "Y'shtola Rhul": 2.474155754651964,
    "Ahriman": 5.239347909308255,
    "Al Bhed Salvagers": 3.917273377921469,
    "Ardyn, the Usurper": 1.7496293856036897,
    "Black Mage's Rod": 4.472555602182124,
    "Cecil, Dark Knight": 2.296068796068796,
    "Circle of Power": 4.223994100566899,
    "Cornered by Black Mages": 3.9083077398543584,
    "Dark Confidant": 2.381296697999518,
    "Dark Knight's Greatsword": 4.5905818582197,
    "The Darkness Crystal": 3.864774051978331,
    "Demon Wall": 4.214177398546952,
    "Evil Reawakened": 3.5698346770909684,
    "Fang, Fearless l'Cie": 4.815729586404159,
    "Fight On!": 6.153245871236115,
    "The Final Days": 4.210397955115728,
    "Gaius van Baelsar": 4.174988399071926,
    "Hecteyes": 5.042369057569549,
    "Jecht, Reluctant Guardian": 1.6093314763231197,
    "Kain, Traitorous Dragoon": 5.0968461767331155,
    "Malboro": 5.484995681464847,
    "Namazu Trader": 6.575293667567686,
    "Ninja's Blades": 2.368938861560084,
    "Overkill": 2.1761791329204385,
    "Phantom Train": 6.116491508908686,
    "Poison the Waters": 6.120091595284539,
    "Qutrub Forayer": 7.7515223746079185,
    "Reno and Rude": 4.5812502643488555,
    "Resentful Revelation": 5.323534072900158,
    "Sephiroth, Fabled SOLDIER": 1.3200179533213645,
    "Sephiroth's Intervention": 2.6155209333234883,
    "Shambling Cie'th": 5.573062630290945,
    "Shinra Reinforcements": 6.4239330294711765,
    "Sidequest: Hunt the Mark": 2.5230855855855854,
    "Summon: Anima": 4.488714816781731,
    "Summon: Primal Odin": 1.5467153284671533,
    "Tonberry": 4.78744981166439,
    "Undercity Dire Rat": 5.383836316413528,
    "Vayne's Treachery": 3.2852246892355024,
    "Vincent Valentine": 1.721599464614355,
    "Vincent's Limit Break": 7.284961933961976,
    "Zenos yae Galvus": 1.7838004311672313,
    "Zodiark, Umbral God": 4.083177870697973,
    "Barret Wallace": 6.1923713027280165,
    "Blazing Bomb": 6.547628638253638,
    "Call the Mountain Chocobo": 5.1032769779820955,
    "Choco-Comet": 2.704701273261508,
    "Clive, Ifrit's Dominant": 1.8103616813294232,
    "Coral Sword": 6.16529609516421,
    "The Fire Crystal": 5.207977499360777,
    "Fire Magic": 4.0666242879147205,
    "Firion, Wild Rose Warrior": 3.010520275439939,
    "Freya Crescent": 5.86317914764356,
    "Gilgamesh, Master-at-Arms": 3.204795384892735,
    "Haste Magic": 8.14176413111065,
    "Hill Gigas": 7.110746246670185,
    "Item Shopkeep": 7.784754792313057,
    "Laughing Mad": 7.479085372086172,
    "Light of Judgment": 5.8610620487105045,
    "Mysidian Elder": 6.353583979842186,
    "Nibelheim Aflame": 1.8547782635852592,
    "Opera Love Song": 6.559547680878341,
    "Prompto Argentum": 4.765695158788472,
    "Queen Brahne": 4.48792815560269,
    "Random Encounter": 8.191287258434327,
    "Raubahn, Bull of Ala Mhigo": 3.5437296847834303,
    "Red Mage's Rapier": 6.988814050107012,
    "Sabotender": 7.0752054260151755,
    "Samurai's Katana": 3.1022468251383915,
    "Sandworm": 6.3322074868789215,
    "Seifer Almasy": 1.8750589344648751,
    "Self-Destruct": 7.033585249332929,
    "Sidequest: Play Blitzball": 6.86353760676673,
    "Sorceress's Schemes": 6.143444471429067,
    "Summon: Brynhildr": 3.3166343981929653,
    "Summon: Esper Ramuh": 5.215911533126233,
    "Summon: G.F. Cerberus": 2.8609825735945655,
    "Summon: G.F. Ifrit": 6.485819245773732,
    "Suplex": 3.5025343256768897,
    "Thunder Magic": 3.0414943008589828,
    "Triple Triad": 5.801961847934183,
    "Unexpected Request": 7.104025457438345,
    "Vaan, Street Thief": 4.256232518545543,
    "Warrior's Sword": 5.782954850153662,
    "Zell Dincht": 3.846430586907449,
    "Airship Crash": 7.437953775411423,
    "Ancient Adamantoise": 2.696479738027016,
    "Balamb T-Rexaur": 4.807803343843151,
    "Bard's Bow": 6.165135503048079,
    "Bartz and Boko": 3.047761194029851,
    "Blitzball Shot": 7.714904934291495,
    "Cactuar": 7.3118187443476605,
    "Chocobo Kick": 4.078617072969479,
    "Chocobo Racetrack": 4.807579273008507,
    "Clash of the Eikons": 5.217968164973791,
    "Coliseum Behemoth": 3.8694425926875544,
    "Commune with Beavers": 7.740204127047135,
    "Diamond Weapon": 4.145467583205578,
    "The Earth Crystal": 4.025405226596097,