{
    "Archon of the Wild Rose": 1.6429093567251463,
    "Archon's Glory": 6.427056751126918,
    "Armory Mice": 6.617905627653848,
    "Besotted Knight": 5.64035799128706,
    "Break the Spell": 8.476954226536742,
    "Charmed Clothier": 6.604300845619398,
    "Cheeky House-Mouse": 4.9307649141817755,
    "Cooped Up": 3.5836828633498956,
    "Cursed Courtier": 4.0528119902602775,
    "Discerning Financier": 5.313987646881591,
    "Dutiful Griffin": 5.8507009963847985,
    "Eerie Interference": 7.984474420972258,
    "Expel the Interlopers": 2.0500974951252435,
    "Frostbridge Guard": 6.774333989152399,
    "Gallant Pie-Wielder": 4.59824361890321,
    "Glass Casket": 3.8865617846183818,
    "Hopeful Vigil": 3.725572409257204,
    "Kellan's Lightblades": 4.7632890771361085,
    "Knight of Doves": 5.753313373982255,
    "Moment of Valor": 6.980920504271723,
    "Moonshaker Cavalry": 2.599140854623559,
    "Plunge into Winter": 8.507333087874326,
    "The Princess Takes Flight": 3.22406015037594,
    "Protective Parents": 7.199354260783265,
    "Regal Bunnicorn": 1.7756686798964625,
    "Return Triumphant": 6.5245689279074295,
    "Rimefur Reindeer": 7.458376353946887,
    "Savior of the Sleeping": 6.959168498216706,
    "Slumbering Keepguard": 7.484807745755153,
    "Solitary Sanctuary": 6.340759395583107,
    "Spellbook Vendor": 1.4969487388120424,
    "Stockpiling Celebrant": 4.851011350820683,
    "Stroke of Midnight": 4.608170584168683,
    "A Tale for the Ages": 3.851365625471556,
    "Three Blind Mice": 2.1882083108472745,
    "Tuinvale Guide": 7.249674785229454,
    "Unassuming Sage": 6.550155684310888,
    "Virtue of Loyalty": 1.2846335697399527,
    "Werefox Bodyguard": 1.9341108754922751,
    "Aquatic Alchemist": 6.764802807129897,
    "Archive Dragon": 4.188286770555478,
    "Asinine Antics": 2.957805907172996,
    "Beluna's Gatekeeper": 5.50076326782882,
    "Bitter Chill": 3.847325041950449,
    "Chancellor of Tales": 5.515897708301715,
    "Diminisher Witch": 7.391107593522815,
    "Disdainful Stroke": 7.134664467131474,
    "Extraordinary Journey": 3.0036552520200077,
    "Farsight Ritual": 3.821039988695775,
    "Freeze in Place": 8.228246980102352,
    "Gadwick's First Duel": 5.680642348495859,
    "Galvanic Giant": 6.183256100271883,
    "Horned Loch-Whale": 1.8858840081288104,
    "Ice Out": 6.800096072374522,
    "Icewrought Sentry": 5.054580306698951,
    "Ingenious Prodigy": 2.028387867921709,
    "Into the Fae Court": 6.2136345261162305,
    "Johann's Stopgap": 6.478682001781803,
    "Living Lectern": 8.241407160340076,
    "Merfolk Coralsmith": 8.94440992852188,
    "Misleading Motes": 8.51243435138251,
    "Mocking Sprite": 6.500583066094706,
    "Obyra's Attendants": 6.314427082261064,
    "Picklock Prankster": 4.292867402818924,
    "Quick Study": 6.6780089441959944,
    "Sleep-Cursed Faerie": 2.213730039579637,
    "Sleight of Hand": 7.867398262459991,
    "Snaremaster Sprite": 6.926984870799304,
    "Spell Stutter": 6.149994657548883,
    "Splashy Spellcaster": 5.35272665109123,
    "Stormkeld Prowler": 8.332339966065094,
    "Succumb to the Cold": 7.044683783697151,
    "Talion's Messenger": 2.011525220775333,
    "Tenacious Tomeseeker": 5.214717511976276,
    "Vantress Transmuter": 6.163915881480857,
    "Virtue of Knowledge": 4.329167198061472,
    "Water Wings": 8.812219101123596,
    "Ashiok, Wicked Manipulator": 1.2317255096966684,
    "Ashiok's Reaper": 5.394539147854798,
    "Back for Seconds": 3.9092546345211794,
    "Barrow Naughty": 4.612950968246182,
    "Beseech the Mirror": 3.525792711784193,
    "Candy Grapple": 2.2550983048365247,
    "Conceited Witch": 4.502725892242202,
    "Dream Spoilers": 5.991252087961289,
    "Ego Drain": 7.195311647625431,
    "The End": 2.085157804947398,
    "Eriette's Whisper": 7.427981622506136,
    "Faerie Dreamthief": 3.7463066236180413,
    "Faerie Fencing": 3.0283893034825873,
    "Feed the Cauldron": 3.736058082859464,
    "Fell Horseman": 5.87991124505765,
    "Gumdrop Poisoner": 1.5261296660117878,
    "High Fae Negotiator": 2.638814016172507,
    "Hopeless Nightmare": 4.4999237469075135,
    "Lich-Knights' Conquest": 4.06793810234831,
    "Lord Skitter, Sewer King": 1.3229021789522486,
    "Lord Skitter's Blessing": 1.9775703748306488,
    "Lord Skitter's Butcher": 3.0425096189648753,
    "Mintstrosity": 4.507673783781555,
    "Not Dead After All": 6.714110768744568,
    "Rankle's Prank": 2.4540181268882177,
    "Rat Out": 5.611244669585873,
    "Rowan's Grim Search": 6.744782437804854,
    "Scream Puff": 5.219768751407764,
    "Shatter the Oath": 4.485253370051167,
    "Specter of Mortality": 1.84716796875,
    "Spiteful Hexmage": 2.4588798904984603,
    "Stingblade Assassin": 6.315113598946328,
    "Sugar Rush": 7.809188380501184,
    "Sweettooth Witch": 4.596771548967847,
    "Taken by Nightmares": 2.550761227144059,
    "Tangled Colony": 1.920111472364143,
    "Twisted Sewer-Witch": 3.12423433328098,
    "Virtue of Persistence": 1.2207274539113104,
    "Voracious Vermin": 4.3111418096806755,
    "Warehouse Tabby": 6.63799537353103,
    "Wicked Visitor": 6.760931670536669,
    "The Witch's Vanity": 2.5538904252933703,
    "Belligerent of the Ball": 3.8975834851244686,
    "Bellowing Bruiser": 6.396477041090011,
    "Bespoke Battlegarb": 8.380133843914017,
    "Boundary Lands Ranger": 5.220006628369421,
    "Charming Scoundrel": 2.246161654612359,
    "Cut In": 3.3038598315237295,
    "Edgewall Pack": 4.700559886371144,
    "Embereth Veteran": 3.9890099589923844,
    "Flick a Coin": 5.44514905470278,
    "Food Fight": 6.1117265603890845,
    "Frantic Firebolt": 4.524222046865887,
    "Gnawing Crescendo": 6.956745037643186,
    "Goddric, Cloaked Reveler": 1.7556410704915166,
    "Grabby Giant": 4.733271671875997,
    "Grand Ball Guest": 5.276794556794557,
    "Harried Spearguard": 5.826041966082207,
    "Hearth Elemental": 3.4606216782090513,
    "Imodane, the Pyrohammer": 2.887088607594937,
    "Kindled Heroism": 8.658675958188153,
    "Korvold and the Noble Thief": 6.655512676469152,
    "Merry Bards": 6.589478560084701,
    "Minecart Daredevil": 5.536125002713989,
    "Monstrous Rage": 3.6678077817234245,
    "Raging Battle Mouse": 2.461811302908489,
    "Ratcatcher Trainee": 3.869159711289987,
    "Realm-Scorcher Hellkite": 1.3426384511481315,
    "Redcap Gutter-Dweller": 1.5762323270920902,
    "Redcap Thief": 5.377182187308863,
    "Rotisserie Elemental": 3.67652108995894,
    "Skewer Slinger": 7.245413562681843,
    "Song of Totentanz": 1.6525620424924121,
    "Stonesplitter Bolt": 3.187247564742219,
    "Tattered Ratter": 5.195953978906999,
    "Torch the Tower": 2.6807217071732126,
    "Twisted Fealty": 4.723103023448387,
    "Two-Headed Hunter": 3.4433664013953997,
    "Unruly Catapult": 6.977515334979686,
    "Virtue of Courage": 2.7641004528612596,
    "Witch's Mark": 6.283106318577374,
    "Witchstalker Frenzy": 2.4187408491947293,
    "Agatha's Champion": 2.4244313122318464,
    "Beanstalk Wurm": 5.5388516493208675,
    "Bestial Bloodline": 7.947707129819544,
    "Blossoming Tortoise": 2.770036246476037,
    "Bramble Familiar": 2.2566013897662667,
    "Brave the Wilds": 5.84608435435605,
    "Commune with Nature": 8.835951462133558,
    "Curse of the Werefox": 4.243528490835965,
    "Elvish Archivist": 2.010818933132983,
    "Feral Encounter": 2.6268688594617684,
    "Ferocious Werefox": 4.441782495156263,
    "Graceful Takedown": 3.6620950821349982,
    "Gruff Triplets": 1.3881424610791213,
    "Hamlet Glutton": 3.3991517382506604,
    "Hollow Scavenger": 4.355469699600625,
    "Howling Galefang": 3.7555053925257087,
    "The Huntsman's Redemption": 1.8300032754667541,
    "Leaping Ambush": 8.220313451097816,
    "Night of the Sweets' Revenge": 5.884501812395014,
    "Redtooth Genealogist": 5.382072837365157,
    "Redtooth Vanguard": 3.904021981145483,
    "Return from the Wilds": 5.701861576544994,
    "Rootrider Faun": 4.0498100146721345,