{
    "Anticausal Vestige": 1.1418406072106262,
    "Tezzeret, Cruel Captain": 1.5690721649484536,
    "All-Fates Stalker": 2.5470011760094082,
    "Astelli Reclaimer": 2.024296675191816,
    "Auxiliary Boosters": 5.951916601567762,
    "Banishing Light": 3.0192205424295375,
    "Beyond the Quiet": 2.238517136861739,
    "Brightspear Zealot": 7.029231270195126,
    "Cosmogrand Zenith": 1.2609776304888152,
    "Dawnstrike Vanguard": 4.392702917070591,
    "Dockworker Drone": 5.013966522990694,
    "Dual-Sun Adepts": 3.587821394561422,
    "Dual-Sun Technique": 5.9361335264501,
    "Emergency Eject": 4.090320752043082,
    "Exalted Sunborn": 1.6177901320361363,
    "Exosuit Savior": 6.206485858399134,
    "Flight-Deck Coordinator": 6.686423147589007,
    "Focus Fire": 4.473320339180702,
    "Haliya, Guided by Light": 1.8402612826603326,
    "Hardlight Containment": 3.951927597555242,
    "Honor": 4.548071767374717,
    "Honored Knight-Captain": 3.9049142747982235,
    "Knight Luminary": 4.269592697869035,
    "Lightstall Inquisitor": 3.0341015260043602,
    "Lumen-Class Frigate": 1.6224248564674097,
    "Luxknight Breacher": 6.709484940848272,
    "Pinnacle Starcage": 4.625694808599895,
    "Pulsar Squadron Ace": 3.963074712643678,
    "Radiant Strike": 4.9830884475711485,
    "Rayblade Trooper": 2.943151945320715,
    "Reroute Systems": 5.097009260664946,
    "Rescue Skiff": 4.6944525123438865,
    "Scout for Survivors": 5.836888111888112,
    "Seam Rip": 5.06310977951909,
    "The Seriema": 2.607777339123569,
    "Squire's Lightblade": 7.5095629927554945,
    "Starfield Shepherd": 2.738362412220372,
    "Starfighter Pilot": 5.605137537621614,
    "Starport Security": 6.494486012983288,
    "Sunstar Chaplain": 1.8612385321100917,
    "Sunstar Expansionist": 3.1591409364031175,
    "Sunstar Lightsmith": 3.2638397408984585,
    "Wedgelight Rammer": 4.383964229901024,
    "Weftblade Enhancer": 5.6841175816230045,
    "Zealous Display": 7.903846854616347,
    "Annul": 6.382086910926132,
    "Atomic Microsizer": 7.2830648353990926,
    "Cerebral Download": 4.966860240030972,
    "Cloudsculpt Technician": 7.260138303592642,
    "Codecracker Hound": 2.638951479645486,
    "Consult the Star Charts": 2.345764173313214,
    "Cryogen Relic": 3.2237341616131734,
    "Cryoshatter": 4.440669637562058,
    "Desculpting Blast": 3.9313632482686653,
    "Divert Disaster": 6.208617507823156,
    "Emissary Escort": 2.7710413694721825,
    "Gigastorm Titan": 3.4211995184415014,
    "Illvoi Galeblade": 6.475092406458725,
    "Illvoi Infiltrator": 3.8116450368291828,
    "Illvoi Light Jammer": 6.972638666481736,
    "Illvoi Operative": 6.315902531595524,
    "Lost in Space": 6.349241091785552,
    "Mechan Assembler": 3.514841182913472,
    "Mechan Navigator": 4.329096471196519,
    "Mechan Shieldmate": 6.787328819426768,
    "Mechanozoa": 5.176027356702984,
    "Mental Modulation": 7.062272659325328,
    "Mm'menon, the Right Hand": 3.0424543946932006,
    "Moonlit Meditation": 5.383399558498896,
    "Mouth of the Storm": 3.441689827682046,
    "Nanoform Sentinel": 6.777907543828127,
    "Quantum Riddler": 1.3611755607115237,
    "Scour for Scrap": 6.138534876933554,
    "Selfcraft Mechan": 4.8201944014895695,
    "Sinister Cryologist": 8.141359096039713,
    "Specimen Freighter": 3.8720671770807606,
    "Starbreach Whale": 5.971900469001311,
    "Starfield Vocalist": 2.315648085963734,
    "Starwinder": 2.129685157421289,
    "Steelswarm Operator": 4.9647627821280516,
    "Synthesizer Labship": 2.1718371303926323,
    "Tractor Beam": 2.984515023721666,
    "Unravel": 5.953776282590412,
    "Uthros Psionicist": 3.5005003891915933,
    "Uthros Scanship": 4.137023717394273,
    "Weftwalking": 2.5155179363160016,
    "Alpharael, Stonechosen": 3.16728624535316,
    "Archenemy's Charm": 2.970219690805533,
    "Beamsaw Prospector": 4.62559749332566,
    "Blade of the Swarm": 6.44864,
    "Chorale of the Void": 3.7106992639327023,
    "Comet Crawler": 6.547672731042347,
    "Dark Endurance": 7.807327628124089,
    "Decode Transmissions": 6.543298066774783,
    "Depressurize": 3.509427442171875,
    "Dubious Delicacy": 2.327980234712786,
    "Elegy Acolyte": 1.4736646884272997,
    "Embrace Oblivion": 4.883890010874631,
    "Entropic Battlecruiser": 2.989461551127943,
    "Faller's Faithful": 3.19478591365283,
    "Fell Gravship": 3.118476120137863,
    "Gravblade Heavy": 7.567903354387687,
    "Gravkill": 3.0830634836960615,
    "Gravpack Monoist": 4.506194954470817,
    "Hullcarver": 5.20615307947117,
    "Hylderblade": 5.068637763919153,
    "Hymn of the Faller": 4.885008682230368,
    "Insatiable Skittermaw": 6.617971998083125,
    "Lightless Evangel": 4.47271041429595,
    "Monoist Circuit-Feeder": 2.878688970488236,
    "Monoist Sentry": 5.599326136285498,
    "Perigee Beckoner": 4.838281713910679,
    "Requiem Monolith": 2.4820264872819005,
    "Scrounge for Eternity": 5.967234733211605,
    "Sothera, the Supervoid": 2.246949731576379,
    "Sunset Saboteur": 2.215564738292011,
    "Susurian Dirgecraft": 4.35950465439535,
    "Susurian Voidborn": 3.843737882900349,
    "Swarm Culler": 6.210533931413688,
    "Temporal Intervention": 8.133738601823708,
    "Timeline Culler": 4.095233709417453,
    "Tragic Trajectory": 2.7021397194275187,
    "Umbral Collar Zealot": 3.1834547534469264,
    "Virus Beetle": 3.7181414349740214,
    "Voidforged Titan": 3.797172863471206,
    "Vote Out": 3.0030285456537147,
    "Xu-Ifit, Osteoharmonist": 2.4639498432601883,
    "Zero Point Ballad": 1.9316286826014453,
    "Bombard": 4.469230378116367,
    "Cut Propulsion": 3.7891156462585034,
    "Debris Field Crusher": 5.061221402911704,
    "Devastating Onslaught": 2.5395232120451694,
    "Drill Too Deep": 8.088639626268279,
    "Frontline War-Rager": 7.303267499092014,
    "Full Bore": 6.785703038891513,
    "Galvanizing Sawship": 5.575926191843768,
    "Invasive Maneuvers": 3.4526390326270495,
    "Kav Landseeker": 4.828595173506029,
    "Kavaron Harrier": 4.298256428319831,
    "Kavaron Skywarden": 7.172256785911395,
    "Kavaron Turbodrone": 6.725491200655788,
    "Lithobraking": 6.255417700578991,
    "Melded Moxite": 5.598448932225697,
    "Memorial Team Leader": 5.330760829996359,
    "Memorial Vault": 5.546485449845743,
    "Molecular Modifier": 4.777416798732171,
    "Nebula Dragon": 6.137846112886049,
    "Nova Hellkite": 1.5657627118644069,
    "Orbital Plunge": 3.6402933799818746,
    "Oreplate Pangolin": 5.025297641849133,
    "Pain for All": 2.6838970023059185,
    "Plasma Bolt": 4.512862460978582,
    "Possibility Technician": 2.008201202843084,
    "Red Tiger Mechan": 7.04976011493958,
    "Remnant Elemental": 6.405796636281936,
    "Rig for War": 8.128179502492413,
    "Roving Actuator": 6.290864995957963,
    "Ruinous Rampage": 7.544830699774266,
    "Rust Harvester": 2.4830164494766076,
    "Slagdrill Scrapper": 6.424409181219283,
    "Systems Override": 5.996201458368662,
    "Tannuk, Steadfast Second": 2.132316773241515,
    "Terminal Velocity": 5.6673048110537705,
    "Terrapact Intimidator": 2.605583173996176,
    "Territorial Bruntar": 4.207052603279863,
    "Vaultguard Trooper": 5.387136958997722,
    "Warmaker Gunship": 2.0218351962568235,
    "Weapons Manufacturing": 4.347270485371595,
    "Weftstalker Ardent": 4.539709973863924,
    "Zookeeper Mechan": 4.086016972451841,
    "Atmospheric Greenhouse": 4.4100951959265,
    "Bioengineered Future": 4.147420443587271,
    "Biosynthic Burst": 5.385617426428159,
    "Blooming Stinger": 5.053872403560831,
    "Broodguard Elite": 3.828940045535037,
    "Close Encounter": 3.343867316635849,
    "Diplomatic Relations": 3.944591527987897,
    "Drix Fatemaker": 4.993605128049336,
    "Edge Rover": 3.26006770164585,
    "Eumidian Terrabotanist": 3.4932060227690047,
    "Eusocial Engineering": 3.326196250073934,
    "Famished Worldsire": 2.7488921713441656,
    "Frenzied Baloth": 3.002947437366956,