{
    "Abuelo's Awakening": 4.48758483358394,
    "Acrobatic Leap": 8.568232413178984,
    "Adaptive Gemguard": 5.643214514197601,
    "Attentive Sunscribe": 5.720182681185434,
    "Bat Colony": 6.552576969890456,
    "Clay-Fired Bricks": 3.0598059929367856,
    "Cosmium Blast": 5.419020141166103,
    "Dauntless Dismantler": 5.817543463998688,
    "Deconstruction Hammer": 6.864584585021975,
    "Dusk Rose Reliquary": 3.255287350329319,
    "Envoy of Okinec Ahau": 6.5885999417793135,
    "Fabrication Foundry": 5.073689505263536,
    "Family Reunion": 8.416312972873223,
    "Get Lost": 2.6447516138085883,
    "Glorifier of Suffering": 5.846571440035309,
    "Guardian of the Great Door": 3.2452184593788385,
    "Helping Hand": 6.246650686770835,
    "Ironpaw Aspirant": 5.260792440601068,
    "Kinjalli's Dawnrunner": 3.4992264801624393,
    "Kutzil's Flanker": 2.1775763679086944,
    "Malamet War Scribe": 4.444123026631556,
    "Market Gnome": 4.363515621977795,
    "Might of the Ancestors": 6.2564273755354005,
    "Miner's Guidewing": 4.463262696200382,
    "Mischievous Pup": 4.699294214000096,
    "Ojer Taq, Deepest Foundation": 1.4968976215098242,
    "Oltec Archaeologists": 7.42915730851281,
    "Oltec Cloud Guard": 3.5215649578608734,
    "Oteclan Landmark": 7.008024045903089,
    "Petrify": 3.5229619770712968,
    "Quicksand Whirlpool": 5.198831364826575,
    "Resplendent Angel": 1.3692182850960237,
    "Ruin-Lurker Bat": 3.1466035957662752,
    "Sanguine Evangelist": 1.629238795352146,
    "Soaring Sandwing": 5.982831969499721,
    "Spring-Loaded Sawblades": 2.6019594522115352,
    "Thousand Moons Crackshot": 7.7657165657582015,
    "Thousand Moons Infantry": 7.963707817231416,
    "Thousand Moons Smithy": 1.473866700911776,
    "Tinker's Tote": 4.211383995145681,
    "Unstable Glyphbridge": 1.636757136172204,
    "Vanguard of the Rose": 4.529144228005948,
    "Warden of the Inner Sky": 1.708719646799117,
    "Akal Pakal, First Among Equals": 1.845957011258956,
    "Ancestral Reminiscence": 8.504199603069774,
    "Brackish Blunder": 6.07575215735054,
    "Braided Net": 2.4370931112793337,
    "Chart a Course": 4.395045952085915,
    "Cogwork Wrestler": 6.0783810784881185,
    "Confounding Riddle": 5.251612831956166,
    "Council of Echoes": 5.007404078156787,
    "Didact Echo": 7.641591353049894,
    "Eaten by Piranhas": 4.4003272394645645,
    "The Enigma Jewel": 4.395026026604974,
    "The Everflowing Well": 2.645189003436426,
    "Frilled Cave-Wurm": 8.624751689864878,
    "Hermitic Nautilus": 4.64120999888239,
    "Hurl into History": 6.865919468659195,
    "Inverted Iceberg": 5.345078887720839,
    "Kitesail Larcenist": 1.6262187243040056,
    "Lodestone Needle": 3.6892698901945673,
    "Malcolm, Alluring Scoundrel": 1.583570412517781,
    "Marauding Brinefang": 6.9747235044679945,
    "Merfolk Cave-Diver": 6.172769835298052,
    "Oaken Siren": 4.5167207236245694,
    "Ojer Pakpatiq, Deepest Epoch": 1.400323275862069,
    "Orazca Puzzle-Door": 7.439819408961989,
    "Out of Air": 8.2651631072034,
    "Pirate Hat": 7.885037356833733,
    "Relic's Roar": 9.299552440297663,
    "River Herald Scout": 5.425051230590472,
    "Sage of Days": 7.978918499639869,
    "Self-Reflection": 7.15097645084552,
    "Shipwreck Sentry": 7.103983846321764,
    "Sinuous Benthisaur": 6.729274464629679,
    "Song of Stupefaction": 8.854461709773751,
    "Spyglass Siren": 2.8220723482526058,
    "Staunch Crewmate": 3.7876492470150596,
    "Tishana's Tidebinder": 2.206426565339501,
    "Unlucky Drop": 7.765645342077598,
    "Waterlogged Hulk": 7.220988004011422,
    "Waterwind Scout": 3.478859239022388,
    "Waylaying Pirates": 6.216394814209407,
    "Zoetic Glyph": 3.10141916261565,
    "Abyssal Gorestalker": 6.4041281803990975,
    "Aclazotz, Deepest Betrayal": 1.2362252663622526,
    "Another Chance": 6.6241388666958105,
    "Bitter Triumph": 2.6967410021471543,
    "Bloodthorn Flail": 7.9043537547482225,
    "Bringer of the Last Gift": 2.6303726974153934,
    "Broodrage Mycoid": 6.4054385019899325,
    "Canonized in Blood": 6.160346466673709,
    "Chupacabra Echo": 2.546581761922913,
    "Corpses of the Lost": 2.1865826282161978,
    "Dead Weight": 4.405448168826719,
    "Deathcap Marionette": 5.440786372265471,
    "Deep Goblin Skulltaker": 6.510863169068525,
    "Deep-Cavern Bat": 2.9382834722903386,
    "Echo of Dusk": 5.96605938912456,
    "Fanatical Offering": 6.606476559455482,
    "Gargantuan Leech": 6.450432019068428,
    "Grasping Shadows": 5.039512256883236,
    "Greedy Freebooter": 6.9696804627601825,
    "Join the Dead": 3.3361894624800428,
    "Malicious Eclipse": 6.48589037948636,
    "Mephitic Draught": 7.161433608374832,
    "Preacher of the Schism": 1.5814962476547842,
    "Primordial Gnawer": 7.784378165054308,
    "Queen's Bay Paladin": 3.0514200853907556,
    "Rampaging Spiketail": 5.971089815829084,
    "Ray of Ruin": 6.270142216875885,
    "Screaming Phantom": 6.671131989695408,
    "Skullcap Snail": 5.42127289687924,
    "Soulcoil Viper": 4.447146841844582,
    "Stalactite Stalker": 2.0211344922232386,
    "Starving Revenant": 1.8709356666998112,
    "Stinging Cave Crawler": 3.7092700443586106,
    "Synapse Necromage": 4.814694727270552,
    "Tarrian's Journal": 2.211418685121107,
    "Terror Tide": 2.1749055956059045,
    "Tithing Blade": 4.83107627549169,
    "Visage of Dread": 4.2703470031545745,
    "Vito's Inquisitor": 7.706081859324443,
    "Abrade": 2.6872146118721463,
    "Ancestors' Aid": 7.275648306729287,
    "Belligerent Yearling": 3.0467110290965347,
    "Bonehoard Dracosaur": 1.1483426320971448,
    "Brass's Tunnel-Grinder": 2.351642174576407,
    "Brazen Blademaster": 6.8767128839826235,
    "Breeches, Eager Pillager": 1.423470065047126,
    "Burning Sun Cavalry": 6.662684353629397,
    "Calamitous Cave-In": 7.166373646710466,
    "Child of the Volcano": 7.800558800941065,
    "Curator of Sun's Creation": 5.593656955073774,
    "Daring Discovery": 8.518842162752595,
    "Diamond Pick-Axe": 3.715771653423216,
    "Dinotomaton": 5.302672912880497,
    "Dire Flail": 2.119362920544023,
    "Dowsing Device": 5.44952422223426,
    "Dreadmaw's Ire": 3.704930249195183,
    "Enterprising Scallywag": 3.9188981858991663,
    "Etali's Favor": 5.414067640765741,
    "Geological Appraiser": 2.618522943493075,
    "Goblin Tomb Raider": 5.7790042543405775,
    "Goldfury Strider": 6.118101905411685,
    "Hit the Mother Lode": 5.524305443254956,
    "Hotfoot Gnome": 7.380730443877515,
    "Idol of the Deep King": 5.113423549679988,
    "Inti, Seneschal of the Sun": 1.4711847002952125,
    "Magmatic Galleon": 1.5574891982717234,
    "Ojer Axonil, Deepest Might": 1.569131060969755,
    "Panicked Altisaur": 5.6377497911978045,
    "Plundering Pirate": 4.525175325604694,
    "Poetic Ingenuity": 1.983291894579811,
    "Rampaging Ceratops": 4.558305331612772,
    "Rumbling Rockslide": 4.981601460428822,
    "Saheeli's Lattice": 4.704508466695083,
    "Scytheclaw Raptor": 2.9287985594973565,
    "Seismic Monstrosaur": 5.643468023820312,
    "Sunfire Torch": 5.715131839609292,
    "Sunshot Militia": 5.82688446760144,
    "Tectonic Hazard": 9.326359566864246,
    "Triumphant Chomp": 3.2353264038969503,
    "Trumpeting Carnosaur": 1.30521450238336,
    "Volatile Wanderglyph": 5.22594527215528,
    "Zoyowa's Justice": 8.024101135407905,
    "Armored Kincaller": 5.293888724988286,
    "Basking Capybara": 7.54415791351783,
    "Bedrock Tortoise": 1.8232985644944748,
    "Cavern Stomper": 5.756823882560961,
    "Cenote Scout": 3.9241777412171843,
    "Coati Scavenger": 4.613690997176987,
    "Colossadactyl": 3.0909800788130823,
    "Disturbed Slumber": 9.19351688794459,
    "Earthshaker Dreadmaw": 3.3882768265229553,
    "Explorer's Cache": 5.513667017799159,
    "Ghalta, Stampede Tyrant": 2.1321310906883997,
    "Glimpse the Core": 6.014599290597851,
    "Glowcap Lantern": 6.064105509377219,
    "Growing Rites of Itlimoc": 3.8139580764488286,