{
    "Putrid Warrior": 6.862892223738063,
    "Krosan Tusker": 4.500219973603167,
    "Mass Hysteria": 5.730647709320695,
    "Spell Snare": 6.84487901889294,
    "Ghost Quarter": 7.33609166136219,
    "Enlisted Wurm": 3.3398176291793313,
    "Kuldotha Rebirth": 6.266643059490085,
    "Molten Psyche": 5.4080547112462005,
    "Leonin Relic-Warder": 3.8457172342621257,
    "Gnaw to the Bone": 7.7428845538855136,
    "Stromkirk Captain": 6.533520533520534,
    "Burden of Guilt": 7.089444261756001,
    "Ixidor, Reality Sculptor": 4.128279883381924,
    "Duskmantle, House of Shadow": 7.76724960254372,
    "Worldspine Wurm": 3.7571743929359824,
    "Possibility Storm": 5.848596750369277,
    "Millstone": 7.636006051437216,
    "Nyx Weaver": 5.109921778509674,
    "Evolutionary Leap": 5.280701754385965,
    "Shard of Broken Glass": 8.005401970130283,
    "Metalspinner's Puzzleknot": 6.834026223217141,
    "Smuggler's Copter": null,
    "Consign // Oblivion": 5.3781929088829585,
    "Bishop of the Bloodstained": 6.990491283676704,
    "Goblin Warchief": 6.647312541473125,
    "High Alert": 7.025201612903226,
    "Jace, Wielder of Mysteries": 2.8476027397260273,
    "Syr Konrad, the Grim": 3.2365089940039975,
    "Ranger-Captain of Eos": null,
    "Hard Evidence": 4.6641635377555275,
    "Combine Chrysalis": 5.415213946117274,
    "Quintorius, Field Historian": 5.230236348818256,
    "Laid to Rest": 7.5561514195583594,
    "Monologue Tax": 5.362389023405973,
    "Magmaw": 4.680203045685279,
    "Mistveil Plains": 6.956424223005447,
    "Mentor of the Meek": 2.3227611940298507,
    "Ghostly Prison": 2.6219512195121952,
    "Fabricate": 5.224264705882353,
    "Show and Tell": 4.633130962705985,
    "Tragic Slip": 2.764705882352941,
    "Victimize": null,
    "Gamble": 4.608974358974359,
    "Crashing Footfalls": null,
    "Tireless Tracker": null,
    "Drown in the Loch": 3.7098560354374306,
    "Field of the Dead": 4.503105590062112,
    "Case of the Shattered Pact": 5.951436031331593,
    "Absolving Lammasu": 5.747295231815866,
    "Assemble the Players": 3.6840576592082614,
    "Aurelia's Vindicator": 1.1519174041297935,
    "Auspicious Arrival": 4.940110251875185,
    "Call a Surprise Witness": 5.062586742449277,
    "Case of the Gateway Express": 2.5167219458264234,
    "Case of the Pilfered Proof": 5.064852656485265,
    "Case of the Uneaten Feast": 5.293927838075682,
    "Defenestrated Phantom": 6.460695663652564,
    "Delney, Streetwise Lookout": 1.7149950347567031,
    "Doorkeeper Thrull": 4.26861451460886,
    "Due Diligence": 6.498826159865847,
    "Essence of Antiquity": 6.031044106223207,
    "Forum Familiar": 5.541849693709846,
    "Griffnaut Tracker": 5.710126374142629,
    "Haazda Vigilante": 5.601064084170253,
    "Inside Source": 3.127341061210701,
    "Karlov Watchdog": 3.683659719726913,
    "Krovod Haunch": 5.489983708441441,
    "Make Your Move": 5.655745208812653,
    "Makeshift Binding": 2.5597581811013272,
    "Marketwatch Phantom": 3.202934184057058,
    "Museum Nightwatch": 4.528749895429575,
    "Neighborhood Guardian": 2.514529198100028,
    "No Witnesses": 2.4111310592459607,
    "Not on My Watch": 3.402910258905976,
    "Novice Inspector": 2.5441790637368635,
    "On the Job": 5.146932658018502,
    "Perimeter Enforcer": 2.6178411190287676,
    "Sanctuary Wall": 6.618079964850615,
    "Seasoned Consultant": 4.205383508183585,
    "Tenth District Hero": 1.4428656009473062,
    "Unyielding Gatekeeper": 1.6884797213237124,
    "Wrench": 6.525274603657693,
    "Agency Outfitter": 6.4521890045907515,
    "Behind the Mask": 8.346811068525806,
    "Benthic Criminologists": 7.605067926632922,
    "Bubble Smuggler": 6.274295604482057,
    "Burden of Proof": 5.817240541689439,
    "Candlestick": 6.878384567718296,
    "Case of the Filched Falcon": 4.811736116074619,
    "Case of the Ransacked Lab": 6.150694488488615,
    "Cold Case Cracker": 4.293318079869944,
    "Conspiracy Unraveler": 3.4906552578248142,
    "Coveted Falcon": 3.3297021671109053,
    "Crimestopper Sprite": 4.887028282990145,
    "Cryptic Coat": 1.4264162561576355,
    "Curious Inquiry": 6.126318620565998,
    "Deduce": 5.594902061414763,
    "Dramatic Accusation": 5.323038693645723,
    "Eliminate the Impossible": 5.341794531792638,
    "Exit Specialist": 3.046028491258364,
    "Fae Flight": 5.755094592128475,
    "Forensic Gadgeteer": 2.8528899215800174,
    "Forensic Researcher": 4.62606699662865,
    "Furtive Courier": 4.80836417724584,
    "Hotshot Investigators": 6.927404249822386,
    "Intrude on the Mind": 2.1090987494609745,
    "Jaded Analyst": 6.416333453140444,
    "Living Conundrum": 7.30606502986065,
    "Lost in the Maze": 3.043701461103067,
    "Mistway Spy": 4.573509447807742,
    "Out Cold": 5.20058456292384,
    "Proft's Eidetic Memory": 2.3736929003852505,
    "Projektor Inspector": 4.427042512765705,
    "Reasonable Doubt": 6.243446804140182,
    "Reenact the Crime": 5.492260273972603,
    "Steamcore Scholar": 1.8812209688122097,
    "Unauthorized Exit": 6.117004608821948,
    "Agency Coroner": 8.090598432209093,
    "Alley Assailant": 6.7015928929061985,
    "Barbed Servitor": 2.927161720857589,
    "Basilica Stalker": 6.420383881468179,
    "Case of the Stashed Skeleton": 2.467849223946785,
    "Cerebral Confiscation": 7.90543096744362,
    "Deadly Cover-Up": 2.2378212504794783,
    "Extract a Confession": 4.499535720076054,
    "Festerleech": 5.831139821299203,
    "Homicide Investigator": 2.0243648479800083,
    "Hunted Bonebrute": 2.1307767944936087,
    "Illicit Masquerade": 4.591900840478818,
    "It Doesn't Add Up": 6.723082043601265,
    "Lead Pipe": 7.210822337731574,
    "Leering Onlooker": 3.487331281079801,
    "Long Goodbye": 3.0289173946699104,
    "Macabre Reconstruction": 7.097820228110649,
    "Massacre Girl, Known Killer": 1.4806598407281002,
    "Murder": 4.066693145334789,
    "Nightdrinker Moroii": 4.697874457951233,
    "Outrageous Robbery": 2.63265625,
    "Persuasive Interrogators": 5.999940770574821,
    "Polygraph Orb": 7.009141600986542,
    "Presumed Dead": 6.115262529485425,
    "Repeat Offender": 6.416877836717686,
    "Rot Farm Mortipede": 7.325170879202776,
    "Slice from the Shadows": 4.4563025210084035,
    "Slimy Dualleech": 5.091464242095264,
    "Snarling Gorehound": 5.694157863560075,
    "Soul Enervation": 3.786639946559786,
    "Toxin Analysis": 6.961844041196665,
    "Undercity Eliminator": 4.144058969633844,
    "Unscrupulous Agent": 5.3270776458637545,
    "Vein Ripper": 1.5100426049908704,
    "Anzrag's Rampage": 6.144717353739817,
    "Bolrac-Clan Basher": 3.978280358598207,
    "Case of the Burning Masks": 3.493811230585424,
    "Case of the Crimson Pulse": 3.133806519453207,
    "Caught Red-Handed": 7.324474033235378,
    "The Chase Is On": 6.20719594517808,
    "Concealed Weapon": 5.355625931445603,
    "Connecting the Dots": 4.371140460467607,
    "Convenient Target": 6.295058716741362,
    "Cornered Crook": 4.640497348430557,
    "Crime Novelist": 5.456183010718285,
    "Demand Answers": 7.036343410124313,
    "Expedited Inheritance": 5.494164492654126,
    "Expose the Culprit": 7.513915722416584,
    "Felonious Rage": 6.5380100738899865,
    "Frantic Scapegoat": 4.733365932031714,
    "Fugitive Codebreaker": 2.128907008347894,
    "Galvanize": 3.1065628142854087,
    "Gearbane Orangutan": 5.582337028717726,
    "Goblin Maskmaker": 6.4441260093256,
    "Harried Dronesmith": 3.311498681808964,
    "Incinerator of the Guilty": 1.2444889779559118,
    "Innocent Bystander": 5.840767313116654,
    "Knife": 6.8361604738826065,
    "Krenko, Baron of Tin Street": 1.6933400860977463,
    "Krenko's Buzzcrusher": 2.0120040691759917,
    "Lamplight Phoenix": 1.7425717852684144,
    "Offender at Large": 5.709986548099472,
    "Person of Interest": 4.261110004748847,
    "Pyrotechnic Performer": 1.7238990598713508,
    "Reckless Detective": 3.0089285714285716,
    "Red Herring": 4.48973972523332,