{
    "Abuelo's Awakening": 4.459398168338422,
    "Acrobatic Leap": 8.576566757493188,
    "Adaptive Gemguard": 5.6520962919312945,
    "Attentive Sunscribe": 5.734788730005258,
    "Bat Colony": 6.541766363588025,
    "Clay-Fired Bricks": 3.0756578410074646,
    "Cosmium Blast": 5.417790705540147,
    "Dauntless Dismantler": 5.809422402778233,
    "Deconstruction Hammer": 6.884167582715323,
    "Dusk Rose Reliquary": 3.255298686887368,
    "Envoy of Okinec Ahau": 6.576963883380951,
    "Fabrication Foundry": 5.079882222477152,
    "Family Reunion": 8.408485699526349,
    "Get Lost": 2.6324632463246322,
    "Glorifier of Suffering": 5.8335064524264455,
    "Guardian of the Great Door": 3.2349941153393487,
    "Helping Hand": 6.232959840718461,
    "Ironpaw Aspirant": 5.27259090744299,
    "Kinjalli's Dawnrunner": 3.4927707743761256,
    "Kutzil's Flanker": 2.1492766726943944,
    "Malamet War Scribe": 4.431501547987616,
    "Market Gnome": 4.350494012594909,
    "Might of the Ancestors": 6.26741901685148,
    "Miner's Guidewing": 4.495106970652387,
    "Mischievous Pup": 4.694885837704412,
    "Ojer Taq, Deepest Foundation": 1.4888521882741537,
    "Oltec Archaeologists": 7.424144381919269,
    "Oltec Cloud Guard": 3.542681665373675,
    "Oteclan Landmark": 7.009884921805843,
    "Petrify": 3.5310930092122677,
    "Quicksand Whirlpool": 5.20153123097974,
    "Resplendent Angel": 1.371699196326062,
    "Ruin-Lurker Bat": 3.166583541147132,
    "Sanguine Evangelist": 1.6307284433783613,
    "Soaring Sandwing": 5.984622234682014,
    "Spring-Loaded Sawblades": 2.603560763129363,
    "Thousand Moons Crackshot": 7.759121041455082,
    "Thousand Moons Infantry": 7.960164566536908,
    "Thousand Moons Smithy": 1.4682507169192953,
    "Tinker's Tote": 4.2162703078092445,
    "Unstable Glyphbridge": 1.639865788492606,
    "Vanguard of the Rose": 4.528566290578253,
    "Warden of the Inner Sky": 1.7152899824253076,
    "Akal Pakal, First Among Equals": 1.8478900883218843,
    "Ancestral Reminiscence": 8.500457624675699,
    "Brackish Blunder": 6.09488523479676,
    "Braided Net": 2.4459676126342793,
    "Chart a Course": 4.395691859346218,
    "Cogwork Wrestler": 6.118049546787187,
    "Confounding Riddle": 5.220745183226294,
    "Council of Echoes": 4.986058622040775,
    "Didact Echo": 7.633182928560223,
    "Eaten by Piranhas": 4.406089840217064,
    "The Enigma Jewel": 4.3436362021493915,
    "The Everflowing Well": 2.6201645774052142,
    "Frilled Cave-Wurm": 8.618543877297164,
    "Hermitic Nautilus": 4.6702916200381805,
    "Hurl into History": 6.8258013239703015,
    "Inverted Iceberg": 5.378600242602048,
    "Kitesail Larcenist": 1.63078070611636,
    "Lodestone Needle": 3.7161365673466062,
    "Malcolm, Alluring Scoundrel": 1.5876950176144942,
    "Marauding Brinefang": 6.973103461531069,
    "Merfolk Cave-Diver": 6.1672010688042755,
    "Oaken Siren": 4.560727496917386,
    "Ojer Pakpatiq, Deepest Epoch": 1.3991428571428572,
    "Orazca Puzzle-Door": 7.450941058911148,
    "Out of Air": 8.251447828714811,
    "Pirate Hat": 7.9118609444929335,
    "Relic's Roar": 9.294741232736772,
    "River Herald Scout": 5.423822116681958,
    "Sage of Days": 7.978563271320685,
    "Self-Reflection": 7.135277914412199,
    "Shipwreck Sentry": 7.123883669457816,
    "Sinuous Benthisaur": 6.745896540653343,
    "Song of Stupefaction": 8.846353521536358,
    "Spyglass Siren": 2.8368921547438943,
    "Staunch Crewmate": 3.8080382683872607,
    "Tishana's Tidebinder": 2.203181298883909,
    "Unlucky Drop": 7.770580936684013,
    "Waterlogged Hulk": 7.214991601572056,
    "Waterwind Scout": 3.506128554121461,
    "Waylaying Pirates": 6.256388657180074,
    "Zoetic Glyph": 3.1365174334639985,
    "Abyssal Gorestalker": 6.387534277032535,
    "Aclazotz, Deepest Betrayal": 1.233605220228385,
    "Another Chance": 6.651210298027144,
    "Bitter Triumph": 2.6922257479601086,
    "Bloodthorn Flail": 7.890742120100697,
    "Bringer of the Last Gift": 2.632646857663956,
    "Broodrage Mycoid": 6.375989985498804,
    "Canonized in Blood": 6.129023520382827,
    "Chupacabra Echo": 2.5426356589147288,
    "Corpses of the Lost": 2.1813567143516384,
    "Dead Weight": 4.3962197244847525,
    "Deathcap Marionette": 5.449317650878981,
    "Deep Goblin Skulltaker": 6.487707439521587,
    "Deep-Cavern Bat": 2.9534005560396697,
    "Echo of Dusk": 5.975070362509336,
    "Fanatical Offering": 6.591590005724376,
    "Gargantuan Leech": 6.444680603580455,
    "Grasping Shadows": 5.027245322245323,
    "Greedy Freebooter": 6.958617887141127,
    "Join the Dead": 3.326015515760634,
    "Malicious Eclipse": 6.45831602934756,
    "Mephitic Draught": 7.125928510506319,
    "Preacher of the Schism": 1.579875,
    "Primordial Gnawer": 7.777161219298115,
    "Queen's Bay Paladin": 3.012003200853561,
    "Rampaging Spiketail": 5.972344664164238,
    "Ray of Ruin": 6.244431110467402,
    "Screaming Phantom": 6.661731372659735,
    "Skullcap Snail": 5.410681441244391,
    "Soulcoil Viper": 4.4403707976039914,
    "Stalactite Stalker": 2.009604076832615,
    "Starving Revenant": 1.8542686821375347,
    "Stinging Cave Crawler": 3.6953121220428633,
    "Synapse Necromage": 4.781104900292918,
    "Tarrian's Journal": 2.199073645206114,
    "Terror Tide": 2.1640289086085445,
    "Tithing Blade": 4.853558096666033,
    "Visage of Dread": 4.2626779900592044,
    "Vito's Inquisitor": 7.6818566740764265,
    "Abrade": 2.691781476813421,
    "Ancestors' Aid": 7.30053342412893,
    "Belligerent Yearling": 3.0500901900929653,
    "Bonehoard Dracosaur": 1.149581589958159,
    "Brass's Tunnel-Grinder": 2.33479721002325,
    "Brazen Blademaster": 6.876367241845537,
    "Breeches, Eager Pillager": 1.426025459688826,
    "Burning Sun Cavalry": 6.666301694928751,
    "Calamitous Cave-In": 7.160672030288689,
    "Child of the Volcano": 7.787288260966048,
    "Curator of Sun's Creation": 5.584708774984413,
    "Daring Discovery": 8.519806808658208,
    "Diamond Pick-Axe": 3.736792803268892,
    "Dinotomaton": 5.317791998996852,
    "Dire Flail": 2.121946564885496,
    "Dowsing Device": 5.4692103472401925,
    "Dreadmaw's Ire": 3.7130250170318613,
    "Enterprising Scallywag": 3.909654534705695,
    "Etali's Favor": 5.47786651480847,
    "Geological Appraiser": 2.6281991187775384,
    "Goblin Tomb Raider": 5.803889075439691,
    "Goldfury Strider": 6.107473976990181,
    "Hit the Mother Lode": 5.501348361222514,
    "Hotfoot Gnome": 7.374935572585712,
    "Idol of the Deep King": 5.11539193302892,
    "Inti, Seneschal of the Sun": 1.4753674469243332,
    "Magmatic Galleon": 1.5608108108108107,
    "Ojer Axonil, Deepest Might": 1.5629361592142672,
    "Panicked Altisaur": 5.666471518572565,
    "Plundering Pirate": 4.54641191362922,
    "Poetic Ingenuity": 1.9943909408403007,
    "Rampaging Ceratops": 4.563104945750575,
    "Rumbling Rockslide": 4.983148877782913,
    "Saheeli's Lattice": 4.703042491749175,
    "Scytheclaw Raptor": 2.9279912050326757,
    "Seismic Monstrosaur": 5.6403939188985435,
    "Sunfire Torch": 5.73272238030966,
    "Sunshot Militia": 5.845793532987411,
    "Tectonic Hazard": 9.323289922557832,
    "Triumphant Chomp": 3.229140016812251,
    "Trumpeting Carnosaur": 1.3058118081180812,
    "Volatile Wanderglyph": 5.2518032492191535,
    "Zoyowa's Justice": 8.010633034288968,
    "Armored Kincaller": 5.30693156000424,
    "Basking Capybara": 7.529373915857362,
    "Bedrock Tortoise": 1.8162454475223486,
    "Cavern Stomper": 5.772543776869036,
    "Cenote Scout": 3.914388641661369,
    "Coati Scavenger": 4.609453914141414,
    "Colossadactyl": 3.0931694990451573,
    "Disturbed Slumber": 9.189765000340165,
    "Earthshaker Dreadmaw": 3.3761623454764247,
    "Explorer's Cache": 5.501205070566152,
    "Ghalta, Stampede Tyrant": 2.126860119047619,
    "Glimpse the Core": 5.978926908547835,
    "Glowcap Lantern": 6.046725746476365,
    "Growing Rites of Itlimoc": 3.794633861816639,