{
    "Ajani, Nacatl Pariah": 1.4102755026061058,
    "Razorgrass Ambush": 4.545752067577728,
    "Witch Enchanter": 4.458123467795855,
    "Hydroelectric Specimen": 5.819295640182455,
    "Sink into Stupor": 5.003875739059936,
    "Tamiyo, Inquisitive Student": 1.683666881859264,
    "Boggart Trawler": 5.979727162838888,
    "Fell the Profane": 3.023545136746864,
    "Sorin of House Markov": 1.7397174254317112,
    "Pinnacle Monk": 4.776084116219748,
    "Ral, Monsoon Mage": 2.858988764044944,
    "Sundering Eruption": 5.959557804269476,
    "Bridgeworks Battle": 3.1164272290000956,
    "Disciple of Freyalise": 4.323606820002289,
    "Grist, Voracious Larva": 2.3915486626208136,
    "Bloodsoaked Insight": 5.076169059562936,
    "Drowner of Truth": 3.3510046412407393,
    "Glasswing Grace": 4.131064051544438,
    "Legion Leadership": 4.6998466727997545,
    "Revitalizing Repast": 3.7306574463820406,
    "Rush of Inspiration": 5.1752085816448155,
    "Strength of the Harvest": 4.39438878636084,
    "Stump Stomp": 2.956911191768506,
    "Suppression Ray": 4.9912820922978485,
    "Waterlogged Teachings": 6.323641254711812,
    "Breaker of Creation": 3.306247473333955,
    "Devourer of Destiny": 2.1967642160361645,
    "Drownyard Lurker": 5.186404844925675,
    "Echoes of Eternity": 3.8723656480505797,
    "Eldrazi Ravager": 3.614104356886293,
    "Emrakul, the World Anew": 1.5476025017373176,
    "Glaring Fleshraker": 3.1827394990120466,
    "Herigast, Erupting Nullkite": 1.7416963226571767,
    "It That Heralds the End": 3.591191984594346,
    "Kozilek, the Broken Reality": 1.398753894080997,
    "Kozilek's Command": 2.388222698072805,
    "Null Elemental Blast": 7.515012952963576,
    "Nulldrifter": 1.5595741085009296,
    "Twisted Riddlekeeper": 3.7253634045685144,
    "Ulamog, the Defiler": 1.4261744966442953,
    "Warped Tusker": 4.786093096315651,
    "Wastescape Battlemage": 3.449913294797688,
    "Aerie Auxiliary": 4.790186769011894,
    "Ajani Fells the Godsire": 4.071802961681339,
    "Argent Dais": 5.7486759749638905,
    "Charitable Levy": 8.181671290509435,
    "Dog Umbra": 5.374110148035624,
    "Envoy of the Ancestors": 4.249345646698602,
    "Essence Reliquary": 7.5715028847063275,
    "Expel the Unworthy": 6.132450240407666,
    "Flare of Fortitude": 5.304133766836972,
    "Glyph Elemental": 2.8376647415963276,
    "Guardian of the Forgotten": 5.172382372432074,
    "Guide of Souls": 1.7520560462991166,
    "Hexgold Slith": 5.171231971387474,
    "Indebted Spirit": 5.3523258096172714,
    "Inspired Inventor": 5.6944771025273795,
    "Jolted Awake": 7.589843630559615,
    "Mandibular Kite": 6.138157041325587,
    "Metastatic Evangel": 3.6433856085925673,
    "Muster the Departed": 6.220685194833193,
    "Nyxborn Unicorn": 5.931502669717773,
    "Ocelot Pride": 1.7020012507817386,
    "Pearl-Ear, Imperial Advisor": 3.2076426880052256,
    "Phelia, Exuberant Shepherd": 2.022103060423751,
    "Proud Pack-Rhino": 4.3143874207312765,
    "Rosecot Knight": 7.830436114063373,
    "Solstice Zealot": 6.786290634425511,
    "Static Prison": 5.05795702534833,
    "Thraben Charm": 5.895485681732921,
    "Voltstorm Angel": 3.660581909812769,
    "White Orchid Phantom": 3.7822978615715552,
    "Wing It": 7.495210067101801,
    "Wrath of the Skies": 2.817111385433482,
    "Aether Spike": 6.314014500732997,
    "Amphibian Downpour": 3.255144977430954,
    "Bespoke Battlewagon": 5.062551405614021,
    "Brainsurge": 5.430146988183303,
    "Consign to Memory": 7.653153714374708,
    "Copycrook": 4.882158800008463,
    "Corrupted Shapeshifter": 6.503630505395107,
    "Deem Inferior": 6.4197386840877275,
    "Depth Defiler": 3.164332002356484,
    "Dreamtide Whale": 3.6233377428113904,
    "Electrozoa": 7.548868866908236,
    "Emrakul's Messenger": 3.658885584422872,
    "Flare of Denial": 4.161643676828562,
    "Harbinger of the Seas": 5.948618694482927,
    "Hope-Ender Coatl": 3.4297349369453527,
    "Kozilek's Unsealing": 4.264955715543585,
    "Petrifying Meddler": 5.134996221841497,
    "Roil Cartographer": 4.4412014735052425,
    "Sage of the Unknowable": 6.4919037199124725,
    "Serum Visionary": 5.291602760736196,
    "Shadow of the Second Sun": 4.255279647249942,
    "Strix Serenade": 5.63294434080951,
    "Tamiyo Meets the Story Circle": 6.803608204959223,
    "Tempest Harvester": 6.464342655514898,
    "Triton Wavebreaker": 6.935316818946466,
    "Tune the Narrative": 6.060829652125897,
    "Ugin's Binding": 2.1565656565656566,
    "Unfathomable Truths": 5.5668358714043995,
    "Utter Insignificance": 6.085503933301957,
    "Volatile Stormdrake": 3.683656472782997,
    "Accursed Marauder": 5.823317282195966,
    "Arcbound Condor": 4.770589682237975,
    "Breathe Your Last": 3.9386342525544094,
    "Chthonian Nightmare": 3.2121454254894126,
    "Consuming Corruption": 5.772107807682059,
    "Crabomination": 1.8715028820469564,
    "The Creation of Avacyn": 7.356687070743152,
    "Dreadmobile": 6.72614781822444,
    "Dreamdrinker Vampire": 6.235571843192853,
    "Drossclaw": 7.0746892720087065,
    "Emperor of Bones": 2.1033405431386685,
    "Etched Slith": 4.378876701966717,
    "Etherium Pteramander": 5.06523569023569,
    "Eviscerator's Insight": 7.014013406875288,
    "Fetid Gargantua": 6.520034011380731,
    "Flare of Malice": 3.09618138424821,
    "Gravedig": 6.893753663286464,
    "Grim Servant": 5.977366442026485,
    "Kami of Jealous Thirst": 7.287607141285004,
    "Lethal Throwdown": 5.187610690710031,
    "Marionette Apprentice": 3.5703519764386566,
    "Mindless Conscription": 6.327885100555035,
    "Necrodominance": 4.6552319309600865,
    "Nethergoyf": 2.6154148643334643,
    "Quest for the Necropolis": 6.510985410271445,
    "Refurbished Familiar": 5.3782694503467,
    "Retrofitted Transmogrant": 6.4625916414971325,
    "Ripples of Undeath": 6.1472005783597075,
    "Scurrilous Sentry": 6.85971839667161,
    "Shilgengar, Sire of Famine": 2.1741673630177867,
    "Warren Soultrader": 3.6599642833520734,
    "Wither and Bloom": 3.9806305258259655,
    "Wurmcoil Larva": 3.4231094978826375,
    "Aether Revolt": 3.3655996914770534,
    "Amped Raptor": 3.2717052041531307,
    "Ashling, Flame Dancer": 2.823074087725765,
    "Detective's Phoenix": 2.007334643091028,
    "Eldrazi Linebreaker": 2.1085213959797757,
    "Fanged Flames": 3.5130087806566026,
    "Flare of Duplication": 5.761122575319852,
    "Frogmyr Enforcer": 6.758296367941834,
    "Furnace Hellkite": 5.7190342286434594,
    "Galvanic Discharge": 3.1990222421256904,
    "Ghostfire Slice": 2.9779116465863456,
    "Glimpse the Impossible": 6.083931177249126,
    "Infernal Captor": 7.768226031684884,
    "Inventor's Axe": 7.615246455346251,
    "Mogg Mob": 7.61778356172975,
    "Molten Gatekeeper": 5.616116663888265,
    "Party Thrasher": 3.1587412587412587,
    "Phyrexian Ironworks": 4.8302376003039855,
    "Powerbalance": 6.163503297410326,
    "Ral and the Implicit Maze": 4.508483928817768,
    "Reckless Pyrosurfer": 4.625901804705831,
    "Reiterating Bolt": 3.412166412076557,
    "Sarpadian Simulacrum": 7.161878713571631,
    "Siege Smash": 7.714062650718627,
    "Skittering Precursor": 4.4469928076777485,
    "Skoa, Embermage": 6.262947230303311,
    "Smelted Chargebug": 5.80978715330724,
    "Spawn-Gang Commander": 2.8530054442428057,
    "Thriving Skyclaw": 6.575041660652662,
    "Unstable Amulet": 5.169226056769451,
    "Voidpouncer": 5.6731332127114085,
    "Wheel of Potential": 6.12886334107642,
    "Basking Broodscale": 3.6393525748940228,
    "Birthing Ritual": 4.139995022399203,
    "Collective Resistance": 5.591641987495887,
    "Colossal Dreadmask": 5.7456447442305425,
    "Eladamri, Korvecdal": 1.6395539521154476,
    "Eldrazi Repurposer": 3.3504652392578675,
    "Evolution Witness": 4.523256102093916,
    "Fanatic of Rhonas": 1.8140520011685657,
    "Fangs of Kalonia": 5.054769816826066,
    "Flare of Cultivation": 4.22722382651039,