{
    "Abuelo's Awakening": 4.2985640747764835,
    "Acrobatic Leap": 8.635022372076255,
    "Adaptive Gemguard": 5.715740603035221,
    "Attentive Sunscribe": 5.841909129998567,
    "Bat Colony": 6.5069010375352985,
    "Clay-Fired Bricks": 3.1789746221309945,
    "Cosmium Blast": 5.421817889705587,
    "Dauntless Dismantler": 5.822466817740369,
    "Deconstruction Hammer": 7.06498403751609,
    "Dusk Rose Reliquary": 3.295903783404795,
    "Envoy of Okinec Ahau": 6.489816658247407,
    "Fabrication Foundry": 5.227947353682442,
    "Family Reunion": 8.3276494385421,
    "Get Lost": 2.572738736673163,
    "Glorifier of Suffering": 5.78785303514377,
    "Guardian of the Great Door": 3.2668094924192483,
    "Helping Hand": 6.186543129571163,
    "Ironpaw Aspirant": 5.3873267984715065,
    "Kinjalli's Dawnrunner": 3.503190979491966,
    "Kutzil's Flanker": 2.068936645269327,
    "Malamet War Scribe": 4.375717017208413,
    "Market Gnome": 4.29539323297432,
    "Might of the Ancestors": 6.323853329878207,
    "Miner's Guidewing": 4.751591313475727,
    "Mischievous Pup": 4.645347045682151,
    "Ojer Taq, Deepest Foundation": 1.452814219212865,
    "Oltec Archaeologists": 7.374275885524401,
    "Oltec Cloud Guard": 3.68738298887706,
    "Oteclan Landmark": 7.055174081808421,
    "Petrify": 3.618212653957721,
    "Quicksand Whirlpool": 5.214888661012,
    "Resplendent Angel": 1.386402027027027,
    "Ruin-Lurker Bat": 3.3187325508904126,
    "Sanguine Evangelist": 1.6574194749581084,
    "Soaring Sandwing": 5.977071770803375,
    "Spring-Loaded Sawblades": 2.6155828152131293,
    "Thousand Moons Crackshot": 7.742504476778253,
    "Thousand Moons Infantry": 7.923248205532213,
    "Thousand Moons Smithy": 1.4612935323383085,
    "Tinker's Tote": 4.279412119021805,
    "Unstable Glyphbridge": 1.6591610677319775,
    "Vanguard of the Rose": 4.571837266198406,
    "Warden of the Inner Sky": 1.7414931437277805,
    "Akal Pakal, First Among Equals": 1.8714285714285714,
    "Ancestral Reminiscence": 8.483209722288967,
    "Brackish Blunder": 6.237657767503063,
    "Braided Net": 2.506141367323291,
    "Chart a Course": 4.4389487761387585,
    "Cogwork Wrestler": 6.455941242910554,
    "Confounding Riddle": 5.1286124846039876,
    "Council of Echoes": 4.895512979694753,
    "Didact Echo": 7.616146170935341,
    "Eaten by Piranhas": 4.444165316045381,
    "The Enigma Jewel": 4.168192376007651,
    "The Everflowing Well": 2.5884826538955727,
    "Frilled Cave-Wurm": 8.569996899954035,
    "Hermitic Nautilus": 4.870411787922642,
    "Hurl into History": 6.601097381180368,
    "Inverted Iceberg": 5.610586881472957,
    "Kitesail Larcenist": 1.6486048604860486,
    "Lodestone Needle": 3.9213736232271366,
    "Malcolm, Alluring Scoundrel": 1.6055843195266273,
    "Marauding Brinefang": 6.950582771860363,
    "Merfolk Cave-Diver": 6.179916941047999,
    "Oaken Siren": 4.864644777365976,
    "Ojer Pakpatiq, Deepest Epoch": 1.3867885334441212,
    "Orazca Puzzle-Door": 7.586683874383666,
    "Out of Air": 8.172582392751943,
    "Pirate Hat": 8.111528616434759,
    "Relic's Roar": 9.28127847186587,
    "River Herald Scout": 5.482476185414979,
    "Sage of Days": 7.99588531263984,
    "Self-Reflection": 7.06670587370433,
    "Shipwreck Sentry": 7.305819265143992,
    "Sinuous Benthisaur": 6.7815663687913785,
    "Song of Stupefaction": 8.823371518957005,
    "Spyglass Siren": 2.96553706505295,
    "Staunch Crewmate": 3.9662676328282944,
    "Tishana's Tidebinder": 2.2342527261064786,
    "Unlucky Drop": 7.901542882743097,
    "Waterlogged Hulk": 7.2231068455302285,
    "Waterwind Scout": 3.7090550772741415,
    "Waylaying Pirates": 6.509036862296567,
    "Zoetic Glyph": 3.3626010800526034,
    "Abyssal Gorestalker": 6.238051044083527,
    "Aclazotz, Deepest Betrayal": 1.2065541211519364,
    "Another Chance": 6.7958653153706985,
    "Bitter Triumph": 2.635134672644512,
    "Bloodthorn Flail": 7.792052756647309,
    "Bringer of the Last Gift": 2.675618216403715,
    "Broodrage Mycoid": 6.177383840268707,
    "Canonized in Blood": 5.860376774725841,
    "Chupacabra Echo": 2.534797119269278,
    "Corpses of the Lost": 2.1607440310938366,
    "Dead Weight": 4.366647396059161,
    "Deathcap Marionette": 5.512016083166903,
    "Deep Goblin Skulltaker": 6.336325075305834,
    "Deep-Cavern Bat": 3.060096930533118,
    "Echo of Dusk": 5.983306488868911,
    "Fanatical Offering": 6.476412936162015,
    "Gargantuan Leech": 6.41630139353663,
    "Grasping Shadows": 4.921221383667617,
    "Greedy Freebooter": 6.873710567614748,
    "Join the Dead": 3.2610347788750538,
    "Malicious Eclipse": 6.336309142197718,
    "Mephitic Draught": 6.979665633239649,
    "Preacher of the Schism": 1.5578512396694215,
    "Primordial Gnawer": 7.702498409097197,
    "Queen's Bay Paladin": 2.8421611293917843,
    "Rampaging Spiketail": 5.9455183986126965,
    "Ray of Ruin": 6.072304817613128,
    "Screaming Phantom": 6.611117436613473,
    "Skullcap Snail": 5.359399966290241,
    "Soulcoil Viper": 4.414319809069212,
    "Stalactite Stalker": 1.9569291219585916,
    "Starving Revenant": 1.7976963011031797,
    "Stinging Cave Crawler": 3.606815585425731,
    "Synapse Necromage": 4.629026279337456,
    "Tarrian's Journal": 2.1292215226101887,
    "Terror Tide": 2.1155673560648407,
    "Tithing Blade": 4.929502146569255,
    "Visage of Dread": 4.2247997647343745,
    "Vito's Inquisitor": 7.520647709231438,
    "Abrade": 2.7381060778511266,
    "Ancestors' Aid": 7.4275046462436585,
    "Belligerent Yearling": 3.049023080101529,
    "Bonehoard Dracosaur": 1.1548786783686114,
    "Brass's Tunnel-Grinder": 2.260144153764015,
    "Brazen Blademaster": 6.885651578140604,
    "Breeches, Eager Pillager": 1.446887199506883,
    "Burning Sun Cavalry": 6.695702198463554,
    "Calamitous Cave-In": 7.185972137036712,
    "Child of the Volcano": 7.662194778439939,
    "Curator of Sun's Creation": 5.5241721737286635,
    "Daring Discovery": 8.515263253663289,
    "Diamond Pick-Axe": 3.850329521902145,
    "Dinotomaton": 5.393600411091566,
    "Dire Flail": 2.1535704438930243,
    "Dowsing Device": 5.592503429163284,
    "Dreadmaw's Ire": 3.8025084151796005,
    "Enterprising Scallywag": 3.894468605599348,
    "Etali's Favor": 5.894020918108242,
    "Geological Appraiser": 2.7279414200987375,
    "Goblin Tomb Raider": 6.018330247752159,
    "Goldfury Strider": 6.0635377358490565,
    "Hit the Mother Lode": 5.357571572741276,
    "Hotfoot Gnome": 7.35623365689658,
    "Idol of the Deep King": 5.171518693886727,
    "Inti, Seneschal of the Sun": 1.4956870611835507,
    "Magmatic Galleon": 1.5736999625888515,
    "Ojer Axonil, Deepest Might": 1.546145081655906,
    "Panicked Altisaur": 5.7838183336545255,
    "Plundering Pirate": 4.683719737757755,
    "Poetic Ingenuity": 2.0360543155923208,
    "Rampaging Ceratops": 4.552999878301083,
    "Rumbling Rockslide": 4.979717449950305,
    "Saheeli's Lattice": 4.725609477198921,
    "Scytheclaw Raptor": 2.9306485671191553,
    "Seismic Monstrosaur": 5.60729837000501,
    "Sunfire Torch": 5.89081565904345,
    "Sunshot Militia": 6.01505,
    "Tectonic Hazard": 9.272392191603126,
    "Triumphant Chomp": 3.249748866505579,
    "Trumpeting Carnosaur": 1.3027101515847497,
    "Volatile Wanderglyph": 5.428696139363379,
    "Zoyowa's Justice": 7.9279727788701555,
    "Armored Kincaller": 5.381438062536825,
    "Basking Capybara": 7.407623680258232,
    "Bedrock Tortoise": 1.8051384718051384,
    "Cavern Stomper": 5.800745047567924,
    "Cenote Scout": 3.8907224473073247,
    "Coati Scavenger": 4.555400078833268,
    "Colossadactyl": 3.0878516915366214,
    "Disturbed Slumber": 9.079522873414417,
    "Earthshaker Dreadmaw": 3.3179310918313605,
    "Explorer's Cache": 5.463666084309215,
    "Ghalta, Stampede Tyrant": 2.0501996577296064,
    "Glimpse the Core": 5.784232434232434,
    "Glowcap Lantern": 5.911790906798891,
    "Growing Rites of Itlimoc": 3.5856903765690378,