{
    "Abuelo's Awakening": 4.44997717937015,
    "Acrobatic Leap": 8.580679504660154,
    "Adaptive Gemguard": 5.656559498842187,
    "Attentive Sunscribe": 5.744048302606822,
    "Bat Colony": 6.536884290456155,
    "Clay-Fired Bricks": 3.086405706037191,
    "Cosmium Blast": 5.4186413976345555,
    "Dauntless Dismantler": 5.80907008285939,
    "Deconstruction Hammer": 6.8958104060596535,
    "Dusk Rose Reliquary": 3.2603262020758312,
    "Envoy of Okinec Ahau": 6.566931516274366,
    "Fabrication Foundry": 5.0898845081640784,
    "Family Reunion": 8.404507890515074,
    "Get Lost": 2.6248235847577233,
    "Glorifier of Suffering": 5.8267793479182375,
    "Guardian of the Great Door": 3.234692486022092,
    "Helping Hand": 6.223459301682772,
    "Ironpaw Aspirant": 5.280300095433372,
    "Kinjalli's Dawnrunner": 3.492168222293745,
    "Kutzil's Flanker": 2.1316038629047527,
    "Malamet War Scribe": 4.425419940883859,
    "Market Gnome": 4.341692203662941,
    "Might of the Ancestors": 6.273348933366654,
    "Miner's Guidewing": 4.518865853792377,
    "Mischievous Pup": 4.683765501691093,
    "Ojer Taq, Deepest Foundation": 1.4875250932033266,
    "Oltec Archaeologists": 7.4194291210058605,
    "Oltec Cloud Guard": 3.556970522881521,
    "Oteclan Landmark": 7.009786070024028,
    "Petrify": 3.538879905923857,
    "Quicksand Whirlpool": 5.199975174376137,
    "Resplendent Angel": 1.377724693938489,
    "Ruin-Lurker Bat": 3.183237420099962,
    "Sanguine Evangelist": 1.636471206941888,
    "Soaring Sandwing": 5.986553076681832,
    "Spring-Loaded Sawblades": 2.606623986680673,
    "Thousand Moons Crackshot": 7.756349163580936,
    "Thousand Moons Infantry": 7.956839488308369,
    "Thousand Moons Smithy": 1.4691375623663578,
    "Tinker's Tote": 4.220895692579606,
    "Unstable Glyphbridge": 1.6397153945666236,
    "Vanguard of the Rose": 4.526128777048315,
    "Warden of the Inner Sky": 1.7162376479199708,
    "Akal Pakal, First Among Equals": 1.8530376739450165,
    "Ancestral Reminiscence": 8.497515483626229,
    "Brackish Blunder": 6.104802967841223,
    "Braided Net": 2.4567860116569524,
    "Chart a Course": 4.395288483597155,
    "Cogwork Wrestler": 6.148313546250213,
    "Confounding Riddle": 5.198115653902671,
    "Council of Echoes": 4.967410696586449,
    "Didact Echo": 7.6299771737521525,
    "Eaten by Piranhas": 4.406688457201581,
    "The Enigma Jewel": 4.31932461267279,
    "The Everflowing Well": 2.6074616064967437,
    "Frilled Cave-Wurm": 8.615665460937764,
    "Hermitic Nautilus": 4.687313779624415,
    "Hurl into History": 6.798785101731966,
    "Inverted Iceberg": 5.397323175025428,
    "Kitesail Larcenist": 1.6327690916139037,
    "Lodestone Needle": 3.734948584307649,
    "Malcolm, Alluring Scoundrel": 1.5921501706484642,
    "Marauding Brinefang": 6.971562194163231,
    "Merfolk Cave-Diver": 6.166554516555677,
    "Oaken Siren": 4.588185705155048,
    "Ojer Pakpatiq, Deepest Epoch": 1.4,
    "Orazca Puzzle-Door": 7.45586920972419,
    "Out of Air": 8.240166335091129,
    "Pirate Hat": 7.929553257953758,
    "Relic's Roar": 9.292675106418265,
    "River Herald Scout": 5.422428749613152,
    "Sage of Days": 7.975541265231488,
    "Self-Reflection": 7.130680243479332,
    "Shipwreck Sentry": 7.138532694603052,
    "Sinuous Benthisaur": 6.748378186079605,
    "Song of Stupefaction": 8.840644741175414,
    "Spyglass Siren": 2.8468674374831946,
    "Staunch Crewmate": 3.8181337388027634,
    "Tishana's Tidebinder": 2.206861848124428,
    "Unlucky Drop": 7.77701823796198,
    "Waterlogged Hulk": 7.212894280172854,
    "Waterwind Scout": 3.52347363471108,
    "Waylaying Pirates": 6.279488209845933,
    "Zoetic Glyph": 3.157827339664924,
    "Abyssal Gorestalker": 6.374795453540313,
    "Aclazotz, Deepest Betrayal": 1.2302475415395049,
    "Another Chance": 6.671464187161569,
    "Bitter Triumph": 2.6898256570387717,
    "Bloodthorn Flail": 7.877629702483403,
    "Bringer of the Last Gift": 2.6410561370123693,
    "Broodrage Mycoid": 6.358296407198547,
    "Canonized in Blood": 6.109353467060861,
    "Chupacabra Echo": 2.5444546515380986,
    "Corpses of the Lost": 2.1775682954982685,
    "Dead Weight": 4.3922139073404525,
    "Deathcap Marionette": 5.457602043931375,
    "Deep Goblin Skulltaker": 6.474765547085336,
    "Deep-Cavern Bat": 2.9637679598474893,
    "Echo of Dusk": 5.982270204716521,
    "Fanatical Offering": 6.582181498597614,
    "Gargantuan Leech": 6.443757371339132,
    "Grasping Shadows": 5.0159600456001305,
    "Greedy Freebooter": 6.9530655913093575,
    "Join the Dead": 3.3234172104978557,
    "Malicious Eclipse": 6.440743833862257,
    "Mephitic Draught": 7.109745394244575,
    "Preacher of the Schism": 1.5775974875686993,
    "Primordial Gnawer": 7.771357680080639,
    "Queen's Bay Paladin": 2.999158308199481,
    "Rampaging Spiketail": 5.972242988611275,
    "Ray of Ruin": 6.2293136542851215,
    "Screaming Phantom": 6.660520406704399,
    "Skullcap Snail": 5.4056747019767615,
    "Soulcoil Viper": 4.437706084859753,
    "Stalactite Stalker": 2.0017473532737178,
    "Starving Revenant": 1.846059933407325,
    "Stinging Cave Crawler": 3.6860844691233385,
    "Synapse Necromage": 4.765277703390284,
    "Tarrian's Journal": 2.186669253905113,
    "Terror Tide": 2.1598466698610443,
    "Tithing Blade": 4.867767535755103,
    "Visage of Dread": 4.261077612769917,
    "Vito's Inquisitor": 7.668112319326274,
    "Abrade": 2.694460783870121,
    "Ancestors' Aid": 7.315890625676895,
    "Belligerent Yearling": 3.048999752004629,
    "Bonehoard Dracosaur": 1.1466424682395644,
    "Brass's Tunnel-Grinder": 2.3347152126892574,
    "Brazen Blademaster": 6.874570938215103,
    "Breeches, Eager Pillager": 1.4290141676505312,
    "Burning Sun Cavalry": 6.67075897950801,
    "Calamitous Cave-In": 7.1595049138533655,
    "Child of the Volcano": 7.774392384214526,
    "Curator of Sun's Creation": 5.579781414047036,
    "Daring Discovery": 8.522490554381523,
    "Diamond Pick-Axe": 3.7477318548387095,
    "Dinotomaton": 5.326592937270956,
    "Dire Flail": 2.127274535149647,
    "Dowsing Device": 5.478586552674684,
    "Dreadmaw's Ire": 3.7224349031385104,
    "Enterprising Scallywag": 3.9043842988287434,
    "Etali's Favor": 5.518982039063728,
    "Geological Appraiser": 2.6358227878965206,
    "Goblin Tomb Raider": 5.819050951275258,
    "Goldfury Strider": 6.099603126614703,
    "Hit the Mother Lode": 5.492083001952136,
    "Hotfoot Gnome": 7.371038825586775,
    "Idol of the Deep King": 5.119707660040757,
    "Inti, Seneschal of the Sun": 1.4791252485089463,
    "Magmatic Galleon": 1.5627900808911286,
    "Ojer Axonil, Deepest Might": 1.5660934981192907,
    "Panicked Altisaur": 5.684514261565796,
    "Plundering Pirate": 4.558530029090106,
    "Poetic Ingenuity": 2.0027505776213004,
    "Rampaging Ceratops": 4.567101775869156,
    "Rumbling Rockslide": 4.984237848041529,
    "Saheeli's Lattice": 4.7035471974022345,
    "Scytheclaw Raptor": 2.9281395200814715,
    "Seismic Monstrosaur": 5.63972744871697,
    "Sunfire Torch": 5.742209872946871,
    "Sunshot Militia": 5.860306203812179,
    "Tectonic Hazard": 9.318376036674925,
    "Triumphant Chomp": 3.2255930135001143,
    "Trumpeting Carnosaur": 1.3037772087067863,
    "Volatile Wanderglyph": 5.267432022474536,
    "Zoyowa's Justice": 8.009549582875,
    "Armored Kincaller": 5.316898165912056,
    "Basking Capybara": 7.522833719060134,
    "Bedrock Tortoise": 1.8117401875651267,
    "Cavern Stomper": 5.780131293417587,
    "Cenote Scout": 3.9063068190801435,
    "Coati Scavenger": 4.607892135325132,
    "Colossadactyl": 3.0982672870206964,
    "Disturbed Slumber": 9.181309555357323,
    "Earthshaker Dreadmaw": 3.366167390807226,
    "Explorer's Cache": 5.493853425038378,
    "Ghalta, Stampede Tyrant": 2.1223776223776225,
    "Glimpse the Core": 5.953409338798378,
    "Glowcap Lantern": 6.037806523661067,
    "Growing Rites of Itlimoc": 3.7763663713855924,