{
    "Air Response Unit": 5.68538983309199,
    "Alacrian Armory": 6.299814562986772,
    "Basri, Tomorrow's Champion": 2.5889721232960827,
    "Brightfield Glider": 7.501618297067341,
    "Brightfield Mustang": 7.354385712228144,
    "Broadcast Rambler": 6.116781281044743,
    "Bulwark Ox": 2.383784522832923,
    "Canyon Vaulter": 4.178591004352732,
    "Cloudspire Captain": 4.202355495608119,
    "Collision Course": 5.616178895934277,
    "Daring Mechanic": 7.189235531409904,
    "Detention Chariot": 3.6106325012885647,
    "Gallant Strike": 3.73523146833286,
    "Gloryheath Lynx": 3.0782380013149244,
    "Guardian Sunmare": 2.0502260170768456,
    "Guidelight Synergist": 4.752397533122842,
    "Interface Ace": 7.066664823314715,
    "Leonin Surveyor": 6.193177730900466,
    "Lightshield Parry": 8.078802761273483,
    "Lightwheel Enhancements": 8.196520367207885,
    "Lotusguard Disciple": 6.713860489193737,
    "Nesting Bot": 4.7606235565819865,
    "Perilous Snare": 1.640784804842413,
    "Pride of the Road": 4.768514699817357,
    "Ride's End": 3.8282648866224522,
    "Roadside Assistance": 5.921342422653383,
    "Salvation Engine": 1.778640776699029,
    "Skyseer's Chariot": 3.4146406388642414,
    "Spectacular Pileup": 2.454076787410121,
    "Spotcycle Scouter": 7.657141595655437,
    "Sundial, Dawn Tyrant": 4.295105985037407,
    "Swiftwing Assailant": 7.408259744893408,
    "Tune Up": 6.021406353327292,
    "Unswerving Sloth": 4.78600456824182,
    "Valor's Flagship": 1.8872943647182359,
    "Voyager Glidecar": 2.7027931671283474,
    "Voyager Quickwelder": 6.367592753707248,
    "Aether Syphon": 4.296314336742978,
    "Bounce Off": 5.683862526343125,
    "Caelorna, Coral Tyrant": 6.671299766073902,
    "Diversion Unit": 3.580204653872765,
    "Flood the Engine": 3.8363853831559847,
    "Gearseeker Serpent": 6.379467861911119,
    "Glitch Ghost Surveyor": 7.127290071231802,
    "Guidelight Optimizer": 5.820232143033244,
    "Howler's Heavy": 6.2703946751664015,
    "Hulldrifter": 5.552436178488084,
    "Keen Buccaneer": 5.064152644230769,
    "Memory Guardian": 3.688110364857506,
    "Midnight Mangler": 5.879027987526232,
    "Mindspring Merfolk": 2.3773532668881505,
    "Mu Yanling, Wind Rider": 1.4249512670565303,
    "Nimble Thopterist": 5.456958626581506,
    "Possession Engine": 1.81005481005481,
    "Rangers' Refueler": 2.6482361639205747,
    "Repurposing Bay": 5.49587697793626,
    "Riverchurn Monument": 2.5809572958327958,
    "Roadside Blowout": 4.005358708713585,
    "Sabotage Strategist": 3.613472809555605,
    "Scrounging Skyray": 4.103188148552704,
    "Skystreak Engineer": 4.948730004264299,
    "Slick Imitator": 5.547447266897139,
    "Spectral Interference": 6.190998577416244,
    "Spell Pierce": 7.567866858011866,
    "Spikeshell Harrier": 2.6136458988881897,
    "Stall Out": 7.39045452102406,
    "Stock Up": 3.462366430075657,
    "Thopter Fabricator": 1.8598182829593919,
    "Trade the Helm": 5.649412656309208,
    "Transit Mage": 3.4204850687312374,
    "Trip Up": 6.492948151421417,
    "Unstoppable Plan": 5.829705364995602,
    "Vnwxt, Verbose Host": 2.9166484835260746,
    "Waxen Shapethief": 2.823185528347673,
    "Ancient Vendetta": 8.677945413798623,
    "Back on Track": 3.8401106500691564,
    "Bloodghast": 4.139396198285501,
    "Carrion Cruiser": 3.5889512426208,
    "Chitin Gravestalker": 6.073432927179173,
    "Cryptcaller Chariot": 2.7133901705115346,
    "Cursecloth Wrappings": 2.04320987654321,
    "Deathless Pilot": 5.971391779821451,
    "Demonic Junker": 1.9513523006673692,
    "Engine Rat": 4.7179792248203904,
    "Gas Guzzler": 2.815783565334531,
    "Gastal Raider": 4.049729659727394,
    "Gonti, Night Minister": 1.7253218884120172,
    "Grim Bauble": 3.814302271997319,
    "Grim Javelineer": 6.582053526187296,
    "Hellish Sideswipe": 4.4247586430870065,
    "Hour of Victory": 4.532577234331621,
    "Intimidation Tactics": 5.341505102040816,
    "Kalakscion, Hunger Tyrant": 6.2704441041347625,
    "The Last Ride": 2.650686641697878,
    "Locust Spray": 6.086012506683404,
    "Maximum Overdrive": 5.836756384392068,
    "Momentum Breaker": 3.380735922254007,
    "Mutant Surveyor": 6.012039450443483,
    "Pactdoll Terror": 3.7200936506066675,
    "Quag Feast": 2.255824306276896,
    "Ripclaw Wrangler": 7.410072769392645,
    "Risen Necroregent": 3.441566645609602,
    "Risky Shortcut": 6.890636273139903,
    "Shefet Archfiend": 5.094267549951918,
    "The Speed Demon": 1.5985401459854014,
    "Spin Out": 2.851939671927233,
    "Streaking Oilgorger": 6.647259798338935,
    "Syphon Fuel": 5.700774702931603,
    "Wickerfolk Indomitable": 6.037656003442835,
    "Wreckage Wickerfolk": 4.114847542327664,
    "Wretched Doll": 4.090141112447004,
    "Adrenaline Jockey": 4.902864503122112,
    "Boommobile": 1.8994463297017325,
    "Burner Rocket": 7.365814271264042,
    "Burnout Bashtronaut": 2.168561770129072,
    "Chandra, Spark Hunter": 1.2807554874936191,
    "Clamorous Ironclad": 6.538851415005464,
    "Count on Luck": 5.067349302127141,
    "Crash and Burn": 4.542675083373035,
    "Daretti, Rocketeer Engineer": 3.9612471094809028,
    "Draconautics Engineer": 1.5984060216958158,
    "Dracosaur Auxiliary": 3.8196450535933932,
    "Dynamite Diver": 7.305810948320111,
    "Endrider Catalyzer": 6.217101053415722,
    "Endrider Spikespitter": 3.772008241086706,
    "Fuel the Flames": 6.164169535794848,
    "Full Throttle": 5.547058823529412,
    "Gastal Blockbuster": 7.425998661406228,
    "Gastal Thrillroller": 2.375839828003225,
    "Gilded Ghoda": 5.979636306784315,
    "Goblin Surveyor": 7.05578506817875,
    "Greasewrench Goblin": 3.815158705595103,
    "Hazoret, Godseeker": 1.661739864864865,
    "Howlsquad Heavy": 1.8475294985250736,
    "Kickoff Celebrations": 7.098676457256822,
    "Lightning Strike": 3.4333664882615764,
    "Magmakin Artillerist": 6.915448793325494,
    "Marauding Mako": 4.612442939629372,
    "Outpace Oblivion": 2.8748547254892847,
    "Pacesetter Paragon": 4.95042248899341,
    "Pedal to the Metal": 7.856322640227221,
    "Prowcatcher Specialist": 6.041334868554731,
    "Push the Limit": 6.8698437675621,
    "Reckless Velocitaur": 6.328951723485744,
    "Road Rage": 3.5046824257986557,
    "Skycrash": 4.534666472047876,
    "Spire Mechcycle": 4.864659730513389,
    "Thunderhead Gunner": 4.6000528046468085,
    "Tyrox, Saurid Tyrant": 5.874577883472057,
    "Afterburner Expert": 1.6477178423236514,
    "Agonasaur Rex": 1.458695652173913,
    "Alacrian Jaguar": 6.968957091722191,
    "Autarch Mammoth": 2.399588960657663,
    "Beastrider Vanguard": 4.5946171523958705,
    "Bestow Greatness": 6.674809687951906,
    "Broken Wings": 5.614928652007837,
    "Defend the Rider": 4.21335202169475,
    "District Mascot": 2.113717018978553,
    "Dredger's Insight": 4.982959156072491,
    "Earthrumbler": 2.900685093314434,
    "Elvish Refueler": 2.6130231570002125,
    "Fang Guardian": 3.550617374418349,
    "Fang-Druid Summoner": 3.8625876267610426,
    "Greenbelt Guardian": 2.4879912663755457,
    "Hazard of the Dunes": 3.085990898388769,
    "Jibbirik Omnivore": 5.159923975020364,
    "Loxodon Surveyor": 5.859631571352989,
    "Lumbering Worldwagon": 1.469843462246777,
    "March of the World Ooze": 1.7480792559644156,
    "Migrating Ketradon": 3.4871220777616503,
    "Molt Tender": 3.725100161664441,
    "Ooze Patrol": 4.6825612292051755,
    "Oviya, Automech Artisan": 3.3018680445151034,
    "Plow Through": 3.2602587064676616,
    "Point the Way": 7.1793938330628535,
    "Pothole Mole": 4.5988112059603194,
    "Regal Imperiosaur": 2.015627625609141,
    "Rise from the Wreck": 4.897813196975466,
    "Run Over": 2.950035571608384,
    "Silken Strength": 7.348904298115604,
    "Stampeding Scurryfoot": 3.205382008522632,
    "Terrian, World Tyrant": 3.247067569800099,
    "Thunderous Velocipede": 1.4255107125062283,
    "Veloheart Bike": 4.864634227223488,