{
    "Abuelo's Awakening": 4.60457334076966,
    "Acrobatic Leap": 8.549537300645492,
    "Adaptive Gemguard": 5.611962380821342,
    "Attentive Sunscribe": 5.661970719013693,
    "Bat Colony": 6.58583498812444,
    "Clay-Fired Bricks": 2.9922023156003594,
    "Cosmium Blast": 5.426318560830762,
    "Dauntless Dismantler": 5.851091720616028,
    "Deconstruction Hammer": 6.799162189393699,
    "Dusk Rose Reliquary": 3.2468165102365663,
    "Envoy of Okinec Ahau": 6.640285240503214,
    "Fabrication Foundry": 5.089732431142432,
    "Family Reunion": 8.455230069195768,
    "Get Lost": 2.696022421041285,
    "Glorifier of Suffering": 5.888737381512679,
    "Guardian of the Great Door": 3.2538043777912553,
    "Helping Hand": 6.28762727215941,
    "Ironpaw Aspirant": 5.225233698418638,
    "Kinjalli's Dawnrunner": 3.4965121725809922,
    "Kutzil's Flanker": 2.256889512630773,
    "Malamet War Scribe": 4.489592074002932,
    "Market Gnome": 4.412218482006892,
    "Might of the Ancestors": 6.2293227607411605,
    "Miner's Guidewing": 4.340355805243446,
    "Mischievous Pup": 4.7430958175548055,
    "Ojer Taq, Deepest Foundation": 1.5327885190352801,
    "Oltec Archaeologists": 7.450253367596699,
    "Oltec Cloud Guard": 3.436744792570519,
    "Oteclan Landmark": 7.017220920141451,
    "Petrify": 3.481798642807119,
    "Quicksand Whirlpool": 5.1754980938510995,
    "Resplendent Angel": 1.388912579957356,
    "Ruin-Lurker Bat": 3.0868636629607957,
    "Sanguine Evangelist": 1.6204617389685347,
    "Soaring Sandwing": 5.972044684552697,
    "Spring-Loaded Sawblades": 2.595880974362616,
    "Thousand Moons Crackshot": 7.782981052055544,
    "Thousand Moons Infantry": 7.983126927794944,
    "Thousand Moons Smithy": 1.4883210221601118,
    "Tinker's Tote": 4.187113387406634,
    "Unstable Glyphbridge": 1.6246418338108883,
    "Vanguard of the Rose": 4.550212261144936,
    "Warden of the Inner Sky": 1.703778029840328,
    "Akal Pakal, First Among Equals": 1.8395989974937343,
    "Ancestral Reminiscence": 8.524292531647262,
    "Brackish Blunder": 6.017406435031757,
    "Braided Net": 2.3995130858186244,
    "Chart a Course": 4.377590779273766,
    "Cogwork Wrestler": 5.926854919949061,
    "Confounding Riddle": 5.344576030317385,
    "Council of Echoes": 5.085258540962741,
    "Didact Echo": 7.650680301203323,
    "Eaten by Piranhas": 4.404612796659978,
    "The Enigma Jewel": 4.514634300524685,
    "The Everflowing Well": 2.6932653285071844,
    "Frilled Cave-Wurm": 8.659969133494965,
    "Hermitic Nautilus": 4.54624053425556,
    "Hurl into History": 7.008353844458322,
    "Inverted Iceberg": 5.2321652552882405,
    "Kitesail Larcenist": 1.6117120477433793,
    "Lodestone Needle": 3.5916206978942666,
    "Malcolm, Alluring Scoundrel": 1.5901440059846643,
    "Marauding Brinefang": 6.987812233285918,
    "Merfolk Cave-Diver": 6.1833085803841765,
    "Oaken Siren": 4.3696514118474195,
    "Ojer Pakpatiq, Deepest Epoch": 1.4188907422852377,
    "Orazca Puzzle-Door": 7.39574465720541,
    "Out of Air": 8.33385179274247,
    "Pirate Hat": 7.802467838747225,
    "Relic's Roar": 9.33140085466274,
    "River Herald Scout": 5.442812579936815,
    "Sage of Days": 7.980370164177801,
    "Self-Reflection": 7.191810937070624,
    "Shipwreck Sentry": 7.034166899358921,
    "Sinuous Benthisaur": 6.678287708599571,
    "Song of Stupefaction": 8.884880943841836,
    "Spyglass Siren": 2.7611678445522103,
    "Staunch Crewmate": 3.715515059478613,
    "Tishana's Tidebinder": 2.199947434128392,
    "Unlucky Drop": 7.750410666637415,
    "Waterlogged Hulk": 7.273733360540625,
    "Waterwind Scout": 3.380138235876693,
    "Waylaying Pirates": 6.085013327732494,
    "Zoetic Glyph": 2.9784381434106644,
    "Abyssal Gorestalker": 6.463049119771819,
    "Aclazotz, Deepest Betrayal": 1.248220218319886,
    "Another Chance": 6.516786340385678,
    "Bitter Triumph": 2.695335228222705,
    "Bloodthorn Flail": 7.9657131743098875,
    "Bringer of the Last Gift": 2.6173622515431223,
    "Broodrage Mycoid": 6.5025100234510935,
    "Canonized in Blood": 6.293774319066148,
    "Chupacabra Echo": 2.537542874406867,
    "Corpses of the Lost": 2.1962553422427242,
    "Dead Weight": 4.40771458035856,
    "Deathcap Marionette": 5.4052238026398705,
    "Deep Goblin Skulltaker": 6.583802876378466,
    "Deep-Cavern Bat": 2.864445720850086,
    "Echo of Dusk": 5.9265101345832445,
    "Fanatical Offering": 6.661381219896547,
    "Gargantuan Leech": 6.446262211359004,
    "Grasping Shadows": 5.086648538719923,
    "Greedy Freebooter": 7.002207917586633,
    "Join the Dead": 3.348554747569526,
    "Malicious Eclipse": 6.570595471674609,
    "Mephitic Draught": 7.24163529576044,
    "Preacher of the Schism": 1.5695741501680986,
    "Primordial Gnawer": 7.811783037073539,
    "Queen's Bay Paladin": 3.1617909048288797,
    "Rampaging Spiketail": 5.946741395908169,
    "Ray of Ruin": 6.336504848466426,
    "Screaming Phantom": 6.687650219775632,
    "Skullcap Snail": 5.4457156556541895,
    "Soulcoil Viper": 4.434477459016393,
    "Stalactite Stalker": 2.0693132139331545,
    "Starving Revenant": 1.8897018759243402,
    "Stinging Cave Crawler": 3.754092777451556,
    "Synapse Necromage": 4.896065406234031,
    "Tarrian's Journal": 2.251388424222148,
    "Terror Tide": 2.2332209217747803,
    "Tithing Blade": 4.74055422442257,
    "Visage of Dread": 4.267134723233015,
    "Vito's Inquisitor": 7.783356434706612,
    "Abrade": 2.6714245786452953,
    "Ancestors' Aid": 7.170693425309122,
    "Belligerent Yearling": 3.04320625036715,
    "Bonehoard Dracosaur": 1.1440062272963156,
    "Brass's Tunnel-Grinder": 2.3874883864973677,
    "Brazen Blademaster": 6.89720966620306,
    "Breeches, Eager Pillager": 1.4148701230413292,
    "Burning Sun Cavalry": 6.641916879262384,
    "Calamitous Cave-In": 7.172317452926283,
    "Child of the Volcano": 7.872707001757066,
    "Curator of Sun's Creation": 5.630031655970524,
    "Daring Discovery": 8.526324650198283,
    "Diamond Pick-Axe": 3.658424718525476,
    "Dinotomaton": 5.245773597275835,
    "Dire Flail": 2.112317563279983,
    "Dowsing Device": 5.382689756552293,
    "Dreadmaw's Ire": 3.664623955431755,
    "Enterprising Scallywag": 3.9419417972355353,
    "Etali's Favor": 5.183274944394307,
    "Geological Appraiser": 2.5652452139289332,
    "Goblin Tomb Raider": 5.717201223082428,
    "Goldfury Strider": 6.16269622853599,
    "Hit the Mother Lode": 5.614016684150058,
    "Hotfoot Gnome": 7.388734244867056,
    "Idol of the Deep King": 5.095107575560073,
    "Inti, Seneschal of the Sun": 1.4560789960913392,
    "Magmatic Galleon": 1.5559954751131222,
    "Ojer Axonil, Deepest Might": 1.581879572312887,
    "Panicked Altisaur": 5.518243906926016,
    "Plundering Pirate": 4.437739298732793,
    "Poetic Ingenuity": 1.9622063329928499,
    "Rampaging Ceratops": 4.553515315188691,
    "Rumbling Rockslide": 4.9830029227498525,
    "Saheeli's Lattice": 4.694588719826107,
    "Scytheclaw Raptor": 2.9204434054747,
    "Seismic Monstrosaur": 5.645677412782646,
    "Sunfire Torch": 5.660171767515261,
    "Sunshot Militia": 5.757877317209006,
    "Tectonic Hazard": 9.356343367130556,
    "Triumphant Chomp": 3.2426899794616797,
    "Trumpeting Carnosaur": 1.3070723124077648,
    "Volatile Wanderglyph": 5.129828874868346,
    "Zoyowa's Justice": 8.079968334824809,
    "Armored Kincaller": 5.237778435529613,
    "Basking Capybara": 7.606542617046819,
    "Bedrock Tortoise": 1.825414811817078,
    "Cavern Stomper": 5.700256749852751,
    "Cenote Scout": 3.942737866678573,
    "Coati Scavenger": 4.629588022235565,
    "Colossadactyl": 3.061492925209356,
    "Disturbed Slumber": 9.233744692144374,
    "Earthshaker Dreadmaw": 3.4176751740757014,
    "Explorer's Cache": 5.559805279210242,
    "Ghalta, Stampede Tyrant": 2.2080456718003187,
    "Glimpse the Core": 6.146181579809898,
    "Glowcap Lantern": 6.13217645283142,
    "Growing Rites of Itlimoc": 3.9334628460417678,