{
    "Ajani, Nacatl Pariah": 1.3738019169329074,
    "Razorgrass Ambush": 4.461866532865027,
    "Witch Enchanter": 4.554782396386498,
    "Hydroelectric Specimen": 5.619400334838415,
    "Sink into Stupor": 4.943099954975237,
    "Tamiyo, Inquisitive Student": 1.6907391673746814,
    "Boggart Trawler": 5.860223371851279,
    "Fell the Profane": 2.9566496665358963,
    "Sorin of House Markov": 1.630622009569378,
    "Pinnacle Monk": 4.7846073176415755,
    "Ral, Monsoon Mage": 2.689614243323442,
    "Sundering Eruption": 6.392770086924528,
    "Bridgeworks Battle": 3.155015466195316,
    "Disciple of Freyalise": 4.243070501532642,
    "Grist, Voracious Larva": 2.085239085239085,
    "Bloodsoaked Insight": 5.059919600173838,
    "Drowner of Truth": 3.3213120104438643,
    "Glasswing Grace": 4.1767396275726885,
    "Legion Leadership": 4.885083545424367,
    "Revitalizing Repast": 3.709399916072178,
    "Rush of Inspiration": 5.198255782460322,
    "Strength of the Harvest": 4.425895215281616,
    "Stump Stomp": 3.0963211308445087,
    "Suppression Ray": 5.1414919178680645,
    "Waterlogged Teachings": 6.188170280522643,
    "Breaker of Creation": 3.3086398334489937,
    "Devourer of Destiny": 2.077632045373981,
    "Drownyard Lurker": 5.134586746090841,
    "Echoes of Eternity": 3.730456656346749,
    "Eldrazi Ravager": 3.4958110588047555,
    "Emrakul, the World Anew": 1.455958549222798,
    "Glaring Fleshraker": 3.2769217526039425,
    "Herigast, Erupting Nullkite": 1.5855777584708948,
    "It That Heralds the End": 3.5510204081632653,
    "Kozilek, the Broken Reality": 1.3363533408833521,
    "Kozilek's Command": 2.351902587519026,
    "Null Elemental Blast": 7.248998106310829,
    "Nulldrifter": 1.53060263653484,
    "Twisted Riddlekeeper": 3.8453257790368274,
    "Ulamog, the Defiler": 1.3253275109170306,
    "Warped Tusker": 4.809898372662463,
    "Wastescape Battlemage": 3.541261944247019,
    "Aerie Auxiliary": 5.112382731063239,
    "Ajani Fells the Godsire": 4.1127409297052155,
    "Argent Dais": 5.436691493531948,
    "Charitable Levy": 7.965363702530291,
    "Dog Umbra": 5.529768075289144,
    "Envoy of the Ancestors": 4.197157586735405,
    "Essence Reliquary": 7.858559182613213,
    "Expel the Unworthy": 5.954031489013876,
    "Flare of Fortitude": 4.961009817671809,
    "Glyph Elemental": 2.9321545644183966,
    "Guardian of the Forgotten": 5.042460953738345,
    "Guide of Souls": 1.8013562026326286,
    "Hexgold Slith": 5.3978769204794865,
    "Indebted Spirit": 5.180527268612808,
    "Inspired Inventor": 5.747698010921991,
    "Jolted Awake": 7.643306871064878,
    "Mandibular Kite": 6.320681627712077,
    "Metastatic Evangel": 3.83742307984502,
    "Muster the Departed": 6.059107482154778,
    "Nyxborn Unicorn": 5.927871392601201,
    "Ocelot Pride": 1.7401918047079337,
    "Pearl-Ear, Imperial Advisor": 3.0162345529440273,
    "Phelia, Exuberant Shepherd": 2.0441810344827585,
    "Proud Pack-Rhino": 4.364068502962819,
    "Rosecot Knight": 7.685486329911576,
    "Solstice Zealot": 7.065852579417751,
    "Static Prison": 5.448533450510821,
    "Thraben Charm": 6.190521059078488,
    "Voltstorm Angel": 3.691849226804124,
    "White Orchid Phantom": 3.625982777985773,
    "Wing It": 7.509355474055963,
    "Wrath of the Skies": 2.764394993045897,
    "Aether Spike": 6.31616182302236,
    "Amphibian Downpour": 3.3372465314834576,
    "Bespoke Battlewagon": 5.066318445918188,
    "Brainsurge": 5.521018636171114,
    "Consign to Memory": 7.643573381950775,
    "Copycrook": 4.833602295140757,
    "Corrupted Shapeshifter": 6.332949843202019,
    "Deem Inferior": 6.645607125115322,
    "Depth Defiler": 3.2658528016862816,
    "Dreamtide Whale": 3.6259237068104655,
    "Electrozoa": 7.552928523873743,
    "Emrakul's Messenger": 3.66266297905966,
    "Flare of Denial": 3.8229589137718216,
    "Harbinger of the Seas": 5.625364785992218,
    "Hope-Ender Coatl": 3.3631280110117,
    "Kozilek's Unsealing": 4.227341992598506,
    "Petrifying Meddler": 5.3069186787873805,
    "Roil Cartographer": 4.752407932011331,
    "Sage of the Unknowable": 6.480747955093676,
    "Serum Visionary": 5.429117070509064,
    "Shadow of the Second Sun": 4.28498985801217,
    "Strix Serenade": 5.311290113031051,
    "Tamiyo Meets the Story Circle": 6.738958255683936,
    "Tempest Harvester": 6.523634844825395,
    "Triton Wavebreaker": 6.704397777568509,
    "Tune the Narrative": 6.042362101530278,
    "Ugin's Binding": 2.115305422100206,
    "Unfathomable Truths": 5.6707772284000075,
    "Utter Insignificance": 6.118408689442628,
    "Volatile Stormdrake": 3.6361409459204825,
    "Accursed Marauder": 6.057059518816486,
    "Arcbound Condor": 4.548751059805648,
    "Breathe Your Last": 3.9203544755322706,
    "Chthonian Nightmare": 3.36423982869379,
    "Consuming Corruption": 5.647973713033954,
    "Crabomination": 1.919702311006659,
    "The Creation of Avacyn": 7.025893900444029,
    "Dreadmobile": 6.505392692545255,
    "Dreamdrinker Vampire": 6.223349971239307,
    "Drossclaw": 6.925277301830643,
    "Emperor of Bones": 2.0609589041095893,
    "Etched Slith": 4.348610269870113,
    "Etherium Pteramander": 4.983877659889751,
    "Eviscerator's Insight": 7.158320687910976,
    "Fetid Gargantua": 6.456213679444169,
    "Flare of Malice": 2.890212567157206,
    "Gravedig": 6.655494279952169,
    "Grim Servant": 5.898675700646751,
    "Kami of Jealous Thirst": 7.423179095407588,
    "Lethal Throwdown": 5.192684154594776,
    "Marionette Apprentice": 3.706845351404858,
    "Mindless Conscription": 6.499170245997657,
    "Necrodominance": 4.386044995109227,
    "Nethergoyf": 2.464576074332172,
    "Quest for the Necropolis": 6.379775391103919,
    "Refurbished Familiar": 5.431142623397873,
    "Retrofitted Transmogrant": 6.441685463890841,
    "Ripples of Undeath": 5.834785722812462,
    "Scurrilous Sentry": 6.933536032431856,
    "Shilgengar, Sire of Famine": 2.105499827049464,
    "Warren Soultrader": 3.52,
    "Wither and Bloom": 4.02234079823214,
    "Wurmcoil Larva": 3.3908973808501504,
    "Aether Revolt": 3.467609200253218,
    "Amped Raptor": 3.540780575246476,
    "Ashling, Flame Dancer": 2.6535476718403546,
    "Detective's Phoenix": 2.0565899963490324,
    "Eldrazi Linebreaker": 2.11033762617473,
    "Fanged Flames": 3.6278311447959815,
    "Flare of Duplication": 5.425785616693578,
    "Frogmyr Enforcer": 6.472749832967453,
    "Furnace Hellkite": 5.474469625257531,
    "Galvanic Discharge": 3.4406597233214096,
    "Ghostfire Slice": 3.0616858950502417,
    "Glimpse the Impossible": 6.507740163352919,
    "Infernal Captor": 7.829113605476418,
    "Inventor's Axe": 7.671876599665564,
    "Mogg Mob": 7.502411857568847,
    "Molten Gatekeeper": 5.834535644405795,
    "Party Thrasher": 3.1947502116850126,
    "Phyrexian Ironworks": 4.8891296273368825,
    "Powerbalance": 5.875206222012727,
    "Ral and the Implicit Maze": 4.760064512127039,
    "Reckless Pyrosurfer": 4.854937906564163,
    "Reiterating Bolt": 3.4604850684705495,
    "Sarpadian Simulacrum": 7.1327587723155395,
    "Siege Smash": 7.830531417112299,
    "Skittering Precursor": 4.576874359129019,
    "Skoa, Embermage": 6.257835423402545,
    "Smelted Chargebug": 6.115356033612165,
    "Spawn-Gang Commander": 2.9927797833935017,
    "Thriving Skyclaw": 6.478124652404435,
    "Unstable Amulet": 5.475149749069128,
    "Voidpouncer": 5.640087308766272,
    "Wheel of Potential": 5.978526556253569,
    "Basking Broodscale": 3.740369480573275,
    "Birthing Ritual": 3.9086740542606035,
    "Collective Resistance": 5.8048366143699415,
    "Colossal Dreadmask": 5.673221210999162,
    "Eladamri, Korvecdal": 1.5374358974358975,
    "Eldrazi Repurposer": 3.4807703954939133,
    "Evolution Witness": 4.582068149227232,
    "Fanatic of Rhonas": 1.74989491382934,
    "Fangs of Kalonia": 5.022874720357942,
    "Flare of Cultivation": 3.8836565096952906,
    "Fowl Strike": 7.15868013559784,