{
    "Archon of the Wild Rose": 1.6476173729558643,
    "Archon's Glory": 6.425329017502374,
    "Armory Mice": 6.618597345983717,
    "Besotted Knight": 5.641617695975164,
    "Break the Spell": 8.479980148531522,
    "Charmed Clothier": 6.6091837851408854,
    "Cheeky House-Mouse": 4.936867884316988,
    "Cooped Up": 3.5824147308546634,
    "Cursed Courtier": 4.052098077713347,
    "Discerning Financier": 5.311620199224228,
    "Dutiful Griffin": 5.855780691299166,
    "Eerie Interference": 7.982177702614805,
    "Expel the Interlopers": 2.0583730674757983,
    "Frostbridge Guard": 6.774055892450348,
    "Gallant Pie-Wielder": 4.603630155084453,
    "Glass Casket": 3.890484697475436,
    "Hopeful Vigil": 3.725175984670221,
    "Kellan's Lightblades": 4.764126217030956,
    "Knight of Doves": 5.756951541850221,
    "Moment of Valor": 6.981285961326836,
    "Moonshaker Cavalry": 2.5923009623797024,
    "Plunge into Winter": 8.506548794298487,
    "The Princess Takes Flight": 3.2226748923291817,
    "Protective Parents": 7.202788678611631,
    "Regal Bunnicorn": 1.772355005849908,
    "Return Triumphant": 6.526373797360027,
    "Rimefur Reindeer": 7.4588287016396695,
    "Savior of the Sleeping": 6.960529493257413,
    "Slumbering Keepguard": 7.483857078674121,
    "Solitary Sanctuary": 6.344584828336763,
    "Spellbook Vendor": 1.4978372001572946,
    "Stockpiling Celebrant": 4.847785544132397,
    "Stroke of Midnight": 4.605960610680646,
    "A Tale for the Ages": 3.8622545454545456,
    "Three Blind Mice": 2.1832426832426832,
    "Tuinvale Guide": 7.2495725858092275,
    "Unassuming Sage": 6.553257790368272,
    "Virtue of Loyalty": 1.284412032816773,
    "Werefox Bodyguard": 1.944760239032211,
    "Aquatic Alchemist": 6.767175252951367,
    "Archive Dragon": 4.190854870775348,
    "Asinine Antics": 2.960814742967992,
    "Beluna's Gatekeeper": 5.500750637503143,
    "Bitter Chill": 3.8463042441583215,
    "Chancellor of Tales": 5.5236910012627884,
    "Diminisher Witch": 7.392178261164444,
    "Disdainful Stroke": 7.135375969225221,
    "Extraordinary Journey": 3.0112401300510916,
    "Farsight Ritual": 3.8353654383216402,
    "Freeze in Place": 8.227510107304617,
    "Gadwick's First Duel": 5.680327149551573,
    "Galvanic Giant": 6.1916777992182475,
    "Horned Loch-Whale": 1.885426076482987,
    "Ice Out": 6.7983038942124905,
    "Icewrought Sentry": 5.0528497207682275,
    "Ingenious Prodigy": 2.0292465062671083,
    "Into the Fae Court": 6.209352905528247,
    "Johann's Stopgap": 6.476435016007502,
    "Living Lectern": 8.242938659907297,
    "Merfolk Coralsmith": 8.946058405205024,
    "Misleading Motes": 8.515554481929698,
    "Mocking Sprite": 6.504589678085544,
    "Obyra's Attendants": 6.31944849529365,
    "Picklock Prankster": 4.294075613875536,
    "Quick Study": 6.680494382894507,
    "Sleep-Cursed Faerie": 2.2127743461690104,
    "Sleight of Hand": 7.869777963262023,
    "Snaremaster Sprite": 6.9288266113662935,
    "Spell Stutter": 6.14629397762765,
    "Splashy Spellcaster": 5.35612499084182,
    "Stormkeld Prowler": 8.336200836421261,
    "Succumb to the Cold": 7.048519189385847,
    "Talion's Messenger": 2.013976945244957,
    "Tenacious Tomeseeker": 5.216420511879644,
    "Vantress Transmuter": 6.160203562340967,
    "Virtue of Knowledge": 4.343232298441526,
    "Water Wings": 8.811756596737421,
    "Ashiok, Wicked Manipulator": 1.232725527831094,
    "Ashiok's Reaper": 5.395820286639589,
    "Back for Seconds": 3.9135582225105416,
    "Barrow Naughty": 4.6076917514923155,
    "Beseech the Mirror": 3.5374563136301473,
    "Candy Grapple": 2.2540839985133005,
    "Conceited Witch": 4.502830830830831,
    "Dream Spoilers": 5.994449706698573,
    "Ego Drain": 7.20090616250715,
    "The End": 2.086998350742166,
    "Eriette's Whisper": 7.424326788645067,
    "Faerie Dreamthief": 3.743000259905961,
    "Faerie Fencing": 3.0312772024613537,
    "Feed the Cauldron": 3.730498470468272,
    "Fell Horseman": 5.874152655457699,
    "Gumdrop Poisoner": 1.5252851711026616,
    "High Fae Negotiator": 2.638328171170209,
    "Hopeless Nightmare": 4.492172459838288,
    "Lich-Knights' Conquest": 4.072445779984322,
    "Lord Skitter, Sewer King": 1.320438282647585,
    "Lord Skitter's Blessing": 1.9834374545982856,
    "Lord Skitter's Butcher": 3.0463381758274672,
    "Mintstrosity": 4.504461331143201,
    "Not Dead After All": 6.7094442077687555,
    "Rankle's Prank": 2.4554351625305837,
    "Rat Out": 5.610943677938452,
    "Rowan's Grim Search": 6.745281786920212,
    "Scream Puff": 5.22027376613213,
    "Shatter the Oath": 4.484384754394611,
    "Specter of Mortality": 1.8476894058472177,
    "Spiteful Hexmage": 2.4585945232596504,
    "Stingblade Assassin": 6.316863538767912,
    "Sugar Rush": 7.808069077561827,
    "Sweettooth Witch": 4.591866169000467,
    "Taken by Nightmares": 2.5501847745750186,
    "Tangled Colony": 1.9191572026300059,
    "Twisted Sewer-Witch": 3.126296633303003,
    "Virtue of Persistence": 1.219885277246654,
    "Voracious Vermin": 4.311703538876289,
    "Warehouse Tabby": 6.637118085548837,
    "Wicked Visitor": 6.763102923225993,
    "The Witch's Vanity": 2.5544121894858463,
    "Belligerent of the Ball": 3.9013359537680445,
    "Bellowing Bruiser": 6.4006962553626545,
    "Bespoke Battlegarb": 8.382899694110144,
    "Boundary Lands Ranger": 5.224002557999076,
    "Charming Scoundrel": 2.2473774091241765,
    "Cut In": 3.3024012234370366,
    "Edgewall Pack": 4.702058858667516,
    "Embereth Veteran": 3.990951659239487,
    "Flick a Coin": 5.450066844441903,
    "Food Fight": 6.1031642259414225,
    "Frantic Firebolt": 4.525297274022059,
    "Gnawing Crescendo": 6.9538842384646795,
    "Goddric, Cloaked Reveler": 1.7565745111260958,
    "Grabby Giant": 4.734764377764955,
    "Grand Ball Guest": 5.278417429015748,
    "Harried Spearguard": 5.825473728048865,
    "Hearth Elemental": 3.4605113047085667,
    "Imodane, the Pyrohammer": 2.8894090111176127,
    "Kindled Heroism": 8.659130790828264,
    "Korvold and the Noble Thief": 6.655781971176489,
    "Merry Bards": 6.593906652107001,
    "Minecart Daredevil": 5.532037532575509,
    "Monstrous Rage": 3.6708485626790477,
    "Raging Battle Mouse": 2.4648871577500286,
    "Ratcatcher Trainee": 3.872417019976319,
    "Realm-Scorcher Hellkite": 1.343328987396784,
    "Redcap Gutter-Dweller": 1.5794427016054622,
    "Redcap Thief": 5.3721546017510144,
    "Rotisserie Elemental": 3.6878101402373247,
    "Skewer Slinger": 7.2460703234532975,
    "Song of Totentanz": 1.6583304587788892,
    "Stonesplitter Bolt": 3.188633684997269,
    "Tattered Ratter": 5.198739161782921,
    "Torch the Tower": 2.6804242698730403,
    "Twisted Fealty": 4.723049596939473,
    "Two-Headed Hunter": 3.4451984534048763,
    "Unruly Catapult": 6.9764236442474585,
    "Virtue of Courage": 2.772377000592768,
    "Witch's Mark": 6.286452832648804,
    "Witchstalker Frenzy": 2.419932856044978,
    "Agatha's Champion": 2.4224144680184763,
    "Beanstalk Wurm": 5.537870183707658,
    "Bestial Bloodline": 7.941635349739363,
    "Blossoming Tortoise": 2.7735959438377535,
    "Bramble Familiar": 2.2573690621193667,
    "Brave the Wilds": 5.840300370347635,
    "Commune with Nature": 8.83410372832167,
    "Curse of the Werefox": 4.241928058303872,
    "Elvish Archivist": 2.0122992331066416,
    "Feral Encounter": 2.6233886769103845,
    "Ferocious Werefox": 4.4398260501327425,
    "Graceful Takedown": 3.658784033966083,
    "Gruff Triplets": 1.3903245813520777,
    "Hamlet Glutton": 3.3961448765984725,
    "Hollow Scavenger": 4.350805673687478,
    "Howling Galefang": 3.753335754934011,
    "The Huntsman's Redemption": 1.8248094027954256,
    "Leaping Ambush": 8.217001413419167,
    "Night of the Sweets' Revenge": 5.887202772135261,
    "Redtooth Genealogist": 5.379917808802549,
    "Redtooth Vanguard": 3.9020612660428724,
    "Return from the Wilds": 5.700531024850304,