{
    "Another Round": 6.357694616770062,
    "Archangel of Tithes": 2.1235480464625134,
    "Armored Armadillo": 7.962017966082723,
    "Aven Interrupter": 2.4306593406593406,
    "Bounding Felidar": 4.010502811776381,
    "Bovine Intervention": 6.38674414590645,
    "Bridled Bighorn": 5.7768680951191405,
    "Claim Jumper": 2.7350199733688414,
    "Dust Animus": 1.462338171832091,
    "Eriette's Lullaby": 5.746845324319974,
    "Final Showdown": 1.74519549370444,
    "Fortune, Loyal Steed": 2.0198924731182797,
    "Frontier Seeker": 3.7069320521619766,
    "Getaway Glamer": 3.928158135156834,
    "High Noon": 5.846136884812136,
    "Holy Cow": 4.7656031015088915,
    "Inventive Wingsmith": 7.632286331117978,
    "Lassoed by the Law": 2.475647477032455,
    "Mystical Tether": 3.3782181528252875,
    "Nurturing Pixie": 5.524701561065197,
    "Omenport Vigilante": 4.76667359715388,
    "One Last Job": 3.50457250689505,
    "Outlaw Medic": 5.944346129948169,
    "Prairie Dog": 2.9857869150554794,
    "Prosperity Tycoon": 3.9680154352020436,
    "Requisition Raid": 5.475557212693678,
    "Rustler Rampage": 7.016575180281993,
    "Shepherd of the Clouds": 2.593192509097364,
    "Sheriff of Safe Passage": 5.509924780610113,
    "Stagecoach Security": 6.5790464612921395,
    "Steer Clear": 6.540997223698094,
    "Sterling Keykeeper": 6.002408646263102,
    "Sterling Supplier": 6.4241965744719485,
    "Take Up the Shield": 5.285619259600379,
    "Thunder Lasso": 5.881719781104136,
    "Trained Arynx": 4.227646336641905,
    "Vengeful Townsfolk": 6.361739932556064,
    "Wanted Griffin": 6.566694646451891,
    "Archmage's Newt": 3.930815234497954,
    "Canyon Crab": 4.965473693705884,
    "Daring Thunder-Thief": 8.015353007358542,
    "Deepmuck Desperado": 4.893145257530192,
    "Djinn of Fool's Fall": 7.366198294916325,
    "Double Down": 3.4737618891439817,
    "Duelist of the Mind": 2.58647076828895,
    "Emergent Haunting": 5.2877914592612,
    "Failed Fording": 7.301235921027963,
    "Fblthp, Lost on the Range": 3.5212521326311106,
    "Fleeting Reflection": 7.7094107635934215,
    "Geralf, the Fleshwright": 1.7399014778325124,
    "Geyser Drake": 6.549611014119881,
    "Harrier Strix": 7.674119984792075,
    "Jailbreak Scheme": 7.200193291068943,
    "The Key to the Vault": 5.2411198073449725,
    "Loan Shark": 5.626058755257764,
    "Marauding Sphinx": 3.3768659214137493,
    "Metamorphic Blast": 5.232740810880606,
    "Nimble Brigand": 3.9625746404642426,
    "Outlaw Stitcher": 3.7781647885262695,
    "Peerless Ropemaster": 8.061638878837643,
    "Phantom Interference": 5.952937695426519,
    "Plan the Heist": 5.831253985969388,
    "Razzle-Dazzler": 7.105589877186453,
    "Seize the Secrets": 7.304810557684121,
    "Shackle Slinger": 6.445113443049104,
    "Shifting Grift": 7.7725396329829675,
    "Slickshot Lockpicker": 3.727436769708623,
    "Slickshot Vault-Buster": 8.325005749168984,
    "Spring Splasher": 7.686952624202281,
    "Step Between Worlds": 6.3571172606012345,
    "Stoic Sphinx": 1.9859912268289233,
    "Stop Cold": 6.575226201482245,
    "Take the Fall": 6.849902692782987,
    "This Town Ain't Big Enough": 5.330763168544591,
    "Three Steps Ahead": 2.6209693774082337,
    "Visage Bandit": 4.970325807759902,
    "Ambush Gigapede": 6.327246264753372,
    "Binding Negotiation": 5.659343978414514,
    "Blacksnag Buzzard": 7.029396378854369,
    "Blood Hustler": 2.8348315051677027,
    "Boneyard Desecrator": 7.257526696025098,
    "Caustic Bronco": 1.8451730418943533,
    "Consuming Ashes": 3.503249245254055,
    "Corrupted Conviction": 7.952169635568208,
    "Desert's Due": 3.7518205145987933,
    "Desperate Bloodseeker": 4.649745720953152,
    "Fake Your Own Death": 7.202069109405239,
    "Forsaken Miner": 4.622496147919877,
    "Gisa, the Hellraiser": 1.2745883400089009,
    "Hollow Marauder": 2.989694570980509,
    "Insatiable Avarice": 4.205660265176289,
    "Kaervek, the Punisher": 2.2909312233718806,
    "Lively Dirge": 5.232085790884718,
    "Mourner's Surprise": 5.790084128409028,
    "Neutralize the Guards": 7.352674918612141,
    "Nezumi Linkbreaker": 7.057677165354331,
    "Overzealous Muscle": 7.590020907898933,
    "Pitiless Carnage": 6.2138998035363455,
    "Rakish Crew": 5.376742359793207,
    "Rattleback Apothecary": 3.831584263987878,
    "Raven of Fell Omens": 5.090643067428085,
    "Rictus Robber": 3.903204419889503,
    "Rooftop Assassin": 5.8599532835656,
    "Rush of Dread": 2.2641396628004307,
    "Servant of the Stinger": 3.6326864147088864,
    "Shoot the Sheriff": 3.015969162995595,
    "Skulduggery": 6.3819007739750875,
    "Tinybones Joins Up": 5.250857943834888,
    "Tinybones, the Pickpocket": 2.048228084199307,
    "Treasure Dredger": 4.578718167187352,
    "Unfortunate Accident": 3.0488983448126645,
    "Unscrupulous Contractor": 4.348312929232606,
    "Vadmir, New Blood": 1.797828414130601,
    "Vault Plunderer": 4.199441849053904,
    "Brimstone Roundup": 6.574362969578353,
    "Calamity, Galloping Inferno": 1.6837664529193386,
    "Caught in the Crossfire": 6.82113433274005,
    "Cunning Coyote": 4.405930979532892,
    "Deadeye Duelist": 5.837182961854294,
    "Demonic Ruckus": 5.70238409252308,
    "Discerning Peddler": 6.55402508792851,
    "Explosive Derailment": 4.303570343668361,
    "Ferocification": 6.639992378774888,
    "Gila Courser": 4.34053089336886,
    "Great Train Heist": 3.0307866736438167,
    "Hell to Pay": 2.978295888088173,
    "Hellspur Brute": 4.515400870105656,
    "Hellspur Posse Boss": 1.9436598781031664,
    "Highway Robbery": 7.423082413738954,
    "Irascible Wolverine": 6.063172642668733,
    "Iron-Fist Pulverizer": 7.374094879604621,
    "Longhorn Sharpshooter": 3.0925474398388637,
    "Magda, the Hoardmaster": 1.8441461595824011,
    "Magebane Lizard": 7.645082181059222,
    "Mine Raider": 6.486560506171622,
    "Outlaws' Fury": 8.332729565356722,
    "Prickly Pair": 5.121659894101712,
    "Quick Draw": 8.404321930360416,
    "Quilled Charger": 7.033502781020892,
    "Reckless Lackey": 6.920988258317025,
    "Resilient Roadrunner": 5.203774398792192,
    "Return the Favor": 7.163063884567935,
    "Rodeo Pyromancers": 7.782976662012367,
    "Scalestorm Summoner": 3.8265149359886204,
    "Scorching Shot": 3.8339523455802524,
    "Slickshot Show-Off": 2.558966912146043,
    "Stingerback Terror": 1.667987452534258,
    "Take for a Ride": 6.662932454695222,
    "Terror of the Peaks": 1.2806273844849512,
    "Thunder Salvo": 5.215081910375314,
    "Trick Shot": 7.395932672815007,
    "Aloe Alchemist": 2.8643155100492983,
    "Ankle Biter": 5.90058195165566,
    "Beastbond Outcaster": 2.940350352967542,
    "Betrayal at the Vault": 4.519505369657251,
    "Bristlepack Sentry": 5.458474797597284,
    "Bristly Bill, Spine Sower": 1.2579505300353357,
    "Cactarantula": 3.5271386105912144,
    "Colossal Rattlewurm": 1.443346891342243,
    "Dance of the Tumbleweeds": 4.063734477873156,
    "Drover Grizzly": 4.788156244400645,
    "Freestrider Commando": 4.925331012290974,
    "Freestrider Lookout": 1.84238726000893,
    "Full Steam Ahead": 6.487483823257533,
    "Giant Beaver": 3.937580603559453,
    "Gold Rush": 5.781617507136061,
    "Goldvein Hydra": 1.2845206684256816,
    "Hardbristle Bandit": 3.4593659870400657,
    "Intrepid Stablemaster": 2.930193282041659,
    "Map the Frontier": 6.393930299733653,
    "Ornery Tumblewagg": 1.3848034222855978,
    "Outcaster Greenblade": 2.361285574092247,
    "Outcaster Trailblazer": 1.6207188877585623,
    "Patient Naturalist": 4.30906950996918,
    "Railway Brawler": 1.209669920966992,
    "Rambling Possum": 3.5153929735603042,
    "Raucous Entertainer": 3.92765980557215,
    "Reach for the Sky": 7.438376970411009,
    "Rise of the Varmints": 5.325230493870841,
    "Smuggler's Surprise": 3.0240703994478473,
    "Snakeskin Veil": 4.57641581895502,
    "Spinewoods Armadillo": 2.2065200355258345,
    "Spinewoods Paladin": 3.6065812326902313,