{
    "Abuelo's Awakening": 4.582264361405466,
    "Acrobatic Leap": 8.552133597331638,
    "Adaptive Gemguard": 5.616607117920142,
    "Attentive Sunscribe": 5.672278260638439,
    "Bat Colony": 6.5810764230844985,
    "Clay-Fired Bricks": 3.0064420023781833,
    "Cosmium Blast": 5.425723538100434,
    "Dauntless Dismantler": 5.842636539309082,
    "Deconstruction Hammer": 6.809120457904529,
    "Dusk Rose Reliquary": 3.24947661743261,
    "Envoy of Okinec Ahau": 6.628728603339545,
    "Fabrication Foundry": 5.082234313087705,
    "Family Reunion": 8.449955218465863,
    "Get Lost": 2.6892561983471075,
    "Glorifier of Suffering": 5.880869438520736,
    "Guardian of the Great Door": 3.249894819306823,
    "Helping Hand": 6.280993637693787,
    "Ironpaw Aspirant": 5.230275704147968,
    "Kinjalli's Dawnrunner": 3.498034407857038,
    "Kutzil's Flanker": 2.2428552170396334,
    "Malamet War Scribe": 4.4806599195896295,
    "Market Gnome": 4.403762478959125,
    "Might of the Ancestors": 6.238170655903816,
    "Miner's Guidewing": 4.362333116317609,
    "Mischievous Pup": 4.733480612629035,
    "Ojer Taq, Deepest Foundation": 1.5235083280624078,
    "Oltec Archaeologists": 7.443538332617982,
    "Oltec Cloud Guard": 3.4521363039268116,
    "Oteclan Landmark": 7.011783858009637,
    "Petrify": 3.489092845190406,
    "Quicksand Whirlpool": 5.184000913173599,
    "Resplendent Angel": 1.3827022182388529,
    "Ruin-Lurker Bat": 3.0998835356135834,
    "Sanguine Evangelist": 1.6187714987714987,
    "Soaring Sandwing": 5.97390393977931,
    "Spring-Loaded Sawblades": 2.592586505707285,
    "Thousand Moons Crackshot": 7.780767713304093,
    "Thousand Moons Infantry": 7.982458511115456,
    "Thousand Moons Smithy": 1.4856871236928277,
    "Tinker's Tote": 4.186875037422909,
    "Unstable Glyphbridge": 1.6276016339233612,
    "Vanguard of the Rose": 4.543018801689158,
    "Warden of the Inner Sky": 1.7024641412283927,
    "Akal Pakal, First Among Equals": 1.8408646072674666,
    "Ancestral Reminiscence": 8.522795010797193,
    "Brackish Blunder": 6.0277823591236155,
    "Braided Net": 2.4017509106013164,
    "Chart a Course": 4.380563631097332,
    "Cogwork Wrestler": 5.954433108348607,
    "Confounding Riddle": 5.320318326512051,
    "Council of Echoes": 5.0700141169190305,
    "Didact Echo": 7.649884067572044,
    "Eaten by Piranhas": 4.399477138131569,
    "The Enigma Jewel": 4.490738255033557,
    "The Everflowing Well": 2.679545190857408,
    "Frilled Cave-Wurm": 8.653268365058759,
    "Hermitic Nautilus": 4.562160131094156,
    "Hurl into History": 6.980796938664849,
    "Inverted Iceberg": 5.249076872682876,
    "Kitesail Larcenist": 1.6147067463037306,
    "Lodestone Needle": 3.6087349266466413,
    "Malcolm, Alluring Scoundrel": 1.590310534591195,
    "Marauding Brinefang": 6.98254771080946,
    "Merfolk Cave-Diver": 6.177753016679191,
    "Oaken Siren": 4.398559104966034,
    "Ojer Pakpatiq, Deepest Epoch": 1.4176963812886143,
    "Orazca Puzzle-Door": 7.4007362608467,
    "Out of Air": 8.320921117099461,
    "Pirate Hat": 7.817246550341188,
    "Relic's Roar": 9.326597831214293,
    "River Herald Scout": 5.43595717884131,
    "Sage of Days": 7.979333802149859,
    "Self-Reflection": 7.1803527100497995,
    "Shipwreck Sentry": 7.042015278834178,
    "Sinuous Benthisaur": 6.682848812078058,
    "Song of Stupefaction": 8.878008256973114,
    "Spyglass Siren": 2.7718574499063995,
    "Staunch Crewmate": 3.7279796677035124,
    "Tishana's Tidebinder": 2.196016046479458,
    "Unlucky Drop": 7.749973305320754,
    "Waterlogged Hulk": 7.256886008136861,
    "Waterwind Scout": 3.397511531792853,
    "Waylaying Pirates": 6.108550701618471,
    "Zoetic Glyph": 3.0034022241405576,
    "Abyssal Gorestalker": 6.454535011569326,
    "Aclazotz, Deepest Betrayal": 1.2454682779456194,
    "Another Chance": 6.536870143584409,
    "Bitter Triumph": 2.6997552687641955,
    "Bloodthorn Flail": 7.9561047637844196,
    "Bringer of the Last Gift": 2.619506966773848,
    "Broodrage Mycoid": 6.4853580664729735,
    "Canonized in Blood": 6.268780002594819,
    "Chupacabra Echo": 2.539362199569812,
    "Corpses of the Lost": 2.1901162376096415,
    "Dead Weight": 4.409526075053419,
    "Deathcap Marionette": 5.411175079311127,
    "Deep Goblin Skulltaker": 6.572471407070598,
    "Deep-Cavern Bat": 2.878687758643706,
    "Echo of Dusk": 5.939709063289468,
    "Fanatical Offering": 6.652175544120498,
    "Gargantuan Leech": 6.445987502055583,
    "Grasping Shadows": 5.081830067456466,
    "Greedy Freebooter": 6.998848912913355,
    "Join the Dead": 3.3469387755102042,
    "Malicious Eclipse": 6.559366126676187,
    "Mephitic Draught": 7.224893616382326,
    "Preacher of the Schism": 1.5735294117647058,
    "Primordial Gnawer": 7.80761261117664,
    "Queen's Bay Paladin": 3.1386763390638976,
    "Rampaging Spiketail": 5.952122363421983,
    "Ray of Ruin": 6.330352712173164,
    "Screaming Phantom": 6.68495884573505,
    "Skullcap Snail": 5.440670539116534,
    "Soulcoil Viper": 4.43586093857833,
    "Stalactite Stalker": 2.0540379605508003,
    "Starving Revenant": 1.886935905820798,
    "Stinging Cave Crawler": 3.7486916176925456,
    "Synapse Necromage": 4.883606444843243,
    "Tarrian's Journal": 2.236488398415393,
    "Terror Tide": 2.2198194415284487,
    "Tithing Blade": 4.761742229004412,
    "Visage of Dread": 4.267160707524206,
    "Vito's Inquisitor": 7.771976033869007,
    "Abrade": 2.6719709086932153,
    "Ancestors' Aid": 7.187860398134375,
    "Belligerent Yearling": 3.044110368720614,
    "Bonehoard Dracosaur": 1.144492911668484,
    "Brass's Tunnel-Grinder": 2.3709191031860497,
    "Brazen Blademaster": 6.891180426567604,
    "Breeches, Eager Pillager": 1.415918412592839,
    "Burning Sun Cavalry": 6.643722165551216,
    "Calamitous Cave-In": 7.16544849989274,
    "Child of the Volcano": 7.858512747753063,
    "Curator of Sun's Creation": 5.624782691800085,
    "Daring Discovery": 8.52620651822261,
    "Diamond Pick-Axe": 3.668394777265745,
    "Dinotomaton": 5.25215006504694,
    "Dire Flail": 2.1082405345211583,
    "Dowsing Device": 5.388442836141581,
    "Dreadmaw's Ire": 3.6687057709558455,
    "Enterprising Scallywag": 3.935117456744971,
    "Etali's Favor": 5.2282580424621194,
    "Geological Appraiser": 2.572036190653857,
    "Goblin Tomb Raider": 5.728458261330778,
    "Goldfury Strider": 6.149843342250145,
    "Hit the Mother Lode": 5.601900237529692,
    "Hotfoot Gnome": 7.38835667991413,
    "Idol of the Deep King": 5.095538684637038,
    "Inti, Seneschal of the Sun": 1.458809575156351,
    "Magmatic Galleon": 1.5534241129112414,
    "Ojer Axonil, Deepest Might": 1.5803960396039605,
    "Panicked Altisaur": 5.543461034934197,
    "Plundering Pirate": 4.451627929389466,
    "Poetic Ingenuity": 1.9643152839874152,
    "Rampaging Ceratops": 4.555068035482063,
    "Rumbling Rockslide": 4.978312984747839,
    "Saheeli's Lattice": 4.69695753713795,
    "Scytheclaw Raptor": 2.924607645555961,
    "Seismic Monstrosaur": 5.644302720518781,
    "Sunfire Torch": 5.666144860206366,
    "Sunshot Militia": 5.765149282719638,
    "Tectonic Hazard": 9.352395839396031,
    "Triumphant Chomp": 3.2419419134396357,
    "Trumpeting Carnosaur": 1.3060616886983447,
    "Volatile Wanderglyph": 5.145577205529338,
    "Zoyowa's Justice": 8.068771751740138,
    "Armored Kincaller": 5.248576802054324,
    "Basking Capybara": 7.594538264059038,
    "Bedrock Tortoise": 1.8214011434422732,
    "Cavern Stomper": 5.709749433331735,
    "Cenote Scout": 3.9378870310094825,
    "Coati Scavenger": 4.624101397995289,
    "Colossadactyl": 3.066873815839333,
    "Disturbed Slumber": 9.229409613360545,
    "Earthshaker Dreadmaw": 3.40990794743869,
    "Explorer's Cache": 5.546421022462652,
    "Ghalta, Stampede Tyrant": 2.1963707975805318,
    "Glimpse the Core": 6.118083454306067,
    "Glowcap Lantern": 6.125091365625887,
    "Growing Rites of Itlimoc": 3.915197845288549,