{
    "Putrid Warrior": 6.888177550149381,
    "Krosan Tusker": 4.464896755162242,
    "Mass Hysteria": 5.683734939759036,
    "Spell Snare": 6.946280991735537,
    "Ghost Quarter": 7.473643108160875,
    "Enlisted Wurm": 3.25,
    "Kuldotha Rebirth": 6.29082774049217,
    "Molten Psyche": 5.710982658959537,
    "Leonin Relic-Warder": 3.91025641025641,
    "Gnaw to the Bone": 7.844009983361065,
    "Stromkirk Captain": 6.572502210433245,
    "Burden of Guilt": 7.024126455906822,
    "Ixidor, Reality Sculptor": 4.398717948717949,
    "Duskmantle, House of Shadow": 7.72001620745543,
    "Worldspine Wurm": 3.916546762589928,
    "Possibility Storm": 5.740937223695845,
    "Millstone": 7.758511480601742,
    "Nyx Weaver": 5.12639405204461,
    "Evolutionary Leap": 5.296296296296297,
    "Shard of Broken Glass": 7.953398058252427,
    "Metalspinner's Puzzleknot": 6.933982225983919,
    "Smuggler's Copter": null,
    "Consign // Oblivion": 5.397880539499036,
    "Bishop of the Bloodstained": 7.1063829787234045,
    "Goblin Warchief": 6.762637362637363,
    "High Alert": 6.889495798319328,
    "Jace, Wielder of Mysteries": 2.8804780876494025,
    "Syr Konrad, the Grim": 3.211522633744856,
    "Ranger-Captain of Eos": null,
    "Hard Evidence": 4.508296460176991,
    "Combine Chrysalis": 5.3171368861024035,
    "Quintorius, Field Historian": 5.403963414634147,
    "Laid to Rest": 7.452994843316144,
    "Monologue Tax": 5.376321353065539,
    "Magmaw": 4.758009153318078,
    "Mistveil Plains": 6.852988691437803,
    "Mentor of the Meek": 2.410828025477707,
    "Ghostly Prison": null,
    "Fabricate": 5.317241379310345,
    "Show and Tell": 4.649723756906077,
    "Tragic Slip": null,
    "Victimize": null,
    "Gamble": 4.845360824742268,
    "Crashing Footfalls": null,
    "Tireless Tracker": null,
    "Drown in the Loch": 3.823446327683616,
    "Field of the Dead": 4.613953488372093,
    "Case of the Shattered Pact": 5.990892330383481,
    "Absolving Lammasu": 5.929597327890146,
    "Assemble the Players": 3.8851956021477885,
    "Aurelia's Vindicator": 1.1528046421663443,
    "Auspicious Arrival": 4.852982990182141,
    "Call a Surprise Witness": 5.210214746468523,
    "Case of the Gateway Express": 2.4558823529411766,
    "Case of the Pilfered Proof": 5.292301663328399,
    "Case of the Uneaten Feast": 5.478419897585955,
    "Defenestrated Phantom": 6.576096650130985,
    "Delney, Streetwise Lookout": 1.7437699680511183,
    "Doorkeeper Thrull": 4.398789937373952,
    "Due Diligence": 6.61372782724532,
    "Essence of Antiquity": 6.1423162340262865,
    "Forum Familiar": 5.666704541150627,
    "Griffnaut Tracker": 5.8475094540297805,
    "Haazda Vigilante": 5.5226106724831805,
    "Inside Source": 3.051089674883887,
    "Karlov Watchdog": 3.5703417602996255,
    "Krovod Haunch": 5.67091127638795,
    "Make Your Move": 5.532365004471583,
    "Makeshift Binding": 2.546968980198689,
    "Marketwatch Phantom": 3.1405993540530526,
    "Museum Nightwatch": 4.463384582418171,
    "Neighborhood Guardian": 2.4943799689299095,
    "No Witnesses": 2.485640250485856,
    "Not on My Watch": 3.446798237672762,
    "Novice Inspector": 2.4984719260838664,
    "On the Job": 5.074101833808025,
    "Perimeter Enforcer": 2.6238252476504953,
    "Sanctuary Wall": 6.716018489556181,
    "Seasoned Consultant": 4.171271997530102,
    "Tenth District Hero": 1.4381679389312978,
    "Unyielding Gatekeeper": 1.691162496040545,
    "Wrench": 6.656973520033273,
    "Agency Outfitter": 6.5502417863746265,
    "Behind the Mask": 8.389403627822002,
    "Benthic Criminologists": 7.553470919324578,
    "Bubble Smuggler": 6.188358092598207,
    "Burden of Proof": 5.8921977139798924,
    "Candlestick": 6.9840866128200725,
    "Case of the Filched Falcon": 4.93110140708394,
    "Case of the Ransacked Lab": 6.268575485092286,
    "Cold Case Cracker": 4.234252310304246,
    "Conspiracy Unraveler": 3.6681940700808626,
    "Coveted Falcon": 3.4834201151000275,
    "Crimestopper Sprite": 4.928572625090038,
    "Cryptic Coat": 1.4438029253271747,
    "Curious Inquiry": 6.252372557110169,
    "Deduce": 5.549239715165273,
    "Dramatic Accusation": 5.411916851793081,
    "Eliminate the Impossible": 5.365544884514644,
    "Exit Specialist": 3.0475756726457397,
    "Fae Flight": 5.9583551206394265,
    "Forensic Gadgeteer": 2.9392174704276615,
    "Forensic Researcher": 4.547756739110158,
    "Furtive Courier": 4.854104267048661,
    "Hotshot Investigators": 6.8856112434099135,
    "Intrude on the Mind": 2.081081081081081,
    "Jaded Analyst": 6.380244452149792,
    "Living Conundrum": 7.4037177946869575,
    "Lost in the Maze": 3.024116847826087,
    "Mistway Spy": 4.6674325359282784,
    "Out Cold": 5.001914840010078,
    "Proft's Eidetic Memory": 2.309730363423212,
    "Projektor Inspector": 4.320801809531238,
    "Reasonable Doubt": 6.284297162659736,
    "Reenact the Crime": 5.627260926006058,
    "Steamcore Scholar": 1.8895298528987596,
    "Unauthorized Exit": 6.082978971282111,
    "Agency Coroner": 8.128236357207403,
    "Alley Assailant": 6.704714850367024,
    "Barbed Servitor": 3.0442136995478144,
    "Basilica Stalker": 6.389315894517814,
    "Case of the Stashed Skeleton": 2.6384,
    "Cerebral Confiscation": 7.954912723533261,
    "Deadly Cover-Up": 2.3065780099738777,
    "Extract a Confession": 4.413750908187067,
    "Festerleech": 5.912370353546824,
    "Homicide Investigator": 2.021733438072794,
    "Hunted Bonebrute": 2.123092072870507,
    "Illicit Masquerade": 4.703477540881805,
    "It Doesn't Add Up": 6.847729265298965,
    "Lead Pipe": 7.291700107009095,
    "Leering Onlooker": 3.537479211214065,
    "Long Goodbye": 3.093544137022398,
    "Macabre Reconstruction": 7.181895336262714,
    "Massacre Girl, Known Killer": 1.5466165413533834,
    "Murder": 4.1734706513663005,
    "Nightdrinker Moroii": 4.756207268801727,
    "Outrageous Robbery": 2.710701685613485,
    "Persuasive Interrogators": 6.075825657155695,
    "Polygraph Orb": 7.085383256319652,
    "Presumed Dead": 6.201863926032343,
    "Repeat Offender": 6.432005999682709,
    "Rot Farm Mortipede": 7.358725366192011,
    "Slice from the Shadows": 4.481291626131856,
    "Slimy Dualleech": 5.057782917844599,
    "Snarling Gorehound": 5.614020899735185,
    "Soul Enervation": 3.8972874627853127,
    "Toxin Analysis": 6.932127323600299,
    "Undercity Eliminator": 4.29336811477877,
    "Unscrupulous Agent": 5.3566071141155644,
    "Vein Ripper": 1.5,
    "Anzrag's Rampage": 6.212774294670846,
    "Bolrac-Clan Basher": 4.102526749384639,
    "Case of the Burning Masks": 3.5383705106206733,
    "Case of the Crimson Pulse": 3.2058236272878537,
    "Caught Red-Handed": 7.34087713424841,
    "The Chase Is On": 6.065146150920209,
    "Concealed Weapon": 5.57390500404484,
    "Connecting the Dots": 4.489016847941992,
    "Convenient Target": 6.472666524489941,
    "Cornered Crook": 4.767392270102177,
    "Crime Novelist": 5.502515440304307,
    "Demand Answers": 7.114522164258597,
    "Expedited Inheritance": 5.576271186440678,
    "Expose the Culprit": 7.542237139439053,
    "Felonious Rage": 6.44888165224098,
    "Frantic Scapegoat": 4.7560095095535795,
    "Fugitive Codebreaker": 2.143546441495778,
    "Galvanize": 3.0943567460535726,
    "Gearbane Orangutan": 5.6698581451637615,
    "Goblin Maskmaker": 6.430856313497823,
    "Harried Dronesmith": 3.359705788295491,
    "Incinerator of the Guilty": 1.3070251517779705,
    "Innocent Bystander": 5.752226011892185,
    "Knife": 7.0037082397768256,
    "Krenko, Baron of Tin Street": 1.7099064214262665,
    "Krenko's Buzzcrusher": 2.1236437042644463,
    "Lamplight Phoenix": 1.7245271507016473,
    "Offender at Large": 5.4636082314714525,
    "Person of Interest": 4.0825990299110755,
    "Pyrotechnic Performer": 1.738456770994732,
    "Reckless Detective": 2.900806512399186,
    "Red Herring": 4.385149562730936,
    "Rubblebelt Braggart": 7.258848660195225,