{
    "Abuelo's Awakening": 4.346156165209527,
    "Acrobatic Leap": 8.61603718545865,
    "Adaptive Gemguard": 5.698806983171815,
    "Attentive Sunscribe": 5.812543624614415,
    "Bat Colony": 6.517295530144046,
    "Clay-Fired Bricks": 3.150962620194859,
    "Cosmium Blast": 5.420912659884334,
    "Dauntless Dismantler": 5.8131178179800544,
    "Deconstruction Hammer": 7.005444897331385,
    "Dusk Rose Reliquary": 3.2805653364632237,
    "Envoy of Okinec Ahau": 6.512524897606092,
    "Fabrication Foundry": 5.176000813876596,
    "Family Reunion": 8.346048741043115,
    "Get Lost": 2.593384014793507,
    "Glorifier of Suffering": 5.79687931351799,
    "Guardian of the Great Door": 3.253590653139186,
    "Helping Hand": 6.190088187448272,
    "Ironpaw Aspirant": 5.3483221759083825,
    "Kinjalli's Dawnrunner": 3.4976479722323712,
    "Kutzil's Flanker": 2.0828136692442007,
    "Malamet War Scribe": 4.389725553289806,
    "Market Gnome": 4.306853640416048,
    "Might of the Ancestors": 6.31008339651251,
    "Miner's Guidewing": 4.674183583707816,
    "Mischievous Pup": 4.644820003116829,
    "Ojer Taq, Deepest Foundation": 1.4597744360902256,
    "Oltec Archaeologists": 7.385749015510729,
    "Oltec Cloud Guard": 3.6491505565319273,
    "Oteclan Landmark": 7.038135570648555,
    "Petrify": 3.5924693874113625,
    "Quicksand Whirlpool": 5.215619590548484,
    "Resplendent Angel": 1.385028790786948,
    "Ruin-Lurker Bat": 3.2819935691318327,
    "Sanguine Evangelist": 1.6468020815846902,
    "Soaring Sandwing": 5.984391712335564,
    "Spring-Loaded Sawblades": 2.612636319931176,
    "Thousand Moons Crackshot": 7.74325218507728,
    "Thousand Moons Infantry": 7.93236138374582,
    "Thousand Moons Smithy": 1.4594349873234336,
    "Tinker's Tote": 4.261960453865264,
    "Unstable Glyphbridge": 1.6486664471517944,
    "Vanguard of the Rose": 4.56270256793817,
    "Warden of the Inner Sky": 1.7353213844252162,
    "Akal Pakal, First Among Equals": 1.8679896462467644,
    "Ancestral Reminiscence": 8.48439487377144,
    "Brackish Blunder": 6.193819211386469,
    "Braided Net": 2.4922607139096558,
    "Chart a Course": 4.424116120068736,
    "Cogwork Wrestler": 6.3559572864459835,
    "Confounding Riddle": 5.143632694894626,
    "Council of Echoes": 4.911565909558773,
    "Didact Echo": 7.614348363094494,
    "Eaten by Piranhas": 4.438403743853171,
    "The Enigma Jewel": 4.20270434888537,
    "The Everflowing Well": 2.5829403751440845,
    "Frilled Cave-Wurm": 8.583222889969493,
    "Hermitic Nautilus": 4.811060696858146,
    "Hurl into History": 6.655743298575095,
    "Inverted Iceberg": 5.54811921385292,
    "Kitesail Larcenist": 1.6459353574926543,
    "Lodestone Needle": 3.8625806113353955,
    "Malcolm, Alluring Scoundrel": 1.6043478260869566,
    "Marauding Brinefang": 6.964093597325791,
    "Merfolk Cave-Diver": 6.170322291853179,
    "Oaken Siren": 4.780492296359953,
    "Ojer Pakpatiq, Deepest Epoch": 1.388597149287322,
    "Orazca Puzzle-Door": 7.545766020597199,
    "Out of Air": 8.188098998440275,
    "Pirate Hat": 8.050518921749267,
    "Relic's Roar": 9.280073900121435,
    "River Herald Scout": 5.460453079874391,
    "Sage of Days": 7.993422348261058,
    "Self-Reflection": 7.0803382384077915,
    "Shipwreck Sentry": 7.263616568922486,
    "Sinuous Benthisaur": 6.772242612586064,
    "Song of Stupefaction": 8.828284088400972,
    "Spyglass Siren": 2.9271602197680227,
    "Staunch Crewmate": 3.923639755415069,
    "Tishana's Tidebinder": 2.2209059233449477,
    "Unlucky Drop": 7.855266014129534,
    "Waterlogged Hulk": 7.222144626430824,
    "Waterwind Scout": 3.6536666320921065,
    "Waylaying Pirates": 6.439658429683368,
    "Zoetic Glyph": 3.2993707772448295,
    "Abyssal Gorestalker": 6.29107617201522,
    "Aclazotz, Deepest Betrayal": 1.2120811287477955,
    "Another Chance": 6.775173996742189,
    "Bitter Triumph": 2.664155565763283,
    "Bloodthorn Flail": 7.817043843661401,
    "Bringer of the Last Gift": 2.6671735604217357,
    "Broodrage Mycoid": 6.233513585910164,
    "Canonized in Blood": 5.931868537666174,
    "Chupacabra Echo": 2.5470399847797824,
    "Corpses of the Lost": 2.1633466135458166,
    "Dead Weight": 4.376185488822276,
    "Deathcap Marionette": 5.505014185456174,
    "Deep Goblin Skulltaker": 6.381635700066357,
    "Deep-Cavern Bat": 3.0263214209287397,
    "Echo of Dusk": 5.99382135963851,
    "Fanatical Offering": 6.509849456777693,
    "Gargantuan Leech": 6.4319726449352155,
    "Grasping Shadows": 4.95346738486703,
    "Greedy Freebooter": 6.900161473912698,
    "Join the Dead": 3.2800975722188075,
    "Malicious Eclipse": 6.363802770210865,
    "Mephitic Draught": 7.019867687876954,
    "Preacher of the Schism": 1.566397034041119,
    "Primordial Gnawer": 7.730035596414434,
    "Queen's Bay Paladin": 2.879582628313593,
    "Rampaging Spiketail": 5.964690240166956,
    "Ray of Ruin": 6.1222295714173605,
    "Screaming Phantom": 6.632092825046795,
    "Skullcap Snail": 5.378170647303811,
    "Soulcoil Viper": 4.424586738311131,
    "Stalactite Stalker": 1.9655733261046353,
    "Starving Revenant": 1.8114136732329085,
    "Stinging Cave Crawler": 3.6329806958228814,
    "Synapse Necromage": 4.665168185555109,
    "Tarrian's Journal": 2.1535423037716614,
    "Terror Tide": 2.120777763928705,
    "Tithing Blade": 4.921433864268282,
    "Visage of Dread": 4.2413246021993745,
    "Vito's Inquisitor": 7.566797462692636,
    "Abrade": 2.7261197624016695,
    "Ancestors' Aid": 7.397926019983976,
    "Belligerent Yearling": 3.0471683063015154,
    "Bonehoard Dracosaur": 1.1525266573945294,
    "Brass's Tunnel-Grinder": 2.288331954131694,
    "Brazen Blademaster": 6.877793533600892,
    "Breeches, Eager Pillager": 1.4383943504924734,
    "Burning Sun Cavalry": 6.6944388335477285,
    "Calamitous Cave-In": 7.182104500230612,
    "Child of the Volcano": 7.69765107009016,
    "Curator of Sun's Creation": 5.539130158931574,
    "Daring Discovery": 8.517403229544927,
    "Diamond Pick-Axe": 3.8207503277925814,
    "Dinotomaton": 5.372745502906821,
    "Dire Flail": 2.157986980470706,
    "Dowsing Device": 5.556298448383045,
    "Dreadmaw's Ire": 3.7748651699485762,
    "Enterprising Scallywag": 3.8907586993725043,
    "Etali's Favor": 5.786438283595268,
    "Geological Appraiser": 2.70614393320628,
    "Goblin Tomb Raider": 5.954799244836946,
    "Goldfury Strider": 6.0693658827031856,
    "Hit the Mother Lode": 5.383111954459203,
    "Hotfoot Gnome": 7.362068531939827,
    "Idol of the Deep King": 5.151534555229406,
    "Inti, Seneschal of the Sun": 1.4921465968586387,
    "Magmatic Galleon": 1.56874365052489,
    "Ojer Axonil, Deepest Might": 1.5563163300239644,
    "Panicked Altisaur": 5.760971423269623,
    "Plundering Pirate": 4.649101144480735,
    "Poetic Ingenuity": 2.025232590921906,
    "Rampaging Ceratops": 4.56535292401925,
    "Rumbling Rockslide": 4.979955755607273,
    "Saheeli's Lattice": 4.7132181930778225,
    "Scytheclaw Raptor": 2.9294866563290625,
    "Seismic Monstrosaur": 5.62521099729461,
    "Sunfire Torch": 5.840193759794842,
    "Sunshot Militia": 5.966522292993631,
    "Tectonic Hazard": 9.284743795283607,
    "Triumphant Chomp": 3.2467011041202536,
    "Trumpeting Carnosaur": 1.3057799875699192,
    "Volatile Wanderglyph": 5.379461649304325,
    "Zoyowa's Justice": 7.949209379435073,
    "Armored Kincaller": 5.367604196581875,
    "Basking Capybara": 7.443044423483362,
    "Bedrock Tortoise": 1.8096446700507614,
    "Cavern Stomper": 5.803755310407524,
    "Cenote Scout": 3.891580067097619,
    "Coati Scavenger": 4.5739529607770155,
    "Colossadactyl": 3.0871773821129866,
    "Disturbed Slumber": 9.105220798880914,
    "Earthshaker Dreadmaw": 3.3261512463033376,
    "Explorer's Cache": 5.466335017489312,
    "Ghalta, Stampede Tyrant": 2.060404402354748,
    "Glimpse the Core": 5.832163445742107,
    "Glowcap Lantern": 5.947104945717732,
    "Growing Rites of Itlimoc": 3.657100371747212,