{
    "Putrid Warrior": 6.640851212279784,
    "Krosan Tusker": 4.6876950512706195,
    "Mass Hysteria": 5.529337803855825,
    "Spell Snare": 6.929917751884853,
    "Ghost Quarter": 7.234670580560992,
    "Enlisted Wurm": 4.001351716680184,
    "Kuldotha Rebirth": 6.16654371080782,
    "Molten Psyche": 5.395214521452146,
    "Leonin Relic-Warder": 4.087361530715005,
    "Gnaw to the Bone": 7.957084357084357,
    "Stromkirk Captain": 6.235004730368969,
    "Burden of Guilt": 6.973953181668315,
    "Ixidor, Reality Sculptor": 4.079800498753118,
    "Duskmantle, House of Shadow": 7.648778920308484,
    "Worldspine Wurm": 3.721488595438175,
    "Possibility Storm": 5.617857142857143,
    "Millstone": 7.605410755526229,
    "Nyx Weaver": 5.369716864997948,
    "Evolutionary Leap": 5.076030927835052,
    "Shard of Broken Glass": 7.957578572534448,
    "Metalspinner's Puzzleknot": 6.661557009989666,
    "Smuggler's Copter": 1.3773584905660377,
    "Consign // Oblivion": 5.423246492985972,
    "Bishop of the Bloodstained": 6.683029453015428,
    "Goblin Warchief": 6.735561778088904,
    "High Alert": 6.8835002635740645,
    "Jace, Wielder of Mysteries": 2.668237511781338,
    "Syr Konrad, the Grim": 3.0393299344501092,
    "Ranger-Captain of Eos": 2.221052631578947,
    "Hard Evidence": 5.110462692788662,
    "Combine Chrysalis": 5.512205299394951,
    "Quintorius, Field Historian": 5.292011019283747,
    "Laid to Rest": 7.454652730950776,
    "Monologue Tax": 4.956701980654077,
    "Magmaw": 4.839605734767025,
    "Mistveil Plains": 6.89903438929358,
    "Mentor of the Meek": 2.3266951161688003,
    "Ghostly Prison": 2.441787941787942,
    "Fabricate": 4.893087161872048,
    "Show and Tell": 4.293466807165437,
    "Tragic Slip": 2.4436826640548484,
    "Victimize": 2.2594187298170074,
    "Gamble": 4.208874458874459,
    "Crashing Footfalls": 1.8863328822733423,
    "Tireless Tracker": 1.5422885572139304,
    "Drown in the Loch": 3.5707196029776673,
    "Field of the Dead": 4.1343832020997375,
    "Case of the Shattered Pact": 5.776103303747535,
    "Absolving Lammasu": 5.170792079207921,
    "Assemble the Players": 3.1636376153104777,
    "Aurelia's Vindicator": 1.1677593521018126,
    "Auspicious Arrival": 5.405554389913594,
    "Call a Surprise Witness": 4.721806966618288,
    "Case of the Gateway Express": 2.8137214137214137,
    "Case of the Pilfered Proof": 4.514565293045917,
    "Case of the Uneaten Feast": 4.682750301568154,
    "Defenestrated Phantom": 6.131869361411443,
    "Delney, Streetwise Lookout": 1.5525063007560906,
    "Doorkeeper Thrull": 3.7176394572474694,
    "Due Diligence": 6.4389396091948665,
    "Essence of Antiquity": 5.547935978445649,
    "Forum Familiar": 5.107032294080828,
    "Griffnaut Tracker": 5.6557995818454305,
    "Haazda Vigilante": 5.789745184480583,
    "Inside Source": 3.592774254169603,
    "Karlov Watchdog": 3.756279779802933,
    "Krovod Haunch": 5.251351799635097,
    "Make Your Move": 5.6739495482399525,
    "Makeshift Binding": 2.7932167788966455,
    "Marketwatch Phantom": 3.6854894468704513,
    "Museum Nightwatch": 4.685678342238431,
    "Neighborhood Guardian": 2.9420757704957974,
    "No Witnesses": 2.1950152594099697,
    "Not on My Watch": 3.2451097486530243,
    "Novice Inspector": 2.9941758407830648,
    "On the Job": 6.290285633733326,
    "Perimeter Enforcer": 2.8303349191845992,
    "Sanctuary Wall": 6.249583364058697,
    "Seasoned Consultant": 4.845545230842157,
    "Tenth District Hero": 1.4478509167418094,
    "Unyielding Gatekeeper": 1.661762756792578,
    "Wrench": 6.066740308399636,
    "Agency Outfitter": 5.980138903927362,
    "Behind the Mask": 8.157471467325875,
    "Benthic Criminologists": 7.359606236423131,
    "Bubble Smuggler": 6.292834762775332,
    "Burden of Proof": 5.371311916123395,
    "Candlestick": 6.436043621904512,
    "Case of the Filched Falcon": 4.718172542795601,
    "Case of the Ransacked Lab": 5.679439994226745,
    "Cold Case Cracker": 4.470693216683374,
    "Conspiracy Unraveler": 3.1252202195419434,
    "Coveted Falcon": 3.0598360655737706,
    "Crimestopper Sprite": 4.880470331178699,
    "Cryptic Coat": 1.6047139003265654,
    "Curious Inquiry": 5.773985823425411,
    "Deduce": 5.922325140846803,
    "Dramatic Accusation": 5.171375627505812,
    "Eliminate the Impossible": 5.556790183100633,
    "Exit Specialist": 3.157118455657078,
    "Fae Flight": 5.250337997701616,
    "Forensic Gadgeteer": 2.5702149791955615,
    "Forensic Researcher": 5.017372497034815,
    "Furtive Courier": 4.787697754176347,
    "Hotshot Investigators": 6.73997113997114,
    "Intrude on the Mind": 2.0274411159387147,
    "Jaded Analyst": 6.7779896161375435,
    "Living Conundrum": 6.926164713797164,
    "Lost in the Maze": 2.923164242639234,
    "Mistway Spy": 4.18413015022128,
    "Out Cold": 5.770907323638267,
    "Proft's Eidetic Memory": 2.5196641626159964,
    "Projektor Inspector": 5.106892487126993,
    "Reasonable Doubt": 6.385681265997884,
    "Reenact the Crime": 5.017600704028161,
    "Steamcore Scholar": 1.922783493237776,
    "Unauthorized Exit": 6.328756228215864,
    "Agency Coroner": 7.704969935758317,
    "Alley Assailant": 6.2731472421379735,
    "Barbed Servitor": 2.2872896111433545,
    "Basilica Stalker": 6.069235498336467,
    "Case of the Stashed Skeleton": 2.1744932260364673,
    "Cerebral Confiscation": 7.4179344937549825,
    "Deadly Cover-Up": 2.0944402945256644,
    "Extract a Confession": 4.842548085558884,
    "Festerleech": 5.596754504467846,
    "Homicide Investigator": 1.9127478753541076,
    "Hunted Bonebrute": 2.095026826248452,
    "Illicit Masquerade": 3.8844590884129597,
    "It Doesn't Add Up": 6.143935129543138,
    "Lead Pipe": 6.634784596046166,
    "Leering Onlooker": 3.3534712950600802,
    "Long Goodbye": 2.860984069492618,
    "Macabre Reconstruction": 6.809300767588682,
    "Massacre Girl, Known Killer": 1.393236074270557,
    "Murder": 3.5250673048160337,
    "Nightdrinker Moroii": 4.363625384940523,
    "Outrageous Robbery": 2.486457302258616,
    "Persuasive Interrogators": 5.639087532114746,
    "Polygraph Orb": 6.730033212082872,
    "Presumed Dead": 5.792651371399,
    "Repeat Offender": 6.277360002374099,
    "Rot Farm Mortipede": 7.073779890924346,
    "Slice from the Shadows": 4.290361909650924,
    "Slimy Dualleech": 4.836509821836455,
    "Snarling Gorehound": 5.914696781985594,
    "Soul Enervation": 3.4104759178787956,
    "Toxin Analysis": 6.719344911220941,
    "Undercity Eliminator": 3.628003752435475,
    "Unscrupulous Agent": 5.145526663728515,
    "Vein Ripper": 1.5649122807017544,
    "Anzrag's Rampage": 5.631273724167018,
    "Bolrac-Clan Basher": 3.9034142057305963,
    "Case of the Burning Masks": 3.3766383370878557,
    "Case of the Crimson Pulse": 2.913944163944164,
    "Caught Red-Handed": 7.010320893550137,
    "The Chase Is On": 6.541618277777139,
    "Concealed Weapon": 5.0369922300981465,
    "Connecting the Dots": 4.0967677173258386,
    "Convenient Target": 5.782900654446202,
    "Cornered Crook": 4.319961604607447,
    "Crime Novelist": 5.2556765957446805,
    "Demand Answers": 6.756716971443243,
    "Expedited Inheritance": 5.1181347150259064,
    "Expose the Culprit": 7.040926937521339,
    "Felonious Rage": 6.679002753624844,
    "Frantic Scapegoat": 4.689265121745198,
    "Fugitive Codebreaker": 2.1094981335545415,
    "Galvanize": 3.1477437338132654,
    "Gearbane Orangutan": 5.504295417583469,
    "Goblin Maskmaker": 6.599204889752885,
    "Harried Dronesmith": 3.33091570840806,
    "Incinerator of the Guilty": 1.2690960056061669,
    "Innocent Bystander": 6.053581107239644,
    "Knife": 6.269753523203019,
    "Krenko, Baron of Tin Street": 1.6819857782459837,
    "Krenko's Buzzcrusher": 1.8521533923303835,
    "Lamplight Phoenix": 1.7408165877383848,
    "Offender at Large": 6.367252479148306,
    "Person of Interest": 4.718984874192268,
    "Pyrotechnic Performer": 1.77475,