{
    "Abuelo's Awakening": 4.357433690088413,
    "Acrobatic Leap": 8.608803382781346,
    "Adaptive Gemguard": 5.696594846559294,
    "Attentive Sunscribe": 5.803917932832321,
    "Bat Colony": 6.517678443080666,
    "Clay-Fired Bricks": 3.144809136742463,
    "Cosmium Blast": 5.420815483208236,
    "Dauntless Dismantler": 5.813637264057504,
    "Deconstruction Hammer": 6.990699336446789,
    "Dusk Rose Reliquary": 3.279607601535472,
    "Envoy of Okinec Ahau": 6.518029771469611,
    "Fabrication Foundry": 5.162408759124087,
    "Family Reunion": 8.352558604243447,
    "Get Lost": 2.592786561264822,
    "Glorifier of Suffering": 5.797017550695515,
    "Guardian of the Great Door": 3.250174165805847,
    "Helping Hand": 6.190780660931049,
    "Ironpaw Aspirant": 5.339415760711248,
    "Kinjalli's Dawnrunner": 3.5005088270430513,
    "Kutzil's Flanker": 2.08667872212176,
    "Malamet War Scribe": 4.392458832673571,
    "Market Gnome": 4.31389482377866,
    "Might of the Ancestors": 6.299105631418576,
    "Miner's Guidewing": 4.652032175560886,
    "Mischievous Pup": 4.65209386402437,
    "Ojer Taq, Deepest Foundation": 1.4644927536231884,
    "Oltec Archaeologists": 7.3888913179718125,
    "Oltec Cloud Guard": 3.6359441763740636,
    "Oteclan Landmark": 7.033110260984337,
    "Petrify": 3.584638000735024,
    "Quicksand Whirlpool": 5.214676228344221,
    "Resplendent Angel": 1.383215744522837,
    "Ruin-Lurker Bat": 3.2691410851222384,
    "Sanguine Evangelist": 1.6458062418725619,
    "Soaring Sandwing": 5.987492799692787,
    "Spring-Loaded Sawblades": 2.6133784346888254,
    "Thousand Moons Crackshot": 7.744606979287553,
    "Thousand Moons Infantry": 7.936773571486532,
    "Thousand Moons Smithy": 1.4636714636714636,
    "Tinker's Tote": 4.257206988509629,
    "Unstable Glyphbridge": 1.6457900623102732,
    "Vanguard of the Rose": 4.556276348619117,
    "Warden of the Inner Sky": 1.7321911632100992,
    "Akal Pakal, First Among Equals": 1.8599916329661135,
    "Ancestral Reminiscence": 8.486107615878609,
    "Brackish Blunder": 6.178827016726657,
    "Braided Net": 2.4872188139059306,
    "Chart a Course": 4.413447251114413,
    "Cogwork Wrestler": 6.3258578647158945,
    "Confounding Riddle": 5.147324950118324,
    "Council of Echoes": 4.9189538583929995,
    "Didact Echo": 7.615944587672498,
    "Eaten by Piranhas": 4.430869534405783,
    "The Enigma Jewel": 4.212678213738659,
    "The Everflowing Well": 2.585383064516129,
    "Frilled Cave-Wurm": 8.58883251098281,
    "Hermitic Nautilus": 4.790134544063597,
    "Hurl into History": 6.668329308684005,
    "Inverted Iceberg": 5.526583335819337,
    "Kitesail Larcenist": 1.6449928808732794,
    "Lodestone Needle": 3.8433835135181007,
    "Malcolm, Alluring Scoundrel": 1.6043294270833333,
    "Marauding Brinefang": 6.9662625538734115,
    "Merfolk Cave-Diver": 6.17100871299146,
    "Oaken Siren": 4.753069957209672,
    "Ojer Pakpatiq, Deepest Epoch": 1.3977479113694151,
    "Orazca Puzzle-Door": 7.530639600761831,
    "Out of Air": 8.191490977436471,
    "Pirate Hat": 8.030461491354812,
    "Relic's Roar": 9.278862591302598,
    "River Herald Scout": 5.452553216238223,
    "Sage of Days": 7.990558349021757,
    "Self-Reflection": 7.08370867028355,
    "Shipwreck Sentry": 7.245532206895866,
    "Sinuous Benthisaur": 6.771758044827676,
    "Song of Stupefaction": 8.830422169099728,
    "Spyglass Siren": 2.9170107683588373,
    "Staunch Crewmate": 3.909072621202977,
    "Tishana's Tidebinder": 2.2225596041385516,
    "Unlucky Drop": 7.843627397103167,
    "Waterlogged Hulk": 7.221271742229826,
    "Waterwind Scout": 3.6367890386978403,
    "Waylaying Pirates": 6.416623053089935,
    "Zoetic Glyph": 3.2781142411982005,
    "Abyssal Gorestalker": 6.299475771780434,
    "Aclazotz, Deepest Betrayal": 1.2102803738317758,
    "Another Chance": 6.767985547076917,
    "Bitter Triumph": 2.668300026566697,
    "Bloodthorn Flail": 7.824698072070748,
    "Bringer of the Last Gift": 2.66653605015674,
    "Broodrage Mycoid": 6.249577969182312,
    "Canonized in Blood": 5.952599661107643,
    "Chupacabra Echo": 2.5488216521418927,
    "Corpses of the Lost": 2.1651398264223722,
    "Dead Weight": 4.3814506390434245,
    "Deathcap Marionette": 5.502854729827444,
    "Deep Goblin Skulltaker": 6.396086791585854,
    "Deep-Cavern Bat": 3.0193690769829935,
    "Echo of Dusk": 5.997260855832798,
    "Fanatical Offering": 6.520987731859481,
    "Gargantuan Leech": 6.434706517726521,
    "Grasping Shadows": 4.963533655482203,
    "Greedy Freebooter": 6.9056638545335405,
    "Join the Dead": 3.2870157340062343,
    "Malicious Eclipse": 6.36933574711043,
    "Mephitic Draught": 7.031261813911054,
    "Preacher of the Schism": 1.5683935283543062,
    "Primordial Gnawer": 7.738238853610673,
    "Queen's Bay Paladin": 2.900679040289724,
    "Rampaging Spiketail": 5.968455490990771,
    "Ray of Ruin": 6.1421513987338345,
    "Screaming Phantom": 6.636726724061418,
    "Skullcap Snail": 5.383891237961006,
    "Soulcoil Viper": 4.42727813745469,
    "Stalactite Stalker": 1.9697837978640271,
    "Starving Revenant": 1.8130501606818499,
    "Stinging Cave Crawler": 3.642433046993431,
    "Synapse Necromage": 4.675364374862779,
    "Tarrian's Journal": 2.154025814382299,
    "Terror Tide": 2.1271023546371937,
    "Tithing Blade": 4.917381204635339,
    "Visage of Dread": 4.247259934148212,
    "Vito's Inquisitor": 7.579413109418861,
    "Abrade": 2.7210881329940326,
    "Ancestors' Aid": 7.387842265387316,
    "Belligerent Yearling": 3.044928505297809,
    "Bonehoard Dracosaur": 1.1510533393097266,
    "Brass's Tunnel-Grinder": 2.2887621220764403,
    "Brazen Blademaster": 6.875325293396924,
    "Breeches, Eager Pillager": 1.434430652995143,
    "Burning Sun Cavalry": 6.691383919391322,
    "Calamitous Cave-In": 7.1758681307482615,
    "Child of the Volcano": 7.7057537012113055,
    "Curator of Sun's Creation": 5.544480599214145,
    "Daring Discovery": 8.518591327004701,
    "Diamond Pick-Axe": 3.8120582631675988,
    "Dinotomaton": 5.368303751396551,
    "Dire Flail": 2.1528654686741135,
    "Dowsing Device": 5.544375130732224,
    "Dreadmaw's Ire": 3.7692229886917645,
    "Enterprising Scallywag": 3.8934560286902204,
    "Etali's Favor": 5.749884163258302,
    "Geological Appraiser": 2.6973421731987797,
    "Goblin Tomb Raider": 5.935025606769094,
    "Goldfury Strider": 6.073290170365697,
    "Hit the Mother Lode": 5.392618065107749,
    "Hotfoot Gnome": 7.366856564614763,
    "Idol of the Deep King": 5.147431805347541,
    "Inti, Seneschal of the Sun": 1.488355804587638,
    "Magmatic Galleon": 1.565032679738562,
    "Ojer Axonil, Deepest Might": 1.5615435795076513,
    "Panicked Altisaur": 5.753247482604276,
    "Plundering Pirate": 4.636492976424994,
    "Poetic Ingenuity": 2.0259173373346067,
    "Rampaging Ceratops": 4.56601447616364,
    "Rumbling Rockslide": 4.98008694953093,
    "Saheeli's Lattice": 4.712227917193636,
    "Scytheclaw Raptor": 2.9283533375447464,
    "Seismic Monstrosaur": 5.628798211291224,
    "Sunfire Torch": 5.824114281300176,
    "Sunshot Militia": 5.952419328311569,
    "Tectonic Hazard": 9.285330128515055,
    "Triumphant Chomp": 3.2408174864423236,
    "Trumpeting Carnosaur": 1.3047485473852936,
    "Volatile Wanderglyph": 5.364717394663202,
    "Zoyowa's Justice": 7.955080473732159,
    "Armored Kincaller": 5.360178190057563,
    "Basking Capybara": 7.453481505341708,
    "Bedrock Tortoise": 1.8082429501084598,
    "Cavern Stomper": 5.8008655321838045,
    "Cenote Scout": 3.896088479116792,
    "Coati Scavenger": 4.582494522048754,
    "Colossadactyl": 3.0942587407389053,
    "Disturbed Slumber": 9.114201995474945,
    "Earthshaker Dreadmaw": 3.337157669874949,
    "Explorer's Cache": 5.472381209908813,
    "Ghalta, Stampede Tyrant": 2.0670626082652808,
    "Glimpse the Core": 5.848423634658394,
    "Glowcap Lantern": 5.961769333877266,
    "Growing Rites of Itlimoc": 3.665974212034384,