{
    "Putrid Warrior": 6.695577330508475,
    "Krosan Tusker": 4.636659250385076,
    "Mass Hysteria": 5.570660765096427,
    "Spell Snare": 6.926482110211544,
    "Ghost Quarter": 7.241550080475424,
    "Enlisted Wurm": 3.8891960867715865,
    "Kuldotha Rebirth": 6.200478334271244,
    "Molten Psyche": 5.449441687344913,
    "Leonin Relic-Warder": 4.049491392801252,
    "Gnaw to the Bone": 7.916530893595689,
    "Stromkirk Captain": 6.284319356691556,
    "Burden of Guilt": 6.9987320907823,
    "Ixidor, Reality Sculptor": 4.095833333333333,
    "Duskmantle, House of Shadow": 7.6653940886699505,
    "Worldspine Wurm": 3.8178603006189213,
    "Possibility Storm": 5.6790571169537625,
    "Millstone": 7.627854736053912,
    "Nyx Weaver": 5.3045319115571585,
    "Evolutionary Leap": 5.101481958762887,
    "Shard of Broken Glass": 7.958708438362741,
    "Metalspinner's Puzzleknot": 6.710516002612671,
    "Smuggler's Copter": 1.361462728551336,
    "Consign // Oblivion": 5.430912990196078,
    "Bishop of the Bloodstained": 6.773669027012851,
    "Goblin Warchief": 6.748770437325535,
    "High Alert": 6.9388326226012795,
    "Jace, Wielder of Mysteries": 2.7034383954154726,
    "Syr Konrad, the Grim": 3.0777414075286416,
    "Ranger-Captain of Eos": 2.317712470214456,
    "Hard Evidence": 5.002563691716071,
    "Combine Chrysalis": 5.489464371883545,
    "Quintorius, Field Historian": 5.245124899274779,
    "Laid to Rest": 7.477142493314656,
    "Monologue Tax": 5.07246867592279,
    "Magmaw": 4.811906377204885,
    "Mistveil Plains": 6.9124162802679034,
    "Mentor of the Meek": 2.324865831842576,
    "Ghostly Prison": 2.553435114503817,
    "Fabricate": 5.001572821642026,
    "Show and Tell": 4.461132075471698,
    "Tragic Slip": 2.5077793493635077,
    "Victimize": 2.3203187250996016,
    "Gamble": 4.311481768813033,
    "Crashing Footfalls": 1.8951194184839044,
    "Tireless Tracker": 1.5355329949238579,
    "Drown in the Loch": 3.5991829323649567,
    "Field of the Dead": 4.264626113909338,
    "Case of the Shattered Pact": 5.820968795186342,
    "Absolving Lammasu": 5.298875580233485,
    "Assemble the Players": 3.290687772378901,
    "Aurelia's Vindicator": 1.1667153284671532,
    "Auspicious Arrival": 5.295784930010142,
    "Call a Surprise Witness": 4.80346575922813,
    "Case of the Gateway Express": 2.754879391452307,
    "Case of the Pilfered Proof": 4.615148554154326,
    "Case of the Uneaten Feast": 4.837878539859224,
    "Defenestrated Phantom": 6.198563686241274,
    "Delney, Streetwise Lookout": 1.5899415692821368,
    "Doorkeeper Thrull": 3.874389529204923,
    "Due Diligence": 6.439742679680568,
    "Essence of Antiquity": 5.660503979735164,
    "Forum Familiar": 5.189235364094257,
    "Griffnaut Tracker": 5.6634324968508984,
    "Haazda Vigilante": 5.750731459989487,
    "Inside Source": 3.4918649515303666,
    "Karlov Watchdog": 3.745264383223394,
    "Krovod Haunch": 5.29113197899909,
    "Make Your Move": 5.69678686217455,
    "Makeshift Binding": 2.7431302155018913,
    "Marketwatch Phantom": 3.5880000856830727,
    "Museum Nightwatch": 4.645309048382207,
    "Neighborhood Guardian": 2.844091336532202,
    "No Witnesses": 2.2411858366820834,
    "Not on My Watch": 3.293424181269607,
    "Novice Inspector": 2.8995704340097763,
    "On the Job": 6.058427638237188,
    "Perimeter Enforcer": 2.7850451329592585,
    "Sanctuary Wall": 6.317821406236041,
    "Seasoned Consultant": 4.708948933925687,
    "Tenth District Hero": 1.4426380721780236,
    "Unyielding Gatekeeper": 1.66673397274104,
    "Wrench": 6.172784475286755,
    "Agency Outfitter": 6.074845670041968,
    "Behind the Mask": 8.199698899355075,
    "Benthic Criminologists": 7.418642110636019,
    "Bubble Smuggler": 6.297850211139977,
    "Burden of Proof": 5.46411017752227,
    "Candlestick": 6.5289299984547124,
    "Case of the Filched Falcon": 4.734295842362835,
    "Case of the Ransacked Lab": 5.7831100788592416,
    "Cold Case Cracker": 4.428160249836861,
    "Conspiracy Unraveler": 3.2600631412786107,
    "Coveted Falcon": 3.124323230278804,
    "Crimestopper Sprite": 4.874912763905833,
    "Cryptic Coat": 1.570874432007093,
    "Curious Inquiry": 5.840534777706975,
    "Deduce": 5.859227871939736,
    "Dramatic Accusation": 5.193432765611498,
    "Eliminate the Impossible": 5.499131013570979,
    "Exit Specialist": 3.1292610386639215,
    "Fae Flight": 5.357364468702116,
    "Forensic Gadgeteer": 2.6252166655967133,
    "Forensic Researcher": 4.943917436994577,
    "Furtive Courier": 4.778716784392869,
    "Hotshot Investigators": 6.789500610479614,
    "Intrude on the Mind": 2.0337861372344133,
    "Jaded Analyst": 6.6952687704026115,
    "Living Conundrum": 6.997285616963297,
    "Lost in the Maze": 2.9426737852558915,
    "Mistway Spy": 4.24892717257307,
    "Out Cold": 5.664477348236062,
    "Proft's Eidetic Memory": 2.4849703496694158,
    "Projektor Inspector": 4.964043627137412,
    "Reasonable Doubt": 6.338329223931593,
    "Reenact the Crime": 5.141406388380469,
    "Steamcore Scholar": 1.9191706202776313,
    "Unauthorized Exit": 6.281756176922802,
    "Agency Coroner": 7.79757448103932,
    "Alley Assailant": 6.382822514858408,
    "Barbed Servitor": 2.4425161201810948,
    "Basilica Stalker": 6.1610225793827755,
    "Case of the Stashed Skeleton": 2.2207960883184352,
    "Cerebral Confiscation": 7.528829709259711,
    "Deadly Cover-Up": 2.1216541112357747,
    "Extract a Confession": 4.781947334433522,
    "Festerleech": 5.632739442858549,
    "Homicide Investigator": 1.9365928189457602,
    "Hunted Bonebrute": 2.11159909026743,
    "Illicit Masquerade": 4.05827793479559,
    "It Doesn't Add Up": 6.293990458866733,
    "Lead Pipe": 6.772269625496112,
    "Leering Onlooker": 3.368669204459817,
    "Long Goodbye": 2.897027551775148,
    "Macabre Reconstruction": 6.864970114109763,
    "Massacre Girl, Known Killer": 1.4307692307692308,
    "Murder": 3.6569087681722827,
    "Nightdrinker Moroii": 4.4432207979779745,
    "Outrageous Robbery": 2.543455219925808,
    "Persuasive Interrogators": 5.721829644467931,
    "Polygraph Orb": 6.798339689887103,
    "Presumed Dead": 5.860075839013384,
    "Repeat Offender": 6.316591633205799,
    "Rot Farm Mortipede": 7.133001745719589,
    "Slice from the Shadows": 4.3331438626619825,
    "Slimy Dualleech": 4.884117858426158,
    "Snarling Gorehound": 5.872869111595371,
    "Soul Enervation": 3.490873659026009,
    "Toxin Analysis": 6.782499565746049,
    "Undercity Eliminator": 3.747517100470818,
    "Unscrupulous Agent": 5.1820190198264475,
    "Vein Ripper": 1.5725277212038924,
    "Anzrag's Rampage": 5.759154081712775,
    "Bolrac-Clan Basher": 3.912902690136167,
    "Case of the Burning Masks": 3.396416551563138,
    "Case of the Crimson Pulse": 2.9475989797050017,
    "Caught Red-Handed": 7.093617423446886,
    "The Chase Is On": 6.466920979486118,
    "Concealed Weapon": 5.080081447497293,
    "Connecting the Dots": 4.1590440873506385,
    "Convenient Target": 5.886622907086946,
    "Cornered Crook": 4.381038076813485,
    "Crime Novelist": 5.283536664335483,
    "Demand Answers": 6.812149225593885,
    "Expedited Inheritance": 5.22295023906499,
    "Expose the Culprit": 7.155558877865937,
    "Felonious Rage": 6.662221602836015,
    "Frantic Scapegoat": 4.686349639826671,
    "Fugitive Codebreaker": 2.1111989876621324,
    "Galvanize": 3.134006417256035,
    "Gearbane Orangutan": 5.522379241207636,
    "Goblin Maskmaker": 6.587888502983347,
    "Harried Dronesmith": 3.3368534957818166,
    "Incinerator of the Guilty": 1.257258064516129,
    "Innocent Bystander": 6.001710095491732,
    "Knife": 6.389424786628734,
    "Krenko, Baron of Tin Street": 1.6919369414599859,
    "Krenko's Buzzcrusher": 1.8846489696122948,
    "Lamplight Phoenix": 1.751144889408555,
    "Offender at Large": 6.259083799082992,
    "Person of Interest": 4.6228552530535145,
    "Pyrotechnic Performer": 1.7769083969465649,