{
    "Another Round": 6.410781166399144,
    "Archangel of Tithes": 2.1695511880316807,
    "Armored Armadillo": 7.958552265804249,
    "Aven Interrupter": 2.444861851672322,
    "Bounding Felidar": 3.930927931583383,
    "Bovine Intervention": 6.393629974579711,
    "Bridled Bighorn": 5.742198920752946,
    "Claim Jumper": 2.7649764767381075,
    "Dust Animus": 1.447787224765642,
    "Eriette's Lullaby": 5.745136923326543,
    "Final Showdown": 1.7503725782414308,
    "Fortune, Loyal Steed": 2.014650354931279,
    "Frontier Seeker": 3.7228332891598197,
    "Getaway Glamer": 3.8588272483009325,
    "High Noon": 5.884868421052632,
    "Holy Cow": 4.749400736456644,
    "Inventive Wingsmith": 7.683492561059173,
    "Lassoed by the Law": 2.4059552823990673,
    "Mystical Tether": 3.311599397281917,
    "Nurturing Pixie": 5.512842699699426,
    "Omenport Vigilante": 4.765111059515517,
    "One Last Job": 3.494405538114787,
    "Outlaw Medic": 5.9550808141931295,
    "Prairie Dog": 2.9817606396268843,
    "Prosperity Tycoon": 3.952072104990713,
    "Requisition Raid": 5.517007432792275,
    "Rustler Rampage": 7.0640945736745815,
    "Shepherd of the Clouds": 2.5443655946449244,
    "Sheriff of Safe Passage": 5.586846114779076,
    "Stagecoach Security": 6.548595554741304,
    "Steer Clear": 6.526655937232812,
    "Sterling Keykeeper": 5.948412836684205,
    "Sterling Supplier": 6.363904924749022,
    "Take Up the Shield": 5.229853787958895,
    "Thunder Lasso": 5.902100240791938,
    "Trained Arynx": 4.137253739132498,
    "Vengeful Townsfolk": 6.3532581157315136,
    "Wanted Griffin": 6.5490125912302455,
    "Archmage's Newt": 4.019144687005027,
    "Canyon Crab": 4.954796978042802,
    "Daring Thunder-Thief": 8.071099022709914,
    "Deepmuck Desperado": 4.815907132083603,
    "Djinn of Fool's Fall": 7.4039920606972505,
    "Double Down": 3.5035103510351036,
    "Duelist of the Mind": 2.6196629213483145,
    "Emergent Haunting": 5.358146407635289,
    "Failed Fording": 7.31956241956242,
    "Fblthp, Lost on the Range": 3.6228429247933223,
    "Fleeting Reflection": 7.759255688391824,
    "Geralf, the Fleshwright": 1.7428780131482835,
    "Geyser Drake": 6.621894880662653,
    "Harrier Strix": 7.718843222406168,
    "Jailbreak Scheme": 7.176667070071403,
    "The Key to the Vault": 5.325559650184259,
    "Loan Shark": 5.63341595333966,
    "Marauding Sphinx": 3.3694267515923566,
    "Metamorphic Blast": 5.208333333333333,
    "Nimble Brigand": 3.9647626810458334,
    "Outlaw Stitcher": 3.849666677401694,
    "Peerless Ropemaster": 8.071576156874976,
    "Phantom Interference": 5.953097867922164,
    "Plan the Heist": 5.7481277632409995,
    "Razzle-Dazzler": 7.185747092131552,
    "Seize the Secrets": 7.31976192391217,
    "Shackle Slinger": 6.532867429055485,
    "Shifting Grift": 7.816720009254618,
    "Slickshot Lockpicker": 3.7039158231220033,
    "Slickshot Vault-Buster": 8.37314679636815,
    "Spring Splasher": 7.7181439288691305,
    "Step Between Worlds": 6.399413281180549,
    "Stoic Sphinx": 1.977735368956743,
    "Stop Cold": 6.554024354024354,
    "Take the Fall": 6.877304618741064,
    "This Town Ain't Big Enough": 5.322337662337662,
    "Three Steps Ahead": 2.6028133577310157,
    "Visage Bandit": 4.97283445681537,
    "Ambush Gigapede": 6.174709431892207,
    "Binding Negotiation": 5.549347934748035,
    "Blacksnag Buzzard": 7.071642950175144,
    "Blood Hustler": 2.8005304801294733,
    "Boneyard Desecrator": 7.273394554743581,
    "Caustic Bronco": 1.8180565127498276,
    "Consuming Ashes": 3.4214200503689303,
    "Corrupted Conviction": 7.951888689772825,
    "Desert's Due": 3.666326908821349,
    "Desperate Bloodseeker": 4.588136341653174,
    "Fake Your Own Death": 7.1881487785101275,
    "Forsaken Miner": 4.632866105993859,
    "Gisa, the Hellraiser": 1.2615461847389557,
    "Hollow Marauder": 2.893452587704064,
    "Insatiable Avarice": 4.218741739360296,
    "Kaervek, the Punisher": 2.3206818484485283,
    "Lively Dirge": 5.171223438973095,
    "Mourner's Surprise": 5.706568847346458,
    "Neutralize the Guards": 7.389079162450377,
    "Nezumi Linkbreaker": 7.036331319456335,
    "Overzealous Muscle": 7.551738417188272,
    "Pitiless Carnage": 6.234190537201427,
    "Rakish Crew": 5.451373619735666,
    "Rattleback Apothecary": 3.825365668334072,
    "Raven of Fell Omens": 5.06801618628143,
    "Rictus Robber": 3.862885701868753,
    "Rooftop Assassin": 5.824859306976251,
    "Rush of Dread": 2.218557547557137,
    "Servant of the Stinger": 3.621611913003723,
    "Shoot the Sheriff": 2.9574876005501602,
    "Skulduggery": 6.430266813264287,
    "Tinybones Joins Up": 5.356548190842139,
    "Tinybones, the Pickpocket": 2.0740849194729134,
    "Treasure Dredger": 4.572080990470156,
    "Unfortunate Accident": 2.9919026675983393,
    "Unscrupulous Contractor": 4.336780363050066,
    "Vadmir, New Blood": 1.795041602988623,
    "Vault Plunderer": 4.105777715851563,
    "Brimstone Roundup": 6.679487986570139,
    "Calamity, Galloping Inferno": 1.677914110429448,
    "Caught in the Crossfire": 6.913349613349613,
    "Cunning Coyote": 4.420363575717145,
    "Deadeye Duelist": 5.883794992668028,
    "Demonic Ruckus": 5.755227579990987,
    "Discerning Peddler": 6.567932809994091,
    "Explosive Derailment": 4.295573153022327,
    "Ferocification": 6.711748056775938,
    "Gila Courser": 4.379519758199933,
    "Great Train Heist": 3.087589130853729,
    "Hell to Pay": 3.013648100331981,
    "Hellspur Brute": 4.512674025181652,
    "Hellspur Posse Boss": 1.9349794238683127,
    "Highway Robbery": 7.440169609275807,
    "Irascible Wolverine": 6.098323429356952,
    "Iron-Fist Pulverizer": 7.361149771123786,
    "Longhorn Sharpshooter": 3.1341103341103342,
    "Magda, the Hoardmaster": 1.8574475065616798,
    "Magebane Lizard": 7.708083310750649,
    "Mine Raider": 6.507466868160323,
    "Outlaws' Fury": 8.36262751424185,
    "Prickly Pair": 5.176269827299576,
    "Quick Draw": 8.449853709265597,
    "Quilled Charger": 7.0208662121927015,
    "Reckless Lackey": 6.989464725421824,
    "Resilient Roadrunner": 5.247215071096889,
    "Return the Favor": 7.2484385567092335,
    "Rodeo Pyromancers": 7.840493278877037,
    "Scalestorm Summoner": 3.846947849838023,
    "Scorching Shot": 3.848377394332753,
    "Slickshot Show-Off": 2.6180320469419995,
    "Stingerback Terror": 1.6807607090103398,
    "Take for a Ride": 6.727904606604159,
    "Terror of the Peaks": 1.288358499756454,
    "Thunder Salvo": 5.2514828794823405,
    "Trick Shot": 7.42723739135293,
    "Aloe Alchemist": 2.8489802869672585,
    "Ankle Biter": 5.8961581584387375,
    "Beastbond Outcaster": 2.9280040348001513,
    "Betrayal at the Vault": 4.478176035068024,
    "Bristlepack Sentry": 5.4294171470399855,
    "Bristly Bill, Spine Sower": 1.2474696356275303,
    "Cactarantula": 3.4567004984014855,
    "Colossal Rattlewurm": 1.4322295805739513,
    "Dance of the Tumbleweeds": 3.989935118948594,
    "Drover Grizzly": 4.720526975653159,
    "Freestrider Commando": 4.91539480787162,
    "Freestrider Lookout": 1.872326423165515,
    "Full Steam Ahead": 6.514657980456026,
    "Giant Beaver": 3.8800745877563956,
    "Gold Rush": 5.801803718041435,
    "Goldvein Hydra": 1.2767232767232768,
    "Hardbristle Bandit": 3.458372951507355,
    "Intrepid Stablemaster": 2.9478611850865515,
    "Map the Frontier": 6.425780110819481,
    "Ornery Tumblewagg": 1.3717075386012716,
    "Outcaster Greenblade": 2.3318237727831823,
    "Outcaster Trailblazer": 1.6104572641327417,
    "Patient Naturalist": 4.3121708503382346,
    "Railway Brawler": 1.213235294117647,
    "Rambling Possum": 3.4861021111149006,
    "Raucous Entertainer": 3.924116360986275,
    "Reach for the Sky": 7.395190096977701,
    "Rise of the Varmints": 5.395745368127177,
    "Smuggler's Surprise": 3.0172993753003365,
    "Snakeskin Veil": 4.53484447350934,
    "Spinewoods Armadillo": 2.169712950200755,