{
    "Putrid Warrior": 6.568104426787741,
    "Krosan Tusker": 4.703500343170899,
    "Mass Hysteria": 5.404825737265416,
    "Spell Snare": 6.892602739726027,
    "Ghost Quarter": 7.1270746887966805,
    "Enlisted Wurm": 4.383712399119589,
    "Kuldotha Rebirth": 6.238235294117647,
    "Molten Psyche": 5.097357440890125,
    "Leonin Relic-Warder": 4.1754523996852875,
    "Gnaw to the Bone": 7.9892583120204606,
    "Stromkirk Captain": 6.063084112149533,
    "Burden of Guilt": 6.9882593159775395,
    "Ixidor, Reality Sculptor": null,
    "Duskmantle, House of Shadow": 7.582917082917083,
    "Worldspine Wurm": null,
    "Possibility Storm": 5.468789808917197,
    "Millstone": 7.543178334184977,
    "Nyx Weaver": 5.4529262086514,
    "Evolutionary Leap": 5.06371191135734,
    "Shard of Broken Glass": 8.0004870920604,
    "Metalspinner's Puzzleknot": 6.731461864406779,
    "Smuggler's Copter": null,
    "Consign // Oblivion": 5.371959026888605,
    "Bishop of the Bloodstained": 6.5366922234392115,
    "Goblin Warchief": 6.588532883642496,
    "High Alert": 6.863661971830986,
    "Jace, Wielder of Mysteries": null,
    "Syr Konrad, the Grim": 3.1107456140350878,
    "Ranger-Captain of Eos": null,
    "Hard Evidence": 5.407576747224036,
    "Combine Chrysalis": 5.512380952380952,
    "Quintorius, Field Historian": 5.3569951757408685,
    "Laid to Rest": 7.458686440677966,
    "Monologue Tax": 4.568452380952381,
    "Magmaw": 5.148849797023004,
    "Mistveil Plains": 6.85201072386059,
    "Mentor of the Meek": 2.4895977808599166,
    "Ghostly Prison": null,
    "Fabricate": 4.627769571639586,
    "Show and Tell": 3.9565217391304346,
    "Tragic Slip": null,
    "Victimize": null,
    "Gamble": 3.866785079928952,
    "Crashing Footfalls": null,
    "Tireless Tracker": null,
    "Drown in the Loch": null,
    "Field of the Dead": 4.003305785123967,
    "Case of the Shattered Pact": 5.575507989741566,
    "Absolving Lammasu": 4.893695300741402,
    "Assemble the Players": 3.021769019248396,
    "Aurelia's Vindicator": 1.1524777636594663,
    "Auspicious Arrival": 5.746192014770367,
    "Call a Surprise Witness": 4.5754766793781165,
    "Case of the Gateway Express": 3.0717464353827992,
    "Case of the Pilfered Proof": 4.3874185136897,
    "Case of the Uneaten Feast": 4.401185770750988,
    "Defenestrated Phantom": 6.027378354687704,
    "Delney, Streetwise Lookout": 1.492944496707432,
    "Doorkeeper Thrull": 3.462917989912199,
    "Due Diligence": 6.483662613981763,
    "Essence of Antiquity": 5.280187141880881,
    "Forum Familiar": 4.99379495909066,
    "Griffnaut Tracker": 5.694805700490616,
    "Haazda Vigilante": 5.98609150622024,
    "Inside Source": 3.9018385291766586,
    "Karlov Watchdog": 3.862061666549072,
    "Krovod Haunch": 5.1685458377239195,
    "Make Your Move": 5.697701036013814,
    "Makeshift Binding": 2.971081487852075,
    "Marketwatch Phantom": 4.010810388392509,
    "Museum Nightwatch": 4.8756197640622325,
    "Neighborhood Guardian": 3.3040354248475228,
    "No Witnesses": 2.0946930280957337,
    "Not on My Watch": 3.233972741039879,
    "Novice Inspector": 3.2434960537854427,
    "On the Job": 6.765917833242583,
    "Perimeter Enforcer": 2.999075614716214,
    "Sanctuary Wall": 6.128129395218003,
    "Seasoned Consultant": 5.270402445236883,
    "Tenth District Hero": 1.4718277599633531,
    "Unyielding Gatekeeper": 1.649813510153336,
    "Wrench": 5.912426035502959,
    "Agency Outfitter": 5.73105387803434,
    "Behind the Mask": 7.997315957392933,
    "Benthic Criminologists": 7.2125941966219145,
    "Bubble Smuggler": 6.168752214534808,
    "Burden of Proof": 5.173311897106109,
    "Candlestick": 6.204412658346188,
    "Case of the Filched Falcon": 4.591277407054338,
    "Case of the Ransacked Lab": 5.37296845124283,
    "Cold Case Cracker": 4.529687684148497,
    "Conspiracy Unraveler": 2.91674550614948,
    "Coveted Falcon": 2.8953434762563393,
    "Crimestopper Sprite": 4.865196292734109,
    "Cryptic Coat": 1.7165775401069518,
    "Curious Inquiry": 5.626181474480151,
    "Deduce": 5.9228613116264786,
    "Dramatic Accusation": 5.150063157894737,
    "Eliminate the Impossible": 5.700464014216606,
    "Exit Specialist": 3.206357172731075,
    "Fae Flight": 5.004941253980455,
    "Forensic Gadgeteer": 2.491544532130778,
    "Forensic Researcher": 5.179350434643486,
    "Furtive Courier": 4.812140908827114,
    "Hotshot Investigators": 6.601999964413444,
    "Intrude on the Mind": 1.986861313868613,
    "Jaded Analyst": 6.838127289618061,
    "Living Conundrum": 6.68160165378393,
    "Lost in the Maze": 2.928052655469814,
    "Mistway Spy": 4.025171624713959,
    "Out Cold": 5.9761864068820145,
    "Proft's Eidetic Memory": 2.619876774712028,
    "Projektor Inspector": 5.432954731165223,
    "Reasonable Doubt": 6.359239262428307,
    "Reenact the Crime": 4.673105298457411,
    "Steamcore Scholar": 1.9346309217774513,
    "Unauthorized Exit": 6.352890486056361,
    "Agency Coroner": 7.425689203757893,
    "Alley Assailant": 5.999371691862458,
    "Barbed Servitor": 2.0650626906133516,
    "Basilica Stalker": 5.835434728041552,
    "Case of the Stashed Skeleton": 2.1003924133420537,
    "Cerebral Confiscation": 7.1043721322715045,
    "Deadly Cover-Up": 2.010094212651413,
    "Extract a Confession": 4.931764188297405,
    "Festerleech": 5.449143853173383,
    "Homicide Investigator": 1.893978574067233,
    "Hunted Bonebrute": 2.1090674411100356,
    "Illicit Masquerade": 3.550883256528418,
    "It Doesn't Add Up": 5.759019472175546,
    "Lead Pipe": 6.334364181860143,
    "Leering Onlooker": 3.3064529524125903,
    "Long Goodbye": 2.8063217826641798,
    "Macabre Reconstruction": 6.626707213934824,
    "Massacre Girl, Known Killer": 1.3480546792849633,
    "Murder": 3.2745620462266034,
    "Nightdrinker Moroii": 4.218647237088143,
    "Outrageous Robbery": 2.3648569760653824,
    "Persuasive Interrogators": 5.394342231202808,
    "Polygraph Orb": 6.4658881093057605,
    "Presumed Dead": 5.698281412510524,
    "Repeat Offender": 6.159824594140698,
    "Rot Farm Mortipede": 6.858283116608521,
    "Slice from the Shadows": 4.182542113323124,
    "Slimy Dualleech": 4.816089975325644,
    "Snarling Gorehound": 5.915793769555163,
    "Soul Enervation": 3.267645301698387,
    "Toxin Analysis": 6.4486228330811715,
    "Undercity Eliminator": 3.387849331713244,
    "Unscrupulous Agent": 5.035446754312113,
    "Vein Ripper": 1.5170731707317073,
    "Anzrag's Rampage": 5.323071479122435,
    "Bolrac-Clan Basher": 3.9343679496820947,
    "Case of the Burning Masks": 3.3053639535827313,
    "Case of the Crimson Pulse": 2.802261246090931,
    "Caught Red-Handed": 6.903280616912822,
    "The Chase Is On": 6.7225202258926835,
    "Concealed Weapon": 5.01388588718392,
    "Connecting the Dots": 3.9262073623775753,
    "Convenient Target": 5.620915032679738,
    "Cornered Crook": 4.212971303564535,
    "Crime Novelist": 5.206581843560423,
    "Demand Answers": 6.570432457820008,
    "Expedited Inheritance": 4.841743725231176,
    "Expose the Culprit": 6.802853788494536,
    "Felonious Rage": 6.683150640911201,
    "Frantic Scapegoat": 4.7624139696263015,
    "Fugitive Codebreaker": 2.0957654723127037,
    "Galvanize": 3.2529378474649624,
    "Gearbane Orangutan": 5.424541265863714,
    "Goblin Maskmaker": 6.590689856767027,
    "Harried Dronesmith": 3.3925454693744395,
    "Incinerator of the Guilty": 1.2734122712594187,
    "Innocent Bystander": 6.192212004496619,
    "Knife": 6.0612938234322655,
    "Krenko, Baron of Tin Street": 1.7088091353996737,
    "Krenko's Buzzcrusher": 1.829066265060241,
    "Lamplight Phoenix": 1.7207384131971721,
    "Offender at Large": 6.594259948468365,
    "Person of Interest": 5.0175618510447375,
    "Pyrotechnic Performer": 1.832497105364724,
    "Reckless Detective": 3.769406392694064,
    "Red Herring": 5.207174383744171,
    "Rubblebelt Braggart": 6.912905681757821,
    "Shock": 3.409058565108437,