{
    "Abuelo's Awakening": 3.751655629139073,
    "Acrobatic Leap": 8.621493820526599,
    "Adaptive Gemguard": 6.145305704783832,
    "Attentive Sunscribe": 6.239702656592737,
    "Bat Colony": 6.220569620253165,
    "Clay-Fired Bricks": 3.6034831915755365,
    "Cosmium Blast": 5.3816226264772276,
    "Dauntless Dismantler": 5.742969260954872,
    "Deconstruction Hammer": 7.51236004877508,
    "Dusk Rose Reliquary": 3.5717922606924644,
    "Envoy of Okinec Ahau": 6.327405211806842,
    "Fabrication Foundry": 4.212076583210604,
    "Family Reunion": 7.888142425260329,
    "Get Lost": 2.0379008746355685,
    "Glorifier of Suffering": 5.685785210347531,
    "Guardian of the Great Door": 3.4956698930208865,
    "Helping Hand": 5.940899932840833,
    "Ironpaw Aspirant": 5.877900979886539,
    "Kinjalli's Dawnrunner": 3.6381611468116657,
    "Kutzil's Flanker": 1.766355140186916,
    "Malamet War Scribe": 4.713883299798793,
    "Market Gnome": 4.363674147963425,
    "Might of the Ancestors": 6.260955518945634,
    "Miner's Guidewing": 5.62976597423087,
    "Mischievous Pup": 4.661592505854801,
    "Ojer Taq, Deepest Foundation": 1.3565217391304347,
    "Oltec Archaeologists": 7.188274706867672,
    "Oltec Cloud Guard": 4.343329057087876,
    "Oteclan Landmark": 7.169041063091105,
    "Petrify": 4.054863682261865,
    "Quicksand Whirlpool": 5.314989733059548,
    "Resplendent Angel": 1.467741935483871,
    "Ruin-Lurker Bat": 3.79953596287703,
    "Sanguine Evangelist": 1.7420494699646643,
    "Soaring Sandwing": 6.140195097548775,
    "Spring-Loaded Sawblades": 2.785522788203753,
    "Thousand Moons Crackshot": 7.633830412539458,
    "Thousand Moons Infantry": 7.597177604405691,
    "Thousand Moons Smithy": 1.446351931330472,
    "Tinker's Tote": 4.7207004939380335,
    "Unstable Glyphbridge": 1.7383512544802868,
    "Vanguard of the Rose": 4.899134362062476,
    "Warden of the Inner Sky": 1.8544303797468353,
    "Akal Pakal, First Among Equals": 2.0757097791798107,
    "Ancestral Reminiscence": 8.477170898229144,
    "Brackish Blunder": 6.752640225299226,
    "Braided Net": 2.831223628691983,
    "Chart a Course": 4.978397486252946,
    "Cogwork Wrestler": 7.382717466146431,
    "Confounding Riddle": 5.123222748815166,
    "Council of Echoes": 5.028927280032142,
    "Didact Echo": 7.744402571491909,
    "Eaten by Piranhas": 4.848438690022848,
    "The Enigma Jewel": 3.5876288659793816,
    "The Everflowing Well": 2.463235294117647,
    "Frilled Cave-Wurm": 8.454327447133203,
    "Hermitic Nautilus": 5.538900785153462,
    "Hurl into History": 6.131896833170095,
    "Inverted Iceberg": 6.412876852324987,
    "Kitesail Larcenist": 1.8732876712328768,
    "Lodestone Needle": 4.806397867377541,
    "Malcolm, Alluring Scoundrel": 1.6865671641791045,
    "Marauding Brinefang": 6.927511018325214,
    "Merfolk Cave-Diver": 6.388020833333333,
    "Oaken Siren": 6.037385554425229,
    "Ojer Pakpatiq, Deepest Epoch": 1.3300970873786409,
    "Orazca Puzzle-Door": 7.9937245403501045,
    "Out of Air": 7.885669885669886,
    "Pirate Hat": 8.653368214519293,
    "Relic's Roar": 9.055970149253731,
    "River Herald Scout": 5.771417343463453,
    "Sage of Days": 8.032042723631509,
    "Self-Reflection": 7.039402985074627,
    "Shipwreck Sentry": 7.934220830070478,
    "Sinuous Benthisaur": 6.9342915811088295,
    "Song of Stupefaction": 8.852925214370998,
    "Spyglass Siren": 3.5241855873642645,
    "Staunch Crewmate": 4.639885807504078,
    "Tishana's Tidebinder": 2.31151832460733,
    "Unlucky Drop": 8.483401345538766,
    "Waterlogged Hulk": 7.176237623762376,
    "Waterwind Scout": 4.659464394400487,
    "Waylaying Pirates": 7.388345094468472,
    "Zoetic Glyph": 4.517155849524597,
    "Abyssal Gorestalker": 5.885103540414161,
    "Aclazotz, Deepest Betrayal": 1.196078431372549,
    "Another Chance": 6.911519981249268,
    "Bitter Triumph": 2.580056179775281,
    "Bloodthorn Flail": 7.338681446907818,
    "Bringer of the Last Gift": 2.789473684210526,
    "Broodrage Mycoid": 5.772632402817636,
    "Canonized in Blood": 5.293002915451895,
    "Chupacabra Echo": 2.611111111111111,
    "Corpses of the Lost": 2.1574344023323615,
    "Dead Weight": 4.275089898659693,
    "Deathcap Marionette": 5.528478437754272,
    "Deep Goblin Skulltaker": 5.891688311688312,
    "Deep-Cavern Bat": 3.1996770721205596,
    "Echo of Dusk": 5.840321729957806,
    "Fanatical Offering": 6.059604307538192,
    "Gargantuan Leech": 6.226554946825653,
    "Grasping Shadows": 4.535678052079811,
    "Greedy Freebooter": 6.408634659571895,
    "Join the Dead": 3.2998914223669926,
    "Malicious Eclipse": 6.0,
    "Mephitic Draught": 6.606504260170407,
    "Preacher of the Schism": 1.5766423357664234,
    "Primordial Gnawer": 7.415947296683326,
    "Queen's Bay Paladin": 2.455223880597015,
    "Rampaging Spiketail": 5.747434065220216,
    "Ray of Ruin": 5.781286856244267,
    "Screaming Phantom": 6.585869565217391,
    "Skullcap Snail": 5.21978779109825,
    "Soulcoil Viper": 4.469910371318822,
    "Stalactite Stalker": 1.8888888888888888,
    "Starving Revenant": 1.6331168831168832,
    "Stinging Cave Crawler": 3.4693775100401605,
    "Synapse Necromage": 4.482452601855587,
    "Tarrian's Journal": 2.009771986970684,
    "Terror Tide": 2.0210843373493974,
    "Tithing Blade": 4.896689761354889,
    "Visage of Dread": 4.269687162891047,
    "Vito's Inquisitor": 7.208904109589041,
    "Abrade": 3.059799909049568,
    "Ancestors' Aid": 7.468947606142728,
    "Belligerent Yearling": 3.1364190012180266,
    "Bonehoard Dracosaur": 1.1645569620253164,
    "Brass's Tunnel-Grinder": 2.1108179419525066,
    "Brazen Blademaster": 7.030794354368366,
    "Breeches, Eager Pillager": 1.5,
    "Burning Sun Cavalry": 6.836571151044196,
    "Calamitous Cave-In": 7.151595744680851,
    "Child of the Volcano": 7.261758691206544,
    "Curator of Sun's Creation": 5.555555555555555,
    "Daring Discovery": 8.480997363796133,
    "Diamond Pick-Axe": 4.299615877080666,
    "Dinotomaton": 5.683206615979725,
    "Dire Flail": 2.422391857506361,
    "Dowsing Device": 5.860084626234133,
    "Dreadmaw's Ire": 4.169771380186283,
    "Enterprising Scallywag": 4.047021943573668,
    "Etali's Favor": 6.905586058725233,
    "Geological Appraiser": 3.2681118083285794,
    "Goblin Tomb Raider": 6.665789788353462,
    "Goldfury Strider": 6.195849546044099,
    "Hit the Mother Lode": 4.629911280101394,
    "Hotfoot Gnome": 7.273813588255377,
    "Idol of the Deep King": 5.582257621532546,
    "Inti, Seneschal of the Sun": 1.5709342560553634,
    "Magmatic Galleon": 1.7287581699346406,
    "Ojer Axonil, Deepest Might": 1.4153846153846155,
    "Panicked Altisaur": 6.078526665814043,
    "Plundering Pirate": 5.170103806228374,
    "Poetic Ingenuity": 1.9552715654952078,
    "Rampaging Ceratops": 4.705713111385121,
    "Rumbling Rockslide": 5.3557430593358735,
    "Saheeli's Lattice": 4.920780012187691,
    "Scytheclaw Raptor": 2.916265060240964,
    "Seismic Monstrosaur": 5.613627200645075,
    "Sunfire Torch": 6.605019815059445,
    "Sunshot Militia": 6.728960837995476,
    "Tectonic Hazard": 8.899424351037254,
    "Triumphant Chomp": 3.528652555498193,
    "Trumpeting Carnosaur": 1.2876106194690264,
    "Volatile Wanderglyph": 5.94438209253024,
    "Zoyowa's Justice": 7.743390804597701,
    "Armored Kincaller": 5.507030716723549,
    "Basking Capybara": 6.87684614490057,
    "Bedrock Tortoise": 1.7971014492753623,
    "Cavern Stomper": 5.845122271890613,
    "Cenote Scout": 3.7677296525464063,
    "Coati Scavenger": 4.539630390143738,
    "Colossadactyl": 3.159235668789809,
    "Disturbed Slumber": 8.443684895833334,
    "Earthshaker Dreadmaw": 3.2629435718440956,
    "Explorer's Cache": 5.319901025097208,
    "Ghalta, Stampede Tyrant": 1.6258503401360545,
    "Glimpse the Core": 5.353460972017673,
    "Glowcap Lantern": 5.646769662921348,
    "Growing Rites of Itlimoc": 2.848888888888889,