{
    "Anticausal Vestige": 1.1624692874692875,
    "Tezzeret, Cruel Captain": 1.54695885509839,
    "All-Fates Stalker": 2.6005935976256094,
    "Astelli Reclaimer": 1.9987364620938628,
    "Auxiliary Boosters": 6.062006458440748,
    "Banishing Light": 3.0887784330244314,
    "Beyond the Quiet": 2.2233461785484905,
    "Brightspear Zealot": 7.029139705192801,
    "Cosmogrand Zenith": 1.2709186658864833,
    "Dawnstrike Vanguard": 4.277535916412712,
    "Dockworker Drone": 4.9746780404985715,
    "Dual-Sun Adepts": 3.540780855501482,
    "Dual-Sun Technique": 5.80174672489083,
    "Emergency Eject": 4.001080054984618,
    "Exalted Sunborn": 1.5218446601941749,
    "Exosuit Savior": 6.156025430902509,
    "Flight-Deck Coordinator": 6.765916615520267,
    "Focus Fire": 4.6444613753809465,
    "Haliya, Guided by Light": 1.8571988246816846,
    "Hardlight Containment": 3.728243092020315,
    "Honor": 4.471116925964902,
    "Honored Knight-Captain": 3.966549753182645,
    "Knight Luminary": 4.447587583453782,
    "Lightstall Inquisitor": 3.0306315789473683,
    "Lumen-Class Frigate": 1.5928888888888888,
    "Luxknight Breacher": 6.635389779144239,
    "Pinnacle Starcage": 4.3700274094377365,
    "Pulsar Squadron Ace": 3.957990750256937,
    "Radiant Strike": 5.098655164696547,
    "Rayblade Trooper": 2.930671604715234,
    "Reroute Systems": 5.017821265492499,
    "Rescue Skiff": 4.561520992255285,
    "Scout for Survivors": 5.680175911752557,
    "Seam Rip": 4.958339929291331,
    "The Seriema": 2.702730551262236,
    "Squire's Lightblade": 7.518945043956502,
    "Starfield Shepherd": 2.7552937740349512,
    "Starfighter Pilot": 5.647147517353867,
    "Starport Security": 6.495549118654845,
    "Sunstar Chaplain": 1.8461538461538463,
    "Sunstar Expansionist": 3.120251603354711,
    "Sunstar Lightsmith": 3.3456281446852345,
    "Wedgelight Rammer": 4.2804947611756585,
    "Weftblade Enhancer": 5.64149707024758,
    "Zealous Display": 7.928666363974078,
    "Annul": 6.256938187060731,
    "Atomic Microsizer": 7.210762144926328,
    "Cerebral Download": 4.813621610021728,
    "Cloudsculpt Technician": 7.11723130245676,
    "Codecracker Hound": 2.714086332369654,
    "Consult the Star Charts": 2.334966319657073,
    "Cryogen Relic": 3.4242359282170636,
    "Cryoshatter": 4.557833448591251,
    "Desculpting Blast": 3.912748672679588,
    "Divert Disaster": 6.26202055381617,
    "Emissary Escort": 2.7741046831955924,
    "Gigastorm Titan": 3.4934132182197084,
    "Illvoi Galeblade": 6.409038916819621,
    "Illvoi Infiltrator": 3.7911667719076685,
    "Illvoi Light Jammer": 7.033176245603251,
    "Illvoi Operative": 6.316498042513178,
    "Lost in Space": 6.341798294598379,
    "Mechan Assembler": 3.4896093720852144,
    "Mechan Navigator": 4.273513798867936,
    "Mechan Shieldmate": 6.7667815228373795,
    "Mechanozoa": 5.2564798101183765,
    "Mental Modulation": 6.884258783204799,
    "Mm'menon, the Right Hand": 2.8170976650765756,
    "Moonlit Meditation": 5.211117314969911,
    "Mouth of the Storm": 3.6233995744220433,
    "Nanoform Sentinel": 6.79528245166125,
    "Quantum Riddler": 1.3699843668577385,
    "Scour for Scrap": 6.196668003029088,
    "Selfcraft Mechan": 4.947862028450338,
    "Sinister Cryologist": 8.10436215872187,
    "Specimen Freighter": 3.690722009068713,
    "Starbreach Whale": 5.87163702479949,
    "Starfield Vocalist": 2.3282051282051284,
    "Starwinder": 2.174540456966157,
    "Steelswarm Operator": 4.81138566552901,
    "Synthesizer Labship": 2.224594637983625,
    "Tractor Beam": 3.0032491767288696,
    "Unravel": 5.81858653311074,
    "Uthros Psionicist": 3.5855623827219545,
    "Uthros Scanship": 4.178205167219501,
    "Weftwalking": 2.568664337543671,
    "Alpharael, Stonechosen": 3.0845103033109518,
    "Archenemy's Charm": 2.9466841472741176,
    "Beamsaw Prospector": 4.712857387800591,
    "Blade of the Swarm": 6.403737950887599,
    "Chorale of the Void": 3.4475695805566446,
    "Comet Crawler": 6.66937179598575,
    "Dark Endurance": 7.8354317142667815,
    "Decode Transmissions": 6.580669677565889,
    "Depressurize": 3.5422838380153228,
    "Dubious Delicacy": 2.383265933815572,
    "Elegy Acolyte": 1.4742268041237114,
    "Embrace Oblivion": 5.022054196796056,
    "Entropic Battlecruiser": 2.945907973305234,
    "Faller's Faithful": 3.3084998833501826,
    "Fell Gravship": 3.2568325295063327,
    "Gravblade Heavy": 7.559747381033608,
    "Gravkill": 3.1071720334944515,
    "Gravpack Monoist": 4.685752301418171,
    "Hullcarver": 5.321745518660006,
    "Hylderblade": 5.145334541219102,
    "Hymn of the Faller": 4.634975787256162,
    "Insatiable Skittermaw": 6.666760033261849,
    "Lightless Evangel": 4.3634112231221955,
    "Monoist Circuit-Feeder": 2.931182403139689,
    "Monoist Sentry": 5.504088618427308,
    "Perigee Beckoner": 5.308591490295426,
    "Requiem Monolith": 2.437,
    "Scrounge for Eternity": 5.843449659419614,
    "Sothera, the Supervoid": 2.0396879240162824,
    "Sunset Saboteur": 2.3607064017660044,
    "Susurian Dirgecraft": 4.177157148812005,
    "Susurian Voidborn": 3.7202996305460463,
    "Swarm Culler": 6.15917807477462,
    "Temporal Intervention": 8.112628687958425,
    "Timeline Culler": 4.1574511438362505,
    "Tragic Trajectory": 2.7662519290123457,
    "Umbral Collar Zealot": 3.191265848259207,
    "Virus Beetle": 3.9390164768751195,
    "Voidforged Titan": 3.720075110959372,
    "Vote Out": 2.9492541289291423,
    "Xu-Ifit, Osteoharmonist": 2.352752783285039,
    "Zero Point Ballad": 1.9096442838120602,
    "Bombard": 4.30720344044917,
    "Cut Propulsion": 3.8288746922206696,
    "Debris Field Crusher": 4.818838070376389,
    "Devastating Onslaught": 2.630512188441523,
    "Drill Too Deep": 7.988695226965696,
    "Frontline War-Rager": 7.278193452280191,
    "Full Bore": 6.632020951927448,
    "Galvanizing Sawship": 5.292816702052371,
    "Invasive Maneuvers": 3.3673810609515122,
    "Kav Landseeker": 5.07699969196016,
    "Kavaron Harrier": 4.289829599618685,
    "Kavaron Skywarden": 7.175285741053026,
    "Kavaron Turbodrone": 6.658667628075483,
    "Lithobraking": 6.148887685573755,
    "Melded Moxite": 5.871921733053808,
    "Memorial Team Leader": 5.19281152982155,
    "Memorial Vault": 5.393667758432454,
    "Molecular Modifier": 4.632399187376507,
    "Nebula Dragon": 6.456029116154684,
    "Nova Hellkite": 1.5904605263157894,
    "Orbital Plunge": 3.7883511520988056,
    "Oreplate Pangolin": 5.056552474170745,
    "Pain for All": 2.564157514063756,
    "Plasma Bolt": 4.415355774716766,
    "Possibility Technician": 1.964011691633175,
    "Red Tiger Mechan": 6.9955357532108575,
    "Remnant Elemental": 6.20478101706876,
    "Rig for War": 8.08155189964864,
    "Roving Actuator": 6.085924658305375,
    "Ruinous Rampage": 7.489965131365553,
    "Rust Harvester": 2.370052671181339,
    "Slagdrill Scrapper": 6.640142465849325,
    "Systems Override": 5.973663648480948,
    "Tannuk, Steadfast Second": 2.0923236514522823,
    "Terminal Velocity": 5.506545879602571,
    "Terrapact Intimidator": 2.604855950320676,
    "Territorial Bruntar": 4.117949851575823,
    "Vaultguard Trooper": 5.353535107780643,
    "Warmaker Gunship": 2.0777855641205325,
    "Weapons Manufacturing": 4.244228919525489,
    "Weftstalker Ardent": 4.523273186990001,
    "Zookeeper Mechan": 4.181212663910798,
    "Atmospheric Greenhouse": 4.096986513518746,
    "Bioengineered Future": 3.8943484677489364,
    "Biosynthic Burst": 5.403345997206785,
    "Blooming Stinger": 5.06743232652077,
    "Broodguard Elite": 3.6699201419698313,
    "Close Encounter": 3.2192923235773003,
    "Diplomatic Relations": 3.887424342574232,
    "Drix Fatemaker": 4.902888810035693,
    "Edge Rover": 3.1952262913801377,
    "Eumidian Terrabotanist": 3.474338175650763,
    "Eusocial Engineering": 3.1793972785708324,
    "Famished Worldsire": 2.522613065326633,
    "Frenzied Baloth": 2.8775768743521826,