{
    "Abuelo's Awakening": 4.196891191709844,
    "Acrobatic Leap": 8.725333311014957,
    "Adaptive Gemguard": 5.770635269129045,
    "Attentive Sunscribe": 5.960040096152911,
    "Bat Colony": 6.440716669594239,
    "Clay-Fired Bricks": 3.281612857547437,
    "Cosmium Blast": 5.427459029401496,
    "Dauntless Dismantler": 5.8437201374002425,
    "Deconstruction Hammer": 7.2859502672143455,
    "Dusk Rose Reliquary": 3.354476046648209,
    "Envoy of Okinec Ahau": 6.433339343500005,
    "Fabrication Foundry": 5.578676890447834,
    "Family Reunion": 8.265807732121928,
    "Get Lost": 2.5142641224258453,
    "Glorifier of Suffering": 5.7710507010107595,
    "Guardian of the Great Door": 3.292896599344036,
    "Helping Hand": 6.175769688077108,
    "Ironpaw Aspirant": 5.540422056101823,
    "Kinjalli's Dawnrunner": 3.5569800007889234,
    "Kutzil's Flanker": 1.9954233409610984,
    "Malamet War Scribe": 4.371816525914887,
    "Market Gnome": 4.313972763025319,
    "Might of the Ancestors": 6.334137267479154,
    "Miner's Guidewing": 5.055489061772724,
    "Mischievous Pup": 4.6190534840040645,
    "Ojer Taq, Deepest Foundation": 1.4090909090909092,
    "Oltec Archaeologists": 7.336475123564311,
    "Oltec Cloud Guard": 3.8452867996994238,
    "Oteclan Landmark": 7.121311048485356,
    "Petrify": 3.7257823293973535,
    "Quicksand Whirlpool": 5.254062228514431,
    "Resplendent Angel": 1.3749157113958193,
    "Ruin-Lurker Bat": 3.503761527260961,
    "Sanguine Evangelist": 1.6798699379249187,
    "Soaring Sandwing": 5.978467993356837,
    "Spring-Loaded Sawblades": 2.6406503352469435,
    "Thousand Moons Crackshot": 7.753274033349758,
    "Thousand Moons Infantry": 7.895893390412732,
    "Thousand Moons Smithy": 1.471468662301216,
    "Tinker's Tote": 4.381653962749036,
    "Unstable Glyphbridge": 1.6862800565770864,
    "Vanguard of the Rose": 4.6535534949631865,
    "Warden of the Inner Sky": 1.7860892388451444,
    "Akal Pakal, First Among Equals": 1.9004692516670783,
    "Ancestral Reminiscence": 8.477115702200802,
    "Brackish Blunder": 6.3950229022052225,
    "Braided Net": 2.56975697569757,
    "Chart a Course": 4.499651214408016,
    "Cogwork Wrestler": 6.819147557973831,
    "Confounding Riddle": 5.074526936934381,
    "Council of Echoes": 4.861643459979891,
    "Didact Echo": 7.616002239054,
    "Eaten by Piranhas": 4.484926317141298,
    "The Enigma Jewel": 4.0418250950570345,
    "The Everflowing Well": 2.5480045180722892,
    "Frilled Cave-Wurm": 8.545388458254791,
    "Hermitic Nautilus": 5.063230437903805,
    "Hurl into History": 6.3905947982677205,
    "Inverted Iceberg": 5.878696996741454,
    "Kitesail Larcenist": 1.7082506379359228,
    "Lodestone Needle": 4.142038714157576,
    "Malcolm, Alluring Scoundrel": 1.6261682242990654,
    "Marauding Brinefang": 6.910490891467601,
    "Merfolk Cave-Diver": 6.213429131286741,
    "Oaken Siren": 5.200723790434831,
    "Ojer Pakpatiq, Deepest Epoch": 1.3774703557312253,
    "Orazca Puzzle-Door": 7.756459197307005,
    "Out of Air": 8.11809766996489,
    "Pirate Hat": 8.334426905305827,
    "Relic's Roar": 9.30234732461257,
    "River Herald Scout": 5.554189069269719,
    "Sage of Days": 8.00393680303845,
    "Self-Reflection": 7.001457657403489,
    "Shipwreck Sentry": 7.503050486212868,
    "Sinuous Benthisaur": 6.797811888425173,
    "Song of Stupefaction": 8.832043369755834,
    "Spyglass Siren": 3.1237388589784194,
    "Staunch Crewmate": 4.159405327276482,
    "Tishana's Tidebinder": 2.2465479287572543,
    "Unlucky Drop": 8.11288417087578,
    "Waterlogged Hulk": 7.278373042494873,
    "Waterwind Scout": 3.9193691473632333,
    "Waylaying Pirates": 6.764635636525217,
    "Zoetic Glyph": 3.6192564577130444,
    "Abyssal Gorestalker": 6.076362131830053,
    "Aclazotz, Deepest Betrayal": 1.1886792452830188,
    "Another Chance": 6.832964560976509,
    "Bitter Triumph": 2.5824394559327657,
    "Bloodthorn Flail": 7.682447959661766,
    "Bringer of the Last Gift": 2.710474835497066,
    "Broodrage Mycoid": 5.9638159864285,
    "Canonized in Blood": 5.619265926816314,
    "Chupacabra Echo": 2.508073136427567,
    "Corpses of the Lost": 2.1390817469204926,
    "Dead Weight": 4.318707257323671,
    "Deathcap Marionette": 5.522191820878065,
    "Deep Goblin Skulltaker": 6.140109021962395,
    "Deep-Cavern Bat": 3.1175,
    "Echo of Dusk": 5.953802633653998,
    "Fanatical Offering": 6.336416118008225,
    "Gargantuan Leech": 6.335825747724317,
    "Grasping Shadows": 4.75964467654814,
    "Greedy Freebooter": 6.778863798075123,
    "Join the Dead": 3.168292086129754,
    "Malicious Eclipse": 6.2501788817336195,
    "Mephitic Draught": 6.860750254088515,
    "Preacher of the Schism": 1.514539332721151,
    "Primordial Gnawer": 7.591832250920564,
    "Queen's Bay Paladin": 2.725881096475614,
    "Rampaging Spiketail": 5.836750757213454,
    "Ray of Ruin": 5.859040672418322,
    "Screaming Phantom": 6.536532978521194,
    "Skullcap Snail": 5.275221381420061,
    "Soulcoil Viper": 4.313971742543171,
    "Stalactite Stalker": 1.91135188377247,
    "Starving Revenant": 1.778623949579832,
    "Stinging Cave Crawler": 3.501894537417114,
    "Synapse Necromage": 4.467792092403377,
    "Tarrian's Journal": 2.0432229269438573,
    "Terror Tide": 2.0623577605826124,
    "Tithing Blade": 4.911794517117611,
    "Visage of Dread": 4.15459165255061,
    "Vito's Inquisitor": 7.355857721746961,
    "Abrade": 2.7754861288610133,
    "Ancestors' Aid": 7.543423293708627,
    "Belligerent Yearling": 3.014157196969697,
    "Bonehoard Dracosaur": 1.1519090170593014,
    "Brass's Tunnel-Grinder": 2.1961206896551726,
    "Brazen Blademaster": 6.893485762404694,
    "Breeches, Eager Pillager": 1.4684949396016977,
    "Burning Sun Cavalry": 6.695593074161222,
    "Calamitous Cave-In": 7.1824279161960956,
    "Child of the Volcano": 7.54838540115291,
    "Curator of Sun's Creation": 5.488609012034705,
    "Daring Discovery": 8.518507528486165,
    "Diamond Pick-Axe": 3.966323097845537,
    "Dinotomaton": 5.451081520380095,
    "Dire Flail": 2.1877394636015324,
    "Dowsing Device": 5.700632327756554,
    "Dreadmaw's Ire": 3.8884117099706534,
    "Enterprising Scallywag": 3.877819413417886,
    "Etali's Favor": 6.330671944390809,
    "Geological Appraiser": 2.8110719677906393,
    "Goblin Tomb Raider": 6.288217040690266,
    "Goldfury Strider": 6.07443851874108,
    "Hit the Mother Lode": 5.196886289351454,
    "Hotfoot Gnome": 7.345223289495736,
    "Idol of the Deep King": 5.217337296481966,
    "Inti, Seneschal of the Sun": 1.5147195537651068,
    "Magmatic Galleon": 1.5808080808080809,
    "Ojer Axonil, Deepest Might": 1.522794552989935,
    "Panicked Altisaur": 5.8536269167662605,
    "Plundering Pirate": 4.785815764050691,
    "Poetic Ingenuity": 2.06401766004415,
    "Rampaging Ceratops": 4.554211440705231,
    "Rumbling Rockslide": 4.954785246903797,
    "Saheeli's Lattice": 4.750963020030817,
    "Scytheclaw Raptor": 2.919860126461008,
    "Seismic Monstrosaur": 5.562855091785458,
    "Sunfire Torch": 6.072454850021,
    "Sunshot Militia": 6.213240519885119,
    "Tectonic Hazard": 9.23591625656852,
    "Triumphant Chomp": 3.2766302492318196,
    "Trumpeting Carnosaur": 1.2930591259640103,
    "Volatile Wanderglyph": 5.588301337163434,
    "Zoyowa's Justice": 7.8386071023548505,
    "Armored Kincaller": 5.38751406677027,
    "Basking Capybara": 7.268835311308314,
    "Bedrock Tortoise": 1.7645152578990009,
    "Cavern Stomper": 5.778089281863274,
    "Cenote Scout": 3.876468249665691,
    "Coati Scavenger": 4.466057150138575,
    "Colossadactyl": 3.0874904067536453,
    "Disturbed Slumber": 8.9799806291321,
    "Earthshaker Dreadmaw": 3.264565168790521,
    "Explorer's Cache": 5.390332726369806,
    "Ghalta, Stampede Tyrant": 1.9502347417840376,
    "Glimpse the Core": 5.653675581239081,
    "Glowcap Lantern": 5.8205301413169765,
    "Growing Rites of Itlimoc": 3.3662855549358617,