{
    "Abuelo's Awakening": 4.533041913088198,
    "Acrobatic Leap": 8.559471297695795,
    "Adaptive Gemguard": 5.625703568250344,
    "Attentive Sunscribe": 5.699464419544117,
    "Bat Colony": 6.563379384987585,
    "Clay-Fired Bricks": 3.0327467046669043,
    "Cosmium Blast": 5.419877738589774,
    "Dauntless Dismantler": 5.826607239835952,
    "Deconstruction Hammer": 6.837589073634204,
    "Dusk Rose Reliquary": 3.2549876103945614,
    "Envoy of Okinec Ahau": 6.609329028606885,
    "Fabrication Foundry": 5.071248154830244,
    "Family Reunion": 8.425104960907337,
    "Get Lost": 2.6579702749250496,
    "Glorifier of Suffering": 5.864154436650897,
    "Guardian of the Great Door": 3.247663700953722,
    "Helping Hand": 6.261150080307801,
    "Ironpaw Aspirant": 5.248512648344785,
    "Kinjalli's Dawnrunner": 3.5031170969828853,
    "Kutzil's Flanker": 2.2041386602220374,
    "Malamet War Scribe": 4.463544432251289,
    "Market Gnome": 4.378512513052763,
    "Might of the Ancestors": 6.241494392268569,
    "Miner's Guidewing": 4.414936689037001,
    "Mischievous Pup": 4.711162785595981,
    "Ojer Taq, Deepest Foundation": 1.5091377694470478,
    "Oltec Archaeologists": 7.43533579145668,
    "Oltec Cloud Guard": 3.490775533267411,
    "Oteclan Landmark": 7.004807791157503,
    "Petrify": 3.5077426560060454,
    "Quicksand Whirlpool": 5.194557390187274,
    "Resplendent Angel": 1.3728309370352008,
    "Ruin-Lurker Bat": 3.1273930039089906,
    "Sanguine Evangelist": 1.6223829052449816,
    "Soaring Sandwing": 5.982810519084078,
    "Spring-Loaded Sawblades": 2.5962393555056034,
    "Thousand Moons Crackshot": 7.7715321187172846,
    "Thousand Moons Infantry": 7.968798035020996,
    "Thousand Moons Smithy": 1.4814035087719297,
    "Tinker's Tote": 4.199291304122766,
    "Unstable Glyphbridge": 1.6318604899967903,
    "Vanguard of the Rose": 4.537530514932354,
    "Warden of the Inner Sky": 1.702921257454766,
    "Akal Pakal, First Among Equals": 1.8431097389840023,
    "Ancestral Reminiscence": 8.51332389628331,
    "Brackish Blunder": 6.0522973756989655,
    "Braided Net": 2.426227218769639,
    "Chart a Course": 4.384616293356015,
    "Cogwork Wrestler": 6.016655553247851,
    "Confounding Riddle": 5.284840066831733,
    "Council of Echoes": 5.03961172980178,
    "Didact Echo": 7.646595692161709,
    "Eaten by Piranhas": 4.394589442470171,
    "The Enigma Jewel": 4.438056074766355,
    "The Everflowing Well": 2.6661928146807963,
    "Frilled Cave-Wurm": 8.637198693434321,
    "Hermitic Nautilus": 4.6028459509153405,
    "Hurl into History": 6.919799821453097,
    "Inverted Iceberg": 5.301790656628446,
    "Kitesail Larcenist": 1.6188784845549455,
    "Lodestone Needle": 3.652001660636973,
    "Malcolm, Alluring Scoundrel": 1.5839107838891295,
    "Marauding Brinefang": 6.979894602679839,
    "Merfolk Cave-Diver": 6.1751361161524505,
    "Oaken Siren": 4.4574303549799685,
    "Ojer Pakpatiq, Deepest Epoch": 1.4125549584758184,
    "Orazca Puzzle-Door": 7.422290947942948,
    "Out of Air": 8.291029649765095,
    "Pirate Hat": 7.851690444369129,
    "Relic's Roar": 9.307214977820882,
    "River Herald Scout": 5.429359725370414,
    "Sage of Days": 7.978061116365281,
    "Self-Reflection": 7.167062129779214,
    "Shipwreck Sentry": 7.076156038059689,
    "Sinuous Benthisaur": 6.707334169875817,
    "Song of Stupefaction": 8.864569555820701,
    "Spyglass Siren": 2.798068762612451,
    "Staunch Crewmate": 3.7626429549320317,
    "Tishana's Tidebinder": 2.204566210045662,
    "Unlucky Drop": 7.762670041528609,
    "Waterlogged Hulk": 7.238615347035628,
    "Waterwind Scout": 3.4392492884250476,
    "Waylaying Pirates": 6.167968416559966,
    "Zoetic Glyph": 3.053211310828584,
    "Abyssal Gorestalker": 6.4275748201504115,
    "Aclazotz, Deepest Betrayal": 1.2428372739916551,
    "Another Chance": 6.582049277307668,
    "Bitter Triumph": 2.700475405064519,
    "Bloodthorn Flail": 7.9276362578392705,
    "Bringer of the Last Gift": 2.6215722120658134,
    "Broodrage Mycoid": 6.443064518406597,
    "Canonized in Blood": 6.206470548740133,
    "Chupacabra Echo": 2.545209648563614,
    "Corpses of the Lost": 2.18779490405788,
    "Dead Weight": 4.408220653344501,
    "Deathcap Marionette": 5.429386884773871,
    "Deep Goblin Skulltaker": 6.541220913510442,
    "Deep-Cavern Bat": 2.9110933556084184,
    "Echo of Dusk": 5.956348773841962,
    "Fanatical Offering": 6.630082198587924,
    "Gargantuan Leech": 6.4515775059173475,
    "Grasping Shadows": 5.055315371299215,
    "Greedy Freebooter": 6.981898659586429,
    "Join the Dead": 3.344154623357248,
    "Malicious Eclipse": 6.514194464158978,
    "Mephitic Draught": 7.193155144747835,
    "Preacher of the Schism": 1.5818377216550241,
    "Primordial Gnawer": 7.794263753605919,
    "Queen's Bay Paladin": 3.086250069556508,
    "Rampaging Spiketail": 5.965003712273569,
    "Ray of Ruin": 6.299985126109345,
    "Screaming Phantom": 6.67763062296307,
    "Skullcap Snail": 5.429628540814866,
    "Soulcoil Viper": 4.440875825548878,
    "Stalactite Stalker": 2.03086624626618,
    "Starving Revenant": 1.8770565901283673,
    "Stinging Cave Crawler": 3.7367886318390884,
    "Synapse Necromage": 4.846669641982431,
    "Tarrian's Journal": 2.2231157363607696,
    "Terror Tide": 2.201809813558,
    "Tithing Blade": 4.798023685532969,
    "Visage of Dread": 4.271681644663592,
    "Vito's Inquisitor": 7.738653235902064,
    "Abrade": 2.679806466131573,
    "Ancestors' Aid": 7.23597682070614,
    "Belligerent Yearling": 3.046868618107556,
    "Bonehoard Dracosaur": 1.1466786895100691,
    "Brass's Tunnel-Grinder": 2.363928675825782,
    "Brazen Blademaster": 6.881882370362393,
    "Breeches, Eager Pillager": 1.4200974421437271,
    "Burning Sun Cavalry": 6.655645882365032,
    "Calamitous Cave-In": 7.166418592063868,
    "Child of the Volcano": 7.826458642294831,
    "Curator of Sun's Creation": 5.60221839739912,
    "Daring Discovery": 8.52104704962973,
    "Diamond Pick-Axe": 3.6899838335559147,
    "Dinotomaton": 5.280194990806693,
    "Dire Flail": 2.112919051512674,
    "Dowsing Device": 5.418441127694859,
    "Dreadmaw's Ire": 3.6855388066642956,
    "Enterprising Scallywag": 3.922011633480587,
    "Etali's Favor": 5.3215352569795416,
    "Geological Appraiser": 2.593837934831369,
    "Goblin Tomb Raider": 5.750642944554269,
    "Goldfury Strider": 6.1340803814098805,
    "Hit the Mother Lode": 5.557352465523832,
    "Hotfoot Gnome": 7.385440202445354,
    "Idol of the Deep King": 5.10598668174599,
    "Inti, Seneschal of the Sun": 1.4649102079395084,
    "Magmatic Galleon": 1.5568019355548224,
    "Ojer Axonil, Deepest Might": 1.571585178688884,
    "Panicked Altisaur": 5.598680805569932,
    "Plundering Pirate": 4.487924297763303,
    "Poetic Ingenuity": 1.9741120901080933,
    "Rampaging Ceratops": 4.56113042869478,
    "Rumbling Rockslide": 4.979658784599086,
    "Saheeli's Lattice": 4.697476759628154,
    "Scytheclaw Raptor": 2.924588960914158,
    "Seismic Monstrosaur": 5.644607661940177,
    "Sunfire Torch": 5.695362327419092,
    "Sunshot Militia": 5.796145372014708,
    "Tectonic Hazard": 9.334561958465136,
    "Triumphant Chomp": 3.239949886461514,
    "Trumpeting Carnosaur": 1.3060848994611645,
    "Volatile Wanderglyph": 5.190782117463718,
    "Zoyowa's Justice": 8.045871266059743,
    "Armored Kincaller": 5.276977745273007,
    "Basking Capybara": 7.569001369049157,
    "Bedrock Tortoise": 1.8240391861341372,
    "Cavern Stomper": 5.737683575215511,
    "Cenote Scout": 3.932327714459437,
    "Coati Scavenger": 4.617727252242102,
    "Colossadactyl": 3.081427858212681,
    "Disturbed Slumber": 9.20697257650312,
    "Earthshaker Dreadmaw": 3.4042530039949637,
    "Explorer's Cache": 5.533241518706404,
    "Ghalta, Stampede Tyrant": 2.1586854460093896,
    "Glimpse the Core": 6.0655872718764625,
    "Glowcap Lantern": 6.097284077499904,
    "Growing Rites of Itlimoc": 3.860404174994448,