{
    "Abuelo's Awakening": 4.611540458808077,
    "Acrobatic Leap": 8.547623114745912,
    "Adaptive Gemguard": 5.610683338607241,
    "Attentive Sunscribe": 5.660027695301779,
    "Bat Colony": 6.592499250847119,
    "Clay-Fired Bricks": 2.988931344755331,
    "Cosmium Blast": 5.42654606951555,
    "Dauntless Dismantler": 5.855163658004364,
    "Deconstruction Hammer": 6.796932529323925,
    "Dusk Rose Reliquary": 3.2480426949855064,
    "Envoy of Okinec Ahau": 6.643495384828927,
    "Fabrication Foundry": 5.0913292558049426,
    "Family Reunion": 8.45570333663869,
    "Get Lost": 2.6952558635394457,
    "Glorifier of Suffering": 5.890752264109409,
    "Guardian of the Great Door": 3.2542119158433356,
    "Helping Hand": 6.289687495182153,
    "Ironpaw Aspirant": 5.2243599560542,
    "Kinjalli's Dawnrunner": 3.4959001024974374,
    "Kutzil's Flanker": 2.2608722976370035,
    "Malamet War Scribe": 4.492782970403695,
    "Market Gnome": 4.415455309056772,
    "Might of the Ancestors": 6.228465047899838,
    "Miner's Guidewing": 4.334830277626001,
    "Mischievous Pup": 4.743634001484781,
    "Ojer Taq, Deepest Foundation": 1.5376766091051806,
    "Oltec Archaeologists": 7.449509642778874,
    "Oltec Cloud Guard": 3.432853017459049,
    "Oteclan Landmark": 7.016387184015574,
    "Petrify": 3.480432312701095,
    "Quicksand Whirlpool": 5.174369120877278,
    "Resplendent Angel": 1.387742207245156,
    "Ruin-Lurker Bat": 3.0854028737459887,
    "Sanguine Evangelist": 1.6185311149921868,
    "Soaring Sandwing": 5.971583938459498,
    "Spring-Loaded Sawblades": 2.5957279701546963,
    "Thousand Moons Crackshot": 7.785154952175922,
    "Thousand Moons Infantry": 7.9848505280873425,
    "Thousand Moons Smithy": 1.490053181012409,
    "Tinker's Tote": 4.186357601549871,
    "Unstable Glyphbridge": 1.6248060600529342,
    "Vanguard of the Rose": 4.553352611777904,
    "Warden of the Inner Sky": 1.7035409666580512,
    "Akal Pakal, First Among Equals": 1.8406804024916148,
    "Ancestral Reminiscence": 8.524929735435773,
    "Brackish Blunder": 6.015065490250849,
    "Braided Net": 2.3984619081951455,
    "Chart a Course": 4.377588221076378,
    "Cogwork Wrestler": 5.920626130269638,
    "Confounding Riddle": 5.35160492568136,
    "Council of Echoes": 5.093950338600451,
    "Didact Echo": 7.651825545103465,
    "Eaten by Piranhas": 4.406102746235806,
    "The Enigma Jewel": 4.516157205240175,
    "The Everflowing Well": 2.699309004534658,
    "Frilled Cave-Wurm": 8.661751875993348,
    "Hermitic Nautilus": 4.544128759998038,
    "Hurl into History": 7.0185414718652375,
    "Inverted Iceberg": 5.2274459974587035,
    "Kitesail Larcenist": 1.6116531664212077,
    "Lodestone Needle": 3.5877931572678357,
    "Malcolm, Alluring Scoundrel": 1.5921076894707726,
    "Marauding Brinefang": 6.989659481850734,
    "Merfolk Cave-Diver": 6.18412225121133,
    "Oaken Siren": 4.3632634752317605,
    "Ojer Pakpatiq, Deepest Epoch": 1.4203257060399919,
    "Orazca Puzzle-Door": 7.3955096980867125,
    "Out of Air": 8.336779651060331,
    "Pirate Hat": 7.796857638177921,
    "Relic's Roar": 9.33280742796003,
    "River Herald Scout": 5.44437884766131,
    "Sage of Days": 7.982470838608874,
    "Self-Reflection": 7.194168588338605,
    "Shipwreck Sentry": 7.030454082995618,
    "Sinuous Benthisaur": 6.679158239714197,
    "Song of Stupefaction": 8.887028355714822,
    "Spyglass Siren": 2.758000130881487,
    "Staunch Crewmate": 3.7130378903274943,
    "Tishana's Tidebinder": 2.1995979508462487,
    "Unlucky Drop": 7.750943140733118,
    "Waterlogged Hulk": 7.278796997825971,
    "Waterwind Scout": 3.376210591386771,
    "Waylaying Pirates": 6.079119457320106,
    "Zoetic Glyph": 2.973073590294939,
    "Abyssal Gorestalker": 6.466648713115069,
    "Aclazotz, Deepest Betrayal": 1.2478952291861554,
    "Another Chance": 6.50981939434213,
    "Bitter Triumph": 2.6957412025034264,
    "Bloodthorn Flail": 7.968416434148916,
    "Bringer of the Last Gift": 2.6163141993957706,
    "Broodrage Mycoid": 6.508419921175206,
    "Canonized in Blood": 6.301557349832765,
    "Chupacabra Echo": 2.5367608352342517,
    "Corpses of the Lost": 2.200802675585284,
    "Dead Weight": 4.4094794672890245,
    "Deathcap Marionette": 5.402087078090673,
    "Deep Goblin Skulltaker": 6.586150735874281,
    "Deep-Cavern Bat": 2.861829652996845,
    "Echo of Dusk": 5.9239330772429115,
    "Fanatical Offering": 6.664465183058148,
    "Gargantuan Leech": 6.449268879565647,
    "Grasping Shadows": 5.087555041252761,
    "Greedy Freebooter": 7.0032959409551605,
    "Join the Dead": 3.34875486962026,
    "Malicious Eclipse": 6.575936580607001,
    "Mephitic Draught": 7.2472096267875825,
    "Preacher of the Schism": 1.5697438732264604,
    "Primordial Gnawer": 7.812403686480639,
    "Queen's Bay Paladin": 3.1730423146140003,
    "Rampaging Spiketail": 5.944829071001276,
    "Ray of Ruin": 6.338649555514205,
    "Screaming Phantom": 6.687550780100088,
    "Skullcap Snail": 5.446764818946172,
    "Soulcoil Viper": 4.4345327816612885,
    "Stalactite Stalker": 2.069193324061196,
    "Starving Revenant": 1.8915181315304241,
    "Stinging Cave Crawler": 3.755401019935095,
    "Synapse Necromage": 4.899927543542662,
    "Tarrian's Journal": 2.249059343851079,
    "Terror Tide": 2.235608928338337,
    "Tithing Blade": 4.734083457355029,
    "Visage of Dread": 4.268160200038859,
    "Vito's Inquisitor": 7.785143497807138,
    "Abrade": 2.6713351348228787,
    "Ancestors' Aid": 7.165548926412805,
    "Belligerent Yearling": 3.045818782512933,
    "Bonehoard Dracosaur": 1.1442134975622273,
    "Brass's Tunnel-Grinder": 2.3925108251509424,
    "Brazen Blademaster": 6.898180840166866,
    "Breeches, Eager Pillager": 1.414236795683304,
    "Burning Sun Cavalry": 6.6410219736596305,
    "Calamitous Cave-In": 7.17698263355215,
    "Child of the Volcano": 7.876214070397867,
    "Curator of Sun's Creation": 5.628709743519688,
    "Daring Discovery": 8.52689579117606,
    "Diamond Pick-Axe": 3.655624909625488,
    "Dinotomaton": 5.242322804072474,
    "Dire Flail": 2.1121937639198216,
    "Dowsing Device": 5.37906270140871,
    "Dreadmaw's Ire": 3.6624060678418426,
    "Enterprising Scallywag": 3.942889113168634,
    "Etali's Favor": 5.171283935697825,
    "Geological Appraiser": 2.5636389196408174,
    "Goblin Tomb Raider": 5.713811711046157,
    "Goldfury Strider": 6.163859018024569,
    "Hit the Mother Lode": 5.615849149617945,
    "Hotfoot Gnome": 7.388311977379084,
    "Idol of the Deep King": 5.0944129278651005,
    "Inti, Seneschal of the Sun": 1.456181374542497,
    "Magmatic Galleon": 1.5571880230611865,
    "Ojer Axonil, Deepest Might": 1.5840118430792005,
    "Panicked Altisaur": 5.510375585482945,
    "Plundering Pirate": 4.434047717159956,
    "Poetic Ingenuity": 1.9597576134244872,
    "Rampaging Ceratops": 4.55280901104567,
    "Rumbling Rockslide": 4.982260838084895,
    "Saheeli's Lattice": 4.694248667208819,
    "Scytheclaw Raptor": 2.920127462513215,
    "Seismic Monstrosaur": 5.6464918207960775,
    "Sunfire Torch": 5.658677599739528,
    "Sunshot Militia": 5.755126787464502,
    "Tectonic Hazard": 9.355963460247933,
    "Triumphant Chomp": 3.2424779941317685,
    "Trumpeting Carnosaur": 1.3097186414079138,
    "Volatile Wanderglyph": 5.1256536970057915,
    "Zoyowa's Justice": 8.084129486430289,
    "Armored Kincaller": 5.234652940216504,
    "Basking Capybara": 7.609021318627048,
    "Bedrock Tortoise": 1.826086956521739,
    "Cavern Stomper": 5.695856398854944,
    "Cenote Scout": 3.945963799709341,
    "Coati Scavenger": 4.629694414972424,
    "Colossadactyl": 3.058535471067773,
    "Disturbed Slumber": 9.23408598938105,
    "Earthshaker Dreadmaw": 3.4181044111270253,
    "Explorer's Cache": 5.564746001290311,
    "Ghalta, Stampede Tyrant": 2.2086614173228347,
    "Glimpse the Core": 6.1525735294117645,
    "Glowcap Lantern": 6.136022929464523,
    "Growing Rites of Itlimoc": 3.9397173561018697,