{
    "Verilax the Havenskin": null,
    "Yera and Oski, Weaver and Guide": null,
    "Zora, Spider Fancier": 2.400621118012422,
    "City Pigeon": 2.948421052631579,
    "Costume Closet": 2.825749741468459,
    "Principled Referee": 2.9682337992376113,
    "Basil, Cabaretti Loudmouth": 2.790437436419125,
    "Remarkable Readings": null,
    "A Most Helpful Weaver": null,
    "Surris, Spidersilk Innovator": null,
    "Confessor's Bindings": 2.797752808988764,
    "Crime-Scene Instructor": 2.9921714050267822,
    "Generous Betty Wray": 2.331724969843185,
    "Ademi of the Silkchutes": null,
    "Spectacular Tactics": 2.7763786365610073,
    "Darval, Whose Web Protects": 3.1505905511811023,
    "Sarn of the Silken Throne": 2.1742574257425744,
    "Eztli of the Thousand Moons": 3.8516889514426462,
    "Sudden Strike": 2.2399732620320854,
    "Lively Leap": 3.8941919635023687,
    "Mothwing Shroud": 2.1433721575152522,
    "Archangler's Skyrod": 3.3745851114272165,
    "Freestrider Aces": 3.5358913163209107,
    "Chosen by Valgavoth": 2.5197368421052633,
    "Drix Interception": 3.8421333333333334,
    "Arala, Hedron Scaler": 3.5209976159911975,
    "Vazin, Two-Faced Trickster": 2.9937565036420395,
    "Lost in Littjara": 1.9810964083175804,
    "Ozor, Chronicler of Collapse": 3.6190115508426435,
    "Obscura Alleylurkers": 3.81760893050054,
    "Vexed Bots": 2.610076670317634,
    "Spectral Restitching": 2.4622641509433962,
    "Belion, the Parched": 2.3282051282051284,
    "Impostor Syndrome": null,
    "Merata, Neuron Hacker": 2.893939393939394,
    "Olx, Mouth to Many Eyes": 3.556350626118068,
    "The Watcher on the Road": null,
    "Phantasmal Vision": 3.9363335077620794,
    "Goben, Gene-Splice Savant": null,
    "Pinnacle Research Team": 4.514175473913773,
    "Robotics Mastery": 2.957252641690682,
    "Outsmart the Amateur": 2.9965363681345867,
    "Secret Identity": 3.537273930304367,
    "Argyr, Tidal Spinner": 2.5253093363329584,
    "Hide in Mundanity": 3.428460038986355,
    "Detect Intrusion": 2.900900900900901,
    "Unstable Experiment": 3.521157721194358,
    "Snatch Back": 3.2432690471644072,
    "Rhilex the Accursed": null,
    "Aggressive Symbiosis": 3.327488151658768,
    "Hex of Undeath": null,
    "Wrench, Speedway Saboteur": null,
    "Common Crook": 3.2665897287939987,
    "The House Grows Hungry": null,
    "Viggo, Enforcer of Ig's Crossing": null,
    "Egrix the Bile Bulwark": null,
    "Caldaia Brawlers": 3.986802745029034,
    "Merciless Enforcers": 3.4445266272189348,
    "Luis, Pompous Pillager": null,
    "Duskmourn's Claim": 3.1203703703703702,
    "Prison Break": 2.863844977052524,
    "Clandestine Work": 3.985173556602128,
    "Miasmic Mist": 3.1364503816793894,
    "Scorvus Ames, Crimelord": 2.66831955922865,
    "Scorpion's Sting": 2.3129653401797174,
    "The Terminus of Return": null,
    "Kroble, Envoy of the Bog": 2.6653543307086616,
    "Remorseless Coup": 2.188925081433225,
    "Wekhdu, Midnight Hunter": 3.1678027265437048,
    "Nill, Vessel of Valgavoth": 2.2515842839036755,
    "Tethex, Gift of Malice": 3.57712814855672,
    "Bane-Marked Leonin": 3.870113262696383,
    "Damning Caress": 2.452760736196319,
    "Villainous Wrath": null,
    "Galvanized Workforce": 3.7112107623318384,
    "Bayo, Irritable Instructor": null,
    "Deathflame Burst": 2.759470561387494,
    "Nia, Skysail Storyteller": null,
    "Fire-Brained Scheme": 3.61792863359443,
    "Cam and Farrik, Havoc Duo": 3.177579365079365,
    "Lazlo, Enthusiastic Accuser": null,
    "Skittering Kitten": 3.8706988293721176,
    "Lavabrink Repels the Magmaloth": 2.8644736842105263,
    "The Infernus": 3.0995752713544125,
    "Lavaborn Goblins": 2.90690537084399,
    "Romantic Rendezvous": 3.8015930485155685,
    "Quint's Insight": 2.2578268876611416,
    "Kazuo, Ruthless Rival": 2.913249211356467,
    "Wardens of Silverweb Summit": 3.5957882966828176,
    "Sadistic String-Puller": 3.4822373393801964,
    "Kraza, the Swarm as One": null,
    "Arachnomania": null,
    "Rizna, the Spider-Crowned": null,
    "Kephon, Rage Incubator": 3.8071065989847717,
    "Restless Razorkin": 2.747639034627492,
    "Full-Throttle Fanatic": 4.218718550821872,
    "Wisecrack": 2.661654135338346,
    "Selesnya Archivist": 2.4210526315789473,
    "Orris, Last of the Web Lords": 2.57103825136612,
    "Grow Extra Arms": 3.744984637628773,
    "Eccentric Arachnologist": 2.973667711598746,
    "Perilous Lunge": 2.6796632698272043,
    "Cruel Caracals": 3.651586063442538,
    "A Trail of Teacups": null,
    "King of the Coldblood Curse": null,
    "Lurking Lizards": 3.4090653680464507,
    "Cren, Undercity Dreamer": null,
    "Ancestral Carvings": 3.3607567091948964,
    "Favored Fighter": 2.9862026359143328,
    "Fateweaver": null,
    "The Scouring Stormsoul": null,
    "Scout the City": 4.017079121645173,
    "Tarantusk, Unwisely Awoken": null,
    "Zan, Tunnelweb Explorer": 2.743869817209095,
    "Chizak, Apex Arachnosaur": 2.8335146898803045,
    "The Clutter Cluster": 2.0146648044692737,
    "Strength of Will": null,
    "Supportive Parents": 2.7766749379652604,
    "Terrific Team-Up": 2.2238520408163267,
    "Rouse the Swarm": 2.4436536180308424,
    "Through the Omenpath": null,
    "Gloria, the Great Armorer": null,
    "Angler's Shield": null,
    "Desecrex, Gift of Servitude": null,
    "Cheering Crowd": null,
    "Scions of the Ur-Spider": null,
    "Neach, Pinnacle Pariah": null,
    "Gallant Citizen": 2.7346850733390853,
    "Nu and Sumi, Career Criminals": 2.7744937055281884,
    "Druneth, Reviver of the Hive": 2.5376884422110555,
    "Dreadfang, Loathed by Fans": 2.951305220883534,
    "Brako, Heartless Hunter": null,
    "Demera, Soul of a Spider": null,
    "Withar, Cocoon Keeper": null,
    "Mob Lookout": 3.4526905019862766,
    "Tearle, Entropic Hunger": 2.475363941769317,
    "Carlo, Suave Schemer": 2.7852206273258906,
    "Knife Trick": 2.666215911652017,
    "Xecau, Predation's Shadow": 2.9053911205073994,
    "Rhino's Rampage": 2.1669793621013134,
    "Borys, the Spider Rider": null,
    "Kivni, Orb Weaver": 2.8285562632696393,
    "Crash, Reckless Endrider": 2.557894736842105,
    "Alenni, Brood Recruiter": null,
    "Wonderweave Aerialist": 3.1095020829200557,
    "Kumonosu, the Watchful": 2.5627880184331797,
    "Leyline Weaver": 2.138728323699422,
    "Janai and Hoppy, Roofskippers": 2.3450439146800504,
    "Uharis, the Stormspinner": 2.4499121265377855,
    "Alessos and Pras, Acrobats": 1.9491648511256354,
    "Makdee and Itla, Skysnarers": null,
    "Qoneus, Horizon Splicer": 2.0505836575875485,
    "Cirina Bargainspinner": 2.53072625698324,
    "Kavaero, Mind-Bitten": null,
    "Skv'x the Augmenter": null,
    "Ruzic, Booed but Victorious": null,
    "Rishei, Getaway Accomplice": 2.9101703665462053,
    "Diligent Webkeepers": 2.1683038637851997,
    "Margot, On the Case": 2.982269503546099,
    "Perfected Pastry": 3.775762711864407,
    "Giantcraft Helm": 2.2490494296577945,
    "Eerie Gravestone": 4.1868886219323835,
    "Treat Trolley": 3.9460700918679823,
    "Reality Fulcrum": 2.6511254019292605,
    "Fizik, Etherium Mechanic": null,
    "Error-9, Viral Node": 3.7362090418913314,
    "Data Scrubber": 4.106252135292108,
    "Opulent Valet": 3.9921338912133892,
    "Carriage of Dreams": 4.57869918699187,
    "Phenomena Recorder": 2.6697736351531294,
    "Stitcher's Wings": null,
    "Steelweb Surveyor": 3.6632920230406705,
    "Scuttling Spidercoach": 3.6471311475409838,
    "Goro Rel, Scourge to Spiders": 2.761476573592049,
    "Cactarantula Saddle": 3.7413112164297,
    "Temple Trap": 4.082027342447483,
    "Vinewoven Chariot": 3.9488938432515863,
    "Fearsome Ridgeline": 3.167470407715914,
    "Multiversal Passage": null,
    "Ominous Asylum": 3.5243996901626646,
    "Exclusive Nightclub": 2.0403846153846152,
    "Savage Mansion": 3.6083101089435012,
    "Sinister Hideout": 3.4914212548015366,
    "Suburban Sanctuary": 3.4275737196068286,