{
    "Archon of the Wild Rose": 1.6430952380952382,
    "Archon's Glory": 6.443418744920221,
    "Armory Mice": 6.627452150560552,
    "Besotted Knight": 5.618374264576849,
    "Break the Spell": 8.46034254977824,
    "Charmed Clothier": 6.602510030712373,
    "Cheeky House-Mouse": 4.93046201257549,
    "Cooped Up": 3.5891725885528563,
    "Cursed Courtier": 4.053072710218161,
    "Discerning Financier": 5.305201891596944,
    "Dutiful Griffin": 5.822655735471124,
    "Eerie Interference": 7.976754007102409,
    "Expel the Interlopers": 2.042471781136407,
    "Frostbridge Guard": 6.769134435167831,
    "Gallant Pie-Wielder": 4.590497554120159,
    "Glass Casket": 3.8855038082157574,
    "Hopeful Vigil": 3.7374019640150267,
    "Kellan's Lightblades": 4.779044278825077,
    "Knight of Doves": 5.726056023855925,
    "Moment of Valor": 6.966018403215966,
    "Moonshaker Cavalry": 2.58187134502924,
    "Plunge into Winter": 8.501597469231012,
    "The Princess Takes Flight": 3.229172283634403,
    "Protective Parents": 7.175512601010728,
    "Regal Bunnicorn": 1.7710393320149418,
    "Return Triumphant": 6.512056603123169,
    "Rimefur Reindeer": 7.4516694078947365,
    "Savior of the Sleeping": 6.952362444234149,
    "Slumbering Keepguard": 7.472806988463068,
    "Solitary Sanctuary": 6.317373833685214,
    "Spellbook Vendor": 1.5047593865679534,
    "Stockpiling Celebrant": 4.872499222556235,
    "Stroke of Midnight": 4.606985569066283,
    "A Tale for the Ages": 3.808313862928349,
    "Three Blind Mice": 2.189508424526663,
    "Tuinvale Guide": 7.253297847720435,
    "Unassuming Sage": 6.550240133996479,
    "Virtue of Loyalty": 1.2752571082879613,
    "Werefox Bodyguard": 1.9261285909712722,
    "Aquatic Alchemist": 6.765211967944227,
    "Archive Dragon": 4.198942974685445,
    "Asinine Antics": 2.921711899791232,
    "Beluna's Gatekeeper": 5.497738857164757,
    "Bitter Chill": 3.8670569620253166,
    "Chancellor of Tales": 5.455615026021754,
    "Diminisher Witch": 7.399051573748741,
    "Disdainful Stroke": 7.122632660799457,
    "Extraordinary Journey": 2.9600892414476947,
    "Farsight Ritual": 3.790646289817713,
    "Freeze in Place": 8.21473107062277,
    "Gadwick's First Duel": 5.662883299469861,
    "Galvanic Giant": 6.155296923654513,
    "Horned Loch-Whale": 1.867403314917127,
    "Ice Out": 6.823503840023185,
    "Icewrought Sentry": 5.058864337101747,
    "Ingenious Prodigy": 2.02328714395689,
    "Into the Fae Court": 6.242689120556001,
    "Johann's Stopgap": 6.4813555236037095,
    "Living Lectern": 8.23021514473445,
    "Merfolk Coralsmith": 8.940516768304466,
    "Misleading Motes": 8.49186263852284,
    "Mocking Sprite": 6.474808275370073,
    "Obyra's Attendants": 6.288296374516015,
    "Picklock Prankster": 4.290293855743544,
    "Quick Study": 6.675679158719522,
    "Sleep-Cursed Faerie": 2.199361475700603,
    "Sleight of Hand": 7.865738466617814,
    "Snaremaster Sprite": 6.9042945417980865,
    "Spell Stutter": 6.157338291453622,
    "Splashy Spellcaster": 5.329162279305532,
    "Stormkeld Prowler": 8.330168542878827,
    "Succumb to the Cold": 7.034247137522058,
    "Talion's Messenger": 2.0007729468599034,
    "Tenacious Tomeseeker": 5.192059771462056,
    "Vantress Transmuter": 6.174330156446683,
    "Virtue of Knowledge": 4.261178023428477,
    "Water Wings": 8.812518131140086,
    "Ashiok, Wicked Manipulator": 1.233974358974359,
    "Ashiok's Reaper": 5.3627479091995225,
    "Back for Seconds": 3.889696782178218,
    "Barrow Naughty": 4.628920730347223,
    "Beseech the Mirror": 3.473186768029587,
    "Candy Grapple": 2.268294395805047,
    "Conceited Witch": 4.4928284139516075,
    "Dream Spoilers": 5.939817899178325,
    "Ego Drain": 7.160032769851736,
    "The End": 2.0554535438854207,
    "Eriette's Whisper": 7.43859705860951,
    "Faerie Dreamthief": 3.7552268613867565,
    "Faerie Fencing": 3.0188619180262632,
    "Feed the Cauldron": 3.7634001292824824,
    "Fell Horseman": 5.889786109957681,
    "Gumdrop Poisoner": 1.526490913744561,
    "High Fae Negotiator": 2.6540850903614457,
    "Hopeless Nightmare": 4.53391479151806,
    "Lich-Knights' Conquest": 4.018033075299085,
    "Lord Skitter, Sewer King": 1.325268817204301,
    "Lord Skitter's Blessing": 1.9589251439539348,
    "Lord Skitter's Butcher": 3.03400816195887,
    "Mintstrosity": 4.535691365687894,
    "Not Dead After All": 6.722902682433404,
    "Rankle's Prank": 2.430161467314626,
    "Rat Out": 5.607812298806174,
    "Rowan's Grim Search": 6.742639211760715,
    "Scream Puff": 5.245874792901675,
    "Shatter the Oath": 4.48927957901146,
    "Specter of Mortality": 1.8341121495327102,
    "Spiteful Hexmage": 2.4311315165876777,
    "Stingblade Assassin": 6.310215517241379,
    "Sugar Rush": 7.810685361247159,
    "Sweettooth Witch": 4.629573473591752,
    "Taken by Nightmares": 2.543677878713479,
    "Tangled Colony": 1.910531594784353,
    "Twisted Sewer-Witch": 3.1081190360666344,
    "Virtue of Persistence": 1.2056194125159643,
    "Voracious Vermin": 4.309552983889267,
    "Warehouse Tabby": 6.632984693877551,
    "Wicked Visitor": 6.747647669434771,
    "The Witch's Vanity": 2.548156670981351,
    "Belligerent of the Ball": 3.8859905484392487,
    "Bellowing Bruiser": 6.40398933883587,
    "Bespoke Battlegarb": 8.372122361348357,
    "Boundary Lands Ranger": 5.2167348967083935,
    "Charming Scoundrel": 2.2330690452593327,
    "Cut In": 3.318529677613739,
    "Edgewall Pack": 4.703087131835452,
    "Embereth Veteran": 3.9791641683655112,
    "Flick a Coin": 5.4543939826716175,
    "Food Fight": 6.1009760632117125,
    "Frantic Firebolt": 4.519754025192581,
    "Gnawing Crescendo": 6.9648195375703015,
    "Goddric, Cloaked Reveler": 1.7510671759155245,
    "Grabby Giant": 4.751096211044901,
    "Grand Ball Guest": 5.3016651856430865,
    "Harried Spearguard": 5.82435355739048,
    "Hearth Elemental": 3.479106628242075,
    "Imodane, the Pyrohammer": 2.8678183483837194,
    "Kindled Heroism": 8.652808674144019,
    "Korvold and the Noble Thief": 6.635551557498797,
    "Merry Bards": 6.57589407125374,
    "Minecart Daredevil": 5.5564816275767335,
    "Monstrous Rage": 3.6814176620325045,
    "Raging Battle Mouse": 2.425704656862745,
    "Ratcatcher Trainee": 3.8525937404735293,
    "Realm-Scorcher Hellkite": 1.3459082994776552,
    "Redcap Gutter-Dweller": 1.5690376569037656,
    "Redcap Thief": 5.393887482233789,
    "Rotisserie Elemental": 3.651331719128329,
    "Skewer Slinger": 7.249899393073315,
    "Song of Totentanz": 1.6501718213058418,
    "Stonesplitter Bolt": 3.1827562485668426,
    "Tattered Ratter": 5.171794362842398,
    "Torch the Tower": 2.688949181242664,
    "Twisted Fealty": 4.730888509846488,
    "Two-Headed Hunter": 3.437532725939889,
    "Unruly Catapult": 6.9720175602783785,
    "Virtue of Courage": 2.731315789473684,
    "Witch's Mark": 6.27835328355882,
    "Witchstalker Frenzy": 2.416221414832229,
    "Agatha's Champion": 2.4333626169190223,
    "Beanstalk Wurm": 5.542960608832599,
    "Bestial Bloodline": 7.961195350520854,
    "Blossoming Tortoise": 2.7407794925451214,
    "Bramble Familiar": 2.258301979388189,
    "Brave the Wilds": 5.867208182368514,
    "Commune with Nature": 8.83811574153234,
    "Curse of the Werefox": 4.250626537603752,
    "Elvish Archivist": 2.00984555984556,
    "Feral Encounter": 2.6188830522532487,
    "Ferocious Werefox": 4.456803572198973,
    "Graceful Takedown": 3.6807299843014127,
    "Gruff Triplets": 1.3840820854132003,
    "Hamlet Glutton": 3.4202730008285966,
    "Hollow Scavenger": 4.390909493642847,
    "Howling Galefang": 3.7553766902768833,
    "The Huntsman's Redemption": 1.8043570219966159,
    "Leaping Ambush": 8.244173027187284,
    "Night of the Sweets' Revenge": 5.879507992855043,
    "Redtooth Genealogist": 5.38562091503268,
    "Redtooth Vanguard": 3.9026887062294886,
    "Return from the Wilds": 5.7231038463652855,
    "Rootrider Faun": 4.067301327492207,