{
    "Ajani, Nacatl Pariah": 1.400896860986547,
    "Razorgrass Ambush": 4.5443867359169,
    "Witch Enchanter": 4.497454121141402,
    "Hydroelectric Specimen": 5.757814165707219,
    "Sink into Stupor": 4.988283203543617,
    "Tamiyo, Inquisitive Student": 1.6932468523464326,
    "Boggart Trawler": 5.9624816340045115,
    "Fell the Profane": 3.0182689923121435,
    "Sorin of House Markov": 1.736404833836858,
    "Pinnacle Monk": 4.773237060195524,
    "Ral, Monsoon Mage": 2.8114619883040937,
    "Sundering Eruption": 6.0596053741538585,
    "Bridgeworks Battle": 3.120283288276282,
    "Disciple of Freyalise": 4.291140290255702,
    "Grist, Voracious Larva": 2.317180616740088,
    "Bloodsoaked Insight": 5.079014345210551,
    "Drowner of Truth": 3.335711551178088,
    "Glasswing Grace": 4.151280893804311,
    "Legion Leadership": 4.732545414751587,
    "Revitalizing Repast": 3.7422442935351663,
    "Rush of Inspiration": 5.177892161388606,
    "Strength of the Harvest": 4.411670263725852,
    "Stump Stomp": 2.9842394962974694,
    "Suppression Ray": 5.035876885137058,
    "Waterlogged Teachings": 6.30051316866676,
    "Breaker of Creation": 3.280689888400406,
    "Devourer of Destiny": 2.1538461538461537,
    "Drownyard Lurker": 5.155565584432822,
    "Echoes of Eternity": 3.832198092795897,
    "Eldrazi Ravager": 3.552043798072079,
    "Emrakul, the World Anew": 1.5364824968367776,
    "Glaring Fleshraker": 3.181108090515756,
    "Herigast, Erupting Nullkite": 1.7029379760609358,
    "It That Heralds the End": 3.5569590247206233,
    "Kozilek, the Broken Reality": 1.3608695652173912,
    "Kozilek's Command": 2.3795422216474846,
    "Null Elemental Blast": 7.448245416290953,
    "Nulldrifter": 1.5518360722256035,
    "Twisted Riddlekeeper": 3.7223899371069185,
    "Ulamog, the Defiler": 1.411685393258427,
    "Warped Tusker": 4.758220629888766,
    "Wastescape Battlemage": 3.446587072296286,
    "Aerie Auxiliary": 4.892270385555545,
    "Ajani Fells the Godsire": 4.093194098718961,
    "Argent Dais": 5.668516246065198,
    "Charitable Levy": 8.137139299838875,
    "Dog Umbra": 5.410750967053488,
    "Envoy of the Ancestors": 4.24545265100771,
    "Essence Reliquary": 7.688975639052588,
    "Expel the Unworthy": 6.090832044235263,
    "Flare of Fortitude": 5.225120499007655,
    "Glyph Elemental": 2.859510689883183,
    "Guardian of the Forgotten": 5.159400715339786,
    "Guide of Souls": 1.76659490491568,
    "Hexgold Slith": 5.2186738584581045,
    "Indebted Spirit": 5.323452113176276,
    "Inspired Inventor": 5.71106632622563,
    "Jolted Awake": 7.61357771260997,
    "Mandibular Kite": 6.191361786140834,
    "Metastatic Evangel": 3.6952587521605045,
    "Muster the Departed": 6.173583677013241,
    "Nyxborn Unicorn": 5.94429780876494,
    "Ocelot Pride": 1.7173750932140195,
    "Pearl-Ear, Imperial Advisor": 3.1640974639482846,
    "Phelia, Exuberant Shepherd": 2.026052104208417,
    "Proud Pack-Rhino": 4.334606245756959,
    "Rosecot Knight": 7.805064552465124,
    "Solstice Zealot": 6.859484148307361,
    "Static Prison": 5.154646803472771,
    "Thraben Charm": 5.963099295238726,
    "Voltstorm Angel": 3.6612683675962443,
    "White Orchid Phantom": 3.752240177682469,
    "Wing It": 7.499270875316015,
    "Wrath of the Skies": 2.823771899690828,
    "Aether Spike": 6.309439974508086,
    "Amphibian Downpour": 3.252960073428178,
    "Bespoke Battlewagon": 5.0490783527141625,
    "Brainsurge": 5.452070516940593,
    "Consign to Memory": 7.663919105827819,
    "Copycrook": 4.846122354988102,
    "Corrupted Shapeshifter": 6.4507277555812985,
    "Deem Inferior": 6.471901069477334,
    "Depth Defiler": 3.1774180906098133,
    "Dreamtide Whale": 3.616563389716965,
    "Electrozoa": 7.546016013881639,
    "Emrakul's Messenger": 3.6465195930291125,
    "Flare of Denial": 4.090831798214539,
    "Harbinger of the Seas": 5.882013038324772,
    "Hope-Ender Coatl": 3.4098796033994336,
    "Kozilek's Unsealing": 4.220680407870529,
    "Petrifying Meddler": 5.156700494871979,
    "Roil Cartographer": 4.511056511056511,
    "Sage of the Unknowable": 6.475862068965517,
    "Serum Visionary": 5.331967501406866,
    "Shadow of the Second Sun": 4.2605076987099455,
    "Strix Serenade": 5.557764952780692,
    "Tamiyo Meets the Story Circle": 6.784759912372457,
    "Tempest Harvester": 6.479692266670849,
    "Triton Wavebreaker": 6.862213816444356,
    "Tune the Narrative": 6.057018962100672,
    "Ugin's Binding": 2.135479951397327,
    "Unfathomable Truths": 5.58287765156004,
    "Utter Insignificance": 6.083952050432497,
    "Volatile Stormdrake": 3.6971192105682,
    "Accursed Marauder": 5.91805957018977,
    "Arcbound Condor": 4.715299022660205,
    "Breathe Your Last": 3.9459734232779553,
    "Chthonian Nightmare": 3.2717958447965088,
    "Consuming Corruption": 5.752358652985332,
    "Crabomination": 1.8829414707353678,
    "The Creation of Avacyn": 7.2833519028909866,
    "Dreadmobile": 6.68014750332487,
    "Dreamdrinker Vampire": 6.2420675988992915,
    "Drossclaw": 7.04503348683055,
    "Emperor of Bones": 2.1002297530155083,
    "Etched Slith": 4.372580277841038,
    "Etherium Pteramander": 5.036636241814366,
    "Eviscerator's Insight": 7.080042953907154,
    "Fetid Gargantua": 6.506691560631972,
    "Flare of Malice": 3.0544597325122678,
    "Gravedig": 6.844766217833179,
    "Grim Servant": 5.979938002095704,
    "Kami of Jealous Thirst": 7.343400817013096,
    "Lethal Throwdown": 5.1964932618461095,
    "Marionette Apprentice": 3.613483758819319,
    "Mindless Conscription": 6.391913274033527,
    "Necrodominance": 4.628178243774574,
    "Nethergoyf": 2.561977549558156,
    "Quest for the Necropolis": 6.487595439591136,
    "Refurbished Familiar": 5.394361225505725,
    "Retrofitted Transmogrant": 6.47247271945813,
    "Ripples of Undeath": 6.076814003520438,
    "Scurrilous Sentry": 6.8956170526445115,
    "Shilgengar, Sire of Famine": 2.156002875629044,
    "Warren Soultrader": 3.654794955183628,
    "Wither and Bloom": 3.992730106663875,
    "Wurmcoil Larva": 3.411833455076698,
    "Aether Revolt": 3.4024903863761216,
    "Amped Raptor": 3.3309814462239147,
    "Ashling, Flame Dancer": 2.781164695177434,
    "Detective's Phoenix": 2.0184895017235975,
    "Eldrazi Linebreaker": 2.0963029218843174,
    "Fanged Flames": 3.5323668370979227,
    "Flare of Duplication": 5.699363759330695,
    "Frogmyr Enforcer": 6.686076661775643,
    "Furnace Hellkite": 5.658044964409049,
    "Galvanic Discharge": 3.2503360607831677,
    "Ghostfire Slice": 2.988245377739684,
    "Glimpse the Impossible": 6.177309935866448,
    "Infernal Captor": 7.79359817831999,
    "Inventor's Axe": 7.63509782033958,
    "Mogg Mob": 7.594350112130863,
    "Molten Gatekeeper": 5.666429969344811,
    "Party Thrasher": 3.1775587989216323,
    "Phyrexian Ironworks": 4.843071251102027,
    "Powerbalance": 6.119678792569659,
    "Ral and the Implicit Maze": 4.561989586187996,
    "Reckless Pyrosurfer": 4.658745048988951,
    "Reiterating Bolt": 3.4038503136491456,
    "Sarpadian Simulacrum": 7.154309448071038,
    "Siege Smash": 7.736539862783433,
    "Skittering Precursor": 4.471406902791452,
    "Skoa, Embermage": 6.244103585657371,
    "Smelted Chargebug": 5.893791615083481,
    "Spawn-Gang Commander": 2.8698290371157764,
    "Thriving Skyclaw": 6.564364151611761,
    "Unstable Amulet": 5.264451491999424,
    "Voidpouncer": 5.650329354162986,
    "Wheel of Potential": 6.102195665575947,
    "Basking Broodscale": 3.6481891823168295,
    "Birthing Ritual": 4.072964669738863,
    "Collective Resistance": 5.635723012479274,
    "Colossal Dreadmask": 5.725914799516001,
    "Eladamri, Korvecdal": 1.6325229174970108,
    "Eldrazi Repurposer": 3.366961636073102,
    "Evolution Witness": 4.532389545121783,
    "Fanatic of Rhonas": 1.7991846862814604,
    "Fangs of Kalonia": 5.0272264569076786,
    "Flare of Cultivation": 4.149286956521739,
    "Fowl Strike": 7.147508271526142,