{
    "Another Round": 6.5376500315855965,
    "Archangel of Tithes": 2.240625,
    "Armored Armadillo": 8.013212605939424,
    "Aven Interrupter": 2.631843137254902,
    "Bounding Felidar": 3.91313634745461,
    "Bovine Intervention": 6.556726367853522,
    "Bridled Bighorn": 5.718666040639591,
    "Claim Jumper": 2.8985849056603774,
    "Dust Animus": 1.460639606396064,
    "Eriette's Lullaby": 5.754343042071198,
    "Final Showdown": 1.722635494155154,
    "Fortune, Loyal Steed": 2.0337599293909974,
    "Frontier Seeker": 3.782962789609174,
    "Getaway Glamer": 3.4628410632631526,
    "High Noon": 6.017180464149637,
    "Holy Cow": 4.679789754219722,
    "Inventive Wingsmith": 7.8872201853665205,
    "Lassoed by the Law": 2.2773819386909695,
    "Mystical Tether": 3.1455900621118014,
    "Nurturing Pixie": 5.5721428804862905,
    "Omenport Vigilante": 4.8967912669533575,
    "One Last Job": 3.5873922293136267,
    "Outlaw Medic": 6.001005795898867,
    "Prairie Dog": 2.9785534062237176,
    "Prosperity Tycoon": 3.8349005424954794,
    "Requisition Raid": 5.675403961644381,
    "Rustler Rampage": 7.236318835596814,
    "Shepherd of the Clouds": 2.423513849984438,
    "Sheriff of Safe Passage": 5.865088680229525,
    "Stagecoach Security": 6.531957390146472,
    "Steer Clear": 6.629577703111025,
    "Sterling Keykeeper": 5.788797894494768,
    "Sterling Supplier": 6.243879741416748,
    "Take Up the Shield": 5.176695346216223,
    "Thunder Lasso": 6.035154879254793,
    "Trained Arynx": 3.833280353035771,
    "Vengeful Townsfolk": 6.400659612814634,
    "Wanted Griffin": 6.581949232215607,
    "Archmage's Newt": 4.3132157789492815,
    "Canyon Crab": 4.949602987563902,
    "Daring Thunder-Thief": 8.261188297752174,
    "Deepmuck Desperado": 4.6171351544225505,
    "Djinn of Fool's Fall": 7.558641367893403,
    "Double Down": 3.4509443861490032,
    "Duelist of the Mind": 2.700854700854701,
    "Emergent Haunting": 5.662787983862901,
    "Failed Fording": 7.351388888888889,
    "Fblthp, Lost on the Range": 4.07361963190184,
    "Fleeting Reflection": 7.936446609552607,
    "Geralf, the Fleshwright": 1.7646443514644352,
    "Geyser Drake": 6.846380697050939,
    "Harrier Strix": 7.860996494454342,
    "Jailbreak Scheme": 7.181465870506966,
    "The Key to the Vault": 5.575419847328244,
    "Loan Shark": 5.642377603821149,
    "Marauding Sphinx": 3.24833715275837,
    "Metamorphic Blast": 5.114058542077118,
    "Nimble Brigand": 3.9988724008840375,
    "Outlaw Stitcher": 4.001328962523257,
    "Peerless Ropemaster": 8.048764717892874,
    "Phantom Interference": 5.955309342542784,
    "Plan the Heist": 5.517164303586322,
    "Razzle-Dazzler": 7.411820724956848,
    "Seize the Secrets": 7.321012676023337,
    "Shackle Slinger": 6.79624584618148,
    "Shifting Grift": 8.01459935052319,
    "Slickshot Lockpicker": 3.6839214937204527,
    "Slickshot Vault-Buster": 8.486272480851207,
    "Spring Splasher": 7.762379879534691,
    "Step Between Worlds": 6.550393549625648,
    "Stoic Sphinx": 1.99090702432371,
    "Stop Cold": 6.510779313573312,
    "Take the Fall": 6.932340094537187,
    "This Town Ain't Big Enough": 5.307201242991286,
    "Three Steps Ahead": 2.6312228129531174,
    "Visage Bandit": 4.854008127077946,
    "Ambush Gigapede": 5.81176605885585,
    "Binding Negotiation": 5.351114358786993,
    "Blacksnag Buzzard": 7.239019359677495,
    "Blood Hustler": 2.6479655603388417,
    "Boneyard Desecrator": 7.261698379551314,
    "Caustic Bronco": 1.7564039408866996,
    "Consuming Ashes": 3.127111213659437,
    "Corrupted Conviction": 7.875953112552635,
    "Desert's Due": 3.4338589484952036,
    "Desperate Bloodseeker": 4.493977196101269,
    "Fake Your Own Death": 7.0697549903974855,
    "Forsaken Miner": 4.5788781939773475,
    "Gisa, the Hellraiser": 1.2513368983957218,
    "Hollow Marauder": 2.6099310932727144,
    "Insatiable Avarice": 4.3691713418559734,
    "Kaervek, the Punisher": 2.40946873870618,
    "Lively Dirge": 4.821040301621582,
    "Mourner's Surprise": 5.425466043951682,
    "Neutralize the Guards": 7.5750911672187735,
    "Nezumi Linkbreaker": 6.874004957338291,
    "Overzealous Muscle": 7.4473723490980905,
    "Pitiless Carnage": 6.352990192936351,
    "Rakish Crew": 5.495998595998596,
    "Rattleback Apothecary": 3.725254221475884,
    "Raven of Fell Omens": 5.069013563852475,
    "Rictus Robber": 3.854901089130918,
    "Rooftop Assassin": 5.610494919105969,
    "Rush of Dread": 2.0819031066695635,
    "Servant of the Stinger": 3.4923129651390523,
    "Shoot the Sheriff": 2.766787423987579,
    "Skulduggery": 6.579428007652233,
    "Tinybones Joins Up": 5.577526771307027,
    "Tinybones, the Pickpocket": 2.1635455680399502,
    "Treasure Dredger": 4.548980049316297,
    "Unfortunate Accident": 2.8231596152637204,
    "Unscrupulous Contractor": 4.275801938440326,
    "Vadmir, New Blood": 1.7785912648321132,
    "Vault Plunderer": 3.8401206905786363,
    "Brimstone Roundup": 6.975014145745853,
    "Calamity, Galloping Inferno": 1.6290726817042607,
    "Caught in the Crossfire": 7.165805065055762,
    "Cunning Coyote": 4.51340310469595,
    "Deadeye Duelist": 5.966014391468654,
    "Demonic Ruckus": 5.905780291715657,
    "Discerning Peddler": 6.563101005428829,
    "Explosive Derailment": 4.259278316292657,
    "Ferocification": 6.858088212973924,
    "Gila Courser": 4.409474522292993,
    "Great Train Heist": 3.177638592750533,
    "Hell to Pay": 3.2009132420091326,
    "Hellspur Brute": 4.48996,
    "Hellspur Posse Boss": 2.005711674663011,
    "Highway Robbery": 7.4796676464461775,
    "Irascible Wolverine": 6.226049811396168,
    "Iron-Fist Pulverizer": 7.352037439178753,
    "Longhorn Sharpshooter": 3.1698702152127485,
    "Magda, the Hoardmaster": 1.9412458706937235,
    "Magebane Lizard": 7.893395198032255,
    "Mine Raider": 6.441912098426211,
    "Outlaws' Fury": 8.43391495849568,
    "Prickly Pair": 5.2474648688390415,
    "Quick Draw": 8.618492435219194,
    "Quilled Charger": 7.065497697484945,
    "Reckless Lackey": 7.1409564647727946,
    "Resilient Roadrunner": 5.393033302717964,
    "Return the Favor": 7.425344509163233,
    "Rodeo Pyromancers": 8.054926745188164,
    "Scalestorm Summoner": 3.875660394846603,
    "Scorching Shot": 4.00414601171699,
    "Slickshot Show-Off": 3.0084261639531564,
    "Stingerback Terror": 1.73996373996374,
    "Take for a Ride": 6.909614649775139,
    "Terror of the Peaks": 1.3127629733520336,
    "Thunder Salvo": 5.39698717513741,
    "Trick Shot": 7.375145369121273,
    "Aloe Alchemist": 2.8692462864478268,
    "Ankle Biter": 5.985674150193627,
    "Beastbond Outcaster": 2.95462415666607,
    "Betrayal at the Vault": 4.393886018475027,
    "Bristlepack Sentry": 5.347750451503241,
    "Bristly Bill, Spine Sower": 1.236842105263158,
    "Cactarantula": 3.2908888508306218,
    "Colossal Rattlewurm": 1.4497667185069985,
    "Dance of the Tumbleweeds": 3.598209332134453,
    "Drover Grizzly": 4.632429883126262,
    "Freestrider Commando": 5.063635101360733,
    "Freestrider Lookout": 1.8367052023121386,
    "Full Steam Ahead": 6.5816922489948055,
    "Giant Beaver": 3.7968926401806353,
    "Gold Rush": 5.897652553309163,
    "Goldvein Hydra": 1.3004926108374384,
    "Hardbristle Bandit": 3.3141013554563927,
    "Intrepid Stablemaster": 3.0090602857474735,
    "Map the Frontier": 6.273462536242942,
    "Ornery Tumblewagg": 1.3433233433233434,
    "Outcaster Greenblade": 2.188483952335392,
    "Outcaster Trailblazer": 1.6105026677899466,
    "Patient Naturalist": 4.386378695611018,
    "Railway Brawler": 1.176289453425712,
    "Rambling Possum": 3.4732025507472133,
    "Raucous Entertainer": 4.052627136526693,
    "Reach for the Sky": 7.371673730285555,
    "Rise of the Varmints": 5.700561167227834,
    "Smuggler's Surprise": 2.9183615417437063,
    "Snakeskin Veil": 4.572429871399564,
    "Spinewoods Armadillo": 2.080895008605852,
    "Spinewoods Paladin": 3.4096279386439186,