{
    "Banishing Light": 3.13988755098791,
    "Beza, the Bounding Spring": 1.4334992887624467,
    "Brave-Kin Duo": 5.866047579298831,
    "Brightblade Stoat": 2.8872356824503203,
    "Builder's Talent": 5.628216811256106,
    "Caretaker's Talent": 2.7791069308738927,
    "Carrot Cake": 4.895094674795107,
    "Crumb and Get It": 5.273610761322055,
    "Dawn's Truce": 4.099642365887208,
    "Dewdrop Cure": 5.626790741039571,
    "Driftgloom Coyote": 2.936357823175041,
    "Essence Channeler": 2.196525885558583,
    "Feather of Flight": 4.566720140002917,
    "Flowerfoot Swordmaster": 4.2474322198575,
    "Harvestrite Host": 3.57694881231181,
    "Hop to It": 3.6614645858343335,
    "Intrepid Rabbit": 4.004069303216,
    "Jackdaw Savior": 2.021912832929782,
    "Jolly Gerbils": 4.642020589338557,
    "Lifecreed Duo": 4.6491250094152505,
    "Mabel's Mettle": 4.457170640960595,
    "Mouse Trapper": 4.581481949002777,
    "Nettle Guard": 5.140999428726059,
    "Parting Gust": 4.012661251791687,
    "Pileated Provisioner": 6.098562669480771,
    "Rabbit Response": 6.1546634551050445,
    "Repel Calamity": 3.7290292899861983,
    "Salvation Swan": 1.8928133096958952,
    "Season of the Burrow": 1.4953560371517027,
    "Seasoned Warrenguard": 4.964443745206395,
    "Shrike Force": 3.6754167769251125,
    "Sonar Strike": 4.464569491061032,
    "Star Charter": 4.0247586459733595,
    "Starfall Invocation": 2.0240717029449424,
    "Thistledown Players": 5.893003633760943,
    "Valley Questcaller": 1.626011102299762,
    "Warren Elder": 4.743987050909771,
    "Warren Warleader": 1.3552283880709701,
    "Wax-Wane Witness": 5.978568487510294,
    "Whiskervale Forerunner": 1.8920651883515895,
    "Azure Beastbinder": 2.847427407030056,
    "Bellowing Crier": 6.81778200943054,
    "Calamitous Tide": 5.888446008006516,
    "Daring Waverider": 5.188227772072928,
    "Dazzling Denial": 6.4204281263609255,
    "Dire Downdraft": 6.296849962610832,
    "Dour Port-Mage": 2.700881380829967,
    "Eddymurk Crab": 4.9172650955800545,
    "Eluge, the Shoreless Sea": 3.2008955223880595,
    "Finch Formation": 6.704356259071472,
    "Gossip's Talent": 5.916146122317481,
    "Into the Flood Maw": 5.680238909052468,
    "Kitnap": 2.720598717034925,
    "Kitsa, Otterball Elite": 2.2766674152256905,
    "Knightfisher": 4.902740231014992,
    "Lightshell Duo": 6.926429153643243,
    "Long River Lurker": 4.4236762196068,
    "Long River's Pull": 6.093604354482054,
    "Mind Spiral": 7.303834881991614,
    "Mindwhisker": 4.954507059249427,
    "Mockingbird": 2.586834605130091,
    "Nightwhorl Hermit": 7.699775250540381,
    "Otterball Antics": 5.603105198799422,
    "Pearl of Wisdom": 6.758783474104629,
    "Plumecreed Escort": 4.239198482875226,
    "Portent of Calamity": 4.9071089602029785,
    "Run Away Together": 6.839563200618477,
    "Season of Weaving": 2.030476686637145,
    "Shore Up": 6.636191826128042,
    "Shoreline Looter": 4.1311800707659945,
    "Skyskipper Duo": 6.666067173828856,
    "Spellgyre": 5.778194369010285,
    "Splash Lasher": 4.254834649273373,
    "Splash Portal": 5.508111959659444,
    "Stormchaser's Talent": 3.1754715504422006,
    "Sugar Coat": 4.79247924995434,
    "Thought Shucker": 7.4695911578763425,
    "Thundertrap Trainer": 3.273250791822632,
    "Valley Floodcaller": 2.758167009755661,
    "Waterspout Warden": 7.355753182373016,
    "Wishing Well": 5.476557961994855,
    "Agate-Blade Assassin": 5.630927253802117,
    "Bandit's Talent": 4.696727886848216,
    "Bonebind Orator": 5.4951502977258055,
    "Bonecache Overseer": 5.377409764905433,
    "Coiling Rebirth": 3.2531362653208364,
    "Consumed by Greed": 3.3346069402070087,
    "Cruelclaw's Heist": 3.3902139839171324,
    "Daggerfang Duo": 5.548017818660418,
    "Darkstar Augur": 2.158895635238859,
    "Diresight": 6.6072537324968765,
    "Downwind Ambusher": 3.766848861698927,
    "Early Winter": 5.659995192579605,
    "Feed the Cycle": 2.724926623237168,
    "Fell": 2.3617989727314486,
    "Glidedive Duo": 5.4826459572433475,
    "Hazel's Nocturne": 4.8186543977055445,
    "Huskburster Swarm": 4.367265075294273,
    "Iridescent Vinelasher": 2.1058213812221287,
    "Maha, Its Feathers Night": 1.3319247022666154,
    "Moonstone Harbinger": 4.0627079174983365,
    "Nocturnal Hunger": 3.5786955209725395,
    "Osteomancer Adept": 2.085679758308157,
    "Persistent Marshstalker": 4.72100667486741,
    "Psychic Whorl": 7.256331561743644,
    "Ravine Raider": 6.624449021356981,
    "Rottenmouth Viper": 1.372962962962963,
    "Ruthless Negotiation": 5.758678952777439,
    "Savor": 3.9060618147503186,
    "Scales of Shale": 6.46300280758836,
    "Scavenger's Talent": 3.298930004458315,
    "Season of Loss": 1.6210592686002523,
    "Sinister Monolith": 4.810909607847119,
    "Stargaze": 6.334098143450371,
    "Starlit Soothsayer": 6.1485708889023805,
    "Starscape Cleric": 3.8752544928993338,
    "Thornplate Intimidator": 5.908254646413337,
    "Thought-Stalker Warlock": 3.0936632163595053,
    "Valley Rotcaller": 1.994279176201373,
    "Wick, the Whorled Mind": 2.9618320610687023,
    "Wick's Patrol": 3.590295612261625,
    "Agate Assault": 4.439937962465558,
    "Alania's Pathmaker": 6.293995721226581,
    "Artist's Talent": 4.841533546325879,
    "Blacksmith's Talent": 4.899030595549738,
    "Blooming Blast": 3.9784579954900927,
    "Brambleguard Captain": 4.1570015132115,
    "Brazen Collector": 3.8892479435957696,
    "Byway Barterer": 2.510308226168606,
    "Coruscation Mage": 4.392587939698492,
    "Conduct Electricity": 6.456509767929723,
    "Emberheart Challenger": 2.1335840815336082,
    "Festival of Embers": 5.290189402000426,
    "Flamecache Gecko": 4.721899224806202,
    "Dragonhawk, Fate's Tempest": 1.4672395273899033,
    "Frilled Sparkshooter": 6.56653300026295,
    "Harnesser of Storms": 5.528226699136595,
    "Heartfire Hero": 3.824301108855224,
    "Hearthborn Battler": 2.51266139525573,
    "Hired Claw": 2.506561153961735,
    "Hoarder's Overflow": 6.938267961165049,
    "Kindlespark Duo": 6.307332812553069,
    "Manifold Mouse": 2.3476254782804413,
    "Might of the Meek": 6.5120540337315065,
    "Playful Shove": 5.054204321825026,
    "Quaketusk Boar": 3.5679071757031333,
    "Rabid Gnaw": 3.2498147654189267,
    "Raccoon Rallier": 6.236575692390428,
    "Reptilian Recruiter": 5.45103430694151,
    "Roughshod Duo": 5.858843680089485,
    "Sazacap's Brew": 6.896414317268948,
    "Season of the Bold": 2.313250382012661,
    "Steampath Charger": 6.090761196478373,
    "Stormsplitter": 3.4610574189880614,
    "Sunspine Lynx": 3.006355080041831,
    "Take Out the Trash": 3.9083746861469724,
    "Teapot Slinger": 4.4397817416838325,
    "Valley Flamecaller": 2.140605077083575,
    "War Squeak": 7.2128401296449836,
    "Whiskerquill Scribe": 6.752325902874668,
    "Wildfire Howl": 5.802433269948588,
    "Bakersbane Duo": 4.325013272064263,
    "Valley Rally": 5.985270600117835,
    "Bark-Knuckle Boxer": 4.04111006368841,
    "Brambleguard Veteran": 3.921751896256423,
    "Bushy Bodyguard": 3.6575043630017454,
    "Cache Grab": 5.861922375035834,
    "Clifftop Lookout": 3.9452183553456086,
    "Curious Forager": 3.972613641683442,
    "Druid of the Spade": 6.256605566959954,
    "Fecund Greenshell": 1.6627853531484602,
    "For the Common Good": 4.570034843205575,
    "Galewind Moose": 2.8470028351559336,
    "Hazardroot Herbalist": 5.10222978080121,
    "Heaped Harvest": 5.541224719669018,
    "High Stride": 6.884929664223667,
    "Hivespine Wolverine": 3.1155124569267834,
    "Honored Dreyleader": 4.54344439636521,
    "Hunter's Talent": 2.282162306936881,
    "Innkeeper's Talent": 1.4916909371252356,
    "Keen-Eyed Curator": 1.9526127049180328,
    "Longstalk Brawl": 4.072501603004488,
    "Lumra, Bellow of the Woods": 1.4667774086378738,
    "Mistbreath Elder": 2.4525888324873097,
    "Overprotect": 3.669818218490785,
    "Pawpatch Formation": 4.862606124924197,