{
    "Putrid Warrior": 6.929411764705883,
    "Krosan Tusker": 4.487244897959184,
    "Mass Hysteria": 5.702355460385439,
    "Spell Snare": 7.026696832579185,
    "Ghost Quarter": 7.443075615972813,
    "Enlisted Wurm": 3.1818181818181817,
    "Kuldotha Rebirth": 6.324734446130501,
    "Molten Psyche": 5.867903930131004,
    "Leonin Relic-Warder": 3.916972814107274,
    "Gnaw to the Bone": 7.865219357756671,
    "Stromkirk Captain": 6.599901816396661,
    "Burden of Guilt": 6.972640218878249,
    "Ixidor, Reality Sculptor": 4.465924895688456,
    "Duskmantle, House of Shadow": 7.6696191319752,
    "Worldspine Wurm": 3.977029096477795,
    "Possibility Storm": 5.720272904483431,
    "Millstone": 7.712840809146877,
    "Nyx Weaver": 5.121403912543153,
    "Evolutionary Leap": 5.246543778801843,
    "Shard of Broken Glass": 7.904619332763045,
    "Metalspinner's Puzzleknot": 6.939981096408317,
    "Smuggler's Copter": null,
    "Consign // Oblivion": 5.381502890173411,
    "Bishop of the Bloodstained": 7.1216089803554725,
    "Goblin Warchief": 6.7439143135345665,
    "High Alert": 6.790926099158091,
    "Jace, Wielder of Mysteries": null,
    "Syr Konrad, the Grim": 3.190127970749543,
    "Ranger-Captain of Eos": null,
    "Hard Evidence": 4.529696969696969,
    "Combine Chrysalis": 5.338345864661654,
    "Quintorius, Field Historian": 5.349046015712682,
    "Laid to Rest": 7.431355181576617,
    "Monologue Tax": 5.398428731762065,
    "Magmaw": 4.792652552926525,
    "Mistveil Plains": 6.835940992400537,
    "Mentor of the Meek": 2.419838523644752,
    "Ghostly Prison": null,
    "Fabricate": 5.350054525627045,
    "Show and Tell": 4.590738423028786,
    "Tragic Slip": null,
    "Victimize": null,
    "Gamble": 4.77370417193426,
    "Crashing Footfalls": null,
    "Tireless Tracker": null,
    "Drown in the Loch": 3.860215053763441,
    "Field of the Dead": 4.641318124207858,
    "Case of the Shattered Pact": 5.993820384599748,
    "Absolving Lammasu": 5.949688586912561,
    "Assemble the Players": 3.9240611961057024,
    "Aurelia's Vindicator": 1.1453175457481162,
    "Auspicious Arrival": 4.855850377740925,
    "Call a Surprise Witness": 5.229014147765551,
    "Case of the Gateway Express": 2.449308300395257,
    "Case of the Pilfered Proof": 5.294852906230693,
    "Case of the Uneaten Feast": 5.444656105875276,
    "Defenestrated Phantom": 6.579581610538127,
    "Delney, Streetwise Lookout": 1.734396671289875,
    "Doorkeeper Thrull": 4.462388094407627,
    "Due Diligence": 6.640732265446224,
    "Essence of Antiquity": 6.150719525393835,
    "Forum Familiar": 5.688628272251309,
    "Griffnaut Tracker": 5.8616516682369,
    "Haazda Vigilante": 5.5227634295772265,
    "Inside Source": 3.0672921287692585,
    "Karlov Watchdog": 3.567737385394627,
    "Krovod Haunch": 5.698091571791301,
    "Make Your Move": 5.5462597591748946,
    "Makeshift Binding": 2.545739208230821,
    "Marketwatch Phantom": 3.1479398034041814,
    "Museum Nightwatch": 4.4708935636776745,
    "Neighborhood Guardian": 2.477679897060279,
    "No Witnesses": 2.5243014792204743,
    "Not on My Watch": 3.4497410005901252,
    "Novice Inspector": 2.507064793130367,
    "On the Job": 5.072346501665874,
    "Perimeter Enforcer": 2.6385955160274226,
    "Sanctuary Wall": 6.713606812911075,
    "Seasoned Consultant": 4.173437765325183,
    "Tenth District Hero": 1.432937181663837,
    "Unyielding Gatekeeper": 1.7019566736547869,
    "Wrench": 6.66426184690158,
    "Agency Outfitter": 6.560328317373461,
    "Behind the Mask": 8.383220669110907,
    "Benthic Criminologists": 7.542794321636219,
    "Bubble Smuggler": 6.1614967134058025,
    "Burden of Proof": 5.922071940036012,
    "Candlestick": 6.994290899466899,
    "Case of the Filched Falcon": 4.935323142414861,
    "Case of the Ransacked Lab": 6.284923928077455,
    "Cold Case Cracker": 4.230310237190241,
    "Conspiracy Unraveler": 3.6884762746831714,
    "Coveted Falcon": 3.490169593276302,
    "Crimestopper Sprite": 4.943870287858899,
    "Cryptic Coat": 1.444398511781728,
    "Curious Inquiry": 6.260387244668222,
    "Deduce": 5.554858504310862,
    "Dramatic Accusation": 5.434388038942976,
    "Eliminate the Impossible": 5.384340395849682,
    "Exit Specialist": 3.046176379895159,
    "Fae Flight": 6.006732071754033,
    "Forensic Gadgeteer": 2.9627616747181964,
    "Forensic Researcher": 4.511909048819383,
    "Furtive Courier": 4.876416312090644,
    "Hotshot Investigators": 6.871461871461872,
    "Intrude on the Mind": 2.092446448703495,
    "Jaded Analyst": 6.378279767759129,
    "Living Conundrum": 7.437097953216374,
    "Lost in the Maze": 3.0261584454409567,
    "Mistway Spy": 4.671363815530154,
    "Out Cold": 4.983249022550818,
    "Proft's Eidetic Memory": 2.2641065830721003,
    "Projektor Inspector": 4.307036661415964,
    "Reasonable Doubt": 6.284333518798188,
    "Reenact the Crime": 5.614255963650132,
    "Steamcore Scholar": 1.8728760226557584,
    "Unauthorized Exit": 6.084125811218916,
    "Agency Coroner": 8.139020878329733,
    "Alley Assailant": 6.7027973111118,
    "Barbed Servitor": 3.0460871136815473,
    "Basilica Stalker": 6.384003734536684,
    "Case of the Stashed Skeleton": 2.6187624750499,
    "Cerebral Confiscation": 7.962931313905178,
    "Deadly Cover-Up": 2.3016496465043206,
    "Extract a Confession": 4.416500346645938,
    "Festerleech": 5.919710759256951,
    "Homicide Investigator": 2.0325342465753424,
    "Hunted Bonebrute": 2.1127222982216143,
    "Illicit Masquerade": 4.682393162393162,
    "It Doesn't Add Up": 6.8611539054074875,
    "Lead Pipe": 7.297553651212188,
    "Leering Onlooker": 3.5490579568420366,
    "Long Goodbye": 3.1049056603773586,
    "Macabre Reconstruction": 7.18193729104545,
    "Massacre Girl, Known Killer": 1.5827922077922079,
    "Murder": 4.179352739106852,
    "Nightdrinker Moroii": 4.761000394632991,
    "Outrageous Robbery": 2.6966072205306655,
    "Persuasive Interrogators": 6.079945575987466,
    "Polygraph Orb": 7.078157659002687,
    "Presumed Dead": 6.201810176125244,
    "Repeat Offender": 6.428634948866163,
    "Rot Farm Mortipede": 7.3573983447821725,
    "Slice from the Shadows": 4.493648509763617,
    "Slimy Dualleech": 5.033257854514577,
    "Snarling Gorehound": 5.591084830566295,
    "Soul Enervation": 3.9265696415684386,
    "Toxin Analysis": 6.931369261720417,
    "Undercity Eliminator": 4.323414122453486,
    "Unscrupulous Agent": 5.360334997698219,
    "Vein Ripper": 1.5007923930269413,
    "Anzrag's Rampage": 6.240900179012872,
    "Bolrac-Clan Basher": 4.147845754951178,
    "Case of the Burning Masks": 3.5719783445306894,
    "Case of the Crimson Pulse": 3.2099257380909254,
    "Caught Red-Handed": 7.350677146758183,
    "The Chase Is On": 6.059516509053352,
    "Concealed Weapon": 5.614605498340285,
    "Connecting the Dots": 4.521307310312969,
    "Convenient Target": 6.503744809655012,
    "Cornered Crook": 4.795875788452208,
    "Crime Novelist": 5.502998299471941,
    "Demand Answers": 7.129857235268455,
    "Expedited Inheritance": 5.571510079878281,
    "Expose the Culprit": 7.551667577911427,
    "Felonious Rage": 6.4755525576871795,
    "Frantic Scapegoat": 4.770939268924494,
    "Fugitive Codebreaker": 2.151982965131754,
    "Galvanize": 3.0966034540120377,
    "Gearbane Orangutan": 5.696790015621588,
    "Goblin Maskmaker": 6.44888252604788,
    "Harried Dronesmith": 3.3817936710657017,
    "Incinerator of the Guilty": 1.3265700483091787,
    "Innocent Bystander": 5.739288019462787,
    "Knife": 7.028425710642766,
    "Krenko, Baron of Tin Street": 1.7122175141242937,
    "Krenko's Buzzcrusher": 2.1430536451169186,
    "Lamplight Phoenix": 1.7551563539587491,
    "Offender at Large": 5.463723739049077,
    "Person of Interest": 4.069552874378992,
    "Pyrotechnic Performer": 1.7482233502538072,
    "Reckless Detective": 2.9030122476001323,
    "Red Herring": 4.396532404294766,
    "Rubblebelt Braggart": 7.259685894961851,