{
    "Abuelo's Awakening": 4.48662859959742,
    "Acrobatic Leap": 8.569956348517788,
    "Adaptive Gemguard": 5.644014204004602,
    "Attentive Sunscribe": 5.722167237966494,
    "Bat Colony": 6.551941121984616,
    "Clay-Fired Bricks": 3.0622364674581073,
    "Cosmium Blast": 5.419624574108353,
    "Dauntless Dismantler": 5.816607207486686,
    "Deconstruction Hammer": 6.867514224947012,
    "Dusk Rose Reliquary": 3.256859649122807,
    "Envoy of Okinec Ahau": 6.587407558025696,
    "Fabrication Foundry": 5.075445716770546,
    "Family Reunion": 8.415166625286215,
    "Get Lost": 2.6424362887768864,
    "Glorifier of Suffering": 5.844717705364084,
    "Guardian of the Great Door": 3.244528261793455,
    "Helping Hand": 6.244953015153491,
    "Ironpaw Aspirant": 5.262071843766269,
    "Kinjalli's Dawnrunner": 3.496642440206169,
    "Kutzil's Flanker": 2.174665083940987,
    "Malamet War Scribe": 4.440887247777297,
    "Market Gnome": 4.3636553062367325,
    "Might of the Ancestors": 6.257426460684053,
    "Miner's Guidewing": 4.4673115074369845,
    "Mischievous Pup": 4.699978113904966,
    "Ojer Taq, Deepest Foundation": 1.4953076120959332,
    "Oltec Archaeologists": 7.429293036935996,
    "Oltec Cloud Guard": 3.5256773000462323,
    "Oteclan Landmark": 7.00922295036094,
    "Petrify": 3.524341439012189,
    "Quicksand Whirlpool": 5.200771229412556,
    "Resplendent Angel": 1.3684497816593886,
    "Ruin-Lurker Bat": 3.1482490130135985,
    "Sanguine Evangelist": 1.6295454545454546,
    "Soaring Sandwing": 5.984390514686911,
    "Spring-Loaded Sawblades": 2.602326420198377,
    "Thousand Moons Crackshot": 7.76639489170427,
    "Thousand Moons Infantry": 7.963463974968326,
    "Thousand Moons Smithy": 1.4732616858733654,
    "Tinker's Tote": 4.212121212121212,
    "Unstable Glyphbridge": 1.636309945665013,
    "Vanguard of the Rose": 4.529142496847415,
    "Warden of the Inner Sky": 1.7106960195686014,
    "Akal Pakal, First Among Equals": 1.846909241265247,
    "Ancestral Reminiscence": 8.504417552682646,
    "Brackish Blunder": 6.078603048137358,
    "Braided Net": 2.4367518109035458,
    "Chart a Course": 4.395361563517915,
    "Cogwork Wrestler": 6.083004236949397,
    "Confounding Riddle": 5.247487689119633,
    "Council of Echoes": 5.004226916142282,
    "Didact Echo": 7.641288267563263,
    "Eaten by Piranhas": 4.40110668034863,
    "The Enigma Jewel": 4.387813021702838,
    "The Everflowing Well": 2.641623925449686,
    "Frilled Cave-Wurm": 8.623250420719945,
    "Hermitic Nautilus": 4.644049960537689,
    "Hurl into History": 6.859756039498367,
    "Inverted Iceberg": 5.349712353156957,
    "Kitesail Larcenist": 1.6260663507109006,
    "Lodestone Needle": 3.692781690140845,
    "Malcolm, Alluring Scoundrel": 1.583353264769194,
    "Marauding Brinefang": 6.973673949089849,
    "Merfolk Cave-Diver": 6.174056971767137,
    "Oaken Siren": 4.522175587821824,
    "Ojer Pakpatiq, Deepest Epoch": 1.4009229098805647,
    "Orazca Puzzle-Door": 7.440806036395917,
    "Out of Air": 8.262986618743474,
    "Pirate Hat": 7.887432202404238,
    "Relic's Roar": 9.29947591630766,
    "River Herald Scout": 5.423797036563267,
    "Sage of Days": 7.9802568151015105,
    "Self-Reflection": 7.150596689814384,
    "Shipwreck Sentry": 7.106423291730466,
    "Sinuous Benthisaur": 6.730752007926905,
    "Song of Stupefaction": 8.853907539432713,
    "Spyglass Siren": 2.823798721385853,
    "Staunch Crewmate": 3.7892658871223923,
    "Tishana's Tidebinder": 2.2075314504707158,
    "Unlucky Drop": 7.765676799460583,
    "Waterlogged Hulk": 7.221362193228431,
    "Waterwind Scout": 3.483225164192998,
    "Waylaying Pirates": 6.222840583785389,
    "Zoetic Glyph": 3.106074969388158,
    "Abyssal Gorestalker": 6.402329991872121,
    "Aclazotz, Deepest Betrayal": 1.2353122116271917,
    "Another Chance": 6.627245713764592,
    "Bitter Triumph": 2.6964228235445593,
    "Bloodthorn Flail": 7.902511988426815,
    "Bringer of the Last Gift": 2.6316244239631335,
    "Broodrage Mycoid": 6.401487744877566,
    "Canonized in Blood": 6.156162689018278,
    "Chupacabra Echo": 2.5455902982035385,
    "Corpses of the Lost": 2.1849721059972107,
    "Dead Weight": 4.40350181294847,
    "Deathcap Marionette": 5.441200161095449,
    "Deep Goblin Skulltaker": 6.508344200198708,
    "Deep-Cavern Bat": 2.9408738325154347,
    "Echo of Dusk": 5.966162343900096,
    "Fanatical Offering": 6.604271683011029,
    "Gargantuan Leech": 6.449282766358136,
    "Grasping Shadows": 5.037033760003146,
    "Greedy Freebooter": 6.969044877450614,
    "Join the Dead": 3.3337452816248674,
    "Malicious Eclipse": 6.479978627739581,
    "Mephitic Draught": 7.156783779521206,
    "Preacher of the Schism": 1.5811146609868654,
    "Primordial Gnawer": 7.782655129267046,
    "Queen's Bay Paladin": 3.0439464129209965,
    "Rampaging Spiketail": 5.970614075190122,
    "Ray of Ruin": 6.26676274658009,
    "Screaming Phantom": 6.66945251567518,
    "Skullcap Snail": 5.418705466994758,
    "Soulcoil Viper": 4.444209169582029,
    "Stalactite Stalker": 2.020417590539542,
    "Starving Revenant": 1.865863453815261,
    "Stinging Cave Crawler": 3.70680014017766,
    "Synapse Necromage": 4.809716501383067,
    "Tarrian's Journal": 2.2060547729460147,
    "Terror Tide": 2.1742142176811847,
    "Tithing Blade": 4.834474111729609,
    "Visage of Dread": 4.268974905043142,
    "Vito's Inquisitor": 7.703388436254909,
    "Abrade": 2.687263629006953,
    "Ancestors' Aid": 7.278814682814841,
    "Belligerent Yearling": 3.0470672335302305,
    "Bonehoard Dracosaur": 1.1486129458388374,
    "Brass's Tunnel-Grinder": 2.3464503042596347,
    "Brazen Blademaster": 6.875882477591854,
    "Breeches, Eager Pillager": 1.424076057846813,
    "Burning Sun Cavalry": 6.662556011455429,
    "Calamitous Cave-In": 7.163749241469449,
    "Child of the Volcano": 7.798740043751402,
    "Curator of Sun's Creation": 5.5927282035301715,
    "Daring Discovery": 8.518255946105079,
    "Diamond Pick-Axe": 3.7178080086081007,
    "Dinotomaton": 5.30515049939596,
    "Dire Flail": 2.1193140794223826,
    "Dowsing Device": 5.451529775997086,
    "Dreadmaw's Ire": 3.705118181271426,
    "Enterprising Scallywag": 3.9185981509352827,
    "Etali's Favor": 5.423702474549932,
    "Geological Appraiser": 2.6186535201213528,
    "Goblin Tomb Raider": 5.780906883664659,
    "Goldfury Strider": 6.118228911934682,
    "Hit the Mother Lode": 5.517493711410931,
    "Hotfoot Gnome": 7.380061028211289,
    "Idol of the Deep King": 5.11290133688876,
    "Inti, Seneschal of the Sun": 1.4712509712509712,
    "Magmatic Galleon": 1.557571359458152,
    "Ojer Axonil, Deepest Might": 1.569939393939394,
    "Panicked Altisaur": 5.642468766861744,
    "Plundering Pirate": 4.526725307721179,
    "Poetic Ingenuity": 1.983555600120325,
    "Rampaging Ceratops": 4.558951739792102,
    "Rumbling Rockslide": 4.9801762412997235,
    "Saheeli's Lattice": 4.703490474747573,
    "Scytheclaw Raptor": 2.9288227334235453,
    "Seismic Monstrosaur": 5.642110161396978,
    "Sunfire Torch": 5.715744034990371,
    "Sunshot Militia": 5.829106292451413,
    "Tectonic Hazard": 9.325463999568372,
    "Triumphant Chomp": 3.233324677572925,
    "Trumpeting Carnosaur": 1.3034543069523392,
    "Volatile Wanderglyph": 5.2289878867951955,
    "Zoyowa's Justice": 8.021830045711356,
    "Armored Kincaller": 5.295631395135102,
    "Basking Capybara": 7.542302303444293,
    "Bedrock Tortoise": 1.8215477680433876,
    "Cavern Stomper": 5.758972785109366,
    "Cenote Scout": 3.921955059396021,
    "Coati Scavenger": 4.6134859417765615,
    "Colossadactyl": 3.0921980618805986,
    "Disturbed Slumber": 9.193823440488364,
    "Earthshaker Dreadmaw": 3.386117136659436,
    "Explorer's Cache": 5.509359065738253,
    "Ghalta, Stampede Tyrant": 2.134336190309603,
    "Glimpse the Core": 6.008684554566395,
    "Glowcap Lantern": 6.061110935474693,
    "Growing Rites of Itlimoc": 3.812106996706258,