{
    "Banishing Light": 3.140342968764674,
    "Beza, the Bounding Spring": 1.4350096180269305,
    "Brave-Kin Duo": 5.852774352651048,
    "Brightblade Stoat": 2.863767813875935,
    "Builder's Talent": 5.564196367013269,
    "Caretaker's Talent": 2.7493230725381217,
    "Carrot Cake": 4.7098447933586,
    "Crumb and Get It": 5.181699466723427,
    "Dawn's Truce": 4.162465570486604,
    "Dewdrop Cure": 5.689355273365726,
    "Driftgloom Coyote": 2.9368690790495418,
    "Essence Channeler": 2.208035175446159,
    "Feather of Flight": 4.556765237996125,
    "Flowerfoot Swordmaster": 4.298179059180576,
    "Harvestrite Host": 3.5112113486304506,
    "Hop to It": 3.606061876414857,
    "Intrepid Rabbit": 3.898214489663837,
    "Jackdaw Savior": 2.043877551020408,
    "Jolly Gerbils": 4.6360637450199205,
    "Lifecreed Duo": 4.608989928430325,
    "Mabel's Mettle": 4.461669423095632,
    "Mouse Trapper": 4.613114438399692,
    "Nettle Guard": 5.105025851713873,
    "Parting Gust": 4.001978733240869,
    "Pileated Provisioner": 6.118524324767408,
    "Rabbit Response": 6.119382884858492,
    "Repel Calamity": 3.706996681415929,
    "Salvation Swan": 1.8952114427860696,
    "Season of the Burrow": 1.495619856649854,
    "Seasoned Warrenguard": 4.968623236665254,
    "Shrike Force": 3.696533655783958,
    "Sonar Strike": 4.450998429584267,
    "Star Charter": 4.028475210477081,
    "Starfall Invocation": 2.0451010886469674,
    "Thistledown Players": 5.9004990889645885,
    "Valley Questcaller": 1.613064713064713,
    "Warren Elder": 4.656024042799232,
    "Warren Warleader": 1.3631954350927247,
    "Wax-Wane Witness": 5.973139939489622,
    "Whiskervale Forerunner": 1.9113290428031464,
    "Azure Beastbinder": 2.863188593648736,
    "Bellowing Crier": 6.822501952085624,
    "Calamitous Tide": 5.92037708484409,
    "Daring Waverider": 5.238038506228949,
    "Dazzling Denial": 6.460438698565182,
    "Dire Downdraft": 6.346459146353922,
    "Dour Port-Mage": 2.7128316720482943,
    "Eddymurk Crab": 4.966769002915812,
    "Eluge, the Shoreless Sea": 3.288923487544484,
    "Finch Formation": 6.787073057745855,
    "Gossip's Talent": 5.917803346421682,
    "Into the Flood Maw": 5.692001564881892,
    "Kitnap": 2.7478883708358675,
    "Kitsa, Otterball Elite": 2.315029387069689,
    "Knightfisher": 4.979516806722689,
    "Lightshell Duo": 6.967890043990295,
    "Long River Lurker": 4.408805678428145,
    "Long River's Pull": 6.115975512654841,
    "Mind Spiral": 7.324803498894607,
    "Mindwhisker": 4.92209644906187,
    "Mockingbird": 2.607264630157957,
    "Nightwhorl Hermit": 7.730144519156917,
    "Otterball Antics": 5.686033409391814,
    "Pearl of Wisdom": 6.811253654273114,
    "Plumecreed Escort": 4.285311226444669,
    "Portent of Calamity": 4.983014260943416,
    "Run Away Together": 6.876064276885043,
    "Season of Weaving": 2.063741884713752,
    "Shore Up": 6.651860623315109,
    "Shoreline Looter": 4.068842608143918,
    "Skyskipper Duo": 6.688919681547919,
    "Spellgyre": 5.790223759535588,
    "Splash Lasher": 4.251084158939463,
    "Splash Portal": 5.523036253776435,
    "Stormchaser's Talent": 3.216934341048654,
    "Sugar Coat": 4.790271754391439,
    "Thought Shucker": 7.508220324794911,
    "Thundertrap Trainer": 3.322542418529491,
    "Valley Floodcaller": 2.810591731964334,
    "Waterspout Warden": 7.387454086868125,
    "Wishing Well": 5.548211435545958,
    "Agate-Blade Assassin": 5.601070578023103,
    "Bandit's Talent": 4.684792866673175,
    "Bonebind Orator": 5.429307384087006,
    "Bonecache Overseer": 5.360074155220359,
    "Coiling Rebirth": 3.2667506711225553,
    "Consumed by Greed": 3.3020704025536443,
    "Cruelclaw's Heist": 3.4025627615062763,
    "Daggerfang Duo": 5.469200392101946,
    "Darkstar Augur": 2.1483663631494374,
    "Diresight": 6.62787434410111,
    "Downwind Ambusher": 3.6912146226415095,
    "Early Winter": 5.687724782451149,
    "Feed the Cycle": 2.7064888987443525,
    "Fell": 2.3514827418570734,
    "Glidedive Duo": 5.423327535194331,
    "Hazel's Nocturne": 4.777265365928897,
    "Huskburster Swarm": 4.380564767360064,
    "Iridescent Vinelasher": 2.1069454679439943,
    "Maha, Its Feathers Night": 1.324530516431925,
    "Moonstone Harbinger": 4.0484774174657785,
    "Nocturnal Hunger": 3.5355275377111446,
    "Osteomancer Adept": 2.0896243956861285,
    "Persistent Marshstalker": 4.696362448268351,
    "Psychic Whorl": 7.270556304157056,
    "Ravine Raider": 6.604237125579235,
    "Rottenmouth Viper": 1.3609149957639084,
    "Ruthless Negotiation": 5.691475184751444,
    "Savor": 3.8358734953544786,
    "Scales of Shale": 6.354374606143151,
    "Scavenger's Talent": 3.259140401146132,
    "Season of Loss": 1.6094515181194906,
    "Sinister Monolith": 4.8326196239061625,
    "Stargaze": 6.33923281898742,
    "Starlit Soothsayer": 6.176729852910711,
    "Starscape Cleric": 3.858664553046706,
    "Thornplate Intimidator": 5.923045344280649,
    "Thought-Stalker Warlock": 3.0317777555711003,
    "Valley Rotcaller": 1.9976535001955416,
    "Wick, the Whorled Mind": 3.021530061425824,
    "Wick's Patrol": 3.5093721214198497,
    "Agate Assault": 4.4790323542468675,
    "Alania's Pathmaker": 6.307201817725898,
    "Artist's Talent": 4.894801656901892,
    "Blacksmith's Talent": 4.824066535766167,
    "Blooming Blast": 4.012364085966762,
    "Brambleguard Captain": 4.156323560881661,
    "Brazen Collector": 3.9057237162897116,
    "Byway Barterer": 2.5208719851576995,
    "Coruscation Mage": 4.465129292072913,
    "Conduct Electricity": 6.525649770787148,
    "Emberheart Challenger": 2.1660673121254033,
    "Festival of Embers": 5.390039763981529,
    "Flamecache Gecko": 4.690880473147,
    "Dragonhawk, Fate's Tempest": 1.49673735725938,
    "Frilled Sparkshooter": 6.619527363810925,
    "Harnesser of Storms": 5.6251785264219105,
    "Heartfire Hero": 3.8121052948134486,
    "Hearthborn Battler": 2.535450850519344,
    "Hired Claw": 2.5117873651771956,
    "Hoarder's Overflow": 6.9732874272824406,
    "Kindlespark Duo": 6.396039141865928,
    "Manifold Mouse": 2.3555059651532058,
    "Might of the Meek": 6.546878480448737,
    "Playful Shove": 5.076730462286392,
    "Quaketusk Boar": 3.5843103377349954,
    "Rabid Gnaw": 3.2468156857383734,
    "Raccoon Rallier": 6.249403742582351,
    "Reptilian Recruiter": 5.482964958071861,
    "Roughshod Duo": 5.867408711332461,
    "Sazacap's Brew": 6.945048785955883,
    "Season of the Bold": 2.3675171736997056,
    "Steampath Charger": 6.111954060429659,
    "Stormsplitter": 3.585987924214033,
    "Sunspine Lynx": 3.063326918450806,
    "Take Out the Trash": 3.9197810279856546,
    "Teapot Slinger": 4.440830193756728,
    "Valley Flamecaller": 2.1632850241545896,
    "War Squeak": 7.2536711498755375,
    "Whiskerquill Scribe": 6.7669529636182135,
    "Wildfire Howl": 5.837790117799283,
    "Bakersbane Duo": 4.231314706163925,
    "Valley Rally": 6.018085353574471,
    "Bark-Knuckle Boxer": 4.010823972700128,
    "Brambleguard Veteran": 3.9086746806345856,
    "Bushy Bodyguard": 3.654397696116141,
    "Cache Grab": 5.748325145154086,
    "Clifftop Lookout": 3.944486425714654,
    "Curious Forager": 3.9370494429476444,
    "Druid of the Spade": 6.225949190041452,
    "Fecund Greenshell": 1.6443434585027505,
    "For the Common Good": 4.660515917393574,
    "Galewind Moose": 2.813488934447774,
    "Hazardroot Herbalist": 5.100225322818268,
    "Heaped Harvest": 5.492837473227448,
    "High Stride": 6.863235258564417,
    "Hivespine Wolverine": 3.104072185539394,
    "Honored Dreyleader": 4.534120995499073,
    "Hunter's Talent": 2.2331428974467484,
    "Innkeeper's Talent": 1.4668474576271187,
    "Keen-Eyed Curator": 1.95740065082339,
    "Longstalk Brawl": 4.0152872694069135,
    "Lumra, Bellow of the Woods": 1.4741179500386299,
    "Mistbreath Elder": 2.4463852118743636,
    "Overprotect": 3.6157375499675086,
    "Pawpatch Formation": 4.832523102527044,