{
    "Another Round": 5.8712806823360895,
    "Archangel of Tithes": 1.8465631929046564,
    "Armored Armadillo": 7.695301916255597,
    "Aven Interrupter": 2.2309104258443466,
    "Bounding Felidar": 4.449868470499812,
    "Bovine Intervention": 6.077919746252132,
    "Bridled Bighorn": 6.009284359693313,
    "Claim Jumper": 2.393535812895891,
    "Dust Animus": 1.5340343110127284,
    "Eriette's Lullaby": 5.628843908135461,
    "Final Showdown": 1.6880496637351268,
    "Fortune, Loyal Steed": 2.0211788211788213,
    "Frontier Seeker": 3.788117882884804,
    "Getaway Glamer": 4.58759163239764,
    "High Noon": 5.440518172004318,
    "Holy Cow": 4.7480843173079545,
    "Inventive Wingsmith": 7.2623144076976995,
    "Lassoed by the Law": 2.8290101198092357,
    "Mystical Tether": 3.8891893674559728,
    "Nurturing Pixie": 5.4348550277606416,
    "Omenport Vigilante": 4.59427973743057,
    "One Last Job": 3.404474843496406,
    "Outlaw Medic": 5.842966721737078,
    "Prairie Dog": 3.0475311991318503,
    "Prosperity Tycoon": 4.189447524373925,
    "Requisition Raid": 5.2317503479977985,
    "Rustler Rampage": 6.602111712894579,
    "Shepherd of the Clouds": 3.0148433205057725,
    "Sheriff of Safe Passage": 4.9166895510092,
    "Stagecoach Security": 6.709952565385787,
    "Steer Clear": 6.545552077687943,
    "Sterling Keykeeper": 6.326322570437259,
    "Sterling Supplier": 6.7330584732175,
    "Take Up the Shield": 5.9540094477168015,
    "Thunder Lasso": 5.857710603962184,
    "Trained Arynx": 5.1813929313929314,
    "Vengeful Townsfolk": 6.1920197506029195,
    "Wanted Griffin": 6.534073722442401,
    "Archmage's Newt": 3.3075956596230727,
    "Canyon Crab": 5.14160763577106,
    "Daring Thunder-Thief": 7.490394738213619,
    "Deepmuck Desperado": 5.385246437442803,
    "Djinn of Fool's Fall": 7.060355283636559,
    "Double Down": 3.073758865248227,
    "Duelist of the Mind": 2.4355127996086745,
    "Emergent Haunting": 5.162634675127239,
    "Failed Fording": 7.21941786878609,
    "Fblthp, Lost on the Range": 2.837451792601057,
    "Fleeting Reflection": 7.321615812100241,
    "Geralf, the Fleshwright": 1.6091188524590163,
    "Geyser Drake": 5.861477445331148,
    "Harrier Strix": 7.04062759655124,
    "Jailbreak Scheme": 7.154320399148314,
    "The Key to the Vault": 4.439920195882833,
    "Loan Shark": 5.55629155441311,
    "Marauding Sphinx": 3.534783017979855,
    "Metamorphic Blast": 5.167901475271333,
    "Nimble Brigand": 4.107468049487567,
    "Outlaw Stitcher": 3.5991964074686837,
    "Peerless Ropemaster": 7.788252934181273,
    "Phantom Interference": 5.9241767661134785,
    "Plan the Heist": 5.927199458775775,
    "Razzle-Dazzler": 6.450183010611152,
    "Seize the Secrets": 6.968197076340011,
    "Shackle Slinger": 5.74525612335612,
    "Shifting Grift": 7.256131224121456,
    "Slickshot Lockpicker": 3.9643076419303345,
    "Slickshot Vault-Buster": 7.912980107979389,
    "Spring Splasher": 7.453797856372746,
    "Step Between Worlds": 5.881123781614321,
    "Stoic Sphinx": 1.9058091286307053,
    "Stop Cold": 6.67413240076625,
    "Take the Fall": 6.835402706608855,
    "This Town Ain't Big Enough": 5.346347526772055,
    "Three Steps Ahead": 2.5457378837462987,
    "Visage Bandit": 4.988453122369972,
    "Ambush Gigapede": 7.219493882385288,
    "Binding Negotiation": 6.06606936416185,
    "Blacksnag Buzzard": 6.6237900080208325,
    "Blood Hustler": 3.136671966083731,
    "Boneyard Desecrator": 7.037902852405001,
    "Caustic Bronco": 1.9453449709060682,
    "Consuming Ashes": 4.248575698141403,
    "Corrupted Conviction": 7.738946562991149,
    "Desert's Due": 4.594365192582026,
    "Desperate Bloodseeker": 5.1858404813724235,
    "Fake Your Own Death": 7.374872918216977,
    "Forsaken Miner": 4.385794602698651,
    "Gisa, the Hellraiser": 1.2902208201892744,
    "Hollow Marauder": 3.8729996159262576,
    "Insatiable Avarice": 3.908630430547438,
    "Kaervek, the Punisher": 2.1488415199258575,
    "Lively Dirge": 5.657432515715518,
    "Mourner's Surprise": 6.572262709146605,
    "Neutralize the Guards": 7.016201191264064,
    "Nezumi Linkbreaker": 6.748950903373544,
    "Overzealous Muscle": 7.550675605120816,
    "Pitiless Carnage": 5.751255617234999,
    "Rakish Crew": 4.92079413392363,
    "Rattleback Apothecary": 3.8862881806108898,
    "Raven of Fell Omens": 5.288271549570098,
    "Rictus Robber": 3.9890906130424164,
    "Rooftop Assassin": 5.926012945972299,
    "Rush of Dread": 2.4989405052974734,
    "Servant of the Stinger": 3.901231079717457,
    "Shoot the Sheriff": 3.3554049441708518,
    "Skulduggery": 6.190640023696143,
    "Tinybones Joins Up": 4.731021478930972,
    "Tinybones, the Pickpocket": 1.821520068317677,
    "Treasure Dredger": 4.857950867150499,
    "Unfortunate Accident": 3.416564820908151,
    "Unscrupulous Contractor": 4.339199759326113,
    "Vadmir, New Blood": 1.81092821216278,
    "Vault Plunderer": 4.748878121300553,
    "Brimstone Roundup": 5.638763744053432,
    "Calamity, Galloping Inferno": 1.5808335545526944,
    "Caught in the Crossfire": 5.868642947380791,
    "Cunning Coyote": 4.045183832287779,
    "Deadeye Duelist": 5.5858918308198655,
    "Demonic Ruckus": 5.3340357277644985,
    "Discerning Peddler": 6.1695859781877855,
    "Explosive Derailment": 4.292831270751584,
    "Ferocification": 6.051568708854753,
    "Gila Courser": 4.427686703096539,
    "Great Train Heist": 2.572308640073926,
    "Hell to Pay": 2.551916691820103,
    "Hellspur Brute": 4.353273562871996,
    "Hellspur Posse Boss": 1.7911838218586684,
    "Highway Robbery": 7.24784615058953,
    "Irascible Wolverine": 5.817185486445267,
    "Iron-Fist Pulverizer": 7.090254706533776,
    "Longhorn Sharpshooter": 2.894224422442244,
    "Magda, the Hoardmaster": 1.6184886280264124,
    "Magebane Lizard": 6.904691570212423,
    "Mine Raider": 6.048078920041537,
    "Outlaws' Fury": 7.931606674319449,
    "Prickly Pair": 4.681156799465835,
    "Quick Draw": 7.855590559314156,
    "Quilled Charger": 6.927309920851674,
    "Reckless Lackey": 6.071132668809543,
    "Resilient Roadrunner": 4.796656813780451,
    "Return the Favor": 6.463674133962158,
    "Rodeo Pyromancers": 6.994374870796114,
    "Scalestorm Summoner": 3.753279448787598,
    "Scorching Shot": 3.55131845841785,
    "Slickshot Show-Off": 2.0445399492088296,
    "Stingerback Terror": 1.6050463439752831,
    "Take for a Ride": 6.29472416015242,
    "Terror of the Peaks": 1.2263231197771587,
    "Thunder Salvo": 4.885540442831612,
    "Trick Shot": 6.986817507896603,
    "Aloe Alchemist": 3.141649694501018,
    "Ankle Biter": 6.068399044205496,
    "Beastbond Outcaster": 3.3285872870312274,
    "Betrayal at the Vault": 5.092610708928455,
    "Bristlepack Sentry": 6.025255251461451,
    "Bristly Bill, Spine Sower": 1.3383720930232559,
    "Cactarantula": 4.669211232033145,
    "Colossal Rattlewurm": 1.5429252782193958,
    "Dance of the Tumbleweeds": 5.04805091279746,
    "Drover Grizzly": 5.5653858336785165,
    "Freestrider Commando": 5.213303937007874,
    "Freestrider Lookout": 1.855993223210504,
    "Full Steam Ahead": 6.376398807850194,
    "Giant Beaver": 4.571111703845128,
    "Gold Rush": 5.859592162223741,
    "Goldvein Hydra": 1.354916067146283,
    "Hardbristle Bandit": 3.8024707936081645,
    "Intrepid Stablemaster": 3.0521706626795537,
    "Map the Frontier": 6.325511296411065,
    "Ornery Tumblewagg": 1.4807480748074808,
    "Outcaster Greenblade": 2.9952297401030816,
    "Outcaster Trailblazer": 1.7158820732287208,
    "Patient Naturalist": 5.03353858247085,
    "Railway Brawler": 1.3040364583333333,
    "Rambling Possum": 3.9601727059962877,
    "Raucous Entertainer": 4.024674865427684,
    "Reach for the Sky": 7.650462578825091,
    "Rise of the Varmints": 5.313154272177226,
    "Smuggler's Surprise": 2.9364412522021954,
    "Snakeskin Veil": 5.729582318341156,
    "Spinewoods Armadillo": 2.7446795897800698,