{
    "Abuelo's Awakening": 4.539626451287229,
    "Acrobatic Leap": 8.558202497105752,
    "Adaptive Gemguard": 5.622820737519736,
    "Attentive Sunscribe": 5.6943894199255185,
    "Bat Colony": 6.563858719962783,
    "Clay-Fired Bricks": 3.0276173209090524,
    "Cosmium Blast": 5.4193261802902395,
    "Dauntless Dismantler": 5.825775524314358,
    "Deconstruction Hammer": 6.83245486260674,
    "Dusk Rose Reliquary": 3.253882279273638,
    "Envoy of Okinec Ahau": 6.612291605143763,
    "Fabrication Foundry": 5.076394046043073,
    "Family Reunion": 8.429673645320197,
    "Get Lost": 2.661236764613746,
    "Glorifier of Suffering": 5.866502161383285,
    "Guardian of the Great Door": 3.248518471819443,
    "Helping Hand": 6.263730764418867,
    "Ironpaw Aspirant": 5.244643118186085,
    "Kinjalli's Dawnrunner": 3.50094818975376,
    "Kutzil's Flanker": 2.2128195628010374,
    "Malamet War Scribe": 4.464236748541817,
    "Market Gnome": 4.382305747630646,
    "Might of the Ancestors": 6.239835515957545,
    "Miner's Guidewing": 4.4068257337800185,
    "Mischievous Pup": 4.713066401607641,
    "Ojer Taq, Deepest Foundation": 1.5153119963159107,
    "Oltec Archaeologists": 7.435919392590056,
    "Oltec Cloud Guard": 3.484271781824674,
    "Oteclan Landmark": 7.004973831706321,
    "Petrify": 3.5064289040457997,
    "Quicksand Whirlpool": 5.193844022246045,
    "Resplendent Angel": 1.3769850965062302,
    "Ruin-Lurker Bat": 3.1226769474100435,
    "Sanguine Evangelist": 1.6209720302031267,
    "Soaring Sandwing": 5.980711006934271,
    "Spring-Loaded Sawblades": 2.5964092951100484,
    "Thousand Moons Crackshot": 7.77278953689109,
    "Thousand Moons Infantry": 7.971922475441921,
    "Thousand Moons Smithy": 1.4820193637621024,
    "Tinker's Tote": 4.196543745682001,
    "Unstable Glyphbridge": 1.6296881584492204,
    "Vanguard of the Rose": 4.5361770452044645,
    "Warden of the Inner Sky": 1.7034379671150972,
    "Akal Pakal, First Among Equals": 1.845311493512469,
    "Ancestral Reminiscence": 8.514721806208383,
    "Brackish Blunder": 6.04858247061134,
    "Braided Net": 2.4233732287797496,
    "Chart a Course": 4.383833094797594,
    "Cogwork Wrestler": 6.007187238339604,
    "Confounding Riddle": 5.29247535542676,
    "Council of Echoes": 5.044085145981156,
    "Didact Echo": 7.648307934192705,
    "Eaten by Piranhas": 4.393705896666396,
    "The Enigma Jewel": 4.446318114874816,
    "The Everflowing Well": 2.6699282038248935,
    "Frilled Cave-Wurm": 8.641872176779392,
    "Hermitic Nautilus": 4.596422053488949,
    "Hurl into History": 6.930216447290607,
    "Inverted Iceberg": 5.29393468118196,
    "Kitesail Larcenist": 1.6180584993641374,
    "Lodestone Needle": 3.645730672441037,
    "Malcolm, Alluring Scoundrel": 1.5833689610944848,
    "Marauding Brinefang": 6.980740205836814,
    "Merfolk Cave-Diver": 6.174598249127855,
    "Oaken Siren": 4.447569391761726,
    "Ojer Pakpatiq, Deepest Epoch": 1.4141000962463908,
    "Orazca Puzzle-Door": 7.418179973944383,
    "Out of Air": 8.295125233991863,
    "Pirate Hat": 7.845548171711127,
    "Relic's Roar": 9.311925616816444,
    "River Herald Scout": 5.430350718398454,
    "Sage of Days": 7.978141821172249,
    "Self-Reflection": 7.165508559502414,
    "Shipwreck Sentry": 7.070469203588646,
    "Sinuous Benthisaur": 6.702535043244855,
    "Song of Stupefaction": 8.865714658835177,
    "Spyglass Siren": 2.794388695474094,
    "Staunch Crewmate": 3.755710408967558,
    "Tishana's Tidebinder": 2.203956241570508,
    "Unlucky Drop": 7.762597724766964,
    "Waterlogged Hulk": 7.2420085672834285,
    "Waterwind Scout": 3.431853156468874,
    "Waylaying Pirates": 6.158093494908693,
    "Zoetic Glyph": 3.0458872741697016,
    "Abyssal Gorestalker": 6.431165861197217,
    "Aclazotz, Deepest Betrayal": 1.242931649739226,
    "Another Chance": 6.574217258495609,
    "Bitter Triumph": 2.7008899583667545,
    "Bloodthorn Flail": 7.933605004695882,
    "Bringer of the Last Gift": 2.6203126005017046,
    "Broodrage Mycoid": 6.448937523681073,
    "Canonized in Blood": 6.215793197792348,
    "Chupacabra Echo": 2.5453716647419924,
    "Corpses of the Lost": 2.1872100216517167,
    "Dead Weight": 4.411040664923388,
    "Deathcap Marionette": 5.427688745960988,
    "Deep Goblin Skulltaker": 6.548227347133296,
    "Deep-Cavern Bat": 2.905785538842175,
    "Echo of Dusk": 5.954892142721647,
    "Fanatical Offering": 6.635771893706218,
    "Gargantuan Leech": 6.452539617315491,
    "Grasping Shadows": 5.059525265051613,
    "Greedy Freebooter": 6.988490984604607,
    "Join the Dead": 3.3449917280344974,
    "Malicious Eclipse": 6.522458332587408,
    "Mephitic Draught": 7.199505611666781,
    "Preacher of the Schism": 1.5810322854715377,
    "Primordial Gnawer": 7.7968551856082415,
    "Queen's Bay Paladin": 3.0943509615384617,
    "Rampaging Spiketail": 5.964292308129296,
    "Ray of Ruin": 6.305850118173642,
    "Screaming Phantom": 6.678240125413216,
    "Skullcap Snail": 5.432132426020631,
    "Soulcoil Viper": 4.442072813371779,
    "Stalactite Stalker": 2.036080794917739,
    "Starving Revenant": 1.879914605942003,
    "Stinging Cave Crawler": 3.740568203300116,
    "Synapse Necromage": 4.855280898876405,
    "Tarrian's Journal": 2.2244012092085885,
    "Terror Tide": 2.20432415855248,
    "Tithing Blade": 4.794205185526114,
    "Visage of Dread": 4.271273887844612,
    "Vito's Inquisitor": 7.745599312069048,
    "Abrade": 2.677647771872898,
    "Ancestors' Aid": 7.2273318704760925,
    "Belligerent Yearling": 3.0457518532183947,
    "Bonehoard Dracosaur": 1.1467536317817966,
    "Brass's Tunnel-Grinder": 2.363068304244775,
    "Brazen Blademaster": 6.883368843794837,
    "Breeches, Eager Pillager": 1.4177001806140879,
    "Burning Sun Cavalry": 6.6535696930428445,
    "Calamitous Cave-In": 7.1650419103801095,
    "Child of the Volcano": 7.830814179001765,
    "Curator of Sun's Creation": 5.603952451708767,
    "Daring Discovery": 8.52167698467722,
    "Diamond Pick-Axe": 3.6860589106922768,
    "Dinotomaton": 5.276038732662414,
    "Dire Flail": 2.111575898962272,
    "Dowsing Device": 5.412316892835843,
    "Dreadmaw's Ire": 3.68572044575602,
    "Enterprising Scallywag": 3.924220005612388,
    "Etali's Favor": 5.306138386631497,
    "Geological Appraiser": 2.589888996138996,
    "Goblin Tomb Raider": 5.748368304855197,
    "Goldfury Strider": 6.136614498626923,
    "Hit the Mother Lode": 5.564245648528306,
    "Hotfoot Gnome": 7.386773770054071,
    "Idol of the Deep King": 5.104604159711692,
    "Inti, Seneschal of the Sun": 1.4619678995115144,
    "Magmatic Galleon": 1.5557483731019524,
    "Ojer Axonil, Deepest Might": 1.5727272727272728,
    "Panicked Altisaur": 5.589817816027719,
    "Plundering Pirate": 4.482357223960546,
    "Poetic Ingenuity": 1.9709625380892632,
    "Rampaging Ceratops": 4.562775191124906,
    "Rumbling Rockslide": 4.9782560497281,
    "Saheeli's Lattice": 4.697426015381128,
    "Scytheclaw Raptor": 2.922906009404227,
    "Seismic Monstrosaur": 5.643011856527643,
    "Sunfire Torch": 5.6907315009337065,
    "Sunshot Militia": 5.790210907348174,
    "Tectonic Hazard": 9.337076689628594,
    "Triumphant Chomp": 3.2385775828791132,
    "Trumpeting Carnosaur": 1.3054799844539449,
    "Volatile Wanderglyph": 5.1826671991643884,
    "Zoyowa's Justice": 8.047991423346156,
    "Armored Kincaller": 5.272274590003369,
    "Basking Capybara": 7.57347697612209,
    "Bedrock Tortoise": 1.8213128414035737,
    "Cavern Stomper": 5.732846228024627,
    "Cenote Scout": 3.9329499228503297,
    "Coati Scavenger": 4.617831074035454,
    "Colossadactyl": 3.0782416140408433,
    "Disturbed Slumber": 9.211777692862904,
    "Earthshaker Dreadmaw": 3.4043663977218794,
    "Explorer's Cache": 5.532152915152165,
    "Ghalta, Stampede Tyrant": 2.1722546908643494,
    "Glimpse the Core": 6.07758866684463,
    "Glowcap Lantern": 6.101160536150841,
    "Growing Rites of Itlimoc": 3.870158757850663,