{
    "Abuelo's Awakening": 4.448651643886221,
    "Acrobatic Leap": 8.58143865852877,
    "Adaptive Gemguard": 5.658037653042955,
    "Attentive Sunscribe": 5.745764750964684,
    "Bat Colony": 6.535162642634564,
    "Clay-Fired Bricks": 3.089374090247453,
    "Cosmium Blast": 5.419351010604464,
    "Dauntless Dismantler": 5.804764370792336,
    "Deconstruction Hammer": 6.900405602769653,
    "Dusk Rose Reliquary": 3.260014764735595,
    "Envoy of Okinec Ahau": 6.5639631266954686,
    "Fabrication Foundry": 5.09257023263302,
    "Family Reunion": 8.402852582138058,
    "Get Lost": 2.6258309591642925,
    "Glorifier of Suffering": 5.825003379443968,
    "Guardian of the Great Door": 3.234675214851816,
    "Helping Hand": 6.223980081727441,
    "Ironpaw Aspirant": 5.282066562102222,
    "Kinjalli's Dawnrunner": 3.494061157442507,
    "Kutzil's Flanker": 2.1308500477554917,
    "Malamet War Scribe": 4.42524235102326,
    "Market Gnome": 4.3382970377580525,
    "Might of the Ancestors": 6.276905097446121,
    "Miner's Guidewing": 4.524068254249292,
    "Mischievous Pup": 4.680940124627472,
    "Ojer Taq, Deepest Foundation": 1.4858053302433372,
    "Oltec Archaeologists": 7.417424278296005,
    "Oltec Cloud Guard": 3.559022818501195,
    "Oteclan Landmark": 7.010775563640026,
    "Petrify": 3.5406716292229445,
    "Quicksand Whirlpool": 5.200486700077101,
    "Resplendent Angel": 1.3777911888955945,
    "Ruin-Lurker Bat": 3.1872175467491513,
    "Sanguine Evangelist": 1.6359294148865597,
    "Soaring Sandwing": 5.986295844952231,
    "Spring-Loaded Sawblades": 2.6053595372946146,
    "Thousand Moons Crackshot": 7.75558689604799,
    "Thousand Moons Infantry": 7.9564894864803986,
    "Thousand Moons Smithy": 1.468256248204539,
    "Tinker's Tote": 4.220964558433413,
    "Unstable Glyphbridge": 1.6401253100117479,
    "Vanguard of the Rose": 4.525614064602961,
    "Warden of the Inner Sky": 1.7160280891955155,
    "Akal Pakal, First Among Equals": 1.8524477918521054,
    "Ancestral Reminiscence": 8.497822023906558,
    "Brackish Blunder": 6.107112796438829,
    "Braided Net": 2.4586238763336974,
    "Chart a Course": 4.39468734627738,
    "Cogwork Wrestler": 6.154027307366638,
    "Confounding Riddle": 5.195014278766414,
    "Council of Echoes": 4.963980447673487,
    "Didact Echo": 7.629973459156591,
    "Eaten by Piranhas": 4.4067996830656195,
    "The Enigma Jewel": 4.318646292303366,
    "The Everflowing Well": 2.605399708123885,
    "Frilled Cave-Wurm": 8.6142657310846,
    "Hermitic Nautilus": 4.691951488423374,
    "Hurl into History": 6.791061891464308,
    "Inverted Iceberg": 5.401782719362286,
    "Kitesail Larcenist": 1.6316821330545026,
    "Lodestone Needle": 3.7388877050926914,
    "Malcolm, Alluring Scoundrel": 1.5924748277689453,
    "Marauding Brinefang": 6.9705866872877,
    "Merfolk Cave-Diver": 6.167252160472143,
    "Oaken Siren": 4.59487510000889,
    "Ojer Pakpatiq, Deepest Epoch": 1.4008982035928144,
    "Orazca Puzzle-Door": 7.455591625759379,
    "Out of Air": 8.23768039965462,
    "Pirate Hat": 7.933610120570395,
    "Relic's Roar": 9.29196271138523,
    "River Herald Scout": 5.423892264304507,
    "Sage of Days": 7.975619781830591,
    "Self-Reflection": 7.130226097052756,
    "Shipwreck Sentry": 7.1424577936742395,
    "Sinuous Benthisaur": 6.750139914045258,
    "Song of Stupefaction": 8.84051320401257,
    "Spyglass Siren": 2.8488645616574684,
    "Staunch Crewmate": 3.820780520346898,
    "Tishana's Tidebinder": 2.2048627160950356,
    "Unlucky Drop": 7.777345758855522,
    "Waterlogged Hulk": 7.213687246755031,
    "Waterwind Scout": 3.52809227285593,
    "Waylaying Pirates": 6.284030075447443,
    "Zoetic Glyph": 3.163306104901118,
    "Abyssal Gorestalker": 6.37482561189299,
    "Aclazotz, Deepest Betrayal": 1.2294801641586868,
    "Another Chance": 6.675649679308129,
    "Bitter Triumph": 2.6883206799407917,
    "Bloodthorn Flail": 7.876693296283432,
    "Bringer of the Last Gift": 2.6427372291949798,
    "Broodrage Mycoid": 6.354432089513219,
    "Canonized in Blood": 6.104859061041806,
    "Chupacabra Echo": 2.5453611862538823,
    "Corpses of the Lost": 2.1779718583212033,
    "Dead Weight": 4.39253600430071,
    "Deathcap Marionette": 5.460287525705784,
    "Deep Goblin Skulltaker": 6.472137734381751,
    "Deep-Cavern Bat": 2.9659821118443905,
    "Echo of Dusk": 5.981966362632636,
    "Fanatical Offering": 6.5803759867848335,
    "Gargantuan Leech": 6.443115704226136,
    "Grasping Shadows": 5.014428558898342,
    "Greedy Freebooter": 6.951249491317094,
    "Join the Dead": 3.3223540500912656,
    "Malicious Eclipse": 6.437799312003957,
    "Mephitic Draught": 7.10637263711667,
    "Preacher of the Schism": 1.5785167590393243,
    "Primordial Gnawer": 7.770328169691942,
    "Queen's Bay Paladin": 2.9956731451269683,
    "Rampaging Spiketail": 5.971507356996316,
    "Ray of Ruin": 6.226414847275933,
    "Screaming Phantom": 6.660123506567918,
    "Skullcap Snail": 5.4043584457384455,
    "Soulcoil Viper": 4.43733047927632,
    "Stalactite Stalker": 1.999896006655574,
    "Starving Revenant": 1.8465152701644478,
    "Stinging Cave Crawler": 3.684433336733653,
    "Synapse Necromage": 4.759680493046264,
    "Tarrian's Journal": 2.1843936868934417,
    "Terror Tide": 2.16247582205029,
    "Tithing Blade": 4.870820537686547,
    "Visage of Dread": 4.262061644337067,
    "Vito's Inquisitor": 7.664724169363474,
    "Abrade": 2.6951164976773474,
    "Ancestors' Aid": 7.318648298449089,
    "Belligerent Yearling": 3.04694610278462,
    "Bonehoard Dracosaur": 1.1466813348001468,
    "Brass's Tunnel-Grinder": 2.3352721984913205,
    "Brazen Blademaster": 6.875172775171538,
    "Breeches, Eager Pillager": 1.4295072204853356,
    "Burning Sun Cavalry": 6.671057260604436,
    "Calamitous Cave-In": 7.1592099667015905,
    "Child of the Volcano": 7.771208056043395,
    "Curator of Sun's Creation": 5.578427234127083,
    "Daring Discovery": 8.522952315765458,
    "Diamond Pick-Axe": 3.749618863705661,
    "Dinotomaton": 5.328099784039635,
    "Dire Flail": 2.1305045641488616,
    "Dowsing Device": 5.481173066647848,
    "Dreadmaw's Ire": 3.723282792137543,
    "Enterprising Scallywag": 3.904755057041511,
    "Etali's Favor": 5.527030657774793,
    "Geological Appraiser": 2.637992125984252,
    "Goblin Tomb Raider": 5.82442800603523,
    "Goldfury Strider": 6.095817752083357,
    "Hit the Mother Lode": 5.486018836241513,
    "Hotfoot Gnome": 7.371518706755965,
    "Idol of the Deep King": 5.120324080329485,
    "Inti, Seneschal of the Sun": 1.4794835007173601,
    "Magmatic Galleon": 1.5621650589496248,
    "Ojer Axonil, Deepest Might": 1.5672451193058567,
    "Panicked Altisaur": 5.689245621192466,
    "Plundering Pirate": 4.561666808185446,
    "Poetic Ingenuity": 2.004327563249001,
    "Rampaging Ceratops": 4.569497489593615,
    "Rumbling Rockslide": 4.9845575332163445,
    "Saheeli's Lattice": 4.700717254250898,
    "Scytheclaw Raptor": 2.929033640454253,
    "Seismic Monstrosaur": 5.638538814441402,
    "Sunfire Torch": 5.744973028210728,
    "Sunshot Militia": 5.864808612977906,
    "Tectonic Hazard": 9.317235259760682,
    "Triumphant Chomp": 3.2264710412815774,
    "Trumpeting Carnosaur": 1.303176906950492,
    "Volatile Wanderglyph": 5.271431535074071,
    "Zoyowa's Justice": 8.007539936102237,
    "Armored Kincaller": 5.317622861567498,
    "Basking Capybara": 7.520967971868466,
    "Bedrock Tortoise": 1.8117633329443343,
    "Cavern Stomper": 5.782009144158205,
    "Cenote Scout": 3.9042361388113282,
    "Coati Scavenger": 4.6051486684955805,
    "Colossadactyl": 3.0978408240079327,
    "Disturbed Slumber": 9.179184961477342,
    "Earthshaker Dreadmaw": 3.3639672604718345,
    "Explorer's Cache": 5.494193564126961,
    "Ghalta, Stampede Tyrant": 2.1191364082433757,
    "Glimpse the Core": 5.949188499884071,
    "Glowcap Lantern": 6.03752655734626,
    "Growing Rites of Itlimoc": 3.773221427364389,