{
    "Putrid Warrior": 6.676153091265947,
    "Krosan Tusker": 4.634194831013916,
    "Mass Hysteria": 5.559356136820925,
    "Spell Snare": 6.922844175491679,
    "Ghost Quarter": 7.229660683872658,
    "Enlisted Wurm": 3.9162198391420913,
    "Kuldotha Rebirth": 6.197331356560415,
    "Molten Psyche": 5.4504950495049505,
    "Leonin Relic-Warder": 4.058908341915551,
    "Gnaw to the Bone": 7.913706256627783,
    "Stromkirk Captain": 6.264021887824898,
    "Burden of Guilt": 6.99194955051657,
    "Ixidor, Reality Sculptor": 4.085190688459633,
    "Duskmantle, House of Shadow": 7.6633779047124495,
    "Worldspine Wurm": 3.796705882352941,
    "Possibility Storm": 5.676986913501437,
    "Millstone": 7.632787750791975,
    "Nyx Weaver": 5.3200594844679445,
    "Evolutionary Leap": 5.0857826384142175,
    "Shard of Broken Glass": 7.954654540861437,
    "Metalspinner's Puzzleknot": 6.707664637520753,
    "Smuggler's Copter": 1.3509036144578312,
    "Consign // Oblivion": 5.43241935483871,
    "Bishop of the Bloodstained": 6.754709083298451,
    "Goblin Warchief": 6.740460157126824,
    "High Alert": 6.928118393234672,
    "Jace, Wielder of Mysteries": 2.685563114134543,
    "Syr Konrad, the Grim": 3.07413843035042,
    "Ranger-Captain of Eos": 2.311710193765796,
    "Hard Evidence": 5.038051750380517,
    "Combine Chrysalis": 5.509813961426865,
    "Quintorius, Field Historian": 5.238941076003416,
    "Laid to Rest": 7.484383414108778,
    "Monologue Tax": 5.062138728323699,
    "Magmaw": 4.804343923891581,
    "Mistveil Plains": 6.896169630642955,
    "Mentor of the Meek": 2.3275009509319133,
    "Ghostly Prison": 2.5652173913043477,
    "Fabricate": 4.967741935483871,
    "Show and Tell": 4.433440256615878,
    "Tragic Slip": 2.508771929824561,
    "Victimize": 2.32312925170068,
    "Gamble": 4.28881469115192,
    "Crashing Footfalls": 1.8920704845814977,
    "Tireless Tracker": 1.5378486055776892,
    "Drown in the Loch": 3.602520601066408,
    "Field of the Dead": 4.230897009966777,
    "Case of the Shattered Pact": 5.819123997532388,
    "Absolving Lammasu": 5.2723247927656365,
    "Assemble the Players": 3.2600288446130015,
    "Aurelia's Vindicator": 1.1660516605166051,
    "Auspicious Arrival": 5.314923844211746,
    "Call a Surprise Witness": 4.788785859171255,
    "Case of the Gateway Express": 2.7691801379600864,
    "Case of the Pilfered Proof": 4.594105631747884,
    "Case of the Uneaten Feast": 4.802466984912367,
    "Defenestrated Phantom": 6.181108575370557,
    "Delney, Streetwise Lookout": 1.586527808553069,
    "Doorkeeper Thrull": 3.8405028399599064,
    "Due Diligence": 6.438582174948881,
    "Essence of Antiquity": 5.635910001659073,
    "Forum Familiar": 5.164699080299037,
    "Griffnaut Tracker": 5.662226361443157,
    "Haazda Vigilante": 5.756882178675826,
    "Inside Source": 3.5100067671102884,
    "Karlov Watchdog": 3.748083916083916,
    "Krovod Haunch": 5.282088901225267,
    "Make Your Move": 5.691133453829617,
    "Makeshift Binding": 2.7548146572247716,
    "Marketwatch Phantom": 3.6079299783809753,
    "Museum Nightwatch": 4.649494452141851,
    "Neighborhood Guardian": 2.863751263902932,
    "No Witnesses": 2.230150430375674,
    "Not on My Watch": 3.2839244899686784,
    "Novice Inspector": 2.9185115448448555,
    "On the Job": 6.107636184181879,
    "Perimeter Enforcer": 2.79898166482372,
    "Sanctuary Wall": 6.304811948211792,
    "Seasoned Consultant": 4.736591289206589,
    "Tenth District Hero": 1.4414162306849982,
    "Unyielding Gatekeeper": 1.6635424432846948,
    "Wrench": 6.147348349422,
    "Agency Outfitter": 6.053299461085968,
    "Behind the Mask": 8.192441327288462,
    "Benthic Criminologists": 7.406232146574135,
    "Bubble Smuggler": 6.298030173452465,
    "Burden of Proof": 5.442085486143729,
    "Candlestick": 6.508877330372275,
    "Case of the Filched Falcon": 4.735031074730938,
    "Case of the Ransacked Lab": 5.751276901004304,
    "Cold Case Cracker": 4.435583992125258,
    "Conspiracy Unraveler": 3.236165074031293,
    "Coveted Falcon": 3.117286275353742,
    "Crimestopper Sprite": 4.87501057225502,
    "Cryptic Coat": 1.5804383306131966,
    "Curious Inquiry": 5.8257648493655445,
    "Deduce": 5.876821396246307,
    "Dramatic Accusation": 5.18825006901853,
    "Eliminate the Impossible": 5.510408524829347,
    "Exit Specialist": 3.1374297259311312,
    "Fae Flight": 5.330949276044257,
    "Forensic Gadgeteer": 2.6095368782161237,
    "Forensic Researcher": 4.965368210738122,
    "Furtive Courier": 4.780913121487567,
    "Hotshot Investigators": 6.781561612926705,
    "Intrude on the Mind": 2.029142228739003,
    "Jaded Analyst": 6.711784267099628,
    "Living Conundrum": 6.979697604722954,
    "Lost in the Maze": 2.938913898227819,
    "Mistway Spy": 4.236108577777041,
    "Out Cold": 5.69446538907247,
    "Proft's Eidetic Memory": 2.4873858980809316,
    "Projektor Inspector": 4.998184348062173,
    "Reasonable Doubt": 6.347493883157578,
    "Reenact the Crime": 5.111805730082936,
    "Steamcore Scholar": 1.9216923362404899,
    "Unauthorized Exit": 6.293665836354441,
    "Agency Coroner": 7.78087931979775,
    "Alley Assailant": 6.36272610739211,
    "Barbed Servitor": 2.407260435038213,
    "Basilica Stalker": 6.14395765440907,
    "Case of the Stashed Skeleton": 2.210415655830503,
    "Cerebral Confiscation": 7.506247994580912,
    "Deadly Cover-Up": 2.117321762804152,
    "Extract a Confession": 4.801567992922497,
    "Festerleech": 5.6242139388337,
    "Homicide Investigator": 1.9328828828828828,
    "Hunted Bonebrute": 2.1126655629139073,
    "Illicit Masquerade": 4.023884536784741,
    "It Doesn't Add Up": 6.267173720538108,
    "Lead Pipe": 6.744498945631246,
    "Leering Onlooker": 3.3676735428945643,
    "Long Goodbye": 2.8934552855496434,
    "Macabre Reconstruction": 6.854619236510205,
    "Massacre Girl, Known Killer": 1.4258872651356993,
    "Murder": 3.6326948315730268,
    "Nightdrinker Moroii": 4.424964063248682,
    "Outrageous Robbery": 2.540071896806936,
    "Persuasive Interrogators": 5.70444140090002,
    "Polygraph Orb": 6.7841318433439595,
    "Presumed Dead": 5.844476434875133,
    "Repeat Offender": 6.308534564676558,
    "Rot Farm Mortipede": 7.12506572118042,
    "Slice from the Shadows": 4.3271523433494,
    "Slimy Dualleech": 4.876792593786163,
    "Snarling Gorehound": 5.8835725436873645,
    "Soul Enervation": 3.4750543634349484,
    "Toxin Analysis": 6.770090434526873,
    "Undercity Eliminator": 3.7305420856997302,
    "Unscrupulous Agent": 5.1735136958721935,
    "Vein Ripper": 1.5781696854146807,
    "Anzrag's Rampage": 5.724192606192106,
    "Bolrac-Clan Basher": 3.9098965766337193,
    "Case of the Burning Masks": 3.390587023686921,
    "Case of the Crimson Pulse": 2.940577749014532,
    "Caught Red-Handed": 7.07751117253062,
    "The Chase Is On": 6.480380521541633,
    "Concealed Weapon": 5.067236412783792,
    "Connecting the Dots": 4.141154029566047,
    "Convenient Target": 5.859180787456273,
    "Cornered Crook": 4.3652142037485655,
    "Crime Novelist": 5.270276573560885,
    "Demand Answers": 6.80021887048179,
    "Expedited Inheritance": 5.207321675682476,
    "Expose the Culprit": 7.131083976735485,
    "Felonious Rage": 6.666973719359979,
    "Frantic Scapegoat": 4.68517535321358,
    "Fugitive Codebreaker": 2.1169536866744694,
    "Galvanize": 3.134636399982231,
    "Gearbane Orangutan": 5.518279481628172,
    "Goblin Maskmaker": 6.59771824462978,
    "Harried Dronesmith": 3.3402870529373105,
    "Incinerator of the Guilty": 1.2625777275296777,
    "Innocent Bystander": 6.009756332698657,
    "Knife": 6.357916804070288,
    "Krenko, Baron of Tin Street": 1.6915798426536253,
    "Krenko's Buzzcrusher": 1.87630014858841,
    "Lamplight Phoenix": 1.7487654320987653,
    "Offender at Large": 6.283869869330193,
    "Person of Interest": 4.639969984696922,
    "Pyrotechnic Performer": 1.7758150802462904,