{
    "Abuelo's Awakening": 4.50814332247557,
    "Acrobatic Leap": 8.564745849163947,
    "Adaptive Gemguard": 5.639090717475771,
    "Attentive Sunscribe": 5.71241496203766,
    "Bat Colony": 6.555346276441611,
    "Clay-Fired Bricks": 3.0517220688827553,
    "Cosmium Blast": 5.417552514713971,
    "Dauntless Dismantler": 5.822195739609713,
    "Deconstruction Hammer": 6.852527072623527,
    "Dusk Rose Reliquary": 3.2543946876106045,
    "Envoy of Okinec Ahau": 6.59692864966868,
    "Fabrication Foundry": 5.077022180438037,
    "Family Reunion": 8.42010834451568,
    "Get Lost": 2.6516869187427874,
    "Glorifier of Suffering": 5.853711145484365,
    "Guardian of the Great Door": 3.2486747315481854,
    "Helping Hand": 6.252742062956609,
    "Ironpaw Aspirant": 5.257250153026618,
    "Kinjalli's Dawnrunner": 3.501792841107508,
    "Kutzil's Flanker": 2.1935170964352113,
    "Malamet War Scribe": 4.450951334379906,
    "Market Gnome": 4.366122673054848,
    "Might of the Ancestors": 6.253434004362854,
    "Miner's Guidewing": 4.445446641506502,
    "Mischievous Pup": 4.702523457077918,
    "Ojer Taq, Deepest Foundation": 1.497622027534418,
    "Oltec Archaeologists": 7.43150869554833,
    "Oltec Cloud Guard": 3.510804075393592,
    "Oteclan Landmark": 7.006030026626563,
    "Petrify": 3.518839065004609,
    "Quicksand Whirlpool": 5.197484313415051,
    "Resplendent Angel": 1.369109947643979,
    "Ruin-Lurker Bat": 3.1413742664293394,
    "Sanguine Evangelist": 1.6287157121542524,
    "Soaring Sandwing": 5.984878752149718,
    "Spring-Loaded Sawblades": 2.5988892745574455,
    "Thousand Moons Crackshot": 7.769246810557366,
    "Thousand Moons Infantry": 7.965476891003547,
    "Thousand Moons Smithy": 1.4810220788886133,
    "Tinker's Tote": 4.208481675392671,
    "Unstable Glyphbridge": 1.6356105310939628,
    "Vanguard of the Rose": 4.530969914248341,
    "Warden of the Inner Sky": 1.704715969989282,
    "Akal Pakal, First Among Equals": 1.8445128001587616,
    "Ancestral Reminiscence": 8.504135759295197,
    "Brackish Blunder": 6.066639513045052,
    "Braided Net": 2.4343218779895506,
    "Chart a Course": 4.389244942920088,
    "Cogwork Wrestler": 6.05506794472033,
    "Confounding Riddle": 5.263223197954884,
    "Council of Echoes": 5.023043319152829,
    "Didact Echo": 7.642838199893919,
    "Eaten by Piranhas": 4.395878836289206,
    "The Enigma Jewel": 4.409544330061448,
    "The Everflowing Well": 2.6521138436032055,
    "Frilled Cave-Wurm": 8.626904111929095,
    "Hermitic Nautilus": 4.627646867195136,
    "Hurl into History": 6.883308701443246,
    "Inverted Iceberg": 5.330130455193443,
    "Kitesail Larcenist": 1.6242161669136927,
    "Lodestone Needle": 3.676897335364483,
    "Malcolm, Alluring Scoundrel": 1.583744690621054,
    "Marauding Brinefang": 6.977593654394108,
    "Merfolk Cave-Diver": 6.173241348569576,
    "Oaken Siren": 4.495800007841292,
    "Ojer Pakpatiq, Deepest Epoch": 1.4059817945383615,
    "Orazca Puzzle-Door": 7.432190704160998,
    "Out of Air": 8.271974057397674,
    "Pirate Hat": 7.872547757320304,
    "Relic's Roar": 9.301954007795398,
    "River Herald Scout": 5.426731428431015,
    "Sage of Days": 7.978312670743249,
    "Self-Reflection": 7.156608322914806,
    "Shipwreck Sentry": 7.095403118228722,
    "Sinuous Benthisaur": 6.720823484140509,
    "Song of Stupefaction": 8.856811188536785,
    "Spyglass Siren": 2.8125062172970177,
    "Staunch Crewmate": 3.777883031901715,
    "Tishana's Tidebinder": 2.2049843737478967,
    "Unlucky Drop": 7.763442818691438,
    "Waterlogged Hulk": 7.229411808320544,
    "Waterwind Scout": 3.4646506257216867,
    "Waylaying Pirates": 6.200259461898584,
    "Zoetic Glyph": 3.085485136764734,
    "Abyssal Gorestalker": 6.415710196883402,
    "Aclazotz, Deepest Betrayal": 1.2416936195236694,
    "Another Chance": 6.607772623507375,
    "Bitter Triumph": 2.696727392630451,
    "Bloodthorn Flail": 7.911415854066432,
    "Bringer of the Last Gift": 2.629798713426022,
    "Broodrage Mycoid": 6.420855506601317,
    "Canonized in Blood": 6.175174878733725,
    "Chupacabra Echo": 2.5430372866615936,
    "Corpses of the Lost": 2.1911371237458193,
    "Dead Weight": 4.405787121822577,
    "Deathcap Marionette": 5.435494101752998,
    "Deep Goblin Skulltaker": 6.522556404976373,
    "Deep-Cavern Bat": 2.927673136008855,
    "Echo of Dusk": 5.9618728376199295,
    "Fanatical Offering": 6.614989571229056,
    "Gargantuan Leech": 6.450824086004962,
    "Grasping Shadows": 5.046520402195854,
    "Greedy Freebooter": 6.973311691576233,
    "Join the Dead": 3.338273100391101,
    "Malicious Eclipse": 6.498568388469724,
    "Mephitic Draught": 7.173166025884772,
    "Preacher of the Schism": 1.583855174769441,
    "Primordial Gnawer": 7.788360827220132,
    "Queen's Bay Paladin": 3.0621941029007997,
    "Rampaging Spiketail": 5.971066693658354,
    "Ray of Ruin": 6.281985070251009,
    "Screaming Phantom": 6.673820246576448,
    "Skullcap Snail": 5.423167285512437,
    "Soulcoil Viper": 4.446780585072819,
    "Stalactite Stalker": 2.0263064971751414,
    "Starving Revenant": 1.8714299451870373,
    "Stinging Cave Crawler": 3.7191068664388562,
    "Synapse Necromage": 4.826978725374447,
    "Tarrian's Journal": 2.218815272788036,
    "Terror Tide": 2.184361251763925,
    "Tithing Blade": 4.820003195849156,
    "Visage of Dread": 4.273045347722075,
    "Vito's Inquisitor": 7.717817245817246,
    "Abrade": 2.685482078796152,
    "Ancestors' Aid": 7.261074233455133,
    "Belligerent Yearling": 3.046719340432841,
    "Bonehoard Dracosaur": 1.1488683455530762,
    "Brass's Tunnel-Grinder": 2.3578751164958063,
    "Brazen Blademaster": 6.878014625241581,
    "Breeches, Eager Pillager": 1.4233736178966314,
    "Burning Sun Cavalry": 6.6583559713526155,
    "Calamitous Cave-In": 7.167237760355932,
    "Child of the Volcano": 7.811533213160599,
    "Curator of Sun's Creation": 5.59475000534405,
    "Daring Discovery": 8.519151468915036,
    "Diamond Pick-Axe": 3.705594664690626,
    "Dinotomaton": 5.2956075416138395,
    "Dire Flail": 2.114602267809227,
    "Dowsing Device": 5.439527015181796,
    "Dreadmaw's Ire": 3.6981175722175634,
    "Enterprising Scallywag": 3.920974025080182,
    "Etali's Favor": 5.381567891909325,
    "Geological Appraiser": 2.608856326407838,
    "Goblin Tomb Raider": 5.768005642265991,
    "Goldfury Strider": 6.124520100719011,
    "Hit the Mother Lode": 5.537299427606269,
    "Hotfoot Gnome": 7.382287878476574,
    "Idol of the Deep King": 5.111976946940754,
    "Inti, Seneschal of the Sun": 1.4685009960159363,
    "Magmatic Galleon": 1.5573237309792078,
    "Ojer Axonil, Deepest Might": 1.5698725376593279,
    "Panicked Altisaur": 5.625829627232152,
    "Plundering Pirate": 4.513504490677844,
    "Poetic Ingenuity": 1.979570203334297,
    "Rampaging Ceratops": 4.558813336963786,
    "Rumbling Rockslide": 4.979065428670601,
    "Saheeli's Lattice": 4.702723523388104,
    "Scytheclaw Raptor": 2.928298385600297,
    "Seismic Monstrosaur": 5.644452195450769,
    "Sunfire Torch": 5.7062245286201225,
    "Sunshot Militia": 5.813697796366815,
    "Tectonic Hazard": 9.329881172654481,
    "Triumphant Chomp": 3.237018328043735,
    "Trumpeting Carnosaur": 1.3060513106525375,
    "Volatile Wanderglyph": 5.21388456565956,
    "Zoyowa's Justice": 8.032237260808689,
    "Armored Kincaller": 5.285549677451912,
    "Basking Capybara": 7.554205645879275,
    "Bedrock Tortoise": 1.8257082791070178,
    "Cavern Stomper": 5.747661204494633,
    "Cenote Scout": 3.9278381684005113,
    "Coati Scavenger": 4.616068976223743,
    "Colossadactyl": 3.0901853026139645,
    "Disturbed Slumber": 9.19818993596564,
    "Earthshaker Dreadmaw": 3.3941594994800006,
    "Explorer's Cache": 5.521727242133602,
    "Ghalta, Stampede Tyrant": 2.1389353866755942,
    "Glimpse the Core": 6.0285953160613515,
    "Glowcap Lantern": 6.076658079506996,
    "Growing Rites of Itlimoc": 3.8240723120837297,