{
    "Abuelo's Awakening": 4.553763066202091,
    "Acrobatic Leap": 8.55609756097561,
    "Adaptive Gemguard": 5.620800521876893,
    "Attentive Sunscribe": 5.685790203246497,
    "Bat Colony": 6.573211393731542,
    "Clay-Fired Bricks": 3.019253631407059,
    "Cosmium Blast": 5.419191508548367,
    "Dauntless Dismantler": 5.83173656437226,
    "Deconstruction Hammer": 6.823561322109401,
    "Dusk Rose Reliquary": 3.252353334143083,
    "Envoy of Okinec Ahau": 6.619465604201331,
    "Fabrication Foundry": 5.075152272372326,
    "Family Reunion": 8.436530318087001,
    "Get Lost": 2.676085250256596,
    "Glorifier of Suffering": 5.871171444620049,
    "Guardian of the Great Door": 3.2470340341715906,
    "Helping Hand": 6.272976644773847,
    "Ironpaw Aspirant": 5.23897896263379,
    "Kinjalli's Dawnrunner": 3.498061634407394,
    "Kutzil's Flanker": 2.2230164403145105,
    "Malamet War Scribe": 4.472904575516264,
    "Market Gnome": 4.389914256648743,
    "Might of the Ancestors": 6.2361243203474075,
    "Miner's Guidewing": 4.38887881749004,
    "Mischievous Pup": 4.72090274945356,
    "Ojer Taq, Deepest Foundation": 1.518832181858703,
    "Oltec Archaeologists": 7.439546080625722,
    "Oltec Cloud Guard": 3.4716078997498085,
    "Oteclan Landmark": 7.006920867921319,
    "Petrify": 3.4992816168410297,
    "Quicksand Whirlpool": 5.191756198424641,
    "Resplendent Angel": 1.3770414201183432,
    "Ruin-Lurker Bat": 3.1126634052450077,
    "Sanguine Evangelist": 1.61691593604951,
    "Soaring Sandwing": 5.976968512589217,
    "Spring-Loaded Sawblades": 2.5947001788571966,
    "Thousand Moons Crackshot": 7.774491054623924,
    "Thousand Moons Infantry": 7.977304363614356,
    "Thousand Moons Smithy": 1.4849128296826106,
    "Tinker's Tote": 4.191932139660608,
    "Unstable Glyphbridge": 1.6264801959983666,
    "Vanguard of the Rose": 4.539486141490647,
    "Warden of the Inner Sky": 1.7033529809643444,
    "Akal Pakal, First Among Equals": 1.8426695255963548,
    "Ancestral Reminiscence": 8.518632631277036,
    "Brackish Blunder": 6.040945513637739,
    "Braided Net": 2.412758851035404,
    "Chart a Course": 4.387164074746541,
    "Cogwork Wrestler": 5.985049306222184,
    "Confounding Riddle": 5.302913309638543,
    "Council of Echoes": 5.054304378494975,
    "Didact Echo": 7.6495795260222765,
    "Eaten by Piranhas": 4.39920056589156,
    "The Enigma Jewel": 4.461286649587247,
    "The Everflowing Well": 2.6746382143733136,
    "Frilled Cave-Wurm": 8.646567174773304,
    "Hermitic Nautilus": 4.581443953254257,
    "Hurl into History": 6.95108660130719,
    "Inverted Iceberg": 5.277264404701951,
    "Kitesail Larcenist": 1.61551901336074,
    "Lodestone Needle": 3.62930739973125,
    "Malcolm, Alluring Scoundrel": 1.5823492852703542,
    "Marauding Brinefang": 6.982180346368926,
    "Merfolk Cave-Diver": 6.175101527927009,
    "Oaken Siren": 4.429125292121451,
    "Ojer Pakpatiq, Deepest Epoch": 1.4136162275588715,
    "Orazca Puzzle-Door": 7.41240126625073,
    "Out of Air": 8.306598908676621,
    "Pirate Hat": 7.832918840969362,
    "Relic's Roar": 9.317570940925135,
    "River Herald Scout": 5.431926802934663,
    "Sage of Days": 7.977497214329069,
    "Self-Reflection": 7.173796877256607,
    "Shipwreck Sentry": 7.0590840584882155,
    "Sinuous Benthisaur": 6.694375093004415,
    "Song of Stupefaction": 8.870458224197298,
    "Spyglass Siren": 2.7851603551368003,
    "Staunch Crewmate": 3.7458523269373476,
    "Tishana's Tidebinder": 2.197252707318846,
    "Unlucky Drop": 7.7591329051683315,
    "Waterlogged Hulk": 7.250066574350234,
    "Waterwind Scout": 3.4185441101914567,
    "Waylaying Pirates": 6.140651053896047,
    "Zoetic Glyph": 3.0281576122344824,
    "Abyssal Gorestalker": 6.441060461897759,
    "Aclazotz, Deepest Betrayal": 1.2447682119205299,
    "Another Chance": 6.560681017223978,
    "Bitter Triumph": 2.7000296120817295,
    "Bloodthorn Flail": 7.9419245998120385,
    "Bringer of the Last Gift": 2.61983367723379,
    "Broodrage Mycoid": 6.461224833344556,
    "Canonized in Blood": 6.232591699546982,
    "Chupacabra Echo": 2.542567408222624,
    "Corpses of the Lost": 2.1876874625074985,
    "Dead Weight": 4.4094096775468445,
    "Deathcap Marionette": 5.421815206679187,
    "Deep Goblin Skulltaker": 6.5571132834578,
    "Deep-Cavern Bat": 2.8941894957250045,
    "Echo of Dusk": 5.948422357487855,
    "Fanatical Offering": 6.641890779815004,
    "Gargantuan Leech": 6.448238276079829,
    "Grasping Shadows": 5.068606224627875,
    "Greedy Freebooter": 6.991309011488905,
    "Join the Dead": 3.3457894736842104,
    "Malicious Eclipse": 6.53567315269443,
    "Mephitic Draught": 7.209098358840336,
    "Preacher of the Schism": 1.5795758698785258,
    "Primordial Gnawer": 7.801275637818909,
    "Queen's Bay Paladin": 3.1113627982932095,
    "Rampaging Spiketail": 5.96122808165627,
    "Ray of Ruin": 6.317442805909522,
    "Screaming Phantom": 6.680786706820943,
    "Skullcap Snail": 5.435399281783656,
    "Soulcoil Viper": 4.438142514738791,
    "Stalactite Stalker": 2.040997796663519,
    "Starving Revenant": 1.8830978635423845,
    "Stinging Cave Crawler": 3.742105400742406,
    "Synapse Necromage": 4.864868504189843,
    "Tarrian's Journal": 2.2257701821452667,
    "Terror Tide": 2.2098829456215734,
    "Tithing Blade": 4.780957648209993,
    "Visage of Dread": 4.268360750662097,
    "Vito's Inquisitor": 7.755478484106071,
    "Abrade": 2.6746982764806337,
    "Ancestors' Aid": 7.211211058438039,
    "Belligerent Yearling": 3.0438967977326774,
    "Bonehoard Dracosaur": 1.146131805157593,
    "Brass's Tunnel-Grinder": 2.366065232477446,
    "Brazen Blademaster": 6.8847150051192845,
    "Breeches, Eager Pillager": 1.4161418241194308,
    "Burning Sun Cavalry": 6.648520663616534,
    "Calamitous Cave-In": 7.163877007505447,
    "Child of the Volcano": 7.840364047436484,
    "Curator of Sun's Creation": 5.610393595090848,
    "Daring Discovery": 8.523435210104186,
    "Diamond Pick-Axe": 3.67885124511161,
    "Dinotomaton": 5.264924132120235,
    "Dire Flail": 2.107577174929841,
    "Dowsing Device": 5.405003010998066,
    "Dreadmaw's Ire": 3.6784135784711145,
    "Enterprising Scallywag": 3.9286816728197658,
    "Etali's Favor": 5.276263308191328,
    "Geological Appraiser": 2.582277986241401,
    "Goblin Tomb Raider": 5.740723423692359,
    "Goldfury Strider": 6.141966323586409,
    "Hit the Mother Lode": 5.579702459039272,
    "Hotfoot Gnome": 7.387152151735658,
    "Idol of the Deep King": 5.101249726963522,
    "Inti, Seneschal of the Sun": 1.46137339055794,
    "Magmatic Galleon": 1.5532984293193717,
    "Ojer Axonil, Deepest Might": 1.578406708595388,
    "Panicked Altisaur": 5.572022431259045,
    "Plundering Pirate": 4.470670667300708,
    "Poetic Ingenuity": 1.9687010954616588,
    "Rampaging Ceratops": 4.556228903717401,
    "Rumbling Rockslide": 4.978023008994851,
    "Saheeli's Lattice": 4.698313073888547,
    "Scytheclaw Raptor": 2.9234903361484794,
    "Seismic Monstrosaur": 5.644049382716049,
    "Sunfire Torch": 5.680800317069373,
    "Sunshot Militia": 5.7794055485889,
    "Tectonic Hazard": 9.343075724552051,
    "Triumphant Chomp": 3.238424574482418,
    "Trumpeting Carnosaur": 1.305214339433442,
    "Volatile Wanderglyph": 5.17056212465963,
    "Zoyowa's Justice": 8.054605474301958,
    "Armored Kincaller": 5.264319373717413,
    "Basking Capybara": 7.581105982263362,
    "Bedrock Tortoise": 1.822781409510164,
    "Cavern Stomper": 5.723312746537675,
    "Cenote Scout": 3.9352797211441004,
    "Coati Scavenger": 4.620935952654587,
    "Colossadactyl": 3.0748292822692327,
    "Disturbed Slumber": 9.217689254740556,
    "Earthshaker Dreadmaw": 3.404650060015115,
    "Explorer's Cache": 5.53860661612161,
    "Ghalta, Stampede Tyrant": 2.185384041759881,
    "Glimpse the Core": 6.093094939020588,
    "Glowcap Lantern": 6.1119472677323134,
    "Growing Rites of Itlimoc": 3.884391846361186,