{
    "Abuelo's Awakening": 4.447093403004573,
    "Acrobatic Leap": 8.582831583071206,
    "Adaptive Gemguard": 5.659444043187585,
    "Attentive Sunscribe": 5.74752490820926,
    "Bat Colony": 6.53251029737926,
    "Clay-Fired Bricks": 3.092305568020988,
    "Cosmium Blast": 5.4194119900402224,
    "Dauntless Dismantler": 5.804675252284788,
    "Deconstruction Hammer": 6.904472712351252,
    "Dusk Rose Reliquary": 3.260930888575458,
    "Envoy of Okinec Ahau": 6.562651528590858,
    "Fabrication Foundry": 5.094586917708164,
    "Family Reunion": 8.400946457544618,
    "Get Lost": 2.623285486443381,
    "Glorifier of Suffering": 5.8241941569274545,
    "Guardian of the Great Door": 3.23598626902395,
    "Helping Hand": 6.222566436481204,
    "Ironpaw Aspirant": 5.2851309036512575,
    "Kinjalli's Dawnrunner": 3.4933500718665282,
    "Kutzil's Flanker": 2.1324778077962177,
    "Malamet War Scribe": 4.422731746008431,
    "Market Gnome": 4.3376608152858775,
    "Might of the Ancestors": 6.279216728280961,
    "Miner's Guidewing": 4.529072555908761,
    "Mischievous Pup": 4.677126488644599,
    "Ojer Taq, Deepest Foundation": 1.487284419760304,
    "Oltec Archaeologists": 7.417766432775552,
    "Oltec Cloud Guard": 3.562530692421018,
    "Oteclan Landmark": 7.011785473895429,
    "Petrify": 3.5426256562103133,
    "Quicksand Whirlpool": 5.201882545131005,
    "Resplendent Angel": 1.3793839585239402,
    "Ruin-Lurker Bat": 3.1896230616624153,
    "Sanguine Evangelist": 1.6368864517854755,
    "Soaring Sandwing": 5.987476597903872,
    "Spring-Loaded Sawblades": 2.6058438409311346,
    "Thousand Moons Crackshot": 7.755047802721168,
    "Thousand Moons Infantry": 7.955829758896919,
    "Thousand Moons Smithy": 1.4683691236215903,
    "Tinker's Tote": 4.22284606139429,
    "Unstable Glyphbridge": 1.6417302129897449,
    "Vanguard of the Rose": 4.526646388908538,
    "Warden of the Inner Sky": 1.7165901476610002,
    "Akal Pakal, First Among Equals": 1.8530156537753222,
    "Ancestral Reminiscence": 8.497777488753558,
    "Brackish Blunder": 6.109998687262066,
    "Braided Net": 2.4604304355194033,
    "Chart a Course": 4.393824817518248,
    "Cogwork Wrestler": 6.16063203570984,
    "Confounding Riddle": 5.194511926490025,
    "Council of Echoes": 4.962311490004586,
    "Didact Echo": 7.630255834526752,
    "Eaten by Piranhas": 4.40922902461364,
    "The Enigma Jewel": 4.3193563653573115,
    "The Everflowing Well": 2.60422466022597,
    "Frilled Cave-Wurm": 8.612219613481496,
    "Hermitic Nautilus": 4.694580322401334,
    "Hurl into History": 6.786256924577025,
    "Inverted Iceberg": 5.406758840204904,
    "Kitesail Larcenist": 1.6326261694557913,
    "Lodestone Needle": 3.743202027578504,
    "Malcolm, Alluring Scoundrel": 1.5949705724986625,
    "Marauding Brinefang": 6.970494763157465,
    "Merfolk Cave-Diver": 6.166436227413999,
    "Oaken Siren": 4.601196941026301,
    "Ojer Pakpatiq, Deepest Epoch": 1.4019312009656004,
    "Orazca Puzzle-Door": 7.457609939902699,
    "Out of Air": 8.234452719388647,
    "Pirate Hat": 7.936083351722833,
    "Relic's Roar": 9.290676416819013,
    "River Herald Scout": 5.424483306836248,
    "Sage of Days": 7.976349157925203,
    "Self-Reflection": 7.128249385428108,
    "Shipwreck Sentry": 7.147304539075772,
    "Sinuous Benthisaur": 6.7503647924677015,
    "Song of Stupefaction": 8.838567312529536,
    "Spyglass Siren": 2.8510817773522104,
    "Staunch Crewmate": 3.8231969860064585,
    "Tishana's Tidebinder": 2.203171641791045,
    "Unlucky Drop": 7.7784128656396065,
    "Waterlogged Hulk": 7.214648936631004,
    "Waterwind Scout": 3.5331921659216166,
    "Waylaying Pirates": 6.289751297455552,
    "Zoetic Glyph": 3.168806147851499,
    "Abyssal Gorestalker": 6.372118167791055,
    "Aclazotz, Deepest Betrayal": 1.2305574673090158,
    "Another Chance": 6.679281492935669,
    "Bitter Triumph": 2.6879743632990385,
    "Bloodthorn Flail": 7.874548203326024,
    "Bringer of the Last Gift": 2.6430932989275058,
    "Broodrage Mycoid": 6.3489717110587245,
    "Canonized in Blood": 6.101786980399697,
    "Chupacabra Echo": 2.544914268372869,
    "Corpses of the Lost": 2.174987739087788,
    "Dead Weight": 4.392224030144729,
    "Deathcap Marionette": 5.460894375385322,
    "Deep Goblin Skulltaker": 6.469386776203621,
    "Deep-Cavern Bat": 2.968462750590913,
    "Echo of Dusk": 5.98332789223951,
    "Fanatical Offering": 6.576142566994318,
    "Gargantuan Leech": 6.442971774872341,
    "Grasping Shadows": 5.011720306343796,
    "Greedy Freebooter": 6.948462550598805,
    "Join the Dead": 3.3216006403769764,
    "Malicious Eclipse": 6.43398516367596,
    "Mephitic Draught": 7.10329124148959,
    "Preacher of the Schism": 1.5777481678880747,
    "Primordial Gnawer": 7.769651943581464,
    "Queen's Bay Paladin": 2.989664824517333,
    "Rampaging Spiketail": 5.970556947714658,
    "Ray of Ruin": 6.2242164514367255,
    "Screaming Phantom": 6.659587771025776,
    "Skullcap Snail": 5.403664214567487,
    "Soulcoil Viper": 4.4382998239462665,
    "Stalactite Stalker": 2.000104865771812,
    "Starving Revenant": 1.8436794582392777,
    "Stinging Cave Crawler": 3.6815281161011426,
    "Synapse Necromage": 4.757655149828066,
    "Tarrian's Journal": 2.183201581027668,
    "Terror Tide": 2.16025390625,
    "Tithing Blade": 4.873022859036845,
    "Visage of Dread": 4.261785775830235,
    "Vito's Inquisitor": 7.661134441117965,
    "Abrade": 2.6966256962666297,
    "Ancestors' Aid": 7.322620350657734,
    "Belligerent Yearling": 3.046909213407445,
    "Bonehoard Dracosaur": 1.1459799925898482,
    "Brass's Tunnel-Grinder": 2.3317748441510817,
    "Brazen Blademaster": 6.8744073955372045,
    "Breeches, Eager Pillager": 1.4306306306306307,
    "Burning Sun Cavalry": 6.673208302878461,
    "Calamitous Cave-In": 7.15984013893684,
    "Child of the Volcano": 7.768836322914006,
    "Curator of Sun's Creation": 5.577412201019884,
    "Daring Discovery": 8.522842269611285,
    "Diamond Pick-Axe": 3.753166717880433,
    "Dinotomaton": 5.330347484485605,
    "Dire Flail": 2.1317437866235602,
    "Dowsing Device": 5.4827572183814555,
    "Dreadmaw's Ire": 3.725158278334761,
    "Enterprising Scallywag": 3.9049092608709666,
    "Etali's Favor": 5.536690995214848,
    "Geological Appraiser": 2.6405928569658217,
    "Goblin Tomb Raider": 5.828192630683289,
    "Goldfury Strider": 6.097760266842771,
    "Hit the Mother Lode": 5.479187405522988,
    "Hotfoot Gnome": 7.37241236075775,
    "Idol of the Deep King": 5.120463195727454,
    "Inti, Seneschal of the Sun": 1.479739507959479,
    "Magmatic Galleon": 1.5637076070801244,
    "Ojer Axonil, Deepest Might": 1.5659912376779848,
    "Panicked Altisaur": 5.694388703427996,
    "Plundering Pirate": 4.565138066269669,
    "Poetic Ingenuity": 2.004817387407573,
    "Rampaging Ceratops": 4.568220497879828,
    "Rumbling Rockslide": 4.984707221449349,
    "Saheeli's Lattice": 4.700991551022195,
    "Scytheclaw Raptor": 2.9298260794323787,
    "Seismic Monstrosaur": 5.637776578027489,
    "Sunfire Torch": 5.7476101607523375,
    "Sunshot Militia": 5.8695922235017814,
    "Tectonic Hazard": 9.31595628539157,
    "Triumphant Chomp": 3.2272683088049456,
    "Trumpeting Carnosaur": 1.3027985681744223,
    "Volatile Wanderglyph": 5.274382357975617,
    "Zoyowa's Justice": 8.00585253593358,
    "Armored Kincaller": 5.319139171784832,
    "Basking Capybara": 7.517999440514727,
    "Bedrock Tortoise": 1.8098823529411765,
    "Cavern Stomper": 5.783215552612324,
    "Cenote Scout": 3.901142277143179,
    "Coati Scavenger": 4.602588317593564,
    "Colossadactyl": 3.0964416226037605,
    "Disturbed Slumber": 9.178675906296778,
    "Earthshaker Dreadmaw": 3.363017693952946,
    "Explorer's Cache": 5.492950983168549,
    "Ghalta, Stampede Tyrant": 2.1201588877855015,
    "Glimpse the Core": 5.943098565175666,
    "Glowcap Lantern": 6.03440470264761,
    "Growing Rites of Itlimoc": 3.7659659317495584,