{
    "Abuelo's Awakening": 4.443801458480357,
    "Acrobatic Leap": 8.583863842059243,
    "Adaptive Gemguard": 5.660822316827247,
    "Attentive Sunscribe": 5.749098519578887,
    "Bat Colony": 6.531459276921497,
    "Clay-Fired Bricks": 3.0939646328528454,
    "Cosmium Blast": 5.41980644600481,
    "Dauntless Dismantler": 5.802827293809,
    "Deconstruction Hammer": 6.906204362953371,
    "Dusk Rose Reliquary": 3.261761801303575,
    "Envoy of Okinec Ahau": 6.560047010530529,
    "Fabrication Foundry": 5.095483343552013,
    "Family Reunion": 8.400574820076642,
    "Get Lost": 2.620903454384411,
    "Glorifier of Suffering": 5.823093637972293,
    "Guardian of the Great Door": 3.237485750854949,
    "Helping Hand": 6.221121512314824,
    "Ironpaw Aspirant": 5.286282951994453,
    "Kinjalli's Dawnrunner": 3.49290012475233,
    "Kutzil's Flanker": 2.1271681933346325,
    "Malamet War Scribe": 4.4195335881708,
    "Market Gnome": 4.337137113463017,
    "Might of the Ancestors": 6.28019199850875,
    "Miner's Guidewing": 4.533681726230614,
    "Mischievous Pup": 4.674494005325534,
    "Ojer Taq, Deepest Foundation": 1.48375664500886,
    "Oltec Archaeologists": 7.418250431570918,
    "Oltec Cloud Guard": 3.5662308754525656,
    "Oteclan Landmark": 7.012321651878124,
    "Petrify": 3.5444109795331644,
    "Quicksand Whirlpool": 5.201541040496426,
    "Resplendent Angel": 1.3810552298673249,
    "Ruin-Lurker Bat": 3.192201806798948,
    "Sanguine Evangelist": 1.6365718905807842,
    "Soaring Sandwing": 5.987764550264551,
    "Spring-Loaded Sawblades": 2.605671939575317,
    "Thousand Moons Crackshot": 7.754379934093549,
    "Thousand Moons Infantry": 7.954466444384748,
    "Thousand Moons Smithy": 1.4686676427525622,
    "Tinker's Tote": 4.223460547881058,
    "Unstable Glyphbridge": 1.6429044653504703,
    "Vanguard of the Rose": 4.525973377466436,
    "Warden of the Inner Sky": 1.7177399148083188,
    "Akal Pakal, First Among Equals": 1.852616920041778,
    "Ancestral Reminiscence": 8.497730646871686,
    "Brackish Blunder": 6.112678479270601,
    "Braided Net": 2.460401537804357,
    "Chart a Course": 4.394473397520832,
    "Cogwork Wrestler": 6.167387378505908,
    "Confounding Riddle": 5.192656708083206,
    "Council of Echoes": 4.958648560387525,
    "Didact Echo": 7.62817174105232,
    "Eaten by Piranhas": 4.410605438987223,
    "The Enigma Jewel": 4.313839969372129,
    "The Everflowing Well": 2.6033699512678616,
    "Frilled Cave-Wurm": 8.611236206324849,
    "Hermitic Nautilus": 4.697852911105198,
    "Hurl into History": 6.781656747210491,
    "Inverted Iceberg": 5.411009983561205,
    "Kitesail Larcenist": 1.6317886070906917,
    "Lodestone Needle": 3.74632183244865,
    "Malcolm, Alluring Scoundrel": 1.5946713551528267,
    "Marauding Brinefang": 6.969225637477763,
    "Merfolk Cave-Diver": 6.1661325104547675,
    "Oaken Siren": 4.607163802048089,
    "Ojer Pakpatiq, Deepest Epoch": 1.4024316109422492,
    "Orazca Puzzle-Door": 7.459634472284889,
    "Out of Air": 8.233149305582785,
    "Pirate Hat": 7.939864972200159,
    "Relic's Roar": 9.29063312407052,
    "River Herald Scout": 5.426593291253208,
    "Sage of Days": 7.976830383899562,
    "Self-Reflection": 7.125481261141525,
    "Shipwreck Sentry": 7.150227441898933,
    "Sinuous Benthisaur": 6.750204125483455,
    "Song of Stupefaction": 8.83901531888407,
    "Spyglass Siren": 2.852052530076224,
    "Staunch Crewmate": 3.8281779948446615,
    "Tishana's Tidebinder": 2.203891708967851,
    "Unlucky Drop": 7.77914146898208,
    "Waterlogged Hulk": 7.214244536449872,
    "Waterwind Scout": 3.5372144118787427,
    "Waylaying Pirates": 6.293848420018938,
    "Zoetic Glyph": 3.172982272747071,
    "Abyssal Gorestalker": 6.371509712597978,
    "Aclazotz, Deepest Betrayal": 1.2316521739130435,
    "Another Chance": 6.681930756486242,
    "Bitter Triumph": 2.686324537104534,
    "Bloodthorn Flail": 7.8731555681152985,
    "Bringer of the Last Gift": 2.642369020501139,
    "Broodrage Mycoid": 6.3462740976278225,
    "Canonized in Blood": 6.098114305104464,
    "Chupacabra Echo": 2.5454545454545454,
    "Corpses of the Lost": 2.174915858245892,
    "Dead Weight": 4.390662527430122,
    "Deathcap Marionette": 5.462318169987565,
    "Deep Goblin Skulltaker": 6.466851921876237,
    "Deep-Cavern Bat": 2.9700656879601466,
    "Echo of Dusk": 5.985015822642156,
    "Fanatical Offering": 6.574616933567249,
    "Gargantuan Leech": 6.4425776963196775,
    "Grasping Shadows": 5.010135059716486,
    "Greedy Freebooter": 6.947776135163675,
    "Join the Dead": 3.3194576684312755,
    "Malicious Eclipse": 6.429641488935903,
    "Mephitic Draught": 7.101080137925305,
    "Preacher of the Schism": 1.5764421137555467,
    "Primordial Gnawer": 7.768608002037925,
    "Queen's Bay Paladin": 2.984342152953969,
    "Rampaging Spiketail": 5.970228880902063,
    "Ray of Ruin": 6.222418080099458,
    "Screaming Phantom": 6.658886816564777,
    "Skullcap Snail": 5.4019138987814035,
    "Soulcoil Viper": 4.4383267467004694,
    "Stalactite Stalker": 1.9974630021141648,
    "Starving Revenant": 1.8392755439116073,
    "Stinging Cave Crawler": 3.6786189957276045,
    "Synapse Necromage": 4.755323544805928,
    "Tarrian's Journal": 2.1812020332901425,
    "Terror Tide": 2.160772337700719,
    "Tithing Blade": 4.874694704561634,
    "Visage of Dread": 4.260863091545277,
    "Vito's Inquisitor": 7.659075439591605,
    "Abrade": 2.6965547949017643,
    "Ancestors' Aid": 7.325577823850112,
    "Belligerent Yearling": 3.0482145131841536,
    "Bonehoard Dracosaur": 1.146067415730337,
    "Brass's Tunnel-Grinder": 2.3304090867116076,
    "Brazen Blademaster": 6.875362951276414,
    "Breeches, Eager Pillager": 1.4314943922400727,
    "Burning Sun Cavalry": 6.672946007889647,
    "Calamitous Cave-In": 7.158246672432341,
    "Child of the Volcano": 7.765972035067138,
    "Curator of Sun's Creation": 5.575602242310994,
    "Daring Discovery": 8.520910385168907,
    "Diamond Pick-Axe": 3.7558651530787754,
    "Dinotomaton": 5.331161780673181,
    "Dire Flail": 2.1356260842943158,
    "Dowsing Device": 5.482157132022875,
    "Dreadmaw's Ire": 3.7253759653163527,
    "Enterprising Scallywag": 3.904451453469467,
    "Etali's Favor": 5.544069693872585,
    "Geological Appraiser": 2.642243960870433,
    "Goblin Tomb Raider": 5.831385782803447,
    "Goldfury Strider": 6.096391932917264,
    "Hit the Mother Lode": 5.4769854253420585,
    "Hotfoot Gnome": 7.371608969996657,
    "Idol of the Deep King": 5.121143793677374,
    "Inti, Seneschal of the Sun": 1.4790663749088258,
    "Magmatic Galleon": 1.5630869742752145,
    "Ojer Axonil, Deepest Might": 1.5645205857971816,
    "Panicked Altisaur": 5.696819168864574,
    "Plundering Pirate": 4.566991736607046,
    "Poetic Ingenuity": 2.0045162018742237,
    "Rampaging Ceratops": 4.568907110975415,
    "Rumbling Rockslide": 4.985015861358467,
    "Saheeli's Lattice": 4.700096016951958,
    "Scytheclaw Raptor": 2.9290091819153345,
    "Seismic Monstrosaur": 5.637662703191543,
    "Sunfire Torch": 5.75004368579338,
    "Sunshot Militia": 5.872020884099648,
    "Tectonic Hazard": 9.314760780131037,
    "Triumphant Chomp": 3.22749632533072,
    "Trumpeting Carnosaur": 1.3030352748154226,
    "Volatile Wanderglyph": 5.277459666406321,
    "Zoyowa's Justice": 8.00336144542153,
    "Armored Kincaller": 5.320784058976669,
    "Basking Capybara": 7.516525229080535,
    "Bedrock Tortoise": 1.8112087390168605,
    "Cavern Stomper": 5.784268781715225,
    "Cenote Scout": 3.9013288280970793,
    "Coati Scavenger": 4.600084662057288,
    "Colossadactyl": 3.0959888040502994,
    "Disturbed Slumber": 9.176355423417762,
    "Earthshaker Dreadmaw": 3.3608277755982736,
    "Explorer's Cache": 5.49056486654252,
    "Ghalta, Stampede Tyrant": 2.120048019207683,
    "Glimpse the Core": 5.938835249403933,
    "Glowcap Lantern": 6.03101877861318,
    "Growing Rites of Itlimoc": 3.7583050261960964,