{
    "Putrid Warrior": 6.606650831353919,
    "Krosan Tusker": 4.691007845503923,
    "Mass Hysteria": 5.553290623179965,
    "Spell Snare": 6.917540181691125,
    "Ghost Quarter": 7.240489432703003,
    "Enlisted Wurm": 4.137401855817274,
    "Kuldotha Rebirth": 6.172545039330119,
    "Molten Psyche": 5.33503691084611,
    "Leonin Relic-Warder": 4.090939597315436,
    "Gnaw to the Bone": 7.953436807095343,
    "Stromkirk Captain": 6.183259682869768,
    "Burden of Guilt": 6.952146690518783,
    "Ixidor, Reality Sculptor": 3.945993031358885,
    "Duskmantle, House of Shadow": 7.608400787573835,
    "Worldspine Wurm": 3.6513994910941476,
    "Possibility Storm": 5.545909849749583,
    "Millstone": 7.589438202247191,
    "Nyx Weaver": 5.41582774049217,
    "Evolutionary Leap": 5.023626698168931,
    "Shard of Broken Glass": 7.886852759428937,
    "Metalspinner's Puzzleknot": 6.649647058823529,
    "Smuggler's Copter": null,
    "Consign // Oblivion": 5.409375851730717,
    "Bishop of the Bloodstained": 6.636671504596033,
    "Goblin Warchief": 6.65431508486732,
    "High Alert": 6.915682967959528,
    "Jace, Wielder of Mysteries": 2.68668407310705,
    "Syr Konrad, the Grim": 3.0858560794044667,
    "Ranger-Captain of Eos": 2.2377521613832854,
    "Hard Evidence": 5.189027856736782,
    "Combine Chrysalis": 5.517055144968732,
    "Quintorius, Field Historian": 5.274364104029723,
    "Laid to Rest": 7.439418416801292,
    "Monologue Tax": 4.816025641025641,
    "Magmaw": 4.884990848078097,
    "Mistveil Plains": 6.8780262854507725,
    "Mentor of the Meek": 2.3488072211476467,
    "Ghostly Prison": 2.3733905579399144,
    "Fabricate": 4.746394230769231,
    "Show and Tell": 4.168279970215934,
    "Tragic Slip": 2.389189189189189,
    "Victimize": 2.1785714285714284,
    "Gamble": 4.042073628850488,
    "Crashing Footfalls": 1.8719851576994435,
    "Tireless Tracker": null,
    "Drown in the Loch": 3.5435759209344115,
    "Field of the Dead": 4.108166189111748,
    "Case of the Shattered Pact": 5.699879749372376,
    "Absolving Lammasu": 5.04972713586752,
    "Assemble the Players": 3.105419664268585,
    "Aurelia's Vindicator": 1.1815761448349307,
    "Auspicious Arrival": 5.529225273880125,
    "Call a Surprise Witness": 4.668759065672986,
    "Case of the Gateway Express": 2.892147786567918,
    "Case of the Pilfered Proof": 4.447761615591018,
    "Case of the Uneaten Feast": 4.555562559092341,
    "Defenestrated Phantom": 6.0906082419440555,
    "Delney, Streetwise Lookout": 1.5114263199369582,
    "Doorkeeper Thrull": 3.632120796156486,
    "Due Diligence": 6.460009487666034,
    "Essence of Antiquity": 5.454753799256836,
    "Forum Familiar": 5.072252311140162,
    "Griffnaut Tracker": 5.672064198983236,
    "Haazda Vigilante": 5.853820817408101,
    "Inside Source": 3.7078042604452204,
    "Karlov Watchdog": 3.785008314768912,
    "Krovod Haunch": 5.21972049689441,
    "Make Your Move": 5.670241906490216,
    "Makeshift Binding": 2.8480300495358066,
    "Marketwatch Phantom": 3.799411053519913,
    "Museum Nightwatch": 4.7555118783114,
    "Neighborhood Guardian": 3.0582347588717016,
    "No Witnesses": 2.157173144876325,
    "Not on My Watch": 3.2051012644469403,
    "Novice Inspector": 3.082297971753212,
    "On the Job": 6.4992917237331245,
    "Perimeter Enforcer": 2.890653891410321,
    "Sanctuary Wall": 6.197896827004904,
    "Seasoned Consultant": 5.001697495271922,
    "Tenth District Hero": 1.4454452405322415,
    "Unyielding Gatekeeper": 1.6652727272727272,
    "Wrench": 6.005953114094511,
    "Agency Outfitter": 5.930926916221034,
    "Behind the Mask": 8.11158443911849,
    "Benthic Criminologists": 7.301636788776306,
    "Bubble Smuggler": 6.277201739884115,
    "Burden of Proof": 5.2877992367295015,
    "Candlestick": 6.353642649564085,
    "Case of the Filched Falcon": 4.684364332264405,
    "Case of the Ransacked Lab": 5.560663149962321,
    "Cold Case Cracker": 4.484849737933031,
    "Conspiracy Unraveler": 3.01288709367186,
    "Coveted Falcon": 2.9951303351475222,
    "Crimestopper Sprite": 4.878652991974379,
    "Cryptic Coat": 1.6511715089034678,
    "Curious Inquiry": 5.702677271199732,
    "Deduce": 5.945439201891664,
    "Dramatic Accusation": 5.149496101221127,
    "Eliminate the Impossible": 5.614505475404137,
    "Exit Specialist": 3.171116326829984,
    "Fae Flight": 5.156877808040599,
    "Forensic Gadgeteer": 2.524264794868692,
    "Forensic Researcher": 5.078375759294713,
    "Furtive Courier": 4.788783868935098,
    "Hotshot Investigators": 6.694153779670957,
    "Intrude on the Mind": 1.9943855271366189,
    "Jaded Analyst": 6.8220010589237345,
    "Living Conundrum": 6.857373924094507,
    "Lost in the Maze": 2.9368512949849648,
    "Mistway Spy": 4.1142266739373765,
    "Out Cold": 5.855706697323924,
    "Proft's Eidetic Memory": 2.55102527420124,
    "Projektor Inspector": 5.221005053806004,
    "Reasonable Doubt": 6.4167813483345,
    "Reenact the Crime": 4.9083740559751226,
    "Steamcore Scholar": 1.9307680176628292,
    "Unauthorized Exit": 6.35658057070084,
    "Agency Coroner": 7.600394413218013,
    "Alley Assailant": 6.178750651720542,
    "Barbed Servitor": 2.1734736842105264,
    "Basilica Stalker": 5.96738448327113,
    "Case of the Stashed Skeleton": 2.1246458923512748,
    "Cerebral Confiscation": 7.310788635899607,
    "Deadly Cover-Up": 2.051036917193705,
    "Extract a Confession": 4.884726392251816,
    "Festerleech": 5.541662016472847,
    "Homicide Investigator": 1.9022027808154975,
    "Hunted Bonebrute": 2.0802199351473285,
    "Illicit Masquerade": 3.7269522988955903,
    "It Doesn't Add Up": 5.991948707168383,
    "Lead Pipe": 6.523954848680478,
    "Leering Onlooker": 3.3228499663919058,
    "Long Goodbye": 2.83397976391231,
    "Macabre Reconstruction": 6.729230888690453,
    "Massacre Girl, Known Killer": 1.3772727272727272,
    "Murder": 3.3964067653870447,
    "Nightdrinker Moroii": 4.294067020183792,
    "Outrageous Robbery": 2.4176610978520285,
    "Persuasive Interrogators": 5.551909604519774,
    "Polygraph Orb": 6.6362305942845845,
    "Presumed Dead": 5.732972903114634,
    "Repeat Offender": 6.228348762670224,
    "Rot Farm Mortipede": 7.001414805750994,
    "Slice from the Shadows": 4.241494953049062,
    "Slimy Dualleech": 4.81226951061497,
    "Snarling Gorehound": 5.945595221019414,
    "Soul Enervation": 3.32557293561295,
    "Toxin Analysis": 6.6390942662474615,
    "Undercity Eliminator": 3.523854320655826,
    "Unscrupulous Agent": 5.1209830392419935,
    "Vein Ripper": 1.5257214554579674,
    "Anzrag's Rampage": 5.521772939346812,
    "Bolrac-Clan Basher": 3.9204897521449,
    "Case of the Burning Masks": 3.35061295971979,
    "Case of the Crimson Pulse": 2.8989195193375745,
    "Caught Red-Handed": 6.9569751787170295,
    "The Chase Is On": 6.625299201094221,
    "Concealed Weapon": 5.040188797112514,
    "Connecting the Dots": 4.04266259032796,
    "Convenient Target": 5.7186410409048385,
    "Cornered Crook": 4.26864104760063,
    "Crime Novelist": 5.2309325989544435,
    "Demand Answers": 6.7010972762645915,
    "Expedited Inheritance": 5.016304946568249,
    "Expose the Culprit": 6.959682916853319,
    "Felonious Rage": 6.709669385467904,
    "Frantic Scapegoat": 4.732996732996733,
    "Fugitive Codebreaker": 2.10727969348659,
    "Galvanize": 3.1763961657537507,
    "Gearbane Orangutan": 5.4871326089984676,
    "Goblin Maskmaker": 6.602741796887432,
    "Harried Dronesmith": 3.342003818856505,
    "Incinerator of the Guilty": 1.2651907677814413,
    "Innocent Bystander": 6.1185133183244975,
    "Knife": 6.20126014050768,
    "Krenko, Baron of Tin Street": 1.685631976953547,
    "Krenko's Buzzcrusher": 1.8284960422163588,
    "Lamplight Phoenix": 1.7225862068965516,
    "Offender at Large": 6.454555480282955,
    "Person of Interest": 4.824865436370627,
    "Pyrotechnic Performer": 1.784274193548387,
    "Reckless Detective": 3.572183505631337,