{
    "Putrid Warrior": 6.906234896085065,
    "Krosan Tusker": 4.440755208333333,
    "Mass Hysteria": 5.718171926006529,
    "Spell Snare": 7.025387870239775,
    "Ghost Quarter": 7.4480142793395805,
    "Enlisted Wurm": 3.166508987701041,
    "Kuldotha Rebirth": 6.30546955624355,
    "Molten Psyche": 5.916760404949382,
    "Leonin Relic-Warder": 3.9234808702175545,
    "Gnaw to the Bone": 7.8198962753418195,
    "Stromkirk Captain": 6.62037962037962,
    "Burden of Guilt": 6.980687706076307,
    "Ixidor, Reality Sculptor": 4.3628318584070795,
    "Duskmantle, House of Shadow": 7.658186864014801,
    "Worldspine Wurm": 3.9555555555555557,
    "Possibility Storm": 5.713717693836978,
    "Millstone": 7.7316057380842205,
    "Nyx Weaver": 5.125673249551167,
    "Evolutionary Leap": 5.279376498800959,
    "Shard of Broken Glass": 7.901793721973094,
    "Metalspinner's Puzzleknot": 6.924583741429971,
    "Smuggler's Copter": null,
    "Consign // Oblivion": 5.394880174291939,
    "Bishop of the Bloodstained": 7.071497584541063,
    "Goblin Warchief": 6.763826606875934,
    "High Alert": 6.819559902200489,
    "Jace, Wielder of Mysteries": null,
    "Syr Konrad, the Grim": 3.1474480151228734,
    "Ranger-Captain of Eos": null,
    "Hard Evidence": 4.527001862197393,
    "Combine Chrysalis": 5.32387706855792,
    "Quintorius, Field Historian": 5.328505214368482,
    "Laid to Rest": 7.451774340309372,
    "Monologue Tax": 5.39811542991755,
    "Magmaw": 4.789439374185137,
    "Mistveil Plains": 6.884722222222222,
    "Mentor of the Meek": 2.392204628501827,
    "Ghostly Prison": null,
    "Fabricate": 5.373883928571429,
    "Show and Tell": 4.619845360824742,
    "Tragic Slip": null,
    "Victimize": null,
    "Gamble": 4.732095490716181,
    "Crashing Footfalls": null,
    "Tireless Tracker": null,
    "Drown in the Loch": 3.8541996830427894,
    "Field of the Dead": 4.639686684073107,
    "Case of the Shattered Pact": 5.989434692932609,
    "Absolving Lammasu": 5.954799432908015,
    "Assemble the Players": 3.925878136200717,
    "Aurelia's Vindicator": 1.1497747747747749,
    "Auspicious Arrival": 4.8559526084463975,
    "Call a Surprise Witness": 5.2465170099514005,
    "Case of the Gateway Express": 2.4478470866303566,
    "Case of the Pilfered Proof": 5.286220298125646,
    "Case of the Uneaten Feast": 5.471889016376343,
    "Defenestrated Phantom": 6.57855902086089,
    "Delney, Streetwise Lookout": 1.7238912732474965,
    "Doorkeeper Thrull": 4.4795820321883255,
    "Due Diligence": 6.635914201419345,
    "Essence of Antiquity": 6.178769103676167,
    "Forum Familiar": 5.698554237728335,
    "Griffnaut Tracker": 5.861645497119369,
    "Haazda Vigilante": 5.520953048353189,
    "Inside Source": 3.06581398236682,
    "Karlov Watchdog": 3.5813799933971606,
    "Krovod Haunch": 5.705308088918942,
    "Make Your Move": 5.548023093072079,
    "Makeshift Binding": 2.543619489559165,
    "Marketwatch Phantom": 3.1532421781705278,
    "Museum Nightwatch": 4.47270664965263,
    "Neighborhood Guardian": 2.4693583273251623,
    "No Witnesses": 2.5121713729308666,
    "Not on My Watch": 3.45452693065272,
    "Novice Inspector": 2.5062560542460446,
    "On the Job": 5.0737451956756345,
    "Perimeter Enforcer": 2.639353666698537,
    "Sanctuary Wall": 6.727044124002986,
    "Seasoned Consultant": 4.175941404187929,
    "Tenth District Hero": 1.4278169014084507,
    "Unyielding Gatekeeper": 1.6963369963369963,
    "Wrench": 6.6790361256338695,
    "Agency Outfitter": 6.559470650320695,
    "Behind the Mask": 8.381325899675272,
    "Benthic Criminologists": 7.539862558733948,
    "Bubble Smuggler": 6.146631722955711,
    "Burden of Proof": 5.911215760822604,
    "Candlestick": 7.001565006455651,
    "Case of the Filched Falcon": 4.9291562656015975,
    "Case of the Ransacked Lab": 6.264544555345743,
    "Cold Case Cracker": 4.2209696596063235,
    "Conspiracy Unraveler": 3.6770298822819196,
    "Coveted Falcon": 3.477918468190241,
    "Crimestopper Sprite": 4.941628881363715,
    "Cryptic Coat": 1.4418212478920742,
    "Curious Inquiry": 6.270847428958051,
    "Deduce": 5.548801870251315,
    "Dramatic Accusation": 5.445412332169468,
    "Eliminate the Impossible": 5.38008845563679,
    "Exit Specialist": 3.0253023551877787,
    "Fae Flight": 6.002117119024431,
    "Forensic Gadgeteer": 3.0049896049896048,
    "Forensic Researcher": 4.4912252627087,
    "Furtive Courier": 4.8769926006853055,
    "Hotshot Investigators": 6.8563401503617785,
    "Intrude on the Mind": 2.075306479859895,
    "Jaded Analyst": 6.365883319638455,
    "Living Conundrum": 7.442431546834394,
    "Lost in the Maze": 3.00390015600624,
    "Mistway Spy": 4.685873510915691,
    "Out Cold": 4.97340568833468,
    "Proft's Eidetic Memory": 2.265587044534413,
    "Projektor Inspector": 4.297604937719435,
    "Reasonable Doubt": 6.28622770285865,
    "Reenact the Crime": 5.621383893666927,
    "Steamcore Scholar": 1.8801169590643274,
    "Unauthorized Exit": 6.078391592110952,
    "Agency Coroner": 8.14876513750522,
    "Alley Assailant": 6.706901788997426,
    "Barbed Servitor": 3.056028106508876,
    "Basilica Stalker": 6.378714191077862,
    "Case of the Stashed Skeleton": 2.603471904979443,
    "Cerebral Confiscation": 7.9734375477055535,
    "Deadly Cover-Up": 2.2813947153364205,
    "Extract a Confession": 4.421195770419041,
    "Festerleech": 5.942207708503416,
    "Homicide Investigator": 2.0361658335783592,
    "Hunted Bonebrute": 2.1144906743185077,
    "Illicit Masquerade": 4.699078449905482,
    "It Doesn't Add Up": 6.879504639031577,
    "Lead Pipe": 7.3046536385065775,
    "Leering Onlooker": 3.55399757314278,
    "Long Goodbye": 3.1100903023164506,
    "Macabre Reconstruction": 7.188365220096438,
    "Massacre Girl, Known Killer": 1.5694799658994032,
    "Murder": 4.179386991109031,
    "Nightdrinker Moroii": 4.759010275548285,
    "Outrageous Robbery": 2.7084170573788793,
    "Persuasive Interrogators": 6.090130766281893,
    "Polygraph Orb": 7.083835341365462,
    "Presumed Dead": 6.202174464844742,
    "Repeat Offender": 6.430383485666464,
    "Rot Farm Mortipede": 7.36150234741784,
    "Slice from the Shadows": 4.502787945858517,
    "Slimy Dualleech": 5.02740128198855,
    "Snarling Gorehound": 5.582809376703616,
    "Soul Enervation": 3.9351586807716243,
    "Toxin Analysis": 6.932017959906406,
    "Undercity Eliminator": 4.335808109651627,
    "Unscrupulous Agent": 5.371001117031991,
    "Vein Ripper": 1.5049586776859505,
    "Anzrag's Rampage": 6.2142413762525495,
    "Bolrac-Clan Basher": 4.1637529799069135,
    "Case of the Burning Masks": 3.56464877983012,
    "Case of the Crimson Pulse": 3.189204333208816,
    "Caught Red-Handed": 7.355502831777131,
    "The Chase Is On": 6.0567056102180725,
    "Concealed Weapon": 5.624422645493335,
    "Connecting the Dots": 4.534455989490027,
    "Convenient Target": 6.50689669039289,
    "Cornered Crook": 4.807805854390793,
    "Crime Novelist": 5.498678291517878,
    "Demand Answers": 7.136533724157286,
    "Expedited Inheritance": 5.589763625708146,
    "Expose the Culprit": 7.5553001469646155,
    "Felonious Rage": 6.486298030037059,
    "Frantic Scapegoat": 4.795019920318725,
    "Fugitive Codebreaker": 2.1569655172413795,
    "Galvanize": 3.0983920007522805,
    "Gearbane Orangutan": 5.701850821040913,
    "Goblin Maskmaker": 6.4510782714707,
    "Harried Dronesmith": 3.378234176290016,
    "Incinerator of the Guilty": 1.323943661971831,
    "Innocent Bystander": 5.7370494723859125,
    "Knife": 7.040114724235495,
    "Krenko, Baron of Tin Street": 1.723458591754834,
    "Krenko's Buzzcrusher": 2.153889356922213,
    "Lamplight Phoenix": 1.754567390554981,
    "Offender at Large": 5.461723538399396,
    "Person of Interest": 4.062487049018028,
    "Pyrotechnic Performer": 1.752283907238229,
    "Reckless Detective": 2.88927156879628,
    "Red Herring": 4.3983806692390415,
    "Rubblebelt Braggart": 7.272317596566523,