{
    "Archon of the Wild Rose": 1.6410778985507246,
    "Archon's Glory": 6.438655489621509,
    "Armory Mice": 6.629285389018996,
    "Besotted Knight": 5.6212719201863495,
    "Break the Spell": 8.466128923540117,
    "Charmed Clothier": 6.602049217075178,
    "Cheeky House-Mouse": 4.925990855464216,
    "Cooped Up": 3.591345397324941,
    "Cursed Courtier": 4.0489379485258095,
    "Discerning Financier": 5.308612605954223,
    "Dutiful Griffin": 5.835834775086505,
    "Eerie Interference": 7.984278916544656,
    "Expel the Interlopers": 2.042510490786353,
    "Frostbridge Guard": 6.773573427424261,
    "Gallant Pie-Wielder": 4.595905366179455,
    "Glass Casket": 3.88598320128671,
    "Hopeful Vigil": 3.7361133817075163,
    "Kellan's Lightblades": 4.775893657273723,
    "Knight of Doves": 5.734814051899783,
    "Moment of Valor": 6.972730383302433,
    "Moonshaker Cavalry": 2.605095541401274,
    "Plunge into Winter": 8.505795819212429,
    "The Princess Takes Flight": 3.22964294888261,
    "Protective Parents": 7.182650522735861,
    "Regal Bunnicorn": 1.7697313182199832,
    "Return Triumphant": 6.514211801420769,
    "Rimefur Reindeer": 7.458421489805194,
    "Savior of the Sleeping": 6.954256885606005,
    "Slumbering Keepguard": 7.478440381457623,
    "Solitary Sanctuary": 6.329049398449143,
    "Spellbook Vendor": 1.5023947567431308,
    "Stockpiling Celebrant": 4.867524115755627,
    "Stroke of Midnight": 4.611562186956292,
    "A Tale for the Ages": 3.8191489361702127,
    "Three Blind Mice": 2.183862433862434,
    "Tuinvale Guide": 7.252916909414414,
    "Unassuming Sage": 6.549112493579134,
    "Virtue of Loyalty": 1.2731481481481481,
    "Werefox Bodyguard": 1.9212392683837252,
    "Aquatic Alchemist": 6.759006534671191,
    "Archive Dragon": 4.1912092943398385,
    "Asinine Antics": 2.923019801980198,
    "Beluna's Gatekeeper": 5.495756338143728,
    "Bitter Chill": 3.860807299534715,
    "Chancellor of Tales": 5.471069344519697,
    "Diminisher Witch": 7.39668595434988,
    "Disdainful Stroke": 7.124143429319869,
    "Extraordinary Journey": 2.9698367636621716,
    "Farsight Ritual": 3.7941947892988286,
    "Freeze in Place": 8.220191330067474,
    "Gadwick's First Duel": 5.674742176386913,
    "Galvanic Giant": 6.163116544828165,
    "Horned Loch-Whale": 1.8693711180124224,
    "Ice Out": 6.815472704795368,
    "Icewrought Sentry": 5.057184858507902,
    "Ingenious Prodigy": 2.0232984773436065,
    "Into the Fae Court": 6.235618905235976,
    "Johann's Stopgap": 6.475118609624792,
    "Living Lectern": 8.234789291661329,
    "Merfolk Coralsmith": 8.940652076293958,
    "Misleading Motes": 8.49991423734628,
    "Mocking Sprite": 6.480856133781542,
    "Obyra's Attendants": 6.293542976939204,
    "Picklock Prankster": 4.288650189072176,
    "Quick Study": 6.676384171543152,
    "Sleep-Cursed Faerie": 2.198821548821549,
    "Sleight of Hand": 7.868784106934822,
    "Snaremaster Sprite": 6.913493563777117,
    "Spell Stutter": 6.158172613516964,
    "Splashy Spellcaster": 5.330929879827325,
    "Stormkeld Prowler": 8.328699270964483,
    "Succumb to the Cold": 7.043922090112641,
    "Talion's Messenger": 2.002017238217495,
    "Tenacious Tomeseeker": 5.192263856906938,
    "Vantress Transmuter": 6.1753178374213435,
    "Virtue of Knowledge": 4.284461152882206,
    "Water Wings": 8.816691449536348,
    "Ashiok, Wicked Manipulator": 1.2343655130540376,
    "Ashiok's Reaper": 5.37677568925154,
    "Back for Seconds": 3.893382461311717,
    "Barrow Naughty": 4.6246262984545226,
    "Beseech the Mirror": 3.4733346356710295,
    "Candy Grapple": 2.2649708295147195,
    "Conceited Witch": 4.496632928338167,
    "Dream Spoilers": 5.956110336670468,
    "Ego Drain": 7.166660311892325,
    "The End": 2.067294281729428,
    "Eriette's Whisper": 7.437361960829581,
    "Faerie Dreamthief": 3.7530923072337634,
    "Faerie Fencing": 3.0250711170111892,
    "Feed the Cauldron": 3.7583482280431433,
    "Fell Horseman": 5.891339841777478,
    "Gumdrop Poisoner": 1.5186802523047065,
    "High Fae Negotiator": 2.6495039727072767,
    "Hopeless Nightmare": 4.523155735592731,
    "Lich-Knights' Conquest": 4.03521833695834,
    "Lord Skitter, Sewer King": 1.3236961451247165,
    "Lord Skitter's Blessing": 1.967606149341142,
    "Lord Skitter's Butcher": 3.0321144553099195,
    "Mintstrosity": 4.527565461064853,
    "Not Dead After All": 6.724299705775664,
    "Rankle's Prank": 2.4377240143369177,
    "Rat Out": 5.607712847450208,
    "Rowan's Grim Search": 6.746187612795436,
    "Scream Puff": 5.243551569179058,
    "Shatter the Oath": 4.489608776650797,
    "Specter of Mortality": 1.8314788589925146,
    "Spiteful Hexmage": 2.4312923250564333,
    "Stingblade Assassin": 6.313747237489628,
    "Sugar Rush": 7.810645837302343,
    "Sweettooth Witch": 4.620045644352757,
    "Taken by Nightmares": 2.5450425193907114,
    "Tangled Colony": 1.9106529209621994,
    "Twisted Sewer-Witch": 3.110057217464767,
    "Virtue of Persistence": 1.2047677261613692,
    "Voracious Vermin": 4.31068727890347,
    "Warehouse Tabby": 6.63214841470531,
    "Wicked Visitor": 6.750257158577136,
    "The Witch's Vanity": 2.547393906171486,
    "Belligerent of the Ball": 3.8806779460132153,
    "Bellowing Bruiser": 6.401082055906222,
    "Bespoke Battlegarb": 8.3688574226781,
    "Boundary Lands Ranger": 5.214829325407547,
    "Charming Scoundrel": 2.239691532892666,
    "Cut In": 3.312358904306564,
    "Edgewall Pack": 4.700519598446249,
    "Embereth Veteran": 3.9759752888685505,
    "Flick a Coin": 5.4470015530347755,
    "Food Fight": 6.104343981430309,
    "Frantic Firebolt": 4.520975241133933,
    "Gnawing Crescendo": 6.9621230436955015,
    "Goddric, Cloaked Reveler": 1.7511225144323284,
    "Grabby Giant": 4.74276383134292,
    "Grand Ball Guest": 5.2940466983390415,
    "Harried Spearguard": 5.824149492679844,
    "Hearth Elemental": 3.4686588682460107,
    "Imodane, the Pyrohammer": 2.8693167701863356,
    "Kindled Heroism": 8.654494818940679,
    "Korvold and the Noble Thief": 6.6409832473456705,
    "Merry Bards": 6.575033189780785,
    "Minecart Daredevil": 5.55173756104466,
    "Monstrous Rage": 3.677319780493889,
    "Raging Battle Mouse": 2.4298807099214432,
    "Ratcatcher Trainee": 3.8500344956971158,
    "Realm-Scorcher Hellkite": 1.3415041782729804,
    "Redcap Gutter-Dweller": 1.5715967969853981,
    "Redcap Thief": 5.38347741003061,
    "Rotisserie Elemental": 3.6636833364089316,
    "Skewer Slinger": 7.244575381268731,
    "Song of Totentanz": 1.6489547038327526,
    "Stonesplitter Bolt": 3.1822514917770337,
    "Tattered Ratter": 5.180293451594641,
    "Torch the Tower": 2.6840789159174068,
    "Twisted Fealty": 4.723802709171211,
    "Two-Headed Hunter": 3.4328358208955225,
    "Unruly Catapult": 6.973651374957463,
    "Virtue of Courage": 2.7253964258746537,
    "Witch's Mark": 6.272654436726165,
    "Witchstalker Frenzy": 2.4130412581699345,
    "Agatha's Champion": 2.424815361890694,
    "Beanstalk Wurm": 5.541363032630937,
    "Bestial Bloodline": 7.962329134897136,
    "Blossoming Tortoise": 2.747008973080758,
    "Bramble Familiar": 2.257125058402118,
    "Brave the Wilds": 5.859252561784207,
    "Commune with Nature": 8.838819296375267,
    "Curse of the Werefox": 4.249495680392931,
    "Elvish Archivist": 2.012152458110845,
    "Feral Encounter": 2.6154654063279508,
    "Ferocious Werefox": 4.453820789119559,
    "Graceful Takedown": 3.6746765827135803,
    "Gruff Triplets": 1.3844327176781002,
    "Hamlet Glutton": 3.416828739719938,
    "Hollow Scavenger": 4.382697792331256,
    "Howling Galefang": 3.759249033683048,
    "The Huntsman's Redemption": 1.8048682357674513,
    "Leaping Ambush": 8.23729297329778,
    "Night of the Sweets' Revenge": 5.874113360498458,
    "Redtooth Genealogist": 5.383684337932704,
    "Redtooth Vanguard": 3.904564673397187,
    "Return from the Wilds": 5.713251204020381,
    "Rootrider Faun": 4.063699815479124,