{
    "Ajani, Nacatl Pariah": 1.4428251121076232,
    "Razorgrass Ambush": 4.61289162142717,
    "Witch Enchanter": 4.295502165106859,
    "Hydroelectric Specimen": 6.068056852370578,
    "Sink into Stupor": 5.073083465305883,
    "Tamiyo, Inquisitive Student": 1.6804878048780487,
    "Boggart Trawler": 6.081248697102356,
    "Fell the Profane": 3.047770211458707,
    "Sorin of House Markov": 1.8126463700234192,
    "Pinnacle Monk": 4.80382804950279,
    "Ral, Monsoon Mage": 3.0739087301587302,
    "Sundering Eruption": 5.480863754349147,
    "Bridgeworks Battle": 3.09203992092956,
    "Disciple of Freyalise": 4.498960917074479,
    "Grist, Voracious Larva": 2.731207955542556,
    "Bloodsoaked Insight": 5.042402621885786,
    "Drowner of Truth": 3.46852851839352,
    "Glasswing Grace": 3.984573002754821,
    "Legion Leadership": 4.4690749863163655,
    "Revitalizing Repast": 3.747618321774255,
    "Rush of Inspiration": 5.1525061389571,
    "Strength of the Harvest": 4.337888737042099,
    "Stump Stomp": 2.8465646875810213,
    "Suppression Ray": 4.717365193754346,
    "Waterlogged Teachings": 6.372515146963097,
    "Breaker of Creation": 3.440984793627806,
    "Devourer of Destiny": 2.37270942408377,
    "Drownyard Lurker": 5.364412393974608,
    "Echoes of Eternity": 4.043255337000093,
    "Eldrazi Ravager": 3.8290726817042606,
    "Emrakul, the World Anew": 1.6840593585447583,
    "Glaring Fleshraker": 3.158765696485934,
    "Herigast, Erupting Nullkite": 1.9131859131859132,
    "It That Heralds the End": 3.7488018844935422,
    "Kozilek, the Broken Reality": 1.5105576610720086,
    "Kozilek's Command": 2.458852867830424,
    "Null Elemental Blast": 7.882644282193183,
    "Nulldrifter": 1.5934899657366617,
    "Twisted Riddlekeeper": 3.7106521477076386,
    "Ulamog, the Defiler": 1.5322927879440258,
    "Warped Tusker": 4.903492371257761,
    "Wastescape Battlemage": 3.415158519035367,
    "Aerie Auxiliary": 4.271610069689791,
    "Ajani Fells the Godsire": 3.9834930569137494,
    "Argent Dais": 6.040743073047859,
    "Charitable Levy": 8.369259778784464,
    "Dog Umbra": 5.199587108613373,
    "Envoy of the Ancestors": 4.3137802949505355,
    "Essence Reliquary": 7.010605644698425,
    "Expel the Unworthy": 6.3006426290850674,
    "Flare of Fortitude": 5.606540290534818,
    "Glyph Elemental": 2.74767937416078,
    "Guardian of the Forgotten": 5.268986375022912,
    "Guide of Souls": 1.6374907017108853,
    "Hexgold Slith": 4.941465361864786,
    "Indebted Spirit": 5.55655592911277,
    "Inspired Inventor": 5.6040694660445824,
    "Jolted Awake": 7.439867331865437,
    "Mandibular Kite": 5.8643272719465855,
    "Metastatic Evangel": 3.3944121071012807,
    "Muster the Departed": 6.3840119936818995,
    "Nyxborn Unicorn": 5.921390396835417,
    "Ocelot Pride": 1.670731707317073,
    "Pearl-Ear, Imperial Advisor": 3.391424939327401,
    "Phelia, Exuberant Shepherd": 1.963238331268071,
    "Proud Pack-Rhino": 4.195019840547526,
    "Rosecot Knight": 7.944602413771315,
    "Solstice Zealot": 6.386454344289626,
    "Static Prison": 4.5006716154118065,
    "Thraben Charm": 5.525729553801157,
    "Voltstorm Angel": 3.6031710384477185,
    "White Orchid Phantom": 3.9980128263029537,
    "Wing It": 7.473275926063396,
    "Wrath of the Skies": 2.7840794587591766,
    "Aether Spike": 6.294131849780183,
    "Amphibian Downpour": 3.251938843341458,
    "Bespoke Battlewagon": 5.117654480648519,
    "Brainsurge": 5.315269327793441,
    "Consign to Memory": 7.616549130230371,
    "Copycrook": 4.9680648087329145,
    "Corrupted Shapeshifter": 6.764552621893342,
    "Deem Inferior": 6.147431963378439,
    "Depth Defiler": 3.1007775421589416,
    "Dreamtide Whale": 3.6137784843667196,
    "Electrozoa": 7.537347157004045,
    "Emrakul's Messenger": 3.650526759376317,
    "Flare of Denial": 4.500610798924994,
    "Harbinger of the Seas": 6.291251964379256,
    "Hope-Ender Coatl": 3.5232263513513513,
    "Kozilek's Unsealing": 4.434701492537314,
    "Petrifying Meddler": 5.044971849681879,
    "Roil Cartographer": 4.047536366091754,
    "Sage of the Unknowable": 6.5880525031123485,
    "Serum Visionary": 5.080232317899038,
    "Shadow of the Second Sun": 4.158831908831909,
    "Strix Serenade": 5.971106456382454,
    "Tamiyo Meets the Story Circle": 6.828465611095921,
    "Tempest Harvester": 6.332443110777694,
    "Triton Wavebreaker": 7.261552320202561,
    "Tune the Narrative": 6.010555002358367,
    "Ugin's Binding": 2.2535849056603774,
    "Unfathomable Truths": 5.459284983343857,
    "Utter Insignificance": 6.080992709031459,
    "Volatile Stormdrake": 3.592907507258399,
    "Accursed Marauder": 5.307074010130229,
    "Arcbound Condor": 5.022179114128678,
    "Breathe Your Last": 3.861967897369794,
    "Chthonian Nightmare": 2.871503850830969,
    "Consuming Corruption": 5.888407029478458,
    "Crabomination": 1.8101071975497702,
    "The Creation of Avacyn": 7.691531436515736,
    "Dreadmobile": 7.011664635511229,
    "Dreamdrinker Vampire": 6.2257956244469534,
    "Drossclaw": 7.246519090093015,
    "Emperor of Bones": 2.1082722887261034,
    "Etched Slith": 4.434075069869459,
    "Etherium Pteramander": 5.148682853660823,
    "Eviscerator's Insight": 6.6672448655935295,
    "Fetid Gargantua": 6.571691828609721,
    "Flare of Malice": 3.27063907209461,
    "Gravedig": 7.096270418279671,
    "Grim Servant": 5.996713859298409,
    "Kami of Jealous Thirst": 6.985236364345089,
    "Lethal Throwdown": 5.170539076131877,
    "Marionette Apprentice": 3.284508129492932,
    "Mindless Conscription": 5.997029988465974,
    "Necrodominance": 4.865524560339599,
    "Nethergoyf": 2.8017122341894503,
    "Quest for the Necropolis": 6.567564766839379,
    "Refurbished Familiar": 5.273487307629434,
    "Retrofitted Transmogrant": 6.426891248774869,
    "Ripples of Undeath": 6.465062155872169,
    "Scurrilous Sentry": 6.6720369713452365,
    "Shilgengar, Sire of Famine": 2.2429889953851614,
    "Warren Soultrader": 3.7489139020537126,
    "Wither and Bloom": 3.9101189140677586,
    "Wurmcoil Larva": 3.489510801642564,
    "Aether Revolt": 3.240361151781357,
    "Amped Raptor": 2.928579211157115,
    "Ashling, Flame Dancer": 3.0015511892450877,
    "Detective's Phoenix": 1.997254363600706,
    "Eldrazi Linebreaker": 2.1933357744415964,
    "Fanged Flames": 3.42906113755117,
    "Flare of Duplication": 6.087181903864279,
    "Frogmyr Enforcer": 7.125974760768493,
    "Furnace Hellkite": 6.046925383266391,
    "Galvanic Discharge": 2.906444599244295,
    "Ghostfire Slice": 2.910528506034124,
    "Glimpse the Impossible": 5.603926221551073,
    "Infernal Captor": 7.677851551068189,
    "Inventor's Axe": 7.550106470412433,
    "Mogg Mob": 7.745688030160226,
    "Molten Gatekeeper": 5.352894911293132,
    "Party Thrasher": 3.0928213281154457,
    "Phyrexian Ironworks": 4.728693761043904,
    "Powerbalance": 6.440268689559326,
    "Ral and the Implicit Maze": 4.2470733658110955,
    "Reckless Pyrosurfer": 4.405765890934352,
    "Reiterating Bolt": 3.380040047328661,
    "Sarpadian Simulacrum": 7.216871253211533,
    "Siege Smash": 7.60272577092511,
    "Skittering Precursor": 4.378058783321941,
    "Skoa, Embermage": 6.310333518842423,
    "Smelted Chargebug": 5.379955466538362,
    "Spawn-Gang Commander": 2.7495383194829177,
    "Thriving Skyclaw": 6.6892031633165585,
    "Unstable Amulet": 4.65607183093783,
    "Voidpouncer": 5.775689406451883,
    "Wheel of Potential": 6.31417602233727,
    "Basking Broodscale": 3.5894508647982657,
    "Birthing Ritual": 4.404536222071767,
    "Collective Resistance": 5.353049645390071,
    "Colossal Dreadmask": 5.896676106414205,
    "Eladamri, Korvecdal": 1.7373505059797607,
    "Eldrazi Repurposer": 3.2562857243048007,
    "Evolution Witness": 4.4699784787397965,
    "Fanatic of Rhonas": 1.8730464568614857,
    "Fangs of Kalonia": 5.147394087168546,
    "Flare of Cultivation": 4.596684226836071,
    "Fowl Strike": 7.169616178062296,