{
    "Another Round": 6.482325998207707,
    "Archangel of Tithes": 2.187158908507223,
    "Armored Armadillo": 7.988683813467139,
    "Aven Interrupter": 2.505395917305942,
    "Bounding Felidar": 3.871268001404988,
    "Bovine Intervention": 6.444470987315162,
    "Bridled Bighorn": 5.716428658363422,
    "Claim Jumper": 2.806043329532497,
    "Dust Animus": 1.4542331288343557,
    "Eriette's Lullaby": 5.729310274916876,
    "Final Showdown": 1.756357670221493,
    "Fortune, Loyal Steed": 2.022669599052614,
    "Frontier Seeker": 3.757336886125606,
    "Getaway Glamer": 3.7153908197682943,
    "High Noon": 5.953922253884618,
    "Holy Cow": 4.72138667035462,
    "Inventive Wingsmith": 7.733774775967863,
    "Lassoed by the Law": 2.327810065537282,
    "Mystical Tether": 3.2323502522601837,
    "Nurturing Pixie": 5.533605720122574,
    "Omenport Vigilante": 4.794601654331737,
    "One Last Job": 3.502938557435441,
    "Outlaw Medic": 5.950935701751806,
    "Prairie Dog": 2.980251178859891,
    "Prosperity Tycoon": 3.903931789153923,
    "Requisition Raid": 5.579698487246685,
    "Rustler Rampage": 7.1168121288465,
    "Shepherd of the Clouds": 2.4775072224515062,
    "Sheriff of Safe Passage": 5.684491841849522,
    "Stagecoach Security": 6.529340002439917,
    "Steer Clear": 6.529471218332609,
    "Sterling Keykeeper": 5.873435750348702,
    "Sterling Supplier": 6.300746781771649,
    "Take Up the Shield": 5.185684027589203,
    "Thunder Lasso": 5.954297526836194,
    "Trained Arynx": 4.012865128514276,
    "Vengeful Townsfolk": 6.348619146692507,
    "Wanted Griffin": 6.536596544724953,
    "Archmage's Newt": 4.118156900511149,
    "Canyon Crab": 4.9320683004311325,
    "Daring Thunder-Thief": 8.14807021235555,
    "Deepmuck Desperado": 4.721326109708798,
    "Djinn of Fool's Fall": 7.474331892095966,
    "Double Down": 3.5262088581877284,
    "Duelist of the Mind": 2.693037184926379,
    "Emergent Haunting": 5.456950973807925,
    "Failed Fording": 7.333574582036621,
    "Fblthp, Lost on the Range": 3.7794588052217515,
    "Fleeting Reflection": 7.842613808309196,
    "Geralf, the Fleshwright": 1.755628325828899,
    "Geyser Drake": 6.7215846265299115,
    "Harrier Strix": 7.782310859449659,
    "Jailbreak Scheme": 7.162563540316954,
    "The Key to the Vault": 5.463028912899137,
    "Loan Shark": 5.64337334449924,
    "Marauding Sphinx": 3.3593763240403356,
    "Metamorphic Blast": 5.175821781638933,
    "Nimble Brigand": 3.972021565241904,
    "Outlaw Stitcher": 3.9236855987339547,
    "Peerless Ropemaster": 8.082751797143834,
    "Phantom Interference": 5.967473077886301,
    "Plan the Heist": 5.652470449475654,
    "Razzle-Dazzler": 7.283808763015874,
    "Seize the Secrets": 7.342478004010768,
    "Shackle Slinger": 6.659985414167078,
    "Shifting Grift": 7.895757995712523,
    "Slickshot Lockpicker": 3.69109243697479,
    "Slickshot Vault-Buster": 8.409674364774581,
    "Spring Splasher": 7.737556037856685,
    "Step Between Worlds": 6.448993858291307,
    "Stoic Sphinx": 1.9749238760523016,
    "Stop Cold": 6.523267739554678,
    "Take the Fall": 6.897578330376302,
    "This Town Ain't Big Enough": 5.290062524943462,
    "Three Steps Ahead": 2.5980867346938776,
    "Visage Bandit": 4.970920703102922,
    "Ambush Gigapede": 6.012641228505532,
    "Binding Negotiation": 5.4449953517198635,
    "Blacksnag Buzzard": 7.12591168039479,
    "Blood Hustler": 2.7449333955320583,
    "Boneyard Desecrator": 7.274836930390369,
    "Caustic Bronco": 1.8050569388149007,
    "Consuming Ashes": 3.3020502156765024,
    "Corrupted Conviction": 7.944333400840018,
    "Desert's Due": 3.5509633837414603,
    "Desperate Bloodseeker": 4.516407845372085,
    "Fake Your Own Death": 7.164488833903754,
    "Forsaken Miner": 4.613853359754999,
    "Gisa, the Hellraiser": 1.2469844916714532,
    "Hollow Marauder": 2.7649030528052805,
    "Insatiable Avarice": 4.282251587938965,
    "Kaervek, the Punisher": 2.376990388753407,
    "Lively Dirge": 5.069538698244361,
    "Mourner's Surprise": 5.579046557576372,
    "Neutralize the Guards": 7.481103987830055,
    "Nezumi Linkbreaker": 6.996558812193734,
    "Overzealous Muscle": 7.509114258195698,
    "Pitiless Carnage": 6.297949583269418,
    "Rakish Crew": 5.4981033601463505,
    "Rattleback Apothecary": 3.774434462604178,
    "Raven of Fell Omens": 5.051444726414674,
    "Rictus Robber": 3.8300747656990417,
    "Rooftop Assassin": 5.75625056008603,
    "Rush of Dread": 2.1654038368531356,
    "Servant of the Stinger": 3.5577181709503884,
    "Shoot the Sheriff": 2.8894141240509956,
    "Skulduggery": 6.4674731132341075,
    "Tinybones Joins Up": 5.46865425406552,
    "Tinybones, the Pickpocket": 2.1352922182757506,
    "Treasure Dredger": 4.577121576447129,
    "Unfortunate Accident": 2.9253493388352245,
    "Unscrupulous Contractor": 4.300470662064638,
    "Vadmir, New Blood": 1.7868663594470047,
    "Vault Plunderer": 3.9975593402172453,
    "Brimstone Roundup": 6.823030303030303,
    "Calamity, Galloping Inferno": 1.6583024219943268,
    "Caught in the Crossfire": 7.043372462429309,
    "Cunning Coyote": 4.440398584466381,
    "Deadeye Duelist": 5.92859162610329,
    "Demonic Ruckus": 5.833977411553517,
    "Discerning Peddler": 6.579222105591648,
    "Explosive Derailment": 4.2741189399166855,
    "Ferocification": 6.796862542794166,
    "Gila Courser": 4.3968467062129255,
    "Great Train Heist": 3.0925297113752124,
    "Hell to Pay": 3.0819805194805197,
    "Hellspur Brute": 4.512412674650698,
    "Hellspur Posse Boss": 1.9634322954380883,
    "Highway Robbery": 7.458051305895081,
    "Irascible Wolverine": 6.143609601935213,
    "Iron-Fist Pulverizer": 7.359993137139813,
    "Longhorn Sharpshooter": 3.144232854726066,
    "Magda, the Hoardmaster": 1.8795848989085704,
    "Magebane Lizard": 7.781079904202047,
    "Mine Raider": 6.492304607687754,
    "Outlaws' Fury": 8.408266498925407,
    "Prickly Pair": 5.216427171783148,
    "Quick Draw": 8.52195071173914,
    "Quilled Charger": 7.019180670727232,
    "Reckless Lackey": 7.057130996309963,
    "Resilient Roadrunner": 5.317190960271085,
    "Return the Favor": 7.34403944825748,
    "Rodeo Pyromancers": 7.913987720191972,
    "Scalestorm Summoner": 3.852269081316174,
    "Scorching Shot": 3.8997927715921463,
    "Slickshot Show-Off": 2.7492399367627387,
    "Stingerback Terror": 1.690964467005076,
    "Take for a Ride": 6.816105577462221,
    "Terror of the Peaks": 1.3025352112676056,
    "Thunder Salvo": 5.2863776259772015,
    "Trick Shot": 7.431600958475055,
    "Aloe Alchemist": 2.831084987473502,
    "Ankle Biter": 5.907905989207042,
    "Beastbond Outcaster": 2.9213984156349317,
    "Betrayal at the Vault": 4.440723275162947,
    "Bristlepack Sentry": 5.376958392522595,
    "Bristly Bill, Spine Sower": 1.23757225433526,
    "Cactarantula": 3.374599307603539,
    "Colossal Rattlewurm": 1.4298507462686567,
    "Dance of the Tumbleweeds": 3.878284696533772,
    "Drover Grizzly": 4.653037329537628,
    "Freestrider Commando": 4.925827858225845,
    "Freestrider Lookout": 1.8815837268434434,
    "Full Steam Ahead": 6.554380211100076,
    "Giant Beaver": 3.826510640069962,
    "Gold Rush": 5.822702676818465,
    "Goldvein Hydra": 1.2845894263217097,
    "Hardbristle Bandit": 3.415948139225258,
    "Intrepid Stablemaster": 2.9665951292339274,
    "Map the Frontier": 6.408751806779503,
    "Ornery Tumblewagg": 1.3477033615601746,
    "Outcaster Greenblade": 2.2618431271032877,
    "Outcaster Trailblazer": 1.6120171673819743,
    "Patient Naturalist": 4.317245350088868,
    "Railway Brawler": 1.2049278846153846,
    "Rambling Possum": 3.4673293825272413,
    "Raucous Entertainer": 3.926127527216174,
    "Reach for the Sky": 7.383230861211997,
    "Rise of the Varmints": 5.492043937994046,
    "Smuggler's Surprise": 2.9817376269721203,
    "Snakeskin Veil": 4.515670156820012,
    "Spinewoods Armadillo": 2.1287748503817845,