{
    "Banishing Light": 3.329074719318622,
    "Beza, the Bounding Spring": null,
    "Brave-Kin Duo": 5.952889808112145,
    "Brightblade Stoat": 2.9307244843997884,
    "Builder's Talent": 5.42725246736708,
    "Caretaker's Talent": 2.8474320241691844,
    "Carrot Cake": 5.735262847017129,
    "Crumb and Get It": 5.694590489543171,
    "Dawn's Truce": 3.6017039403620874,
    "Dewdrop Cure": 5.179807692307692,
    "Driftgloom Coyote": 3.1245241979336598,
    "Essence Channeler": null,
    "Feather of Flight": 4.633802816901408,
    "Flowerfoot Swordmaster": 4.13385518590998,
    "Harvestrite Host": 4.045213849287169,
    "Hop to It": 3.9512396694214877,
    "Intrepid Rabbit": 4.704223395387608,
    "Jackdaw Savior": null,
    "Jolly Gerbils": 4.683113273106324,
    "Lifecreed Duo": 4.832814824834303,
    "Mabel's Mettle": 4.569723832253665,
    "Mouse Trapper": 4.614245416078984,
    "Nettle Guard": 5.317680941647883,
    "Parting Gust": 4.209233060312733,
    "Pileated Provisioner": 6.039101020525169,
    "Rabbit Response": 6.337473892492031,
    "Repel Calamity": 3.906480721903199,
    "Salvation Swan": null,
    "Season of the Burrow": null,
    "Seasoned Warrenguard": 4.979054054054054,
    "Shrike Force": 3.7086994727592266,
    "Sonar Strike": 4.6057126855222625,
    "Star Charter": 3.994691710902409,
    "Starfall Invocation": null,
    "Thistledown Players": 5.874914168001831,
    "Valley Questcaller": null,
    "Warren Elder": 5.187784522003035,
    "Warren Warleader": null,
    "Wax-Wane Witness": 5.975342465753425,
    "Whiskervale Forerunner": null,
    "Azure Beastbinder": 2.5947611710323573,
    "Bellowing Crier": 6.729072519905316,
    "Calamitous Tide": 5.750916870415648,
    "Daring Waverider": 4.9759322033898306,
    "Dazzling Denial": 6.186570527264534,
    "Dire Downdraft": 6.061016949152543,
    "Dour Port-Mage": 2.6101426307448494,
    "Eddymurk Crab": 4.7875084860828245,
    "Eluge, the Shoreless Sea": null,
    "Finch Formation": 6.484485815602837,
    "Gossip's Talent": 5.7769161944527285,
    "Into the Flood Maw": 5.6070452474946855,
    "Kitnap": 2.5385779122541603,
    "Kitsa, Otterball Elite": null,
    "Knightfisher": 4.726132404181184,
    "Lightshell Duo": 6.675996514920497,
    "Long River Lurker": 4.52882914750619,
    "Long River's Pull": 5.910882352941177,
    "Mind Spiral": 7.061815086711352,
    "Mindwhisker": 5.151970607882432,
    "Mockingbird": 2.5281456953642385,
    "Nightwhorl Hermit": 7.4996407677306784,
    "Otterball Antics": 5.342461340206185,
    "Pearl of Wisdom": 6.523936762413716,
    "Plumecreed Escort": 4.138331996792301,
    "Portent of Calamity": 4.355379188712522,
    "Run Away Together": 6.629601476816158,
    "Season of Weaving": null,
    "Shore Up": 6.474838566020931,
    "Shoreline Looter": 4.246130030959752,
    "Skyskipper Duo": 6.544268818392838,
    "Spellgyre": 5.453923900118906,
    "Splash Lasher": 4.304942965779468,
    "Splash Portal": 5.2871875,
    "Stormchaser's Talent": 2.9258241758241756,
    "Sugar Coat": 4.808159136884693,
    "Thought Shucker": 7.206027512338549,
    "Thundertrap Trainer": 2.989247311827957,
    "Valley Floodcaller": 2.5121951219512195,
    "Waterspout Warden": 7.165744125326371,
    "Wishing Well": 4.868735083532219,
    "Agate-Blade Assassin": 5.623247736012901,
    "Bandit's Talent": 4.650665732305536,
    "Bonebind Orator": 5.693070461969202,
    "Bonecache Overseer": 5.318853695324283,
    "Coiling Rebirth": 3.19559902200489,
    "Consumed by Greed": 3.5664399092970522,
    "Cruelclaw's Heist": 3.1880341880341883,
    "Daggerfang Duo": 5.82433371958285,
    "Darkstar Augur": 2.0514851485148515,
    "Diresight": 6.330062837614375,
    "Downwind Ambusher": 4.186263096623981,
    "Early Winter": 5.519924988279419,
    "Feed the Cycle": 2.775058275058275,
    "Fell": 2.4254742547425474,
    "Glidedive Duo": 5.584406208639153,
    "Hazel's Nocturne": 4.8883736336535275,
    "Huskburster Swarm": 4.291055718475073,
    "Iridescent Vinelasher": null,
    "Maha, Its Feathers Night": null,
    "Moonstone Harbinger": 4.1727969348659,
    "Nocturnal Hunger": 3.771783526208305,
    "Osteomancer Adept": null,
    "Persistent Marshstalker": 4.787680209698558,
    "Psychic Whorl": 7.039846580012785,
    "Ravine Raider": 6.56411364372907,
    "Rottenmouth Viper": null,
    "Ruthless Negotiation": 5.7926829268292686,
    "Savor": 4.12888412674116,
    "Scales of Shale": 6.7429805615550755,
    "Scavenger's Talent": 3.325641025641026,
    "Season of Loss": null,
    "Sinister Monolith": 4.801980198019802,
    "Stargaze": 6.118472768107805,
    "Starlit Soothsayer": 5.914616000915646,
    "Starscape Cleric": 4.0445647646813825,
    "Thornplate Intimidator": 5.748524899693179,
    "Thought-Stalker Warlock": 3.286476005816772,
    "Valley Rotcaller": null,
    "Wick, the Whorled Mind": 2.886056971514243,
    "Wick's Patrol": 3.9687235841081994,
    "Agate Assault": 4.577577718385146,
    "Alania's Pathmaker": 6.301288515406163,
    "Artist's Talent": 4.430290872617854,
    "Blacksmith's Talent": 5.193650793650794,
    "Blooming Blast": 3.880313660751135,
    "Brambleguard Captain": 4.310728381772515,
    "Brazen Collector": 3.9146976371645974,
    "Byway Barterer": 2.604414261460102,
    "Coruscation Mage": 4.29755538579068,
    "Conduct Electricity": 6.287802700591452,
    "Emberheart Challenger": null,
    "Festival of Embers": 4.632554391619662,
    "Flamecache Gecko": 4.8307537012113055,
    "Dragonhawk, Fate's Tempest": null,
    "Frilled Sparkshooter": 6.367959675651983,
    "Harnesser of Storms": 5.331772784019975,
    "Heartfire Hero": 3.9020893076607948,
    "Hearthborn Battler": 2.3983333333333334,
    "Hired Claw": 2.4865319865319866,
    "Hoarder's Overflow": 6.600672008270871,
    "Kindlespark Duo": 6.100888180368936,
    "Manifold Mouse": 2.1964285714285716,
    "Might of the Meek": 6.315877437325906,
    "Playful Shove": 4.834527687296417,
    "Quaketusk Boar": 3.5565022421524666,
    "Rabid Gnaw": 3.3651152281970176,
    "Raccoon Rallier": 6.221066607656561,
    "Reptilian Recruiter": 5.436650185414091,
    "Roughshod Duo": 5.855948926291353,
    "Sazacap's Brew": 6.622293333333333,
    "Season of the Bold": null,
    "Steampath Charger": 6.083601655933762,
    "Stormsplitter": null,
    "Sunspine Lynx": 2.8678955453149,
    "Take Out the Trash": 4.004287075261988,
    "Teapot Slinger": 4.49532037437005,
    "Valley Flamecaller": 2.1341222879684416,
    "War Squeak": 6.885564697083022,
    "Whiskerquill Scribe": 6.651867662753468,
    "Wildfire Howl": 5.659357628165535,
    "Bakersbane Duo": 4.669476546566961,
    "Valley Rally": 5.930172413793104,
    "Bark-Knuckle Boxer": 4.318198462101794,
    "Brambleguard Veteran": 4.087840429612582,
    "Bushy Bodyguard": 3.7666801455721797,
    "Cache Grab": 6.2190237797246555,
    "Clifftop Lookout": 3.899029126213592,
    "Curious Forager": 4.2248821182444685,
    "Druid of the Spade": 6.301322349880771,
    "Fecund Greenshell": null,
    "For the Common Good": 3.884272997032641,
    "Galewind Moose": 3.147119341563786,
    "Hazardroot Herbalist": 5.170862177470107,
    "Heaped Harvest": 5.71418596532061,
    "High Stride": 6.8746417577751835,
    "Hivespine Wolverine": 3.3547785547785547,
    "Honored Dreyleader": 4.636621717530163,
    "Hunter's Talent": 2.5340282035561006,
    "Innkeeper's Talent": null,
    "Keen-Eyed Curator": null,
    "Longstalk Brawl": 4.389970166216792,
    "Lumra, Bellow of the Woods": null,
    "Mistbreath Elder": 2.5461783439490446,
    "Overprotect": 3.995723172628305,
    "Pawpatch Formation": 4.867313915857605,
    "Pawpatch Recruit": null,
    "Peerless Recycling": 5.741899126514511,
    "Polliwallop": 4.898583049068486,
    "Rust-Shield Rampager": 5.459495192307692,
    "Scrapshooter": 2.075098814229249,
    "Season of Gathering": null,
    "Stickytongue Sentinel": 5.818624608604894,
    "Stocking the Pantry": 5.923534409515718,
    "Sunshower Druid": 5.912187991904655,