{
    "Putrid Warrior": 6.672496025437202,
    "Krosan Tusker": 4.654633420171194,
    "Mass Hysteria": 5.546643717728055,
    "Spell Snare": 6.934087694483734,
    "Ghost Quarter": 7.231971963876533,
    "Enlisted Wurm": 3.929239899566309,
    "Kuldotha Rebirth": 6.2051595176308965,
    "Molten Psyche": 5.462610469068661,
    "Leonin Relic-Warder": 4.065817409766455,
    "Gnaw to the Bone": 7.919392363487067,
    "Stromkirk Captain": 6.254699248120301,
    "Burden of Guilt": 6.990872631724519,
    "Ixidor, Reality Sculptor": 4.087602459016393,
    "Duskmantle, House of Shadow": 7.669069550126819,
    "Worldspine Wurm": 3.8064046579330424,
    "Possibility Storm": 5.673563218390805,
    "Millstone": 7.619937269875903,
    "Nyx Weaver": 5.321465076660988,
    "Evolutionary Leap": 5.078698845750262,
    "Shard of Broken Glass": 7.951371733194643,
    "Metalspinner's Puzzleknot": 6.711593375214163,
    "Smuggler's Copter": 1.3550387596899225,
    "Consign // Oblivion": 5.438768718801997,
    "Bishop of the Bloodstained": 6.746513299784328,
    "Goblin Warchief": 6.743849493487699,
    "High Alert": 6.934568616097279,
    "Jace, Wielder of Mysteries": 2.6792452830188678,
    "Syr Konrad, the Grim": 3.064845391774242,
    "Ranger-Captain of Eos": 2.293657688966116,
    "Hard Evidence": 5.066898954703833,
    "Combine Chrysalis": 5.500175131348511,
    "Quintorius, Field Historian": 5.25682098222144,
    "Laid to Rest": 7.475173370319001,
    "Monologue Tax": 5.038736367055284,
    "Magmaw": 4.803630974434976,
    "Mistveil Plains": 6.89898562975486,
    "Mentor of the Meek": 2.331381733021077,
    "Ghostly Prison": 2.5655058043117744,
    "Fabricate": 4.955264969029594,
    "Show and Tell": 4.44361215147732,
    "Tragic Slip": 2.4952305246422894,
    "Victimize": 2.3353765323992994,
    "Gamble": 4.273356401384083,
    "Crashing Footfalls": 1.8927765237020315,
    "Tireless Tracker": 1.5441988950276244,
    "Drown in the Loch": 3.6053562405255177,
    "Field of the Dead": 4.2377503195568815,
    "Case of the Shattered Pact": 5.814881293361339,
    "Absolving Lammasu": 5.257998638529612,
    "Assemble the Players": 3.2416412531189356,
    "Aurelia's Vindicator": 1.1639708214398985,
    "Auspicious Arrival": 5.327870598132234,
    "Call a Surprise Witness": 4.77955204688855,
    "Case of the Gateway Express": 2.774324433985231,
    "Case of the Pilfered Proof": 4.582023073960583,
    "Case of the Uneaten Feast": 4.788408828620889,
    "Defenestrated Phantom": 6.173396373562098,
    "Delney, Streetwise Lookout": 1.5787058283616338,
    "Doorkeeper Thrull": 3.820057207246251,
    "Due Diligence": 6.436378403465347,
    "Essence of Antiquity": 5.621903743880069,
    "Forum Familiar": 5.157786572241894,
    "Griffnaut Tracker": 5.659892436322405,
    "Haazda Vigilante": 5.7575220969525995,
    "Inside Source": 3.519733109592872,
    "Karlov Watchdog": 3.749441663457836,
    "Krovod Haunch": 5.276543749232051,
    "Make Your Move": 5.688482708484785,
    "Makeshift Binding": 2.7598311972491403,
    "Marketwatch Phantom": 3.6192271224069748,
    "Museum Nightwatch": 4.65138031024565,
    "Neighborhood Guardian": 2.8723741268728413,
    "No Witnesses": 2.2272802791161324,
    "Not on My Watch": 3.277357748448562,
    "Novice Inspector": 2.9285856454758967,
    "On the Job": 6.132417686168891,
    "Perimeter Enforcer": 2.8058065197865485,
    "Sanctuary Wall": 6.295482027041882,
    "Seasoned Consultant": 4.749957282331383,
    "Tenth District Hero": 1.4419743782969103,
    "Unyielding Gatekeeper": 1.6626360338573156,
    "Wrench": 6.1337285821473815,
    "Agency Outfitter": 6.043879848856885,
    "Behind the Mask": 8.18819037471142,
    "Benthic Criminologists": 7.398799771819737,
    "Bubble Smuggler": 6.297814008073902,
    "Burden of Proof": 5.430185231331506,
    "Candlestick": 6.499408712441173,
    "Case of the Filched Falcon": 4.734388439704111,
    "Case of the Ransacked Lab": 5.73574285291068,
    "Cold Case Cracker": 4.441216896698062,
    "Conspiracy Unraveler": 3.227707698999565,
    "Coveted Falcon": 3.1075292681573545,
    "Crimestopper Sprite": 4.87768375045044,
    "Cryptic Coat": 1.5848262594685585,
    "Curious Inquiry": 5.818176949443016,
    "Deduce": 5.885801820817985,
    "Dramatic Accusation": 5.187137247015579,
    "Eliminate the Impossible": 5.517202943704341,
    "Exit Specialist": 3.1394985744671224,
    "Fae Flight": 5.32053183967169,
    "Forensic Gadgeteer": 2.6055571266968327,
    "Forensic Researcher": 4.971849298058522,
    "Furtive Courier": 4.784111221449851,
    "Hotshot Investigators": 6.776699666254172,
    "Intrude on the Mind": 2.029144587433762,
    "Jaded Analyst": 6.720524555369207,
    "Living Conundrum": 6.969690635451505,
    "Lost in the Maze": 2.9325644345062964,
    "Mistway Spy": 4.2291802045213585,
    "Out Cold": 5.707369407843341,
    "Proft's Eidetic Memory": 2.4881305637982196,
    "Projektor Inspector": 5.013524975889755,
    "Reasonable Doubt": 6.353157439446367,
    "Reenact the Crime": 5.102174124987814,
    "Steamcore Scholar": 1.922774743700297,
    "Unauthorized Exit": 6.301072546604414,
    "Agency Coroner": 7.771262299715979,
    "Alley Assailant": 6.352656531619779,
    "Barbed Servitor": 2.3944869831546707,
    "Basilica Stalker": 6.134752654392174,
    "Case of the Stashed Skeleton": 2.205334002173731,
    "Cerebral Confiscation": 7.494201134510713,
    "Deadly Cover-Up": 2.1119908507081906,
    "Extract a Confession": 4.810460804926114,
    "Festerleech": 5.619006676787082,
    "Homicide Investigator": 1.9290172333488589,
    "Hunted Bonebrute": 2.1111205940087054,
    "Illicit Masquerade": 4.003310089151735,
    "It Doesn't Add Up": 6.252556352394898,
    "Lead Pipe": 6.731434180029327,
    "Leering Onlooker": 3.3667832462497893,
    "Long Goodbye": 2.8891731685074475,
    "Macabre Reconstruction": 6.849322029113698,
    "Massacre Girl, Known Killer": 1.4226831896551724,
    "Murder": 3.6177019914133943,
    "Nightdrinker Moroii": 4.4154683377308706,
    "Outrageous Robbery": 2.529132939546416,
    "Persuasive Interrogators": 5.698492394669539,
    "Polygraph Orb": 6.778545808689042,
    "Presumed Dead": 5.832838518136053,
    "Repeat Offender": 6.304099611201338,
    "Rot Farm Mortipede": 7.118377767275491,
    "Slice from the Shadows": 4.323066039918814,
    "Slimy Dualleech": 4.872037341953806,
    "Snarling Gorehound": 5.888034813097442,
    "Soul Enervation": 3.465074854743628,
    "Toxin Analysis": 6.762734908310555,
    "Undercity Eliminator": 3.7149024280663374,
    "Unscrupulous Agent": 5.170221838216317,
    "Vein Ripper": 1.5808353808353808,
    "Anzrag's Rampage": 5.703831549879185,
    "Bolrac-Clan Basher": 3.9066169787311398,
    "Case of the Burning Masks": 3.3902537510094786,
    "Case of the Crimson Pulse": 2.936706554090992,
    "Caught Red-Handed": 7.068212118425892,
    "The Chase Is On": 6.488222010193367,
    "Concealed Weapon": 5.059456414589494,
    "Connecting the Dots": 4.131175118989003,
    "Convenient Target": 5.849594328274168,
    "Cornered Crook": 4.3599591722503,
    "Crime Novelist": 5.271237212456904,
    "Demand Answers": 6.794336353378311,
    "Expedited Inheritance": 5.199688594783963,
    "Expose the Culprit": 7.119103883949462,
    "Felonious Rage": 6.669538838408295,
    "Frantic Scapegoat": 4.684836682843711,
    "Fugitive Codebreaker": 2.115239078087375,
    "Galvanize": 3.135183117667515,
    "Gearbane Orangutan": 5.51434164924998,
    "Goblin Maskmaker": 6.5984596644650315,
    "Harried Dronesmith": 3.339456362483326,
    "Incinerator of the Guilty": 1.2636496350364963,
    "Innocent Bystander": 6.015283625963296,
    "Knife": 6.343962667703675,
    "Krenko, Baron of Tin Street": 1.690767884489171,
    "Krenko's Buzzcrusher": 1.8705566733735748,
    "Lamplight Phoenix": 1.7464550264550265,
    "Offender at Large": 6.298530778701887,
    "Person of Interest": 4.649841198510971,
    "Pyrotechnic Performer": 1.778147416571369,