{
    "Another Round": 6.329229348620676,
    "Archangel of Tithes": 2.1193613786112517,
    "Armored Armadillo": 7.9554875681176105,
    "Aven Interrupter": 2.4170731707317072,
    "Bounding Felidar": 4.03873552983081,
    "Bovine Intervention": 6.373794876503535,
    "Bridled Bighorn": 5.787195977729453,
    "Claim Jumper": 2.712388975368556,
    "Dust Animus": 1.4625723352622737,
    "Eriette's Lullaby": 5.748646903253583,
    "Final Showdown": 1.7469879518072289,
    "Fortune, Loyal Steed": 2.0219624967891088,
    "Frontier Seeker": 3.7020897921690206,
    "Getaway Glamer": 3.9540586764899355,
    "High Noon": 5.819047216111017,
    "Holy Cow": 4.774874345640794,
    "Inventive Wingsmith": 7.61976590165707,
    "Lassoed by the Law": 2.488687584788412,
    "Mystical Tether": 3.4048066136662927,
    "Nurturing Pixie": 5.52650294042944,
    "Omenport Vigilante": 4.758080205155414,
    "One Last Job": 3.4908065190137902,
    "Outlaw Medic": 5.933179810203268,
    "Prairie Dog": 2.9838303606255097,
    "Prosperity Tycoon": 3.976466628695697,
    "Requisition Raid": 5.472255765614174,
    "Rustler Rampage": 6.9938908965754605,
    "Shepherd of the Clouds": 2.605871960965761,
    "Sheriff of Safe Passage": 5.476191432127514,
    "Stagecoach Security": 6.583556880278191,
    "Steer Clear": 6.5359860823745874,
    "Sterling Keykeeper": 6.025513988192364,
    "Sterling Supplier": 6.443521858317703,
    "Take Up the Shield": 5.308656027186771,
    "Thunder Lasso": 5.893477800658186,
    "Trained Arynx": 4.260255448515477,
    "Vengeful Townsfolk": 6.364986837156826,
    "Wanted Griffin": 6.569918219733841,
    "Archmage's Newt": 3.9153149869388253,
    "Canyon Crab": 4.989116407123806,
    "Daring Thunder-Thief": 8.00079005336208,
    "Deepmuck Desperado": 4.927447731039023,
    "Djinn of Fool's Fall": 7.3501441515650745,
    "Double Down": 3.4725483973341795,
    "Duelist of the Mind": 2.574444992599901,
    "Emergent Haunting": 5.270570948782535,
    "Failed Fording": 7.298128084249993,
    "Fblthp, Lost on the Range": 3.4858354903652575,
    "Fleeting Reflection": 7.692191167412981,
    "Geralf, the Fleshwright": 1.741183879093199,
    "Geyser Drake": 6.521139665459663,
    "Harrier Strix": 7.6603667407834415,
    "Jailbreak Scheme": 7.209246094072911,
    "The Key to the Vault": 5.188400873574375,
    "Loan Shark": 5.631103074141048,
    "Marauding Sphinx": 3.3822992408469204,
    "Metamorphic Blast": 5.241286422240957,
    "Nimble Brigand": 3.9670220212135896,
    "Outlaw Stitcher": 3.771777690185258,
    "Peerless Ropemaster": 8.060669623237045,
    "Phantom Interference": 5.976612071927614,
    "Plan the Heist": 5.87129539974559,
    "Razzle-Dazzler": 7.071098199882942,
    "Seize the Secrets": 7.302135258306272,
    "Shackle Slinger": 6.402225200580168,
    "Shifting Grift": 7.753400285989824,
    "Slickshot Lockpicker": 3.73856909285674,
    "Slickshot Vault-Buster": 8.30866123880587,
    "Spring Splasher": 7.686724928873824,
    "Step Between Worlds": 6.342301943198804,
    "Stoic Sphinx": 1.9888215488215488,
    "Stop Cold": 6.593957061427621,
    "Take the Fall": 6.845851454151379,
    "This Town Ain't Big Enough": 5.335059533518186,
    "Three Steps Ahead": 2.6351612280363006,
    "Visage Bandit": 4.965723378634096,
    "Ambush Gigapede": 6.388097179429825,
    "Binding Negotiation": 5.708245647599005,
    "Blacksnag Buzzard": 7.004789245398432,
    "Blood Hustler": 2.8516283776187086,
    "Boneyard Desecrator": 7.25174632669213,
    "Caustic Bronco": 1.8523286086201909,
    "Consuming Ashes": 3.531294607214574,
    "Corrupted Conviction": 7.95325631653371,
    "Desert's Due": 3.7879183154479388,
    "Desperate Bloodseeker": 4.670727598375628,
    "Fake Your Own Death": 7.2163682829309845,
    "Forsaken Miner": 4.606493446557135,
    "Gisa, the Hellraiser": 1.2772108843537415,
    "Hollow Marauder": 3.0299534292972057,
    "Insatiable Avarice": 4.199044042335268,
    "Kaervek, the Punisher": 2.277201166180758,
    "Lively Dirge": 5.262579099342631,
    "Mourner's Surprise": 5.830877006967586,
    "Neutralize the Guards": 7.328794780664431,
    "Nezumi Linkbreaker": 7.0632183507468405,
    "Overzealous Muscle": 7.604159471228405,
    "Pitiless Carnage": 6.20189659242937,
    "Rakish Crew": 5.3506316649556895,
    "Rattleback Apothecary": 3.839868142470453,
    "Raven of Fell Omens": 5.106506020015918,
    "Rictus Robber": 3.914451080923939,
    "Rooftop Assassin": 5.873003744751673,
    "Rush of Dread": 2.282735042735043,
    "Servant of the Stinger": 3.6442560735754452,
    "Shoot the Sheriff": 3.0390840762104525,
    "Skulduggery": 6.365566910116842,
    "Tinybones Joins Up": 5.2153081141370015,
    "Tinybones, the Pickpocket": 2.0364331210191082,
    "Treasure Dredger": 4.578915226635303,
    "Unfortunate Accident": 3.0684893959639568,
    "Unscrupulous Contractor": 4.351661703394878,
    "Vadmir, New Blood": 1.7926455566905004,
    "Vault Plunderer": 4.226741590481182,
    "Brimstone Roundup": 6.517395199180973,
    "Calamity, Galloping Inferno": 1.6810400516795865,
    "Caught in the Crossfire": 6.782556666197381,
    "Cunning Coyote": 4.382599329822882,
    "Deadeye Duelist": 5.827452106684882,
    "Demonic Ruckus": 5.672389710161797,
    "Discerning Peddler": 6.547893384157787,
    "Explosive Derailment": 4.298980373895243,
    "Ferocification": 6.5971559649796205,
    "Gila Courser": 4.338313357192612,
    "Great Train Heist": 3.0151285930408473,
    "Hell to Pay": 2.9703490759753595,
    "Hellspur Brute": 4.520374318881782,
    "Hellspur Posse Boss": 1.9327456277548698,
    "Highway Robbery": 7.412892997956855,
    "Irascible Wolverine": 6.045023377090452,
    "Iron-Fist Pulverizer": 7.3704146648246285,
    "Longhorn Sharpshooter": 3.088408110586557,
    "Magda, the Hoardmaster": 1.827452110038888,
    "Magebane Lizard": 7.611180579869621,
    "Mine Raider": 6.471191384990494,
    "Outlaws' Fury": 8.313320225280767,
    "Prickly Pair": 5.102009299656538,
    "Quick Draw": 8.379643279280716,
    "Quilled Charger": 7.029428880206169,
    "Reckless Lackey": 6.8855072257218595,
    "Resilient Roadrunner": 5.188028882957814,
    "Return the Favor": 7.120572487644152,
    "Rodeo Pyromancers": 7.753638296132777,
    "Scalestorm Summoner": 3.82196176542572,
    "Scorching Shot": 3.8135235799967138,
    "Slickshot Show-Off": 2.518492320129345,
    "Stingerback Terror": 1.6723297152745005,
    "Take for a Ride": 6.632158474263737,
    "Terror of the Peaks": 1.2785221274868046,
    "Thunder Salvo": 5.192700268078658,
    "Trick Shot": 7.381580562869186,
    "Aloe Alchemist": 2.8644295302013423,
    "Ankle Biter": 5.9111309247298935,
    "Beastbond Outcaster": 2.9484459002385446,
    "Betrayal at the Vault": 4.540646982493683,
    "Bristlepack Sentry": 5.469737776840987,
    "Bristly Bill, Spine Sower": 1.2548179871520342,
    "Cactarantula": 3.558747312765092,
    "Colossal Rattlewurm": 1.4455518641565153,
    "Dance of the Tumbleweeds": 4.107349657121401,
    "Drover Grizzly": 4.820133266216758,
    "Freestrider Commando": 4.927130506381227,
    "Freestrider Lookout": 1.8398515558093063,
    "Full Steam Ahead": 6.471169511935964,
    "Giant Beaver": 3.9556664378438744,
    "Gold Rush": 5.777516196733279,
    "Goldvein Hydra": 1.2851805728518058,
    "Hardbristle Bandit": 3.4611849858930253,
    "Intrepid Stablemaster": 2.9205438174839475,
    "Map the Frontier": 6.3897455251240025,
    "Ornery Tumblewagg": 1.3891376289663226,
    "Outcaster Greenblade": 2.3757769737452454,
    "Outcaster Trailblazer": 1.62137797810689,
    "Patient Naturalist": 4.323661436043747,
    "Railway Brawler": 1.210340256296951,
    "Rambling Possum": 3.526479213386234,
    "Raucous Entertainer": 3.9317480486476675,
    "Reach for the Sky": 7.45355354607279,
    "Rise of the Varmints": 5.31545848389866,
    "Smuggler's Surprise": 3.0146937427769522,
    "Snakeskin Veil": 4.618004801280342,
    "Spinewoods Armadillo": 2.219484495358483,