{
    "Another Round": 6.532462865356972,
    "Archangel of Tithes": 2.2321830457614404,
    "Armored Armadillo": 8.002376497408434,
    "Aven Interrupter": 2.6168542654028437,
    "Bounding Felidar": 3.87888672371431,
    "Bovine Intervention": 6.519688725059973,
    "Bridled Bighorn": 5.699541142567376,
    "Claim Jumper": 2.8919851380042463,
    "Dust Animus": 1.461853259280912,
    "Eriette's Lullaby": 5.7203423223740915,
    "Final Showdown": 1.7316213494461228,
    "Fortune, Loyal Steed": 2.01702657807309,
    "Frontier Seeker": 3.807841923791,
    "Getaway Glamer": 3.4846602494191283,
    "High Noon": 6.008462345840987,
    "Holy Cow": 4.684305750350632,
    "Inventive Wingsmith": 7.852738768575668,
    "Lassoed by the Law": 2.279607843137255,
    "Mystical Tether": 3.143731276690675,
    "Nurturing Pixie": 5.576106882087929,
    "Omenport Vigilante": 4.892819724802682,
    "One Last Job": 3.5579127825993786,
    "Outlaw Medic": 5.977392983125179,
    "Prairie Dog": 2.9806139852188744,
    "Prosperity Tycoon": 3.8487326943556974,
    "Requisition Raid": 5.666119873817035,
    "Rustler Rampage": 7.213756469626805,
    "Shepherd of the Clouds": 2.4230826067681397,
    "Sheriff of Safe Passage": 5.8427655508291725,
    "Stagecoach Security": 6.531983285117326,
    "Steer Clear": 6.600318964627053,
    "Sterling Keykeeper": 5.7923938116689415,
    "Sterling Supplier": 6.239173078052505,
    "Take Up the Shield": 5.171752692793603,
    "Thunder Lasso": 6.023118230636206,
    "Trained Arynx": 3.846904849860151,
    "Vengeful Townsfolk": 6.371630676719768,
    "Wanted Griffin": 6.570123067069265,
    "Archmage's Newt": 4.272758710123628,
    "Canyon Crab": 4.949808008776742,
    "Daring Thunder-Thief": 8.24680014530225,
    "Deepmuck Desperado": 4.657683658170915,
    "Djinn of Fool's Fall": 7.564493302175559,
    "Double Down": 3.4419354838709677,
    "Duelist of the Mind": 2.7034116755117514,
    "Emergent Haunting": 5.6426736034006915,
    "Failed Fording": 7.353948082739671,
    "Fblthp, Lost on the Range": 4.024028679391532,
    "Fleeting Reflection": 7.911915591284113,
    "Geralf, the Fleshwright": 1.7641509433962264,
    "Geyser Drake": 6.844819015248731,
    "Harrier Strix": 7.853501385342533,
    "Jailbreak Scheme": 7.182800580178704,
    "The Key to the Vault": 5.535797779076564,
    "Loan Shark": 5.661539428212378,
    "Marauding Sphinx": 3.296195652173913,
    "Metamorphic Blast": 5.144074283622325,
    "Nimble Brigand": 4.016360091548699,
    "Outlaw Stitcher": 4.013401109057301,
    "Peerless Ropemaster": 8.060050453545166,
    "Phantom Interference": 5.978225512804952,
    "Plan the Heist": 5.552181028513879,
    "Razzle-Dazzler": 7.404229347740091,
    "Seize the Secrets": 7.332801383070683,
    "Shackle Slinger": 6.775218924144205,
    "Shifting Grift": 7.987736519382089,
    "Slickshot Lockpicker": 3.7083877358065824,
    "Slickshot Vault-Buster": 8.481102655526582,
    "Spring Splasher": 7.763112943762036,
    "Step Between Worlds": 6.548133357536153,
    "Stoic Sphinx": 1.982258762440502,
    "Stop Cold": 6.516507532109341,
    "Take the Fall": 6.9537907445579545,
    "This Town Ain't Big Enough": 5.310455523097172,
    "Three Steps Ahead": 2.6352440322335413,
    "Visage Bandit": 4.89359688781411,
    "Ambush Gigapede": 5.826818137917713,
    "Binding Negotiation": 5.3848646947765895,
    "Blacksnag Buzzard": 7.219612845970381,
    "Blood Hustler": 2.6417094692479917,
    "Boneyard Desecrator": 7.249345975958407,
    "Caustic Bronco": 1.7787714756413273,
    "Consuming Ashes": 3.151829268292683,
    "Corrupted Conviction": 7.887565353312133,
    "Desert's Due": 3.4413822509060603,
    "Desperate Bloodseeker": 4.498122181459623,
    "Fake Your Own Death": 7.080410371692728,
    "Forsaken Miner": 4.582649472450176,
    "Gisa, the Hellraiser": 1.245664739884393,
    "Hollow Marauder": 2.6445932373619017,
    "Insatiable Avarice": 4.372284512964261,
    "Kaervek, the Punisher": 2.4194151649098945,
    "Lively Dirge": 4.85255746531373,
    "Mourner's Surprise": 5.456402590931739,
    "Neutralize the Guards": 7.575865339023234,
    "Nezumi Linkbreaker": 6.89252942969041,
    "Overzealous Muscle": 7.449902088772846,
    "Pitiless Carnage": 6.3563618593854985,
    "Rakish Crew": 5.493330685466521,
    "Rattleback Apothecary": 3.735176637670868,
    "Raven of Fell Omens": 5.071122929686973,
    "Rictus Robber": 3.8450228156160215,
    "Rooftop Assassin": 5.623298237022527,
    "Rush of Dread": 2.0960325534079347,
    "Servant of the Stinger": 3.5122041420118344,
    "Shoot the Sheriff": 2.7733511478197497,
    "Skulduggery": 6.57147077874115,
    "Tinybones Joins Up": 5.5610758832137135,
    "Tinybones, the Pickpocket": 2.156055900621118,
    "Treasure Dredger": 4.566573737516322,
    "Unfortunate Accident": 2.8368210674817775,
    "Unscrupulous Contractor": 4.281433000344471,
    "Vadmir, New Blood": 1.7727055449330784,
    "Vault Plunderer": 3.8741486327797348,
    "Brimstone Roundup": 6.9424867679941125,
    "Calamity, Galloping Inferno": 1.6284269363854138,
    "Caught in the Crossfire": 7.151281344723064,
    "Cunning Coyote": 4.520446779586288,
    "Deadeye Duelist": 5.972270321384274,
    "Demonic Ruckus": 5.9011814929501245,
    "Discerning Peddler": 6.572051143110783,
    "Explosive Derailment": 4.264667209316887,
    "Ferocification": 6.84314909028197,
    "Gila Courser": 4.427845719661335,
    "Great Train Heist": 3.171171171171171,
    "Hell to Pay": 3.1985120892746437,
    "Hellspur Brute": 4.506120136003022,
    "Hellspur Posse Boss": 2.004314994606257,
    "Highway Robbery": 7.488737730513489,
    "Irascible Wolverine": 6.216062586416762,
    "Iron-Fist Pulverizer": 7.359076503213311,
    "Longhorn Sharpshooter": 3.1779453836150844,
    "Magda, the Hoardmaster": 1.9305770506301128,
    "Magebane Lizard": 7.8785292012406885,
    "Mine Raider": 6.448544638079062,
    "Outlaws' Fury": 8.430727521133976,
    "Prickly Pair": 5.259376969951671,
    "Quick Draw": 8.610258206990276,
    "Quilled Charger": 7.057369982645692,
    "Reckless Lackey": 7.133732445084624,
    "Resilient Roadrunner": 5.384474504385824,
    "Return the Favor": 7.426670273194482,
    "Rodeo Pyromancers": 8.025566816652834,
    "Scalestorm Summoner": 3.875869660942316,
    "Scorching Shot": 4.001403896877393,
    "Slickshot Show-Off": 2.955833791964777,
    "Stingerback Terror": 1.7402056807051909,
    "Take for a Ride": 6.89074321317312,
    "Terror of the Peaks": 1.315358361774744,
    "Thunder Salvo": 5.3915847626389155,
    "Trick Shot": 7.384558661677306,
    "Aloe Alchemist": 2.8576010262989096,
    "Ankle Biter": 5.9667665388302975,
    "Beastbond Outcaster": 2.9456478253414873,
    "Betrayal at the Vault": 4.401145179165128,
    "Bristlepack Sentry": 5.347559745890894,
    "Bristly Bill, Spine Sower": 1.2314410480349345,
    "Cactarantula": 3.2942432421544536,
    "Colossal Rattlewurm": 1.4305840915761667,
    "Dance of the Tumbleweeds": 3.6386890774391447,
    "Drover Grizzly": 4.639498738482555,
    "Freestrider Commando": 5.024599240666526,
    "Freestrider Lookout": 1.8476491862567812,
    "Full Steam Ahead": 6.570757618115739,
    "Giant Beaver": 3.79523510546232,
    "Gold Rush": 5.874879720075813,
    "Goldvein Hydra": 1.2958500669344042,
    "Hardbristle Bandit": 3.328822332417962,
    "Intrepid Stablemaster": 3.0150833698990787,
    "Map the Frontier": 6.288291413703383,
    "Ornery Tumblewagg": 1.3442622950819672,
    "Outcaster Greenblade": 2.1878322021424483,
    "Outcaster Trailblazer": 1.601632438125329,
    "Patient Naturalist": 4.359339056697388,
    "Railway Brawler": 1.184402332361516,
    "Rambling Possum": 3.46211455781055,
    "Raucous Entertainer": 4.033852702594169,
    "Reach for the Sky": 7.3739654453250205,
    "Rise of the Varmints": 5.673680981595092,
    "Smuggler's Surprise": 2.939814191463579,
    "Snakeskin Veil": 4.57205733148516,
    "Spinewoods Armadillo": 2.082051282051282,