{
    "Abuelo's Awakening": 4.592213957904732,
    "Acrobatic Leap": 8.55043740638635,
    "Adaptive Gemguard": 5.614530487221212,
    "Attentive Sunscribe": 5.664379614216859,
    "Bat Colony": 6.584265112289953,
    "Clay-Fired Bricks": 2.9972958218543297,
    "Cosmium Blast": 5.424624012235534,
    "Dauntless Dismantler": 5.847930576288981,
    "Deconstruction Hammer": 6.802042588259532,
    "Dusk Rose Reliquary": 3.24910812966046,
    "Envoy of Okinec Ahau": 6.635633458135498,
    "Fabrication Foundry": 5.086708679461473,
    "Family Reunion": 8.452225416622046,
    "Get Lost": 2.6920030799692003,
    "Glorifier of Suffering": 5.886031002336232,
    "Guardian of the Great Door": 3.2524049601864986,
    "Helping Hand": 6.283762045074461,
    "Ironpaw Aspirant": 5.227986967459892,
    "Kinjalli's Dawnrunner": 3.4961942545520333,
    "Kutzil's Flanker": 2.2517254850892043,
    "Malamet War Scribe": 4.484843167814051,
    "Market Gnome": 4.407366459881661,
    "Might of the Ancestors": 6.232852074911311,
    "Miner's Guidewing": 4.348667485327759,
    "Mischievous Pup": 4.740911531234421,
    "Ojer Taq, Deepest Foundation": 1.5287755102040816,
    "Oltec Archaeologists": 7.449057116107517,
    "Oltec Cloud Guard": 3.442132515102119,
    "Oteclan Landmark": 7.014909872484918,
    "Petrify": 3.485335209272123,
    "Quicksand Whirlpool": 5.178374824836081,
    "Resplendent Angel": 1.3839965209828224,
    "Ruin-Lurker Bat": 3.0927775128174555,
    "Sanguine Evangelist": 1.6207945257555598,
    "Soaring Sandwing": 5.972066952169907,
    "Spring-Loaded Sawblades": 2.5944959443800695,
    "Thousand Moons Crackshot": 7.781078697346239,
    "Thousand Moons Infantry": 7.981503930797892,
    "Thousand Moons Smithy": 1.4865415986949428,
    "Tinker's Tote": 4.185527258570204,
    "Unstable Glyphbridge": 1.6256139025311673,
    "Vanguard of the Rose": 4.5479801261608905,
    "Warden of the Inner Sky": 1.704432182271271,
    "Akal Pakal, First Among Equals": 1.8380983768641346,
    "Ancestral Reminiscence": 8.524874211607965,
    "Brackish Blunder": 6.0212335787701825,
    "Braided Net": 2.3991053677932404,
    "Chart a Course": 4.376828013428818,
    "Cogwork Wrestler": 5.936433608184209,
    "Confounding Riddle": 5.336031106497528,
    "Council of Echoes": 5.078909974759278,
    "Didact Echo": 7.6514435252405875,
    "Eaten by Piranhas": 4.403711050500041,
    "The Enigma Jewel": 4.507655533303185,
    "The Everflowing Well": 2.687805151804254,
    "Frilled Cave-Wurm": 8.658180669786638,
    "Hermitic Nautilus": 4.553154010467812,
    "Hurl into History": 7.000082433435002,
    "Inverted Iceberg": 5.238146485567044,
    "Kitesail Larcenist": 1.6134309902026063,
    "Lodestone Needle": 3.5981990752007786,
    "Malcolm, Alluring Scoundrel": 1.5888751073370861,
    "Marauding Brinefang": 6.9851696943152914,
    "Merfolk Cave-Diver": 6.1804566637940415,
    "Oaken Siren": 4.380185789438636,
    "Ojer Pakpatiq, Deepest Epoch": 1.4191693290734824,
    "Orazca Puzzle-Door": 7.396897784374486,
    "Out of Air": 8.328736304839301,
    "Pirate Hat": 7.8072081670387155,
    "Relic's Roar": 9.328243621592858,
    "River Herald Scout": 5.441192406417836,
    "Sage of Days": 7.980630388755499,
    "Self-Reflection": 7.188195744806334,
    "Shipwreck Sentry": 7.036822206044666,
    "Sinuous Benthisaur": 6.681970534911711,
    "Song of Stupefaction": 8.88208188629973,
    "Spyglass Siren": 2.765767889923708,
    "Staunch Crewmate": 3.719752647141823,
    "Tishana's Tidebinder": 2.2005501878690286,
    "Unlucky Drop": 7.750970108361384,
    "Waterlogged Hulk": 7.265581096385174,
    "Waterwind Scout": 3.3856701091078825,
    "Waylaying Pirates": 6.094075668328047,
    "Zoetic Glyph": 2.987886079704651,
    "Abyssal Gorestalker": 6.459753663637159,
    "Aclazotz, Deepest Betrayal": 1.2461873638344227,
    "Another Chance": 6.524348131948798,
    "Bitter Triumph": 2.6977637418914306,
    "Bloodthorn Flail": 7.959228638427805,
    "Bringer of the Last Gift": 2.6170163707632,
    "Broodrage Mycoid": 6.495899854525912,
    "Canonized in Blood": 6.282666398720558,
    "Chupacabra Echo": 2.539042684252482,
    "Corpses of the Lost": 2.1944329327255145,
    "Dead Weight": 4.406685157930488,
    "Deathcap Marionette": 5.408152123528261,
    "Deep Goblin Skulltaker": 6.578554728357842,
    "Deep-Cavern Bat": 2.8698079825999447,
    "Echo of Dusk": 5.931733880008969,
    "Fanatical Offering": 6.6581723942706805,
    "Gargantuan Leech": 6.448170658849582,
    "Grasping Shadows": 5.083177904193478,
    "Greedy Freebooter": 7.002318675144695,
    "Join the Dead": 3.348719284351297,
    "Malicious Eclipse": 6.56599337564238,
    "Mephitic Draught": 7.235188081850058,
    "Preacher of the Schism": 1.5729077609955353,
    "Primordial Gnawer": 7.810033749066426,
    "Queen's Bay Paladin": 3.1537025513378967,
    "Rampaging Spiketail": 5.948310909529799,
    "Ray of Ruin": 6.33604969421567,
    "Screaming Phantom": 6.685542681628805,
    "Skullcap Snail": 5.4455248888903975,
    "Soulcoil Viper": 4.436794818219807,
    "Stalactite Stalker": 2.0681442037849895,
    "Starving Revenant": 1.8887655593435344,
    "Stinging Cave Crawler": 3.7510807218383646,
    "Synapse Necromage": 4.892597858022937,
    "Tarrian's Journal": 2.2456548515122488,
    "Terror Tide": 2.227662592017289,
    "Tithing Blade": 4.749341918602818,
    "Visage of Dread": 4.2658747488863655,
    "Vito's Inquisitor": 7.778514592624345,
    "Abrade": 2.6713512940178195,
    "Ancestors' Aid": 7.176541053587126,
    "Belligerent Yearling": 3.0432667843994134,
    "Bonehoard Dracosaur": 1.1442562202223399,
    "Brass's Tunnel-Grinder": 2.3809162717219587,
    "Brazen Blademaster": 6.894758456461301,
    "Breeches, Eager Pillager": 1.4158978759922762,
    "Burning Sun Cavalry": 6.64334540939039,
    "Calamitous Cave-In": 7.167812286588082,
    "Child of the Volcano": 7.86902171035582,
    "Curator of Sun's Creation": 5.629776915615907,
    "Daring Discovery": 8.525895481126192,
    "Diamond Pick-Axe": 3.663807463762711,
    "Dinotomaton": 5.248596970957469,
    "Dire Flail": 2.112397526247663,
    "Dowsing Device": 5.385140074862557,
    "Dreadmaw's Ire": 3.6664250507393445,
    "Enterprising Scallywag": 3.939260233884963,
    "Etali's Favor": 5.199254494904028,
    "Geological Appraiser": 2.566319978294293,
    "Goblin Tomb Raider": 5.720638574518051,
    "Goldfury Strider": 6.1568231812499015,
    "Hit the Mother Lode": 5.609721903596646,
    "Hotfoot Gnome": 7.388599124843215,
    "Idol of the Deep King": 5.093935137115984,
    "Inti, Seneschal of the Sun": 1.4568405614917244,
    "Magmatic Galleon": 1.5539644401729937,
    "Ojer Axonil, Deepest Might": 1.5799732467036116,
    "Panicked Altisaur": 5.528636748291629,
    "Plundering Pirate": 4.443140861040433,
    "Poetic Ingenuity": 1.9629778027085503,
    "Rampaging Ceratops": 4.554182704119237,
    "Rumbling Rockslide": 4.981060238364882,
    "Saheeli's Lattice": 4.693973129196132,
    "Scytheclaw Raptor": 2.9213959706790833,
    "Seismic Monstrosaur": 5.64485271443642,
    "Sunfire Torch": 5.661978772291705,
    "Sunshot Militia": 5.760031014391196,
    "Tectonic Hazard": 9.35446729996052,
    "Triumphant Chomp": 3.2414852576467346,
    "Trumpeting Carnosaur": 1.3074613074613075,
    "Volatile Wanderglyph": 5.135899718449818,
    "Zoyowa's Justice": 8.07595514454439,
    "Armored Kincaller": 5.2437390215939335,
    "Basking Capybara": 7.602953303125877,
    "Bedrock Tortoise": 1.823796548592189,
    "Cavern Stomper": 5.705324316791208,
    "Cenote Scout": 3.9397748101597276,
    "Coati Scavenger": 4.63062396400663,
    "Colossadactyl": 3.064586826699615,
    "Disturbed Slumber": 9.231967228639226,
    "Earthshaker Dreadmaw": 3.4140502941296345,
    "Explorer's Cache": 5.553266183558129,
    "Ghalta, Stampede Tyrant": 2.2031758957654723,
    "Glimpse the Core": 6.135755320537929,
    "Glowcap Lantern": 6.129648893586212,
    "Growing Rites of Itlimoc": 3.926302123109821,