{
    "Putrid Warrior": 6.9371693121693125,
    "Krosan Tusker": 4.496581196581197,
    "Mass Hysteria": 5.701881331403762,
    "Spell Snare": 7.030721003134796,
    "Ghost Quarter": 7.384475439660401,
    "Enlisted Wurm": 3.248730964467005,
    "Kuldotha Rebirth": 6.3722067039106145,
    "Molten Psyche": 6.009695290858725,
    "Leonin Relic-Warder": 4.040877367896311,
    "Gnaw to the Bone": 7.642688679245283,
    "Stromkirk Captain": 6.531645569620253,
    "Burden of Guilt": 6.873944119558154,
    "Ixidor, Reality Sculptor": 4.338491295938105,
    "Duskmantle, House of Shadow": 7.815974440894569,
    "Worldspine Wurm": null,
    "Possibility Storm": 5.680769230769231,
    "Millstone": 7.656983930778739,
    "Nyx Weaver": 5.126391096979332,
    "Evolutionary Leap": 5.186274509803922,
    "Shard of Broken Glass": 7.909203211859173,
    "Metalspinner's Puzzleknot": 6.720607661822985,
    "Smuggler's Copter": null,
    "Consign // Oblivion": 5.495614035087719,
    "Bishop of the Bloodstained": 6.9375,
    "Goblin Warchief": 6.67412771560237,
    "High Alert": 6.9912751677852345,
    "Jace, Wielder of Mysteries": null,
    "Syr Konrad, the Grim": 3.2857142857142856,
    "Ranger-Captain of Eos": null,
    "Hard Evidence": 4.575862068965518,
    "Combine Chrysalis": 5.4418238993710695,
    "Quintorius, Field Historian": 5.26484375,
    "Laid to Rest": 7.545167403663929,
    "Monologue Tax": 5.326465927099841,
    "Magmaw": 4.912049252418646,
    "Mistveil Plains": 7.139505389980976,
    "Mentor of the Meek": 2.430441898527005,
    "Ghostly Prison": null,
    "Fabricate": 5.4265625,
    "Show and Tell": 4.7184300341296925,
    "Tragic Slip": null,
    "Victimize": null,
    "Gamble": 4.697080291970803,
    "Crashing Footfalls": null,
    "Tireless Tracker": null,
    "Drown in the Loch": null,
    "Field of the Dead": 4.66497461928934,
    "Case of the Shattered Pact": 6.019993203443589,
    "Absolving Lammasu": 6.031051044342679,
    "Assemble the Players": 3.975113981762918,
    "Aurelia's Vindicator": 1.1460506706408347,
    "Auspicious Arrival": 4.848289821975398,
    "Call a Surprise Witness": 5.257724894094194,
    "Case of the Gateway Express": 2.4643558798765084,
    "Case of the Pilfered Proof": 5.289916792242678,
    "Case of the Uneaten Feast": 5.4254341897516865,
    "Defenestrated Phantom": 6.601985986330224,
    "Delney, Streetwise Lookout": 1.7757805108798486,
    "Doorkeeper Thrull": 4.513209393346379,
    "Due Diligence": 6.622873773849305,
    "Essence of Antiquity": 6.18186880498942,
    "Forum Familiar": 5.735936310952408,
    "Griffnaut Tracker": 5.8829423821452975,
    "Haazda Vigilante": 5.56214478710519,
    "Inside Source": 3.092782212563213,
    "Karlov Watchdog": 3.577606109039247,
    "Krovod Haunch": 5.727967600250984,
    "Make Your Move": 5.588562501479395,
    "Makeshift Binding": 2.5481821023023232,
    "Marketwatch Phantom": 3.1993691103657564,
    "Museum Nightwatch": 4.503101028235678,
    "Neighborhood Guardian": 2.467171717171717,
    "No Witnesses": 2.4858776059179557,
    "Not on My Watch": 3.5037200330669607,
    "Novice Inspector": 2.532982097736681,
    "On the Job": 5.032344046337588,
    "Perimeter Enforcer": 2.654157189790245,
    "Sanctuary Wall": 6.755371813777122,
    "Seasoned Consultant": 4.150469469529335,
    "Tenth District Hero": 1.4652250146113384,
    "Unyielding Gatekeeper": 1.725168756027001,
    "Wrench": 6.728459252971137,
    "Agency Outfitter": 6.625128789111219,
    "Behind the Mask": 8.372759928558528,
    "Benthic Criminologists": 7.487176816183671,
    "Bubble Smuggler": 6.0442018976019565,
    "Burden of Proof": 6.026639931251791,
    "Candlestick": 7.0375256214852575,
    "Case of the Filched Falcon": 4.964493833852826,
    "Case of the Ransacked Lab": 6.265867677632383,
    "Cold Case Cracker": 4.163739135719929,
    "Conspiracy Unraveler": 3.6920583468395463,
    "Coveted Falcon": 3.5348789495281085,
    "Crimestopper Sprite": 4.966486932741673,
    "Cryptic Coat": 1.4699769053117784,
    "Curious Inquiry": 6.276765245300321,
    "Deduce": 5.518693846005217,
    "Dramatic Accusation": 5.470747009045812,
    "Eliminate the Impossible": 5.406101163561826,
    "Exit Specialist": 2.9996793844180827,
    "Fae Flight": 6.11671494292043,
    "Forensic Gadgeteer": 3.133104902477596,
    "Forensic Researcher": 4.4144439586066175,
    "Furtive Courier": 4.9586321381142096,
    "Hotshot Investigators": 6.85224988893355,
    "Intrude on the Mind": 2.142622950819672,
    "Jaded Analyst": 6.3533056002862764,
    "Living Conundrum": 7.519111702399837,
    "Lost in the Maze": 2.977559969048233,
    "Mistway Spy": 4.779129232895646,
    "Out Cold": 4.953567059680903,
    "Proft's Eidetic Memory": 2.2821270310192023,
    "Projektor Inspector": 4.250752073900757,
    "Reasonable Doubt": 6.254931613477149,
    "Reenact the Crime": 5.604174924032237,
    "Steamcore Scholar": 1.8728146853146854,
    "Unauthorized Exit": 6.00666801374015,
    "Agency Coroner": 8.132343683366164,
    "Alley Assailant": 6.721585368496327,
    "Barbed Servitor": 3.11469009272816,
    "Basilica Stalker": 6.3716245931920135,
    "Case of the Stashed Skeleton": 2.615855524946434,
    "Cerebral Confiscation": 7.973848684210527,
    "Deadly Cover-Up": 2.3323386795971652,
    "Extract a Confession": 4.471460556540955,
    "Festerleech": 6.015772500732923,
    "Homicide Investigator": 2.0690208667736756,
    "Hunted Bonebrute": 2.147508826990977,
    "Illicit Masquerade": 4.730861819932595,
    "It Doesn't Add Up": 6.957797577762364,
    "Lead Pipe": 7.349357497568218,
    "Leering Onlooker": 3.622971741112124,
    "Long Goodbye": 3.15172706081797,
    "Macabre Reconstruction": 7.216679591708411,
    "Massacre Girl, Known Killer": 1.5842572062084257,
    "Murder": 4.216610020140987,
    "Nightdrinker Moroii": 4.79093387866394,
    "Outrageous Robbery": 2.7484892086330937,
    "Persuasive Interrogators": 6.132873903633671,
    "Polygraph Orb": 7.107746221036665,
    "Presumed Dead": 6.251679178190439,
    "Repeat Offender": 6.419615615883126,
    "Rot Farm Mortipede": 7.351806273986317,
    "Slice from the Shadows": 4.557063207600842,
    "Slimy Dualleech": 5.051791225010063,
    "Snarling Gorehound": 5.602184394371741,
    "Soul Enervation": 4.002322302396948,
    "Toxin Analysis": 6.918007727909643,
    "Undercity Eliminator": 4.399621785173979,
    "Unscrupulous Agent": 5.363513513513514,
    "Vein Ripper": 1.4738041002277904,
    "Anzrag's Rampage": 6.228635771008652,
    "Bolrac-Clan Basher": 4.175953757225433,
    "Case of the Burning Masks": 3.596016155682027,
    "Case of the Crimson Pulse": 3.1782597855896286,
    "Caught Red-Handed": 7.342668102785044,
    "The Chase Is On": 5.96644691975449,
    "Concealed Weapon": 5.663983075747781,
    "Connecting the Dots": 4.644778987828315,
    "Convenient Target": 6.548191466320121,
    "Cornered Crook": 4.872183503620001,
    "Crime Novelist": 5.578529683174408,
    "Demand Answers": 7.137604021459047,
    "Expedited Inheritance": 5.555761589403973,
    "Expose the Culprit": 7.5514294592914855,
    "Felonious Rage": 6.466310254937481,
    "Frantic Scapegoat": 4.84197201865423,
    "Fugitive Codebreaker": 2.1517215285660236,
    "Galvanize": 3.1283152627189326,
    "Gearbane Orangutan": 5.691746262702119,
    "Goblin Maskmaker": 6.397432156405019,
    "Harried Dronesmith": 3.3807696192303807,
    "Incinerator of the Guilty": 1.3556430446194225,
    "Innocent Bystander": 5.739100185528757,
    "Knife": 7.050226173763844,
    "Krenko, Baron of Tin Street": 1.7529013539651837,
    "Krenko's Buzzcrusher": 2.210828253854428,
    "Lamplight Phoenix": 1.7751450676982592,
    "Offender at Large": 5.423693066022087,
    "Person of Interest": 3.979413993432685,
    "Pyrotechnic Performer": 1.8005657708628007,
    "Reckless Detective": 2.852389878163074,
    "Red Herring": 4.377990293213865,
    "Rubblebelt Braggart": 7.2612939032818815,
    "Shock": 3.216435185185185,