{
    "Ajani, Nacatl Pariah": 1.383506343713956,
    "Razorgrass Ambush": 4.530371992744944,
    "Witch Enchanter": 4.537581699346405,
    "Hydroelectric Specimen": 5.713984385700589,
    "Sink into Stupor": 4.989282669589575,
    "Tamiyo, Inquisitive Student": 1.6805691854759568,
    "Boggart Trawler": 5.942973415781407,
    "Fell the Profane": 3.011661807580175,
    "Sorin of House Markov": 1.6853598014888338,
    "Pinnacle Monk": 4.771610612736552,
    "Ral, Monsoon Mage": 2.775599128540305,
    "Sundering Eruption": 6.17411954011056,
    "Bridgeworks Battle": 3.1450014573010785,
    "Disciple of Freyalise": 4.259772969137992,
    "Grist, Voracious Larva": 2.233617178822658,
    "Bloodsoaked Insight": 5.078736667946938,
    "Drowner of Truth": 3.3242389175716576,
    "Glasswing Grace": 4.187869875542484,
    "Legion Leadership": 4.79816626291742,
    "Revitalizing Repast": 3.7351089403594457,
    "Rush of Inspiration": 5.186578366445916,
    "Strength of the Harvest": 4.412527287993283,
    "Stump Stomp": 3.0229325572059413,
    "Suppression Ray": 5.079536263143704,
    "Waterlogged Teachings": 6.274433971929105,
    "Breaker of Creation": 3.2567827592842025,
    "Devourer of Destiny": 2.1223604826546003,
    "Drownyard Lurker": 5.117211926231366,
    "Echoes of Eternity": 3.7914002887193234,
    "Eldrazi Ravager": 3.5159581397368536,
    "Emrakul, the World Anew": 1.5008237232289952,
    "Glaring Fleshraker": 3.2121241513094083,
    "Herigast, Erupting Nullkite": 1.657495256166983,
    "It That Heralds the End": 3.536665942186481,
    "Kozilek, the Broken Reality": 1.3458646616541354,
    "Kozilek's Command": 2.3721928665785996,
    "Null Elemental Blast": 7.363856984958431,
    "Nulldrifter": 1.5530263838592862,
    "Twisted Riddlekeeper": 3.743092486704786,
    "Ulamog, the Defiler": 1.3975481611208407,
    "Warped Tusker": 4.753800847559078,
    "Wastescape Battlemage": 3.4805011469913536,
    "Aerie Auxiliary": 4.9926815628875,
    "Ajani Fells the Godsire": 4.10821402242657,
    "Argent Dais": 5.577438518927881,
    "Charitable Levy": 8.098803586897988,
    "Dog Umbra": 5.452159693244615,
    "Envoy of the Ancestors": 4.216226530300718,
    "Essence Reliquary": 7.791660757339384,
    "Expel the Unworthy": 6.04257678820398,
    "Flare of Fortitude": 5.135770428592615,
    "Glyph Elemental": 2.8901958608444764,
    "Guardian of the Forgotten": 5.117087285002412,
    "Guide of Souls": 1.7944531424737196,
    "Hexgold Slith": 5.276610249177245,
    "Indebted Spirit": 5.2908752214010875,
    "Inspired Inventor": 5.726027845670391,
    "Jolted Awake": 7.644177060039858,
    "Mandibular Kite": 6.250797538436207,
    "Metastatic Evangel": 3.7506163393692087,
    "Muster the Departed": 6.129239408428778,
    "Nyxborn Unicorn": 5.932797383260941,
    "Ocelot Pride": 1.7280076081787923,
    "Pearl-Ear, Imperial Advisor": 3.1182767960789373,
    "Phelia, Exuberant Shepherd": 2.0397749320915795,
    "Proud Pack-Rhino": 4.3553733865458595,
    "Rosecot Knight": 7.770042135737929,
    "Solstice Zealot": 6.9463865153667985,
    "Static Prison": 5.28371019843101,
    "Thraben Charm": 6.0529553944188095,
    "Voltstorm Angel": 3.6728063556877193,
    "White Orchid Phantom": 3.689641473830569,
    "Wing It": 7.499364497859853,
    "Wrath of the Skies": 2.812956068503351,
    "Aether Spike": 6.308410929629065,
    "Amphibian Downpour": 3.247750946969697,
    "Bespoke Battlewagon": 5.067717906549289,
    "Brainsurge": 5.479720075812801,
    "Consign to Memory": 7.660669545920924,
    "Copycrook": 4.8244485294117645,
    "Corrupted Shapeshifter": 6.384585881830477,
    "Deem Inferior": 6.522069925681903,
    "Depth Defiler": 3.203816604708798,
    "Dreamtide Whale": 3.6255629423118165,
    "Electrozoa": 7.548589282865909,
    "Emrakul's Messenger": 3.635115887608442,
    "Flare of Denial": 3.993748850891708,
    "Harbinger of the Seas": 5.803125996810207,
    "Hope-Ender Coatl": 3.38761289139504,
    "Kozilek's Unsealing": 4.193646353646353,
    "Petrifying Meddler": 5.198091941984107,
    "Roil Cartographer": 4.589615506384775,
    "Sage of the Unknowable": 6.462537592294703,
    "Serum Visionary": 5.357446380247356,
    "Shadow of the Second Sun": 4.27562400424854,
    "Strix Serenade": 5.458452722063037,
    "Tamiyo Meets the Story Circle": 6.791606769060049,
    "Tempest Harvester": 6.50585545560736,
    "Triton Wavebreaker": 6.784121320249777,
    "Tune the Narrative": 6.0631965150457825,
    "Ugin's Binding": 2.1184413580246915,
    "Unfathomable Truths": 5.607217202824216,
    "Utter Insignificance": 6.082260910845313,
    "Volatile Stormdrake": 3.682286881061766,
    "Accursed Marauder": 5.999142730139915,
    "Arcbound Condor": 4.6682177594290115,
    "Breathe Your Last": 3.957372200454331,
    "Chthonian Nightmare": 3.3274367802445686,
    "Consuming Corruption": 5.712894440826475,
    "Crabomination": 1.8944244223023108,
    "The Creation of Avacyn": 7.207628074926653,
    "Dreadmobile": 6.608347745282775,
    "Dreamdrinker Vampire": 6.241461420541645,
    "Drossclaw": 7.0010063900885235,
    "Emperor of Bones": 2.0914531512997945,
    "Etched Slith": 4.358902104300092,
    "Etherium Pteramander": 5.019663740322006,
    "Eviscerator's Insight": 7.146228801023086,
    "Fetid Gargantua": 6.496153537943745,
    "Flare of Malice": 3.015438684573867,
    "Gravedig": 6.7793531493963055,
    "Grim Servant": 5.980163133947397,
    "Kami of Jealous Thirst": 7.396373625325487,
    "Lethal Throwdown": 5.221225893624862,
    "Marionette Apprentice": 3.6667804274561666,
    "Mindless Conscription": 6.4445254095484845,
    "Necrodominance": 4.588843675822313,
    "Nethergoyf": 2.5373456790123456,
    "Quest for the Necropolis": 6.459433712622387,
    "Refurbished Familiar": 5.409760419783204,
    "Retrofitted Transmogrant": 6.467022919375813,
    "Ripples of Undeath": 6.0012120438887475,
    "Scurrilous Sentry": 6.909282886053673,
    "Shilgengar, Sire of Famine": 2.1289192180007377,
    "Warren Soultrader": 3.619321685508736,
    "Wither and Bloom": 4.003338848835835,
    "Wurmcoil Larva": 3.4073694029850747,
    "Aether Revolt": 3.4492736914918147,
    "Amped Raptor": 3.4088576579908465,
    "Ashling, Flame Dancer": 2.765230312035661,
    "Detective's Phoenix": 2.022160111798762,
    "Eldrazi Linebreaker": 2.0942857142857143,
    "Fanged Flames": 3.5541404414060573,
    "Flare of Duplication": 5.607612231620039,
    "Frogmyr Enforcer": 6.623706030797755,
    "Furnace Hellkite": 5.599510751389224,
    "Galvanic Discharge": 3.3126565278937243,
    "Ghostfire Slice": 3.0056127221702527,
    "Glimpse the Impossible": 6.291587299970461,
    "Infernal Captor": 7.82171226831421,
    "Inventor's Axe": 7.655308461488,
    "Mogg Mob": 7.578242255147201,
    "Molten Gatekeeper": 5.71817132809495,
    "Party Thrasher": 3.1805686090225564,
    "Phyrexian Ironworks": 4.8761558335599675,
    "Powerbalance": 6.043740573152338,
    "Ral and the Implicit Maze": 4.627458448753463,
    "Reckless Pyrosurfer": 4.724787502871583,
    "Reiterating Bolt": 3.4220933418577038,
    "Sarpadian Simulacrum": 7.144221906444427,
    "Siege Smash": 7.7623094824176535,
    "Skittering Precursor": 4.493047586905163,
    "Skoa, Embermage": 6.237951469283259,
    "Smelted Chargebug": 5.982310236603228,
    "Spawn-Gang Commander": 2.9038450837460354,
    "Thriving Skyclaw": 6.535179429217293,
    "Unstable Amulet": 5.364562056950619,
    "Voidpouncer": 5.642705268357639,
    "Wheel of Potential": 6.057446678481941,
    "Basking Broodscale": 3.667578449150198,
    "Birthing Ritual": 4.020088388911209,
    "Collective Resistance": 5.689209348582795,
    "Colossal Dreadmask": 5.684401631816143,
    "Eladamri, Korvecdal": 1.6261096605744125,
    "Eldrazi Repurposer": 3.3943212308528343,
    "Evolution Witness": 4.547477110373277,
    "Fanatic of Rhonas": 1.7626193724420192,
    "Fangs of Kalonia": 5.019600522680605,
    "Flare of Cultivation": 4.053146220009054,
    "Fowl Strike": 7.147459228833145,