{
    "Putrid Warrior": 6.601967461218313,
    "Krosan Tusker": 4.72697213037317,
    "Mass Hysteria": 5.4523809523809526,
    "Spell Snare": 6.92859705776821,
    "Ghost Quarter": 7.175952045133991,
    "Enlisted Wurm": 4.309352517985611,
    "Kuldotha Rebirth": 6.23587907716786,
    "Molten Psyche": 5.216485507246377,
    "Leonin Relic-Warder": 4.128445137805512,
    "Gnaw to the Bone": 8.00482592209583,
    "Stromkirk Captain": 6.10207336523126,
    "Burden of Guilt": 6.947477539737387,
    "Ixidor, Reality Sculptor": 3.9379947229551453,
    "Duskmantle, House of Shadow": 7.615616621983914,
    "Worldspine Wurm": 3.5395778364116093,
    "Possibility Storm": 5.454385964912281,
    "Millstone": 7.570290858725762,
    "Nyx Weaver": 5.463084316295325,
    "Evolutionary Leap": 5.021838034576888,
    "Shard of Broken Glass": 7.918528252299605,
    "Metalspinner's Puzzleknot": 6.669197396963123,
    "Smuggler's Copter": null,
    "Consign // Oblivion": 5.357853742968412,
    "Bishop of the Bloodstained": 6.632982719759579,
    "Goblin Warchief": 6.665041260315078,
    "High Alert": 6.825777444735857,
    "Jace, Wielder of Mysteries": 2.614,
    "Syr Konrad, the Grim": 3.102409638554217,
    "Ranger-Captain of Eos": null,
    "Hard Evidence": 5.3064154329295645,
    "Combine Chrysalis": 5.5318872017353575,
    "Quintorius, Field Historian": 5.278629395852119,
    "Laid to Rest": 7.452669039145907,
    "Monologue Tax": 4.691532258064516,
    "Magmaw": 5.015230842455973,
    "Mistveil Plains": 6.8117306299782765,
    "Mentor of the Meek": 2.3943524829600777,
    "Ghostly Prison": null,
    "Fabricate": 4.608949416342412,
    "Show and Tell": 4.070257611241217,
    "Tragic Slip": null,
    "Victimize": null,
    "Gamble": 3.867541766109785,
    "Crashing Footfalls": null,
    "Tireless Tracker": null,
    "Drown in the Loch": 3.460382513661202,
    "Field of the Dead": 4.070276497695852,
    "Case of the Shattered Pact": 5.630404647171431,
    "Absolving Lammasu": 4.918595041322314,
    "Assemble the Players": 3.0661798974677645,
    "Aurelia's Vindicator": 1.177194421657096,
    "Auspicious Arrival": 5.67488480170139,
    "Call a Surprise Witness": 4.611288731004539,
    "Case of the Gateway Express": 2.999560163367892,
    "Case of the Pilfered Proof": 4.396628568906933,
    "Case of the Uneaten Feast": 4.427658927304066,
    "Defenestrated Phantom": 6.03403702582728,
    "Delney, Streetwise Lookout": 1.5056675062972291,
    "Doorkeeper Thrull": 3.556409620629804,
    "Due Diligence": 6.473173845266298,
    "Essence of Antiquity": 5.335296831198325,
    "Forum Familiar": 5.026789343383956,
    "Griffnaut Tracker": 5.667687817192143,
    "Haazda Vigilante": 5.932658552210122,
    "Inside Source": 3.8274414044434577,
    "Karlov Watchdog": 3.8121562952243124,
    "Krovod Haunch": 5.184513353647607,
    "Make Your Move": 5.669346518202891,
    "Makeshift Binding": 2.916936700719816,
    "Marketwatch Phantom": 3.92860880076497,
    "Museum Nightwatch": 4.826437352176833,
    "Neighborhood Guardian": 3.203970280938008,
    "No Witnesses": 2.1070630308448814,
    "Not on My Watch": 3.1916457715979027,
    "Novice Inspector": 3.188324515792103,
    "On the Job": 6.669349333524952,
    "Perimeter Enforcer": 2.962102298188336,
    "Sanctuary Wall": 6.138673557278208,
    "Seasoned Consultant": 5.1675241067161455,
    "Tenth District Hero": 1.4604225796278776,
    "Unyielding Gatekeeper": 1.6560710194730812,
    "Wrench": 5.9379465722561955,
    "Agency Outfitter": 5.813171461832696,
    "Behind the Mask": 8.050345519647866,
    "Benthic Criminologists": 7.242181366517852,
    "Bubble Smuggler": 6.2059116782148855,
    "Burden of Proof": 5.213458336349816,
    "Candlestick": 6.278133634765134,
    "Case of the Filched Falcon": 4.635630143617879,
    "Case of the Ransacked Lab": 5.44323719741152,
    "Cold Case Cracker": 4.506497057026149,
    "Conspiracy Unraveler": 2.9289292423293674,
    "Coveted Falcon": 2.921848610471365,
    "Crimestopper Sprite": 4.859632124970188,
    "Cryptic Coat": 1.7103684661525278,
    "Curious Inquiry": 5.650405352780826,
    "Deduce": 5.937264628730229,
    "Dramatic Accusation": 5.125346438469671,
    "Eliminate the Impossible": 5.682408619474373,
    "Exit Specialist": 3.201408210777355,
    "Fae Flight": 5.076368186669611,
    "Forensic Gadgeteer": 2.4933737220749714,
    "Forensic Researcher": 5.136342094710364,
    "Furtive Courier": 4.801251771374587,
    "Hotshot Investigators": 6.6336234396253895,
    "Intrude on the Mind": 1.9965260545905708,
    "Jaded Analyst": 6.836046857346733,
    "Living Conundrum": 6.7538107215370164,
    "Lost in the Maze": 2.9292395896197947,
    "Mistway Spy": 4.056536140478243,
    "Out Cold": 5.93479530266658,
    "Proft's Eidetic Memory": 2.595483288166215,
    "Projektor Inspector": 5.350161101965584,
    "Reasonable Doubt": 6.390397367627851,
    "Reenact the Crime": 4.772666488365873,
    "Steamcore Scholar": 1.936919315403423,
    "Unauthorized Exit": 6.360420554933433,
    "Agency Coroner": 7.490289132141703,
    "Alley Assailant": 6.0654016023007395,
    "Barbed Servitor": 2.090867992766727,
    "Basilica Stalker": 5.882200891059529,
    "Case of the Stashed Skeleton": 2.1006191950464395,
    "Cerebral Confiscation": 7.1862972793629725,
    "Deadly Cover-Up": 2.0285123016785467,
    "Extract a Confession": 4.9147175458286565,
    "Festerleech": 5.48715975089217,
    "Homicide Investigator": 1.9027845627747924,
    "Hunted Bonebrute": 2.084757044597293,
    "Illicit Masquerade": 3.6119897959183676,
    "It Doesn't Add Up": 5.844160571863521,
    "Lead Pipe": 6.415233263209998,
    "Leering Onlooker": 3.309359331476323,
    "Long Goodbye": 2.81607307136286,
    "Macabre Reconstruction": 6.669243652604496,
    "Massacre Girl, Known Killer": 1.3523131672597866,
    "Murder": 3.2914286999145568,
    "Nightdrinker Moroii": 4.226179992955266,
    "Outrageous Robbery": 2.388997650743931,
    "Persuasive Interrogators": 5.448488543048732,
    "Polygraph Orb": 6.51630570077172,
    "Presumed Dead": 5.70214554748453,
    "Repeat Offender": 6.169737711584405,
    "Rot Farm Mortipede": 6.921179855084574,
    "Slice from the Shadows": 4.191312016877929,
    "Slimy Dualleech": 4.80707971494217,
    "Snarling Gorehound": 5.9411155263537525,
    "Soul Enervation": 3.272951855681949,
    "Toxin Analysis": 6.52517213296809,
    "Undercity Eliminator": 3.4258692030737814,
    "Unscrupulous Agent": 5.070654308952553,
    "Vein Ripper": 1.5185909980430528,
    "Anzrag's Rampage": 5.401440425865038,
    "Bolrac-Clan Basher": 3.927672373900972,
    "Case of the Burning Masks": 3.3120532277576156,
    "Case of the Crimson Pulse": 2.857051282051282,
    "Caught Red-Handed": 6.906503583486347,
    "The Chase Is On": 6.704544634589251,
    "Concealed Weapon": 5.036685619092457,
    "Connecting the Dots": 4.004473272198613,
    "Convenient Target": 5.664964964964965,
    "Cornered Crook": 4.2408317744812285,
    "Crime Novelist": 5.224730593607306,
    "Demand Answers": 6.629149965277355,
    "Expedited Inheritance": 4.907420494699647,
    "Expose the Culprit": 6.861677104017107,
    "Felonious Rage": 6.708350453172206,
    "Frantic Scapegoat": 4.7707450496956625,
    "Fugitive Codebreaker": 2.101590106007067,
    "Galvanize": 3.2203564320194,
    "Gearbane Orangutan": 5.453885118990729,
    "Goblin Maskmaker": 6.596703174032224,
    "Harried Dronesmith": 3.3647392731927206,
    "Incinerator of the Guilty": 1.2765486725663717,
    "Innocent Bystander": 6.1698099021315524,
    "Knife": 6.124672206249407,
    "Krenko, Baron of Tin Street": 1.7010626398210291,
    "Krenko's Buzzcrusher": 1.8251874838376,
    "Lamplight Phoenix": 1.7343163538873994,
    "Offender at Large": 6.549793516792749,
    "Person of Interest": 4.9497904884695405,
    "Pyrotechnic Performer": 1.8101100052383448,
    "Reckless Detective": 3.69754122642441,
    "Red Herring": 5.164754297472244,
    "Rubblebelt Braggart": 6.9494855116733145,