{
    "Putrid Warrior": 6.888217522658611,
    "Krosan Tusker": 4.462373933281613,
    "Mass Hysteria": 5.740591397849462,
    "Spell Snare": 6.993239436619718,
    "Ghost Quarter": 7.385542168674699,
    "Enlisted Wurm": 3.2062572421784474,
    "Kuldotha Rebirth": 6.311496467565831,
    "Molten Psyche": 5.942028985507246,
    "Leonin Relic-Warder": 4.0144927536231885,
    "Gnaw to the Bone": 7.652505446623094,
    "Stromkirk Captain": 6.5450479233226835,
    "Burden of Guilt": 6.868483412322274,
    "Ixidor, Reality Sculptor": 4.358047016274864,
    "Duskmantle, House of Shadow": 7.733682983682984,
    "Worldspine Wurm": 4.136186770428016,
    "Possibility Storm": 5.622837370242214,
    "Millstone": 7.6901489117983965,
    "Nyx Weaver": 5.113636363636363,
    "Evolutionary Leap": 5.228148148148148,
    "Shard of Broken Glass": 7.825317855168602,
    "Metalspinner's Puzzleknot": 6.816666666666666,
    "Smuggler's Copter": null,
    "Consign // Oblivion": 5.435967302452316,
    "Bishop of the Bloodstained": 7.017351069982649,
    "Goblin Warchief": 6.6684717208182915,
    "High Alert": 6.902350813743219,
    "Jace, Wielder of Mysteries": null,
    "Syr Konrad, the Grim": 3.2623138602520045,
    "Ranger-Captain of Eos": null,
    "Hard Evidence": 4.493343774471417,
    "Combine Chrysalis": 5.418722786647315,
    "Quintorius, Field Historian": 5.328304597701149,
    "Laid to Rest": 7.518388791593695,
    "Monologue Tax": 5.292284866468843,
    "Magmaw": 4.945626477541371,
    "Mistveil Plains": 7.105990783410138,
    "Mentor of the Meek": 2.4114114114114114,
    "Ghostly Prison": null,
    "Fabricate": 5.343096234309623,
    "Show and Tell": 4.647058823529412,
    "Tragic Slip": null,
    "Victimize": null,
    "Gamble": 4.791190864600326,
    "Crashing Footfalls": null,
    "Tireless Tracker": null,
    "Drown in the Loch": 3.808712121212121,
    "Field of the Dead": 4.758982035928144,
    "Case of the Shattered Pact": 6.03001808318264,
    "Absolving Lammasu": 6.017822390658609,
    "Assemble the Players": 3.9089635854341735,
    "Aurelia's Vindicator": 1.1256983240223464,
    "Auspicious Arrival": 4.851712377433565,
    "Call a Surprise Witness": 5.262164166333923,
    "Case of the Gateway Express": 2.4535673113872165,
    "Case of the Pilfered Proof": 5.272131738686219,
    "Case of the Uneaten Feast": 5.442959117456197,
    "Defenestrated Phantom": 6.597434747860666,
    "Delney, Streetwise Lookout": 1.7730008598452278,
    "Doorkeeper Thrull": 4.53089552238806,
    "Due Diligence": 6.6263956596949205,
    "Essence of Antiquity": 6.188360164542177,
    "Forum Familiar": 5.718437832093517,
    "Griffnaut Tracker": 5.871326564305762,
    "Haazda Vigilante": 5.561298127944984,
    "Inside Source": 3.0666182540895885,
    "Karlov Watchdog": 3.5626163684934835,
    "Krovod Haunch": 5.722176122808837,
    "Make Your Move": 5.563703735619803,
    "Makeshift Binding": 2.543097769831561,
    "Marketwatch Phantom": 3.195175358563556,
    "Museum Nightwatch": 4.504423901459764,
    "Neighborhood Guardian": 2.4676067073170733,
    "No Witnesses": 2.5218712029161603,
    "Not on My Watch": 3.4840216937838964,
    "Novice Inspector": 2.5290657778649153,
    "On the Job": 5.0405314223225295,
    "Perimeter Enforcer": 2.660342434058306,
    "Sanctuary Wall": 6.752707841910172,
    "Seasoned Consultant": 4.153568423052909,
    "Tenth District Hero": 1.4483306836248013,
    "Unyielding Gatekeeper": 1.7321270962047661,
    "Wrench": 6.705118891956027,
    "Agency Outfitter": 6.5873134328358205,
    "Behind the Mask": 8.372432146698019,
    "Benthic Criminologists": 7.497924763234351,
    "Bubble Smuggler": 6.066393274554029,
    "Burden of Proof": 5.987166779696385,
    "Candlestick": 7.017798191474093,
    "Case of the Filched Falcon": 4.95429908844543,
    "Case of the Ransacked Lab": 6.267919964819701,
    "Cold Case Cracker": 4.176962199312714,
    "Conspiracy Unraveler": 3.6867295141406817,
    "Coveted Falcon": 3.5009384384384385,
    "Crimestopper Sprite": 4.953611150218218,
    "Cryptic Coat": 1.4521693674856246,
    "Curious Inquiry": 6.264634209571214,
    "Deduce": 5.520369316938695,
    "Dramatic Accusation": 5.475397877984085,
    "Eliminate the Impossible": 5.3816268048054665,
    "Exit Specialist": 2.9901951266867295,
    "Fae Flight": 6.097820446289569,
    "Forensic Gadgeteer": 3.1598948374760996,
    "Forensic Researcher": 4.427946440408325,
    "Furtive Courier": 4.944724227898792,
    "Hotshot Investigators": 6.85344262295082,
    "Intrude on the Mind": 2.082421590080233,
    "Jaded Analyst": 6.339210986064275,
    "Living Conundrum": 7.494806158412168,
    "Lost in the Maze": 2.950274922304566,
    "Mistway Spy": 4.754491392801252,
    "Out Cold": 4.972709597875569,
    "Proft's Eidetic Memory": 2.257935182091547,
    "Projektor Inspector": 4.2563804462160215,
    "Reasonable Doubt": 6.262924907606709,
    "Reenact the Crime": 5.607563025210084,
    "Steamcore Scholar": 1.8561179752889598,
    "Unauthorized Exit": 6.015553206196885,
    "Agency Coroner": 8.147149304596113,
    "Alley Assailant": 6.730096057516648,
    "Barbed Servitor": 3.0891333632689717,
    "Basilica Stalker": 6.377888283106664,
    "Case of the Stashed Skeleton": 2.6363381858902577,
    "Cerebral Confiscation": 7.978012968621898,
    "Deadly Cover-Up": 2.3019060585432265,
    "Extract a Confession": 4.468408664145355,
    "Festerleech": 5.9933531851536745,
    "Homicide Investigator": 2.0473372781065087,
    "Hunted Bonebrute": 2.1792452830188678,
    "Illicit Masquerade": 4.739388671592061,
    "It Doesn't Add Up": 6.9446573216277825,
    "Lead Pipe": 7.341989929130921,
    "Leering Onlooker": 3.5986500946579967,
    "Long Goodbye": 3.137758537758538,
    "Macabre Reconstruction": 7.194393919087097,
    "Massacre Girl, Known Killer": 1.6040609137055837,
    "Murder": 4.201073848627541,
    "Nightdrinker Moroii": 4.785046146171115,
    "Outrageous Robbery": 2.756104033970276,
    "Persuasive Interrogators": 6.126825479026412,
    "Polygraph Orb": 7.097026604068858,
    "Presumed Dead": 6.228572909109753,
    "Repeat Offender": 6.4366490663753515,
    "Rot Farm Mortipede": 7.359719988648188,
    "Slice from the Shadows": 4.552834385021206,
    "Slimy Dualleech": 5.04869659666908,
    "Snarling Gorehound": 5.610191822424689,
    "Soul Enervation": 3.9944323226243323,
    "Toxin Analysis": 6.940347408010546,
    "Undercity Eliminator": 4.389634782608695,
    "Unscrupulous Agent": 5.369771927833882,
    "Vein Ripper": 1.4941798941798943,
    "Anzrag's Rampage": 6.231750838109657,
    "Bolrac-Clan Basher": 4.173412421493371,
    "Case of the Burning Masks": 3.583067896060352,
    "Case of the Crimson Pulse": 3.195904436860068,
    "Caught Red-Handed": 7.339093074300658,
    "The Chase Is On": 6.001079106831576,
    "Concealed Weapon": 5.667627589152253,
    "Connecting the Dots": 4.596600813480535,
    "Convenient Target": 6.535037785847482,
    "Cornered Crook": 4.839060115959719,
    "Crime Novelist": 5.540583136327817,
    "Demand Answers": 7.144046180695395,
    "Expedited Inheritance": 5.607125777140125,
    "Expose the Culprit": 7.5437262357414445,
    "Felonious Rage": 6.478959725483113,
    "Frantic Scapegoat": 4.837183852140078,
    "Fugitive Codebreaker": 2.160302717578259,
    "Galvanize": 3.1256616275084728,
    "Gearbane Orangutan": 5.692793176972281,
    "Goblin Maskmaker": 6.4284576260800295,
    "Harried Dronesmith": 3.377503429355281,
    "Incinerator of the Guilty": 1.3433373349339737,
    "Innocent Bystander": 5.737428637637195,
    "Knife": 7.067677340134127,
    "Krenko, Baron of Tin Street": 1.7381898454746136,
    "Krenko's Buzzcrusher": 2.1793619791666665,
    "Lamplight Phoenix": 1.7556311092222694,
    "Offender at Large": 5.437796566301441,
    "Person of Interest": 4.017804662310612,
    "Pyrotechnic Performer": 1.800771208226221,
    "Reckless Detective": 2.8492451626621307,
    "Red Herring": 4.398297805887405,