{
    "Putrid Warrior": 6.884149855907781,
    "Krosan Tusker": 4.46274217585693,
    "Mass Hysteria": 5.694980694980695,
    "Spell Snare": 6.979770366320394,
    "Ghost Quarter": 7.414414414414415,
    "Enlisted Wurm": 3.199119911991199,
    "Kuldotha Rebirth": 6.294911097486205,
    "Molten Psyche": 5.943037974683544,
    "Leonin Relic-Warder": 4.052816901408451,
    "Gnaw to the Bone": 7.687401159725883,
    "Stromkirk Captain": 6.556569343065694,
    "Burden of Guilt": 6.814310051107325,
    "Ixidor, Reality Sculptor": 4.363166953528399,
    "Duskmantle, House of Shadow": 7.763506063947078,
    "Worldspine Wurm": 4.077898550724638,
    "Possibility Storm": 5.6871444823663255,
    "Millstone": 7.691289966923925,
    "Nyx Weaver": 5.133802816901408,
    "Evolutionary Leap": 5.255380200860833,
    "Shard of Broken Glass": 7.855572998430142,
    "Metalspinner's Puzzleknot": 6.8728358208955225,
    "Smuggler's Copter": null,
    "Consign // Oblivion": 5.455414012738854,
    "Bishop of the Bloodstained": 7.031613976705491,
    "Goblin Warchief": 6.6650887573964495,
    "High Alert": 6.908614668218859,
    "Jace, Wielder of Mysteries": null,
    "Syr Konrad, the Grim": 3.2548387096774194,
    "Ranger-Captain of Eos": null,
    "Hard Evidence": 4.496588324488249,
    "Combine Chrysalis": 5.3670175438596495,
    "Quintorius, Field Historian": 5.268854748603352,
    "Laid to Rest": 7.5,
    "Monologue Tax": 5.332394366197183,
    "Magmaw": 4.940548780487805,
    "Mistveil Plains": 7.065482796892342,
    "Mentor of the Meek": 2.4122681883024253,
    "Ghostly Prison": null,
    "Fabricate": 5.325129533678757,
    "Show and Tell": 4.657933042212518,
    "Tragic Slip": null,
    "Victimize": null,
    "Gamble": 4.7686335403726705,
    "Crashing Footfalls": null,
    "Tireless Tracker": null,
    "Drown in the Loch": 3.872113676731794,
    "Field of the Dead": 4.645066273932254,
    "Case of the Shattered Pact": 6.0171152793671325,
    "Absolving Lammasu": 6.002552147239264,
    "Assemble the Players": 3.914593140551446,
    "Aurelia's Vindicator": 1.138255033557047,
    "Auspicious Arrival": 4.8502532882033575,
    "Call a Surprise Witness": 5.273446882847472,
    "Case of the Gateway Express": 2.457072872014697,
    "Case of the Pilfered Proof": 5.268799908082955,
    "Case of the Uneaten Feast": 5.485179213692174,
    "Defenestrated Phantom": 6.601812586782752,
    "Delney, Streetwise Lookout": 1.763265306122449,
    "Doorkeeper Thrull": 4.53980417198808,
    "Due Diligence": 6.640520039248245,
    "Essence of Antiquity": 6.192698953516671,
    "Forum Familiar": 5.732083122149012,
    "Griffnaut Tracker": 5.875610337025128,
    "Haazda Vigilante": 5.5594629939923985,
    "Inside Source": 3.0615962026713763,
    "Karlov Watchdog": 3.5772193262273397,
    "Krovod Haunch": 5.7186145028656865,
    "Make Your Move": 5.559674277899797,
    "Makeshift Binding": 2.541795384335817,
    "Marketwatch Phantom": 3.1871299961467052,
    "Museum Nightwatch": 4.493541905855339,
    "Neighborhood Guardian": 2.473953885567891,
    "No Witnesses": 2.514178240740741,
    "Not on My Watch": 3.4836804724283774,
    "Novice Inspector": 2.5187107734415553,
    "On the Job": 5.046613856967533,
    "Perimeter Enforcer": 2.660324877614597,
    "Sanctuary Wall": 6.7639518741323466,
    "Seasoned Consultant": 4.158639562157936,
    "Tenth District Hero": 1.4427480916030535,
    "Unyielding Gatekeeper": 1.7292281737663433,
    "Wrench": 6.703035389564974,
    "Agency Outfitter": 6.584189156914259,
    "Behind the Mask": 8.381704905409427,
    "Benthic Criminologists": 7.511686567705876,
    "Bubble Smuggler": 6.079560231705876,
    "Burden of Proof": 6.002802241793435,
    "Candlestick": 7.02061332718469,
    "Case of the Filched Falcon": 4.955024887414079,
    "Case of the Ransacked Lab": 6.253971616183012,
    "Cold Case Cracker": 4.183500709816499,
    "Conspiracy Unraveler": 3.6664342976646913,
    "Coveted Falcon": 3.4938924339106654,
    "Crimestopper Sprite": 4.954258995730839,
    "Cryptic Coat": 1.4415781487101669,
    "Curious Inquiry": 6.280328685258964,
    "Deduce": 5.5307653511537005,
    "Dramatic Accusation": 5.471882692470928,
    "Eliminate the Impossible": 5.390504232609496,
    "Exit Specialist": 3.007004109077325,
    "Fae Flight": 6.078641019235573,
    "Forensic Gadgeteer": 3.1378434541676286,
    "Forensic Researcher": 4.443356643356643,
    "Furtive Courier": 4.939864549276039,
    "Hotshot Investigators": 6.861199030114572,
    "Intrude on the Mind": 2.0842776203966005,
    "Jaded Analyst": 6.34724225297213,
    "Living Conundrum": 7.492117217422286,
    "Lost in the Maze": 2.9485530546623795,
    "Mistway Spy": 4.746593841906249,
    "Out Cold": 4.973383078918033,
    "Proft's Eidetic Memory": 2.267326732673267,
    "Projektor Inspector": 4.2581980346079895,
    "Reasonable Doubt": 6.273342407155357,
    "Reenact the Crime": 5.594828581322868,
    "Steamcore Scholar": 1.8686601059803178,
    "Unauthorized Exit": 6.044423606634238,
    "Agency Coroner": 8.139336862043939,
    "Alley Assailant": 6.721765371557903,
    "Barbed Servitor": 3.0729595150465467,
    "Basilica Stalker": 6.372705276902988,
    "Case of the Stashed Skeleton": 2.6241286863270776,
    "Cerebral Confiscation": 7.977582180707742,
    "Deadly Cover-Up": 2.316323192672555,
    "Extract a Confession": 4.458799024588498,
    "Festerleech": 5.977525804647379,
    "Homicide Investigator": 2.0461811722912966,
    "Hunted Bonebrute": 2.169811320754717,
    "Illicit Masquerade": 4.706623722167763,
    "It Doesn't Add Up": 6.938079053959681,
    "Lead Pipe": 7.330178523369517,
    "Leering Onlooker": 3.586961694028075,
    "Long Goodbye": 3.1282479584261322,
    "Macabre Reconstruction": 7.190627409229414,
    "Massacre Girl, Known Killer": 1.5982318271119842,
    "Murder": 4.198217094913477,
    "Nightdrinker Moroii": 4.786885245901639,
    "Outrageous Robbery": 2.744947556919928,
    "Persuasive Interrogators": 6.114705882352941,
    "Polygraph Orb": 7.093921898440697,
    "Presumed Dead": 6.23826408310028,
    "Repeat Offender": 6.433359253499223,
    "Rot Farm Mortipede": 7.360076635343491,
    "Slice from the Shadows": 4.547819604919866,
    "Slimy Dualleech": 5.0346575023299165,
    "Snarling Gorehound": 5.591223175965665,
    "Soul Enervation": 3.969582577132486,
    "Toxin Analysis": 6.937191866197838,
    "Undercity Eliminator": 4.37948649011964,
    "Unscrupulous Agent": 5.37082146197177,
    "Vein Ripper": 1.4910179640718564,
    "Anzrag's Rampage": 6.236565845546201,
    "Bolrac-Clan Basher": 4.159204978919895,
    "Case of the Burning Masks": 3.5799499556057794,
    "Case of the Crimson Pulse": 3.2094091903719915,
    "Caught Red-Handed": 7.3365523465703975,
    "The Chase Is On": 6.011165067866099,
    "Concealed Weapon": 5.651740782581904,
    "Connecting the Dots": 4.590074302537502,
    "Convenient Target": 6.528886579432188,
    "Cornered Crook": 4.818192495155324,
    "Crime Novelist": 5.53536446777423,
    "Demand Answers": 7.1468234255119505,
    "Expedited Inheritance": 5.612183908045977,
    "Expose the Culprit": 7.53673651359786,
    "Felonious Rage": 6.483915680046203,
    "Frantic Scapegoat": 4.842887102411744,
    "Fugitive Codebreaker": 2.153088042049934,
    "Galvanize": 3.1184084724571597,
    "Gearbane Orangutan": 5.69995691689063,
    "Goblin Maskmaker": 6.450298697483106,
    "Harried Dronesmith": 3.3612214279410466,
    "Incinerator of the Guilty": 1.342042755344418,
    "Innocent Bystander": 5.740370783102016,
    "Knife": 7.074388417373939,
    "Krenko, Baron of Tin Street": 1.7173539518900343,
    "Krenko's Buzzcrusher": 2.1538217570567713,
    "Lamplight Phoenix": 1.7684080625257095,
    "Offender at Large": 5.441558441558442,
    "Person of Interest": 4.020854943495114,
    "Pyrotechnic Performer": 1.7899056216659828,
    "Reckless Detective": 2.8487531806615776,
    "Red Herring": 4.404829225572376,
    "Rubblebelt Braggart": 7.265705926181693,