{
    "Archon of the Wild Rose": 1.6419886517157525,
    "Archon's Glory": 6.458498643234294,
    "Armory Mice": 6.64259543327243,
    "Besotted Knight": 5.609564415030704,
    "Break the Spell": 8.436866475913673,
    "Charmed Clothier": 6.598063357827507,
    "Cheeky House-Mouse": 4.929716751936433,
    "Cooped Up": 3.600132730777739,
    "Cursed Courtier": 4.064756427136027,
    "Discerning Financier": 5.290724928846476,
    "Dutiful Griffin": 5.810395086148561,
    "Eerie Interference": 7.957689932056825,
    "Expel the Interlopers": 2.0245937637241984,
    "Frostbridge Guard": 6.75516868280225,
    "Gallant Pie-Wielder": 4.592301016612943,
    "Glass Casket": 3.876880542888945,
    "Hopeful Vigil": 3.752744687580006,
    "Kellan's Lightblades": 4.782525525453719,
    "Knight of Doves": 5.704009306352126,
    "Moment of Valor": 6.959151015714833,
    "Moonshaker Cavalry": 2.5469068660774985,
    "Plunge into Winter": 8.49008748985298,
    "The Princess Takes Flight": 3.2428295763529515,
    "Protective Parents": 7.16761369017179,
    "Regal Bunnicorn": 1.766269941757407,
    "Return Triumphant": 6.507971721832757,
    "Rimefur Reindeer": 7.447128399090746,
    "Savior of the Sleeping": 6.937851412423911,
    "Slumbering Keepguard": 7.456943293025738,
    "Solitary Sanctuary": 6.289241346980233,
    "Spellbook Vendor": 1.5089692915779873,
    "Stockpiling Celebrant": 4.892165451273795,
    "Stroke of Midnight": 4.593936112615052,
    "A Tale for the Ages": 3.799463747067367,
    "Three Blind Mice": 2.186148045247073,
    "Tuinvale Guide": 7.249694535741686,
    "Unassuming Sage": 6.551392251222691,
    "Virtue of Loyalty": 1.273042273042273,
    "Werefox Bodyguard": 1.9296857336649333,
    "Aquatic Alchemist": 6.780068930403791,
    "Archive Dragon": 4.197116381992947,
    "Asinine Antics": 2.9185697115384617,
    "Beluna's Gatekeeper": 5.500318121983326,
    "Bitter Chill": 3.865523988983911,
    "Chancellor of Tales": 5.425291917016211,
    "Diminisher Witch": 7.398481848804151,
    "Disdainful Stroke": 7.110707679660204,
    "Extraordinary Journey": 2.967191977077364,
    "Farsight Ritual": 3.761828644501279,
    "Freeze in Place": 8.199028675432732,
    "Gadwick's First Duel": 5.653519238503821,
    "Galvanic Giant": 6.120648885046657,
    "Horned Loch-Whale": 1.8720687253308568,
    "Ice Out": 6.844746986775973,
    "Icewrought Sentry": 5.059221009147241,
    "Ingenious Prodigy": 2.016051011433597,
    "Into the Fae Court": 6.25913139401863,
    "Johann's Stopgap": 6.494811529933481,
    "Living Lectern": 8.221801885166336,
    "Merfolk Coralsmith": 8.938368847738449,
    "Misleading Motes": 8.4882019651438,
    "Mocking Sprite": 6.462482974736044,
    "Obyra's Attendants": 6.282032891546792,
    "Picklock Prankster": 4.29448539089234,
    "Quick Study": 6.674467686420702,
    "Sleep-Cursed Faerie": 2.1985398499290203,
    "Sleight of Hand": 7.8546226965189785,
    "Snaremaster Sprite": 6.89386962223778,
    "Spell Stutter": 6.156542787388101,
    "Splashy Spellcaster": 5.319196115305807,
    "Stormkeld Prowler": 8.327353202604893,
    "Succumb to the Cold": 7.013261412352193,
    "Talion's Messenger": 1.9991103202846976,
    "Tenacious Tomeseeker": 5.207136055564891,
    "Vantress Transmuter": 6.168023663272457,
    "Virtue of Knowledge": 4.233384556281214,
    "Water Wings": 8.811785004987554,
    "Ashiok, Wicked Manipulator": 1.2306002928257687,
    "Ashiok's Reaper": 5.3595542625020585,
    "Back for Seconds": 3.8760633564691225,
    "Barrow Naughty": 4.644406573341448,
    "Beseech the Mirror": 3.446454413892909,
    "Candy Grapple": 2.2808027504597423,
    "Conceited Witch": 4.497810788725867,
    "Dream Spoilers": 5.913613703182922,
    "Ego Drain": 7.143354640639678,
    "The End": 2.0573423614049937,
    "Eriette's Whisper": 7.4326198932629195,
    "Faerie Dreamthief": 3.7602969519594547,
    "Faerie Fencing": 3.0152518379834694,
    "Feed the Cauldron": 3.7721822187393728,
    "Fell Horseman": 5.893983881419083,
    "Gumdrop Poisoner": 1.5294460641399417,
    "High Fae Negotiator": 2.661927074917865,
    "Hopeless Nightmare": 4.543808107103012,
    "Lich-Knights' Conquest": 3.9841285990436464,
    "Lord Skitter, Sewer King": 1.329387893134934,
    "Lord Skitter's Blessing": 1.951338199513382,
    "Lord Skitter's Butcher": 3.0326397200994384,
    "Mintstrosity": 4.553498882184668,
    "Not Dead After All": 6.726104066462614,
    "Rankle's Prank": 2.4079087994299964,
    "Rat Out": 5.612201882238874,
    "Rowan's Grim Search": 6.733241680098606,
    "Scream Puff": 5.260224837058747,
    "Shatter the Oath": 4.488879453525981,
    "Specter of Mortality": 1.8165520628683693,
    "Spiteful Hexmage": 2.4282545640675655,
    "Stingblade Assassin": 6.306076563516951,
    "Sugar Rush": 7.80588553658738,
    "Sweettooth Witch": 4.647722238850643,
    "Taken by Nightmares": 2.5519104158460415,
    "Tangled Colony": 1.9054863992623328,
    "Twisted Sewer-Witch": 3.1104454043007754,
    "Virtue of Persistence": 1.2053372868791699,
    "Voracious Vermin": 4.306292380036892,
    "Warehouse Tabby": 6.617888162388992,
    "Wicked Visitor": 6.747150149689107,
    "The Witch's Vanity": 2.543645136528128,
    "Belligerent of the Ball": 3.899651642257927,
    "Bellowing Bruiser": 6.40788462675099,
    "Bespoke Battlegarb": 8.372437838663588,
    "Boundary Lands Ranger": 5.213471530781577,
    "Charming Scoundrel": 2.2294050343249427,
    "Cut In": 3.328886520311506,
    "Edgewall Pack": 4.720789295064482,
    "Embereth Veteran": 3.9854913393929,
    "Flick a Coin": 5.467711311407434,
    "Food Fight": 6.074251497005988,
    "Frantic Firebolt": 4.511135857461024,
    "Gnawing Crescendo": 6.975381937729646,
    "Goddric, Cloaked Reveler": 1.7534811758638473,
    "Grabby Giant": 4.775558825590358,
    "Grand Ball Guest": 5.330958770970699,
    "Harried Spearguard": 5.824013870827915,
    "Hearth Elemental": 3.4946106381316877,
    "Imodane, the Pyrohammer": 2.864983368612035,
    "Kindled Heroism": 8.649696807561977,
    "Korvold and the Noble Thief": 6.609155861338978,
    "Merry Bards": 6.585034609655656,
    "Minecart Daredevil": 5.574266792809839,
    "Monstrous Rage": 3.691579025882002,
    "Raging Battle Mouse": 2.427221833449965,
    "Ratcatcher Trainee": 3.857307132459971,
    "Realm-Scorcher Hellkite": 1.3535220539828834,
    "Redcap Gutter-Dweller": 1.575176304654443,
    "Redcap Thief": 5.417495715532945,
    "Rotisserie Elemental": 3.6426735218508997,
    "Skewer Slinger": 7.260711425206125,
    "Song of Totentanz": 1.6442408376963351,
    "Stonesplitter Bolt": 3.1872624819813917,
    "Tattered Ratter": 5.177328812013792,
    "Torch the Tower": 2.7032330282478436,
    "Twisted Fealty": 4.745064579716967,
    "Two-Headed Hunter": 3.453797291358715,
    "Unruly Catapult": 6.966350470390756,
    "Virtue of Courage": 2.7204593532789363,
    "Witch's Mark": 6.288743299583085,
    "Witchstalker Frenzy": 2.426219512195122,
    "Agatha's Champion": 2.44333960931984,
    "Beanstalk Wurm": 5.544966849454341,
    "Bestial Bloodline": 7.964546594849849,
    "Blossoming Tortoise": 2.703030303030303,
    "Bramble Familiar": 2.250470455400828,
    "Brave the Wilds": 5.882394366197183,
    "Commune with Nature": 8.828386188962213,
    "Curse of the Werefox": 4.266540468772594,
    "Elvish Archivist": 1.993509400179051,
    "Feral Encounter": 2.627759250436716,
    "Ferocious Werefox": 4.473878478137422,
    "Graceful Takedown": 3.688443149559241,
    "Gruff Triplets": 1.3762626262626263,
    "Hamlet Glutton": 3.4376748729325675,
    "Hollow Scavenger": 4.415692420469913,
    "Howling Galefang": 3.7738143494122416,
    "The Huntsman's Redemption": 1.808862916971025,
    "Leaping Ambush": 8.24833652768235,
    "Night of the Sweets' Revenge": 5.8763025210084034,
    "Redtooth Genealogist": 5.3889895004635315,
    "Redtooth Vanguard": 3.9258901129260626,
    "Return from the Wilds": 5.73428805409151,
    "Rootrider Faun": 4.082226438962682,