{
    "all": {
        "GIH WR": {
            "mean": 0.5484886078317006,
            "stdev": 0.04073242525254479
        },
        "OH WR": {
            "mean": 0.543292382100603,
            "stdev": 0.0457673551005067
        },
        "GD WR": {
            "mean": 0.5565897141129454,
            "stdev": 0.035240132050985
        },
        "IWD": {
            "mean": 0.01611415472071621,
            "stdev": 0.03504968500650306
        }
    },
    "WU": {
        "GIH WR": {
            "mean": 0.532589807195399,
            "stdev": 0.03619012226177703
        },
        "OH WR": {
            "mean": 0.511710524935982,
            "stdev": 0.042576265422091926
        },
        "GD WR": {
            "mean": 0.5467361079241839,
            "stdev": 0.035129339948776345
        },
        "IWD": {
            "mean": 0.04523983869986416,
            "stdev": 0.034011755185258875
        }
    },
    "WB": {
        "GIH WR": {
            "mean": 0.5418990352248815,
            "stdev": 0.03834080224455433
        },
        "OH WR": {
            "mean": 0.5421963646461584,
            "stdev": 0.04436139741327838
        },
        "GD WR": {
            "mean": 0.548247668519556,
            "stdev": 0.035042278949378454
        },
        "IWD": {
            "mean": 0.016663863704370067,
            "stdev": 0.03442723496761089
        }
    },
    "WR": {
        "GIH WR": {
            "mean": 0.5543556587508949,
            "stdev": 0.038832818121931
        },
        "OH WR": {
            "mean": 0.5660038435574458,
            "stdev": 0.04293212749301401
        },
        "GD WR": {
            "mean": 0.5501764054000392,
            "stdev": 0.038689868462054335
        },
        "IWD": {
            "mean": -0.011036533208406347,
            "stdev": 0.03113627532765329
        }
    },
    "WG": {
        "GIH WR": {
            "mean": 0.5434919357422855,
            "stdev": 0.036668567704800537
        },
        "OH WR": {
            "mean": 0.5420631541759505,
            "stdev": 0.040633522926207706
        },
        "GD WR": {
            "mean": 0.5488251649722167,
            "stdev": 0.035227172724068063
        },
        "IWD": {
            "mean": 0.018361419936115498,
            "stdev": 0.035355414158073424
        }
    },
    "UB": {
        "GIH WR": {
            "mean": 0.559458569573449,
            "stdev": 0.037954419294128655
        },
        "OH WR": {
            "mean": 0.5388783584391598,
            "stdev": 0.045807557333090235
        },
        "GD WR": {
            "mean": 0.5735502982876851,
            "stdev": 0.034510781540639426
        },
        "IWD": {
            "mean": 0.041034279601284175,
            "stdev": 0.03492568539574067
        }
    },
    "UR": {
        "GIH WR": {
            "mean": 0.5637175947704156,
            "stdev": 0.0315930561441218
        },
        "OH WR": {
            "mean": 0.5433233781722095,
            "stdev": 0.038182013277469964
        },
        "GD WR": {
            "mean": 0.5756957174534877,
            "stdev": 0.03162328507952483
        },
        "IWD": {
            "mean": 0.04330039229190992,
            "stdev": 0.027671634415577205
        }
    },
    "UG": {
        "GIH WR": {
            "mean": 0.5472589461954902,
            "stdev": 0.03714778758221257
        },
        "OH WR": {
            "mean": 0.529413017419323,
            "stdev": 0.04530900714728776
        },
        "GD WR": {
            "mean": 0.560970912390761,
            "stdev": 0.035516979999961076
        },
        "IWD": {
            "mean": 0.04762399361078599,
            "stdev": 0.036699324232779065
        }
    },
    "BR": {
        "GIH WR": {
            "mean": 0.5643965880112232,
            "stdev": 0.03726842190673428
        },
        "OH WR": {
            "mean": 0.568403480399585,
            "stdev": 0.04164966864863835
        },
        "GD WR": {
            "mean": 0.5661558085098051,
            "stdev": 0.03713385423369248
        },
        "IWD": {
            "mean": -0.0008861722760316165,
            "stdev": 0.032842413724270096
        }
    },
    "BG": {
        "GIH WR": {
            "mean": 0.5624047703705778,
            "stdev": 0.03443719524398252
        },
        "OH WR": {
            "mean": 0.5606908983570807,
            "stdev": 0.04335439103129222
        },
        "GD WR": {
            "mean": 0.5674076300475451,
            "stdev": 0.03298854862873059
        },
        "IWD": {
            "mean": 0.013510868474647799,
            "stdev": 0.03492112268427964
        }
    },
    "RG": {
        "GIH WR": {
            "mean": 0.5592788004691659,
            "stdev": 0.033238181196218866
        },
        "OH WR": {
            "mean": 0.5620070288468134,
            "stdev": 0.037182877288443106
        },
        "GD WR": {
            "mean": 0.5609056034221729,
            "stdev": 0.03613239880967084
        },
        "IWD": {
            "mean": 0.003712786032236418,
            "stdev": 0.031494589140828214
        }
    }
}