{
    "all": {
        "GIH WR": {
            "mean": 0.5469562736666327,
            "stdev": 0.0394251761064184
        },
        "OH WR": {
            "mean": 0.537714577421343,
            "stdev": 0.04276300150536185
        },
        "GD WR": {
            "mean": 0.5568666026553949,
            "stdev": 0.036547136508649956
        },
        "IWD": {
            "mean": 0.026612860257813106,
            "stdev": 0.034513191945822606
        }
    },
    "WU": {
        "GIH WR": {
            "mean": 0.5324563474391061,
            "stdev": 0.03152290196069131
        },
        "OH WR": {
            "mean": 0.5148076063795015,
            "stdev": 0.030335498991476514
        },
        "GD WR": {
            "mean": 0.5422983065313086,
            "stdev": 0.034151532369070196
        },
        "IWD": {
            "mean": 0.03434328111415486,
            "stdev": 0.032265540996986794
        }
    },
    "WB": {
        "GIH WR": {
            "mean": 0.570574327966835,
            "stdev": 0.030525758436886843
        },
        "OH WR": {
            "mean": 0.5585250670653545,
            "stdev": 0.031741721532052715
        },
        "GD WR": {
            "mean": 0.5778059309824888,
            "stdev": 0.03024184062794241
        },
        "IWD": {
            "mean": 0.02756417224140467,
            "stdev": 0.03034284843008463
        }
    },
    "WR": {
        "GIH WR": {
            "mean": 0.5461713269986553,
            "stdev": 0.035818775213101145
        },
        "OH WR": {
            "mean": 0.5539586165840558,
            "stdev": 0.03337209178906247
        },
        "GD WR": {
            "mean": 0.5468524093034163,
            "stdev": 0.03150527796512146
        },
        "IWD": {
            "mean": -0.0017257493943077518,
            "stdev": 0.03494676846977268
        }
    },
    "WG": {
        "GIH WR": {
            "mean": 0.5724517316120197,
            "stdev": 0.03715979397125453
        },
        "OH WR": {
            "mean": 0.5772653745881585,
            "stdev": 0.04120090470217924
        },
        "GD WR": {
            "mean": 0.5743849886903472,
            "stdev": 0.038669791893958014
        },
        "IWD": {
            "mean": 0.0068157965964770785,
            "stdev": 0.035430267043057025
        }
    },
    "UB": {
        "GIH WR": {
            "mean": 0.5585671891474348,
            "stdev": 0.03724504240243873
        },
        "OH WR": {
            "mean": 0.5333027899264114,
            "stdev": 0.04100026022075222
        },
        "GD WR": {
            "mean": 0.573575444568766,
            "stdev": 0.036171849871114325
        },
        "IWD": {
            "mean": 0.056644442699264094,
            "stdev": 0.036246526916381396
        }
    },
    "UR": {
        "GIH WR": {
            "mean": 0.5211902723428078,
            "stdev": 0.03348373951215916
        },
        "OH WR": {
            "mean": 0.5039976015179255,
            "stdev": 0.03546133609374987
        },
        "GD WR": {
            "mean": 0.532591530533864,
            "stdev": 0.034264404386723776
        },
        "IWD": {
            "mean": 0.03935838501988379,
            "stdev": 0.03250109787601952
        }
    },
    "UG": {
        "GIH WR": {
            "mean": 0.5550236004641362,
            "stdev": 0.03961152720276437
        },
        "OH WR": {
            "mean": 0.5435126505846587,
            "stdev": 0.03981854150313022
        },
        "GD WR": {
            "mean": 0.5618747556232586,
            "stdev": 0.03995701796731621
        },
        "IWD": {
            "mean": 0.03280095686620048,
            "stdev": 0.040169150713176595
        }
    },
    "BR": {
        "GIH WR": {
            "mean": 0.5335246086176988,
            "stdev": 0.03455600726305136
        },
        "OH WR": {
            "mean": 0.527658264251044,
            "stdev": 0.037083288740197805
        },
        "GD WR": {
            "mean": 0.5367478613304582,
            "stdev": 0.03397595537734356
        },
        "IWD": {
            "mean": 0.013732262562569614,
            "stdev": 0.034598877206052
        }
    },
    "BG": {
        "GIH WR": {
            "mean": 0.5748886896029364,
            "stdev": 0.037648872571289314
        },
        "OH WR": {
            "mean": 0.5665699277152726,
            "stdev": 0.041435546365039086
        },
        "GD WR": {
            "mean": 0.5839751405561896,
            "stdev": 0.03902661229632887
        },
        "IWD": {
            "mean": 0.033417951245781743,
            "stdev": 0.04036741526325976
        }
    },
    "RG": {
        "GIH WR": {
            "mean": 0.5536805726026026,
            "stdev": 0.0372362761584718
        },
        "OH WR": {
            "mean": 0.5572472574953953,
            "stdev": 0.040130997317842594
        },
        "GD WR": {
            "mean": 0.5492819341031512,
            "stdev": 0.038426621997297135
        },
        "IWD": {
            "mean": 0.004217537915201771,
            "stdev": 0.03851495608486514
        }
    }
}