{
    "all": {
        "GIH WR": {
            "mean": 0.5518800667009279,
            "stdev": 0.03820204613305452
        },
        "OH WR": {
            "mean": 0.5501644472218562,
            "stdev": 0.04495136320398125
        },
        "GD WR": {
            "mean": 0.5589983700409723,
            "stdev": 0.03371730881265336
        },
        "IWD": {
            "mean": 0.011693643659280266,
            "stdev": 0.03431885440165531
        }
    },
    "WU": {
        "GIH WR": {
            "mean": 0.5755829598602256,
            "stdev": 0.02425085377650402
        },
        "OH WR": {
            "mean": 0.5777718956563709,
            "stdev": 0.026897067428366495
        },
        "GD WR": {
            "mean": 0.5768970136074014,
            "stdev": 0.026215228608735354
        },
        "IWD": {
            "mean": 0.0046041265168228806,
            "stdev": 0.025437267046424347
        }
    },
    "WB": {
        "GIH WR": {
            "mean": 0.5477932853964002,
            "stdev": 0.025581682630627243
        },
        "OH WR": {
            "mean": 0.5543399744503069,
            "stdev": 0.03327160610887616
        },
        "GD WR": {
            "mean": 0.5527979903966767,
            "stdev": 0.026639024520001248
        },
        "IWD": {
            "mean": 0.0070769661524247626,
            "stdev": 0.025181540052582756
        }
    },
    "WR": {
        "GIH WR": {
            "mean": 0.5886546533158116,
            "stdev": 0.0359392090044881
        },
        "OH WR": {
            "mean": 0.6024322137159066,
            "stdev": 0.030210213799021033
        },
        "GD WR": {
            "mean": 0.5782931646594601,
            "stdev": 0.02413722417341768
        },
        "IWD": {
            "mean": -0.015973561882587566,
            "stdev": 0.0346699036082702
        }
    },
    "WG": {
        "GIH WR": {
            "mean": 0.562160682375805,
            "stdev": 0.025578491674759878
        },
        "OH WR": {
            "mean": 0.5675490525188,
            "stdev": 0.034633103369828416
        },
        "GD WR": {
            "mean": 0.551556789808935,
            "stdev": 0.02451612967284409
        },
        "IWD": {
            "mean": -0.00827219540544328,
            "stdev": 0.028144886711768603
        }
    },
    "UB": {
        "GIH WR": {
            "mean": 0.5754738238745816,
            "stdev": 0.030587117825140696
        },
        "OH WR": {
            "mean": 0.5524215192875164,
            "stdev": 0.029868625999113194
        },
        "GD WR": {
            "mean": 0.5961383652688351,
            "stdev": 0.029558631943321072
        },
        "IWD": {
            "mean": 0.06138956296697136,
            "stdev": 0.034061486182427006
        }
    },
    "UR": {
        "GIH WR": {
            "mean": 0.5605670592905716,
            "stdev": 0.029409531127357554
        },
        "OH WR": {
            "mean": 0.555348643826673,
            "stdev": 0.03361315426145529
        },
        "GD WR": {
            "mean": 0.580535190835067,
            "stdev": 0.019899467002895813
        },
        "IWD": {
            "mean": 0.03315181448851876,
            "stdev": 0.02934323838906686
        }
    },
    "UG": {
        "GIH WR": {
            "mean": 0.5655257680552068,
            "stdev": 0.03218501422242238
        },
        "OH WR": {
            "mean": 0.5548588599338802,
            "stdev": 0.03130442099157719
        },
        "GD WR": {
            "mean": 0.579326266534911,
            "stdev": 0.030474281769544146
        },
        "IWD": {
            "mean": 0.034507119705034554,
            "stdev": 0.03143186466200111
        }
    },
    "BR": {
        "GIH WR": {
            "mean": 0.539771648252079,
            "stdev": 0.035815779214557725
        },
        "OH WR": {
            "mean": 0.5431302032590517,
            "stdev": 0.037823290377701796
        },
        "GD WR": {
            "mean": 0.5496468339171855,
            "stdev": 0.03404362744096983
        },
        "IWD": {
            "mean": 0.00424145283760914,
            "stdev": 0.033756195798676246
        }
    },
    "BG": {
        "GIH WR": {
            "mean": 0.5458998640312244,
            "stdev": 0.03157153809641884
        },
        "OH WR": {
            "mean": 0.5515816171288151,
            "stdev": 0.032827063832721194
        },
        "GD WR": {
            "mean": 0.5599700569336353,
            "stdev": 0.03158972977366736
        },
        "IWD": {
            "mean": 0.00976980340565136,
            "stdev": 0.032047141291112524
        }
    },
    "RG": {
        "GIH WR": {
            "mean": 0.6020713066727469,
            "stdev": 0.03219636967960967
        },
        "OH WR": {
            "mean": 0.6120736564098057,
            "stdev": 0.033132125080419746
        },
        "GD WR": {
            "mean": 0.603965537614911,
            "stdev": 0.03116670651682907
        },
        "IWD": {
            "mean": -0.003681543329896462,
            "stdev": 0.02988854944664051
        }
    }
}