{
    "all": {
        "GIH WR": {
            "mean": 0.5453326202212236,
            "stdev": 0.0398276342712047
        },
        "OH WR": {
            "mean": 0.5368051709197162,
            "stdev": 0.042431536077821304
        },
        "GD WR": {
            "mean": 0.5551645441059698,
            "stdev": 0.03722206372530951
        },
        "IWD": {
            "mean": 0.025870633132866742,
            "stdev": 0.0348648746472747
        }
    },
    "WU": {
        "GIH WR": {
            "mean": 0.5337466757611385,
            "stdev": 0.03228799600137117
        },
        "OH WR": {
            "mean": 0.5185816749924375,
            "stdev": 0.031352682494906664
        },
        "GD WR": {
            "mean": 0.5437980929404307,
            "stdev": 0.03419371905161381
        },
        "IWD": {
            "mean": 0.0347007066895408,
            "stdev": 0.03182085940881584
        }
    },
    "WB": {
        "GIH WR": {
            "mean": 0.5686651984614616,
            "stdev": 0.030923551843963473
        },
        "OH WR": {
            "mean": 0.5600462672575336,
            "stdev": 0.03417205619422668
        },
        "GD WR": {
            "mean": 0.5776642924049475,
            "stdev": 0.030545854588518617
        },
        "IWD": {
            "mean": 0.02676445086001898,
            "stdev": 0.028890783037414984
        }
    },
    "WR": {
        "GIH WR": {
            "mean": 0.5471789991960367,
            "stdev": 0.03540972489187605
        },
        "OH WR": {
            "mean": 0.5533115586271489,
            "stdev": 0.03437665551570813
        },
        "GD WR": {
            "mean": 0.5461657680764349,
            "stdev": 0.033390303405945614
        },
        "IWD": {
            "mean": -0.002416980273792053,
            "stdev": 0.03466304644458233
        }
    },
    "WG": {
        "GIH WR": {
            "mean": 0.5706058050367764,
            "stdev": 0.03640188707102507
        },
        "OH WR": {
            "mean": 0.5733255288751695,
            "stdev": 0.04066068993511166
        },
        "GD WR": {
            "mean": 0.5720011906892585,
            "stdev": 0.038680567288229876
        },
        "IWD": {
            "mean": 0.007246168527289353,
            "stdev": 0.03500680939494528
        }
    },
    "UB": {
        "GIH WR": {
            "mean": 0.5579123232206787,
            "stdev": 0.03549900747552406
        },
        "OH WR": {
            "mean": 0.5316645607587448,
            "stdev": 0.039924855922684285
        },
        "GD WR": {
            "mean": 0.5733538185284721,
            "stdev": 0.03694961584180502
        },
        "IWD": {
            "mean": 0.056097892557776426,
            "stdev": 0.03547206363428113
        }
    },
    "UR": {
        "GIH WR": {
            "mean": 0.5226446240918767,
            "stdev": 0.03229327066461532
        },
        "OH WR": {
            "mean": 0.5066893644300025,
            "stdev": 0.035650506679523124
        },
        "GD WR": {
            "mean": 0.5344747762968938,
            "stdev": 0.033500525454970675
        },
        "IWD": {
            "mean": 0.038387132966702806,
            "stdev": 0.031182641302296726
        }
    },
    "UG": {
        "GIH WR": {
            "mean": 0.55553303237349,
            "stdev": 0.03806028783056324
        },
        "OH WR": {
            "mean": 0.5421549742664576,
            "stdev": 0.03996232428245774
        },
        "GD WR": {
            "mean": 0.5621370606482864,
            "stdev": 0.03883158857294583
        },
        "IWD": {
            "mean": 0.03287827563151941,
            "stdev": 0.03917325183300581
        }
    },
    "BR": {
        "GIH WR": {
            "mean": 0.5324240974354276,
            "stdev": 0.03356890527415911
        },
        "OH WR": {
            "mean": 0.5280694487117996,
            "stdev": 0.039364450142239236
        },
        "GD WR": {
            "mean": 0.5370095543647715,
            "stdev": 0.03335492532256645
        },
        "IWD": {
            "mean": 0.014107802249174097,
            "stdev": 0.03331001514242571
        }
    },
    "BG": {
        "GIH WR": {
            "mean": 0.5709711440558581,
            "stdev": 0.03874141638475133
        },
        "OH WR": {
            "mean": 0.5634788652115778,
            "stdev": 0.04186056095417984
        },
        "GD WR": {
            "mean": 0.5813788207821129,
            "stdev": 0.03885577133970076
        },
        "IWD": {
            "mean": 0.032217910689347776,
            "stdev": 0.03979364824907021
        }
    },
    "RG": {
        "GIH WR": {
            "mean": 0.5523022015421278,
            "stdev": 0.03637746810301977
        },
        "OH WR": {
            "mean": 0.556619192397006,
            "stdev": 0.0408951644286784
        },
        "GD WR": {
            "mean": 0.5509477932424928,
            "stdev": 0.039397969091419
        },
        "IWD": {
            "mean": 0.004171088666782379,
            "stdev": 0.03911637768173219
        }
    }
}