{
    "all": {
        "GIH WR": {
            "mean": 0.5728991409963219,
            "stdev": 0.03249621371557748
        },
        "OH WR": {
            "mean": 0.5778333340062929,
            "stdev": 0.04091004600508506
        },
        "GD WR": {
            "mean": 0.577739700449191,
            "stdev": 0.030147609118392944
        },
        "IWD": {
            "mean": 0.007915695657357098,
            "stdev": 0.03118810008976327
        }
    },
    "WU": {
        "GIH WR": {
            "mean": 0.6030481581865894,
            "stdev": 0.02694842933602148
        },
        "OH WR": {
            "mean": null,
            "stdev": null
        },
        "GD WR": {
            "mean": 0.5989141604332318,
            "stdev": 0.01570887186499727
        },
        "IWD": {
            "mean": 0.010478476730741655,
            "stdev": 0.031161111377059007
        }
    },
    "WB": {
        "GIH WR": {
            "mean": 0.5541549499222155,
            "stdev": 0.02330009141071007
        },
        "OH WR": {
            "mean": null,
            "stdev": null
        },
        "GD WR": {
            "mean": null,
            "stdev": null
        },
        "IWD": {
            "mean": 0.026004112753929682,
            "stdev": 0.03378097987310902
        }
    },
    "WR": {
        "GIH WR": {
            "mean": 0.589241430067099,
            "stdev": 0.029557358135981638
        },
        "OH WR": {
            "mean": null,
            "stdev": null
        },
        "GD WR": {
            "mean": 0.5955318503720775,
            "stdev": 0.030357028012935466
        },
        "IWD": {
            "mean": -0.013185798963098086,
            "stdev": 0.031473810445236144
        }
    },
    "WG": {
        "GIH WR": {
            "mean": null,
            "stdev": null
        },
        "OH WR": {
            "mean": null,
            "stdev": null
        },
        "GD WR": {
            "mean": null,
            "stdev": null
        },
        "IWD": {
            "mean": null,
            "stdev": null
        }
    },
    "UB": {
        "GIH WR": {
            "mean": 0.591433260020354,
            "stdev": 0.029971807922090175
        },
        "OH WR": {
            "mean": null,
            "stdev": null
        },
        "GD WR": {
            "mean": null,
            "stdev": null
        },
        "IWD": {
            "mean": 0.038220470285170206,
            "stdev": 0.03210019620587755
        }
    },
    "UR": {
        "GIH WR": {
            "mean": 0.6022830977778276,
            "stdev": 0.02622346473344331
        },
        "OH WR": {
            "mean": null,
            "stdev": null
        },
        "GD WR": {
            "mean": 0.5953492360293678,
            "stdev": 0.012270260396638068
        },
        "IWD": {
            "mean": -0.004091740090371049,
            "stdev": 0.028004727235359406
        }
    },
    "UG": {
        "GIH WR": {
            "mean": null,
            "stdev": null
        },
        "OH WR": {
            "mean": null,
            "stdev": null
        },
        "GD WR": {
            "mean": null,
            "stdev": null
        },
        "IWD": {
            "mean": null,
            "stdev": null
        }
    },
    "BR": {
        "GIH WR": {
            "mean": null,
            "stdev": null
        },
        "OH WR": {
            "mean": null,
            "stdev": null
        },
        "GD WR": {
            "mean": null,
            "stdev": null
        },
        "IWD": {
            "mean": null,
            "stdev": null
        }
    },
    "BG": {
        "GIH WR": {
            "mean": null,
            "stdev": null
        },
        "OH WR": {
            "mean": null,
            "stdev": null
        },
        "GD WR": {
            "mean": null,
            "stdev": null
        },
        "IWD": {
            "mean": null,
            "stdev": null
        }
    },
    "RG": {
        "GIH WR": {
            "mean": 0.5907662793629052,
            "stdev": 0.020849400387559145
        },
        "OH WR": {
            "mean": null,
            "stdev": null
        },
        "GD WR": {
            "mean": null,
            "stdev": null
        },
        "IWD": {
            "mean": 0.006191174073397855,
            "stdev": 0.028028252769453404
        }
    }
}