{
    "all": {
        "GIH WR": {
            "mean": 0.5529191885413071,
            "stdev": 0.042646899770018815
        },
        "OH WR": {
            "mean": 0.5480412700252424,
            "stdev": 0.05104920979171989
        },
        "GD WR": {
            "mean": 0.557103249996107,
            "stdev": 0.038776538857987417
        },
        "IWD": {
            "mean": 0.02082521842935122,
            "stdev": 0.03889302168319586
        }
    },
    "WU": {
        "GIH WR": {
            "mean": 0.56805653324063,
            "stdev": 0.0410153815255976
        },
        "OH WR": {
            "mean": 0.5678802383510096,
            "stdev": 0.04999807700125517
        },
        "GD WR": {
            "mean": 0.5731290462984944,
            "stdev": 0.036947871746118376
        },
        "IWD": {
            "mean": 0.01408414274034165,
            "stdev": 0.036045097549242795
        }
    },
    "WB": {
        "GIH WR": {
            "mean": 0.538998263415486,
            "stdev": 0.04109572296606329
        },
        "OH WR": {
            "mean": 0.5349881154582458,
            "stdev": 0.045726671149626266
        },
        "GD WR": {
            "mean": 0.5480584418244151,
            "stdev": 0.04093548166616272
        },
        "IWD": {
            "mean": 0.031247008850428533,
            "stdev": 0.03848126504039101
        }
    },
    "WR": {
        "GIH WR": {
            "mean": 0.5559404063881489,
            "stdev": 0.04323950072266707
        },
        "OH WR": {
            "mean": 0.5645311376440597,
            "stdev": 0.050870338263868525
        },
        "GD WR": {
            "mean": 0.554990581582303,
            "stdev": 0.0419044876696526
        },
        "IWD": {
            "mean": 0.0031957327492871377,
            "stdev": 0.04150848471380761
        }
    },
    "WG": {
        "GIH WR": {
            "mean": 0.5588806992363001,
            "stdev": 0.041066278670342835
        },
        "OH WR": {
            "mean": 0.5585280815819392,
            "stdev": 0.04648749656785562
        },
        "GD WR": {
            "mean": 0.5616251398375525,
            "stdev": 0.033637270672671124
        },
        "IWD": {
            "mean": 0.015890202011624863,
            "stdev": 0.03855594140245033
        }
    },
    "UB": {
        "GIH WR": {
            "mean": 0.5504608805390415,
            "stdev": 0.038377463175837546
        },
        "OH WR": {
            "mean": 0.5372572715148651,
            "stdev": 0.04795068353190166
        },
        "GD WR": {
            "mean": 0.5636733473006886,
            "stdev": 0.03583705633820685
        },
        "IWD": {
            "mean": 0.04457150519260409,
            "stdev": 0.036971597103970515
        }
    },
    "UR": {
        "GIH WR": {
            "mean": 0.5573244305069592,
            "stdev": 0.0471593991489749
        },
        "OH WR": {
            "mean": 0.5660477927161863,
            "stdev": 0.05563362623473787
        },
        "GD WR": {
            "mean": 0.559593099702658,
            "stdev": 0.04255150985750444
        },
        "IWD": {
            "mean": -0.0008937275336982417,
            "stdev": 0.03846871964077176
        }
    },
    "UG": {
        "GIH WR": {
            "mean": 0.5350750678793732,
            "stdev": 0.04038262603830321
        },
        "OH WR": {
            "mean": 0.5320380113972242,
            "stdev": 0.04262564381878378
        },
        "GD WR": {
            "mean": 0.5395659551018579,
            "stdev": 0.03652085189907284
        },
        "IWD": {
            "mean": 0.018414982215968757,
            "stdev": 0.039967317737763325
        }
    },
    "BR": {
        "GIH WR": {
            "mean": 0.536390063512629,
            "stdev": 0.04583958175890977
        },
        "OH WR": {
            "mean": 0.5325407375828969,
            "stdev": 0.04432585039042264
        },
        "GD WR": {
            "mean": 0.5452821011212984,
            "stdev": 0.045633116867007016
        },
        "IWD": {
            "mean": 0.02850328755021357,
            "stdev": 0.04445864731732312
        }
    },
    "BG": {
        "GIH WR": {
            "mean": 0.5522194419553292,
            "stdev": 0.04190288043841725
        },
        "OH WR": {
            "mean": 0.5401880600750347,
            "stdev": 0.04478193923176522
        },
        "GD WR": {
            "mean": 0.5619790216316957,
            "stdev": 0.043127975844766006
        },
        "IWD": {
            "mean": 0.037113779604909636,
            "stdev": 0.039258284458040624
        }
    },
    "RG": {
        "GIH WR": {
            "mean": 0.5558457212855358,
            "stdev": 0.04961699407430678
        },
        "OH WR": {
            "mean": 0.5659106992772402,
            "stdev": 0.05570119546706365
        },
        "GD WR": {
            "mean": 0.5564087888375655,
            "stdev": 0.04723474950661644
        },
        "IWD": {
            "mean": 0.006012229236784643,
            "stdev": 0.045523505044629424
        }
    }
}