{
    "all": {
        "GIH WR": {
            "mean": 0.549381772675082,
            "stdev": 0.03924264738500031
        },
        "OH WR": {
            "mean": 0.5403924589413418,
            "stdev": 0.04378260198727096
        },
        "GD WR": {
            "mean": 0.5585362777509685,
            "stdev": 0.03773755166609661
        },
        "IWD": {
            "mean": 0.02679234306135065,
            "stdev": 0.033765898662197515
        }
    },
    "WU": {
        "GIH WR": {
            "mean": 0.5324812700276028,
            "stdev": 0.031709056882119536
        },
        "OH WR": {
            "mean": 0.518146203973594,
            "stdev": 0.03206278910616021
        },
        "GD WR": {
            "mean": 0.5407189382271301,
            "stdev": 0.0320793707496698
        },
        "IWD": {
            "mean": 0.032218033336572374,
            "stdev": 0.03423758354205637
        }
    },
    "WB": {
        "GIH WR": {
            "mean": 0.5758385465969174,
            "stdev": 0.03150483173232716
        },
        "OH WR": {
            "mean": 0.5686568636125722,
            "stdev": 0.028187104517052333
        },
        "GD WR": {
            "mean": 0.579487184698053,
            "stdev": 0.03132146247690038
        },
        "IWD": {
            "mean": 0.027311180767877526,
            "stdev": 0.033322368700719876
        }
    },
    "WR": {
        "GIH WR": {
            "mean": 0.5414575028765782,
            "stdev": 0.03339960468784183
        },
        "OH WR": {
            "mean": 0.5533766018117672,
            "stdev": 0.03430841406941608
        },
        "GD WR": {
            "mean": 0.5481339938019366,
            "stdev": 0.030268170495149946
        },
        "IWD": {
            "mean": -0.0023299613382014007,
            "stdev": 0.03298810105969383
        }
    },
    "WG": {
        "GIH WR": {
            "mean": 0.581287837718148,
            "stdev": 0.039205177440649525
        },
        "OH WR": {
            "mean": 0.5834507554830769,
            "stdev": 0.044426224265751574
        },
        "GD WR": {
            "mean": 0.5843975365245417,
            "stdev": 0.037091972787593984
        },
        "IWD": {
            "mean": 0.009815886344153656,
            "stdev": 0.03717059406425902
        }
    },
    "UB": {
        "GIH WR": {
            "mean": 0.5551035832896307,
            "stdev": 0.03355152032352311
        },
        "OH WR": {
            "mean": 0.5320353654855864,
            "stdev": 0.03675698453716658
        },
        "GD WR": {
            "mean": 0.5703997275265427,
            "stdev": 0.03344866264280926
        },
        "IWD": {
            "mean": 0.05180049797087708,
            "stdev": 0.032452973725828775
        }
    },
    "UR": {
        "GIH WR": {
            "mean": 0.5186785852619173,
            "stdev": 0.02962052861937995
        },
        "OH WR": {
            "mean": 0.5049290058934759,
            "stdev": 0.030048819301663303
        },
        "GD WR": {
            "mean": 0.5266693848440427,
            "stdev": 0.029154346700258398
        },
        "IWD": {
            "mean": 0.03912856302372943,
            "stdev": 0.028806000142140856
        }
    },
    "UG": {
        "GIH WR": {
            "mean": 0.5519466747604921,
            "stdev": 0.03932045308179214
        },
        "OH WR": {
            "mean": 0.5389766519995203,
            "stdev": 0.03446365618832347
        },
        "GD WR": {
            "mean": 0.5567889279533592,
            "stdev": 0.038594636142580865
        },
        "IWD": {
            "mean": 0.030772504542527532,
            "stdev": 0.041367119221895364
        }
    },
    "BR": {
        "GIH WR": {
            "mean": 0.5339006287004135,
            "stdev": 0.03405440937023893
        },
        "OH WR": {
            "mean": 0.5299375902540843,
            "stdev": 0.03646084961290592
        },
        "GD WR": {
            "mean": 0.5374621472558608,
            "stdev": 0.03334224517719564
        },
        "IWD": {
            "mean": 0.012797522519917268,
            "stdev": 0.034486531147579304
        }
    },
    "BG": {
        "GIH WR": {
            "mean": 0.5835720066860923,
            "stdev": 0.036773521857086544
        },
        "OH WR": {
            "mean": 0.5737809256288696,
            "stdev": 0.040144499039720935
        },
        "GD WR": {
            "mean": 0.5918327481100729,
            "stdev": 0.040798426266896864
        },
        "IWD": {
            "mean": 0.03473371748418335,
            "stdev": 0.03860824681988848
        }
    },
    "RG": {
        "GIH WR": {
            "mean": 0.556036410762103,
            "stdev": 0.037585718257542075
        },
        "OH WR": {
            "mean": 0.5582900458028862,
            "stdev": 0.034353558920289386
        },
        "GD WR": {
            "mean": 0.5483625358718773,
            "stdev": 0.035784476374975324
        },
        "IWD": {
            "mean": 0.003114036154248202,
            "stdev": 0.03836553961075616
        }
    }
}