{
    "all": {
        "GIH WR": {
            "mean": 0.5554854870066692,
            "stdev": 0.03979532914258589
        },
        "OH WR": {
            "mean": 0.547566060547242,
            "stdev": 0.045087526968056645
        },
        "GD WR": {
            "mean": 0.5633898819809741,
            "stdev": 0.03945237535031941
        },
        "IWD": {
            "mean": 0.02656753939946031,
            "stdev": 0.03423517701633922
        }
    },
    "WU": {
        "GIH WR": {
            "mean": 0.5302429571762026,
            "stdev": 0.029956499147879546
        },
        "OH WR": {
            "mean": 0.5170020386186033,
            "stdev": 0.0318831704735854
        },
        "GD WR": {
            "mean": 0.5453702407468863,
            "stdev": 0.028686097746254694
        },
        "IWD": {
            "mean": 0.027934745904456205,
            "stdev": 0.030885856021368584
        }
    },
    "WB": {
        "GIH WR": {
            "mean": 0.5767545558557661,
            "stdev": 0.030073917290933297
        },
        "OH WR": {
            "mean": 0.5672222101391211,
            "stdev": 0.02766527103180769
        },
        "GD WR": {
            "mean": 0.5872488103995271,
            "stdev": 0.027425525255808544
        },
        "IWD": {
            "mean": 0.021700338996495327,
            "stdev": 0.030770290228023887
        }
    },
    "WR": {
        "GIH WR": {
            "mean": 0.5493657962761481,
            "stdev": 0.031558476349508806
        },
        "OH WR": {
            "mean": 0.5530403783290183,
            "stdev": 0.0352503157663114
        },
        "GD WR": {
            "mean": 0.5511095180543583,
            "stdev": 0.02604635829591335
        },
        "IWD": {
            "mean": 0.0035042894571453527,
            "stdev": 0.03287666159136205
        }
    },
    "WG": {
        "GIH WR": {
            "mean": 0.594152220410459,
            "stdev": 0.037865616704502905
        },
        "OH WR": {
            "mean": 0.5910424447506353,
            "stdev": 0.04116433591525156
        },
        "GD WR": {
            "mean": 0.5909466438302974,
            "stdev": 0.03458261789231577
        },
        "IWD": {
            "mean": 0.010879156251467242,
            "stdev": 0.03820887125183521
        }
    },
    "UB": {
        "GIH WR": {
            "mean": 0.5552544331827144,
            "stdev": 0.03386281213319332
        },
        "OH WR": {
            "mean": 0.5377361658100996,
            "stdev": 0.03335862703819896
        },
        "GD WR": {
            "mean": 0.5682330344892284,
            "stdev": 0.031349721137008575
        },
        "IWD": {
            "mean": 0.04881572921743157,
            "stdev": 0.032169118252645644
        }
    },
    "UR": {
        "GIH WR": {
            "mean": 0.5158818586447528,
            "stdev": 0.029516097313318522
        },
        "OH WR": {
            "mean": 0.5025877249234785,
            "stdev": 0.027502432026139674
        },
        "GD WR": {
            "mean": 0.525479083714566,
            "stdev": 0.029456964690571835
        },
        "IWD": {
            "mean": 0.03508790748426238,
            "stdev": 0.028265341778200965
        }
    },
    "UG": {
        "GIH WR": {
            "mean": 0.5534840021640879,
            "stdev": 0.0362155852831501
        },
        "OH WR": {
            "mean": 0.5459300398390116,
            "stdev": 0.03561436725352035
        },
        "GD WR": {
            "mean": 0.5620481674890742,
            "stdev": 0.034764964630719375
        },
        "IWD": {
            "mean": 0.024542656088567497,
            "stdev": 0.03631538426233079
        }
    },
    "BR": {
        "GIH WR": {
            "mean": 0.5325990978717894,
            "stdev": 0.03442311926766405
        },
        "OH WR": {
            "mean": 0.535796258615358,
            "stdev": 0.036020300498507025
        },
        "GD WR": {
            "mean": 0.5388378684972189,
            "stdev": 0.03436872110739634
        },
        "IWD": {
            "mean": 0.009192060361773299,
            "stdev": 0.035262972604031606
        }
    },
    "BG": {
        "GIH WR": {
            "mean": 0.5956716825255357,
            "stdev": 0.03918727941707916
        },
        "OH WR": {
            "mean": 0.5832546903908302,
            "stdev": 0.03609299376328254
        },
        "GD WR": {
            "mean": 0.5935633950702476,
            "stdev": 0.03361182035635087
        },
        "IWD": {
            "mean": 0.03469922599891764,
            "stdev": 0.03905391615713254
        }
    },
    "RG": {
        "GIH WR": {
            "mean": 0.5566108970937547,
            "stdev": 0.0358961147669152
        },
        "OH WR": {
            "mean": 0.5636260710692826,
            "stdev": 0.032875981094563925
        },
        "GD WR": {
            "mean": 0.5535896674450925,
            "stdev": 0.038151669226237785
        },
        "IWD": {
            "mean": -0.0010616617229104275,
            "stdev": 0.03629711027811807
        }
    }
}