{
    "all": {
        "GIH WR": {
            "mean": 0.5459651679044684,
            "stdev": 0.03995486871451691
        },
        "OH WR": {
            "mean": 0.540749810084149,
            "stdev": 0.04578724888012912
        },
        "GD WR": {
            "mean": 0.5523053573323846,
            "stdev": 0.035009403701668745
        },
        "IWD": {
            "mean": 0.012838189607604982,
            "stdev": 0.034474395996782835
        }
    },
    "WU": {
        "GIH WR": {
            "mean": 0.5604489731498655,
            "stdev": 0.03466121369192967
        },
        "OH WR": {
            "mean": 0.5697950830512655,
            "stdev": 0.04026823696137932
        },
        "GD WR": {
            "mean": 0.5678229752675409,
            "stdev": 0.028909605072028218
        },
        "IWD": {
            "mean": 0.0026201352928696153,
            "stdev": 0.032312292508007254
        }
    },
    "WB": {
        "GIH WR": {
            "mean": 0.5421687166579491,
            "stdev": 0.03669559229006956
        },
        "OH WR": {
            "mean": 0.5380278592667445,
            "stdev": 0.031474690599049754
        },
        "GD WR": {
            "mean": 0.5455936634766082,
            "stdev": 0.030618919286844248
        },
        "IWD": {
            "mean": 0.009466745663263342,
            "stdev": 0.03838490263280041
        }
    },
    "WR": {
        "GIH WR": {
            "mean": 0.5744507532777403,
            "stdev": 0.03926517298517373
        },
        "OH WR": {
            "mean": 0.5902419415442001,
            "stdev": 0.04664789853456964
        },
        "GD WR": {
            "mean": 0.5667813659515253,
            "stdev": 0.032737142823335626
        },
        "IWD": {
            "mean": -0.01725615747810472,
            "stdev": 0.03447418826573578
        }
    },
    "WG": {
        "GIH WR": {
            "mean": 0.5582633565482786,
            "stdev": 0.03461603595669966
        },
        "OH WR": {
            "mean": 0.5664200321499931,
            "stdev": 0.03889799887678847
        },
        "GD WR": {
            "mean": 0.5513151426255255,
            "stdev": 0.02788618143667601
        },
        "IWD": {
            "mean": -0.005821427818264839,
            "stdev": 0.03383361764501567
        }
    },
    "UB": {
        "GIH WR": {
            "mean": 0.5704674334337864,
            "stdev": 0.03502215782085883
        },
        "OH WR": {
            "mean": 0.5470003482989387,
            "stdev": 0.04173233228887027
        },
        "GD WR": {
            "mean": 0.5882223540838385,
            "stdev": 0.03264122594656835
        },
        "IWD": {
            "mean": 0.05668303876551107,
            "stdev": 0.03155950481110155
        }
    },
    "UR": {
        "GIH WR": {
            "mean": 0.5474160193697855,
            "stdev": 0.03643929800988034
        },
        "OH WR": {
            "mean": 0.5388033620431489,
            "stdev": 0.03542228894734615
        },
        "GD WR": {
            "mean": 0.5593537110983315,
            "stdev": 0.03647656662740739
        },
        "IWD": {
            "mean": 0.031046030258539806,
            "stdev": 0.03431468494695003
        }
    },
    "UG": {
        "GIH WR": {
            "mean": 0.551640514417416,
            "stdev": 0.036570289201527086
        },
        "OH WR": {
            "mean": 0.5419231728475703,
            "stdev": 0.03788828947033202
        },
        "GD WR": {
            "mean": 0.5646929487575062,
            "stdev": 0.034602628301025735
        },
        "IWD": {
            "mean": 0.03257650486057661,
            "stdev": 0.03092026985895163
        }
    },
    "BR": {
        "GIH WR": {
            "mean": 0.5341585735348952,
            "stdev": 0.03726887801365978
        },
        "OH WR": {
            "mean": 0.533219514674724,
            "stdev": 0.04220616934545995
        },
        "GD WR": {
            "mean": 0.5453282234924745,
            "stdev": 0.03589866545146215
        },
        "IWD": {
            "mean": 0.004904271917636136,
            "stdev": 0.03297173224854959
        }
    },
    "BG": {
        "GIH WR": {
            "mean": 0.5388023036255717,
            "stdev": 0.03258224858382694
        },
        "OH WR": {
            "mean": 0.5366456377860124,
            "stdev": 0.036237315803621786
        },
        "GD WR": {
            "mean": 0.5483671187368265,
            "stdev": 0.03221211638571715
        },
        "IWD": {
            "mean": 0.01095779740433481,
            "stdev": 0.030862158753361214
        }
    },
    "RG": {
        "GIH WR": {
            "mean": 0.5853310185853353,
            "stdev": 0.032921056113371726
        },
        "OH WR": {
            "mean": 0.5943565924622572,
            "stdev": 0.0358761089445664
        },
        "GD WR": {
            "mean": 0.5854362561204448,
            "stdev": 0.033729445165607094
        },
        "IWD": {
            "mean": -0.0039002942132823895,
            "stdev": 0.03009711862489092
        }
    }
}