{
    "all": {
        "GIH WR": {
            "mean": 0.5468259839882207,
            "stdev": 0.039603001531892466
        },
        "OH WR": {
            "mean": 0.5422268907906616,
            "stdev": 0.045531149051558174
        },
        "GD WR": {
            "mean": 0.5505631980305871,
            "stdev": 0.038286462269640976
        },
        "IWD": {
            "mean": 0.012593227589804119,
            "stdev": 0.036446847000757225
        }
    },
    "WU": {
        "GIH WR": {
            "mean": 0.5443876793983333,
            "stdev": 0.04062773766988685
        },
        "OH WR": {
            "mean": 0.546607832012539,
            "stdev": 0.042220739741490924
        },
        "GD WR": {
            "mean": 0.5452291479310161,
            "stdev": 0.03779727441432318
        },
        "IWD": {
            "mean": -0.006478317806633199,
            "stdev": 0.0380850677669218
        }
    },
    "WB": {
        "GIH WR": {
            "mean": 0.546826790863174,
            "stdev": 0.039672604099446424
        },
        "OH WR": {
            "mean": 0.5504883668771714,
            "stdev": 0.03815245241775648
        },
        "GD WR": {
            "mean": 0.5509253462333612,
            "stdev": 0.03332837840456043
        },
        "IWD": {
            "mean": 0.0038916973833489185,
            "stdev": 0.03944971294999153
        }
    },
    "WR": {
        "GIH WR": {
            "mean": 0.5654661839516779,
            "stdev": 0.0400426887329059
        },
        "OH WR": {
            "mean": 0.5714419623311094,
            "stdev": 0.046506036061412584
        },
        "GD WR": {
            "mean": 0.5615313885253128,
            "stdev": 0.040710482815632894
        },
        "IWD": {
            "mean": -0.016406350524928465,
            "stdev": 0.035653256474219235
        }
    },
    "WG": {
        "GIH WR": {
            "mean": 0.5641623259687925,
            "stdev": 0.04435707689827702
        },
        "OH WR": {
            "mean": 0.5697098425184158,
            "stdev": 0.04085514336829834
        },
        "GD WR": {
            "mean": 0.5681755458884071,
            "stdev": 0.04698970317472771
        },
        "IWD": {
            "mean": 0.0012318082398241862,
            "stdev": 0.04193631903683398
        }
    },
    "UB": {
        "GIH WR": {
            "mean": 0.53150514180477,
            "stdev": 0.03715187932944598
        },
        "OH WR": {
            "mean": 0.5260565380644016,
            "stdev": 0.04140022147699674
        },
        "GD WR": {
            "mean": 0.5414659635262165,
            "stdev": 0.03348257709811951
        },
        "IWD": {
            "mean": 0.02702757642856774,
            "stdev": 0.040431854614547916
        }
    },
    "UR": {
        "GIH WR": {
            "mean": 0.5484196220721782,
            "stdev": 0.03584860061750917
        },
        "OH WR": {
            "mean": 0.5448329998037111,
            "stdev": 0.03609974115174714
        },
        "GD WR": {
            "mean": 0.5529519388709004,
            "stdev": 0.03516793226856078
        },
        "IWD": {
            "mean": 0.011777538651381541,
            "stdev": 0.031177800926705447
        }
    },
    "UG": {
        "GIH WR": {
            "mean": 0.5644051076464232,
            "stdev": 0.03624140078876038
        },
        "OH WR": {
            "mean": 0.5579879969756951,
            "stdev": 0.040542075753240044
        },
        "GD WR": {
            "mean": 0.5743334863606899,
            "stdev": 0.033530630562550914
        },
        "IWD": {
            "mean": 0.022766983480357304,
            "stdev": 0.03383033867586574
        }
    },
    "BR": {
        "GIH WR": {
            "mean": 0.531724702570228,
            "stdev": 0.03593117254078805
        },
        "OH WR": {
            "mean": 0.5314033390816976,
            "stdev": 0.0389980491422483
        },
        "GD WR": {
            "mean": 0.5373477361666179,
            "stdev": 0.03546171998422718
        },
        "IWD": {
            "mean": 0.009060876896773446,
            "stdev": 0.03463558618305984
        }
    },
    "BG": {
        "GIH WR": {
            "mean": 0.5488290369810807,
            "stdev": 0.03701173325569985
        },
        "OH WR": {
            "mean": 0.5344934490869626,
            "stdev": 0.0439065290370282
        },
        "GD WR": {
            "mean": 0.5604964083934599,
            "stdev": 0.035165700331659396
        },
        "IWD": {
            "mean": 0.030116805752272595,
            "stdev": 0.03630795417892033
        }
    },
    "RG": {
        "GIH WR": {
            "mean": 0.5407745468855789,
            "stdev": 0.03596485566410994
        },
        "OH WR": {
            "mean": 0.5444483373662163,
            "stdev": 0.03728388905439837
        },
        "GD WR": {
            "mean": 0.5436116328777826,
            "stdev": 0.03653008812499174
        },
        "IWD": {
            "mean": 0.002468275317955001,
            "stdev": 0.03436231091267521
        }
    }
}