{
    "all": {
        "GIH WR": {
            "mean": 0.5586031570444204,
            "stdev": 0.03906050645132721
        },
        "OH WR": {
            "mean": 0.5513716046834558,
            "stdev": 0.043748728244971224
        },
        "GD WR": {
            "mean": 0.5652586092784454,
            "stdev": 0.037044704288901054
        },
        "IWD": {
            "mean": 0.0255525726342024,
            "stdev": 0.03749455572146893
        }
    },
    "WU": {
        "GIH WR": {
            "mean": 0.5356118907508941,
            "stdev": 0.031993535037947135
        },
        "OH WR": {
            "mean": 0.5306158892539582,
            "stdev": 0.03673125669038382
        },
        "GD WR": {
            "mean": 0.5431413519681441,
            "stdev": 0.02602266954709822
        },
        "IWD": {
            "mean": 0.018693304474405936,
            "stdev": 0.032476247020480575
        }
    },
    "WB": {
        "GIH WR": {
            "mean": 0.5650409872584985,
            "stdev": 0.034627126361217626
        },
        "OH WR": {
            "mean": 0.5577842678057425,
            "stdev": 0.0345183244843794
        },
        "GD WR": {
            "mean": 0.5742003346204491,
            "stdev": 0.030283506104593617
        },
        "IWD": {
            "mean": 0.021738389945958253,
            "stdev": 0.03286915616957068
        }
    },
    "WR": {
        "GIH WR": {
            "mean": 0.5435789443146789,
            "stdev": 0.036251184034500235
        },
        "OH WR": {
            "mean": 0.5542276780795303,
            "stdev": 0.03750159647420927
        },
        "GD WR": {
            "mean": 0.5388023675461439,
            "stdev": 0.03559611981110635
        },
        "IWD": {
            "mean": -0.0014723116349380453,
            "stdev": 0.03673657279033284
        }
    },
    "WG": {
        "GIH WR": {
            "mean": 0.5648054538394939,
            "stdev": 0.039110010826907717
        },
        "OH WR": {
            "mean": 0.5667686480764873,
            "stdev": 0.04279293585837456
        },
        "GD WR": {
            "mean": 0.5670857386357457,
            "stdev": 0.036064009021350076
        },
        "IWD": {
            "mean": 0.005684159881121974,
            "stdev": 0.03610900086724562
        }
    },
    "UB": {
        "GIH WR": {
            "mean": 0.5602788166699283,
            "stdev": 0.038665875608111855
        },
        "OH WR": {
            "mean": 0.5433108462828671,
            "stdev": 0.03790768046909555
        },
        "GD WR": {
            "mean": 0.5843879948344982,
            "stdev": 0.027055059244050692
        },
        "IWD": {
            "mean": 0.05285478535416996,
            "stdev": 0.03863148225958051
        }
    },
    "UR": {
        "GIH WR": {
            "mean": 0.5131036372771489,
            "stdev": 0.03151448641576235
        },
        "OH WR": {
            "mean": 0.5025310542598276,
            "stdev": 0.036521028795654595
        },
        "GD WR": {
            "mean": 0.5304741671294309,
            "stdev": 0.030774693383454822
        },
        "IWD": {
            "mean": 0.03847263768272396,
            "stdev": 0.028011427704511573
        }
    },
    "UG": {
        "GIH WR": {
            "mean": 0.5707918680483347,
            "stdev": 0.03864135401453395
        },
        "OH WR": {
            "mean": 0.556746722228272,
            "stdev": 0.04409915093050658
        },
        "GD WR": {
            "mean": 0.5835669167052439,
            "stdev": 0.03480523938927703
        },
        "IWD": {
            "mean": 0.044325548801392216,
            "stdev": 0.03863512782661361
        }
    },
    "BR": {
        "GIH WR": {
            "mean": 0.5569969544954401,
            "stdev": 0.039333476397825265
        },
        "OH WR": {
            "mean": 0.5640424605296931,
            "stdev": 0.044840838389862116
        },
        "GD WR": {
            "mean": 0.5557205547503952,
            "stdev": 0.031052002068385542
        },
        "IWD": {
            "mean": 0.0027666593086966024,
            "stdev": 0.03521118930412688
        }
    },
    "BG": {
        "GIH WR": {
            "mean": 0.581184269078469,
            "stdev": 0.03829498325505989
        },
        "OH WR": {
            "mean": 0.5692382743975268,
            "stdev": 0.041535095294679455
        },
        "GD WR": {
            "mean": 0.5903243195596479,
            "stdev": 0.036538748503054684
        },
        "IWD": {
            "mean": 0.03008603817148558,
            "stdev": 0.0376676391970321
        }
    },
    "RG": {
        "GIH WR": {
            "mean": 0.5429282694257281,
            "stdev": 0.03748671748047505
        },
        "OH WR": {
            "mean": 0.5457867589520531,
            "stdev": 0.03640984334503495
        },
        "GD WR": {
            "mean": 0.5425817037641881,
            "stdev": 0.035308233366825044
        },
        "IWD": {
            "mean": 0.0021915781912281956,
            "stdev": 0.03813763821608757
        }
    }
}