{
    "all": {
        "GIH WR": {
            "mean": 0.5531142914621728,
            "stdev": 0.04280337045095009
        },
        "OH WR": {
            "mean": 0.5483143423514726,
            "stdev": 0.051212539407085374
        },
        "GD WR": {
            "mean": 0.5572552441807056,
            "stdev": 0.03888889691533203
        },
        "IWD": {
            "mean": 0.02082249153192499,
            "stdev": 0.03896062485018934
        }
    },
    "WU": {
        "GIH WR": {
            "mean": 0.5693026673067499,
            "stdev": 0.040976710716310795
        },
        "OH WR": {
            "mean": 0.5693671284350005,
            "stdev": 0.05042130183479097
        },
        "GD WR": {
            "mean": 0.574847611688825,
            "stdev": 0.03696279836297487
        },
        "IWD": {
            "mean": 0.014544759349576266,
            "stdev": 0.03628640736106992
        }
    },
    "WB": {
        "GIH WR": {
            "mean": 0.5383655394284712,
            "stdev": 0.04110647653918652
        },
        "OH WR": {
            "mean": 0.5357952460511212,
            "stdev": 0.04598556342917207
        },
        "GD WR": {
            "mean": 0.547166608907459,
            "stdev": 0.040787984506225526
        },
        "IWD": {
            "mean": 0.030691837095472057,
            "stdev": 0.038387405638698205
        }
    },
    "WR": {
        "GIH WR": {
            "mean": 0.5567150500792432,
            "stdev": 0.04320955508310855
        },
        "OH WR": {
            "mean": 0.564893907076486,
            "stdev": 0.05111660871364866
        },
        "GD WR": {
            "mean": 0.554349409676963,
            "stdev": 0.040722329352324095
        },
        "IWD": {
            "mean": 0.0028904959981301916,
            "stdev": 0.04148351440343664
        }
    },
    "WG": {
        "GIH WR": {
            "mean": 0.5599016456345742,
            "stdev": 0.041718703370448036
        },
        "OH WR": {
            "mean": 0.557639875195745,
            "stdev": 0.04666843051977718
        },
        "GD WR": {
            "mean": 0.5619841173520438,
            "stdev": 0.034637257680075986
        },
        "IWD": {
            "mean": 0.01646584492482948,
            "stdev": 0.03967982695298018
        }
    },
    "UB": {
        "GIH WR": {
            "mean": 0.5504836833567465,
            "stdev": 0.03911653970179362
        },
        "OH WR": {
            "mean": 0.5366591411315974,
            "stdev": 0.045563325025775314
        },
        "GD WR": {
            "mean": 0.5643413323774416,
            "stdev": 0.035928086071004915
        },
        "IWD": {
            "mean": 0.04431010052635979,
            "stdev": 0.037876345801404344
        }
    },
    "UR": {
        "GIH WR": {
            "mean": 0.5578918524576656,
            "stdev": 0.0476057291685181
        },
        "OH WR": {
            "mean": 0.5661087362930484,
            "stdev": 0.056049695370796196
        },
        "GD WR": {
            "mean": 0.55995721224997,
            "stdev": 0.04340441645753194
        },
        "IWD": {
            "mean": -0.001080850073647318,
            "stdev": 0.0388375751084218
        }
    },
    "UG": {
        "GIH WR": {
            "mean": 0.5349248802157949,
            "stdev": 0.04102043043150469
        },
        "OH WR": {
            "mean": 0.5325467826618244,
            "stdev": 0.042437337849951455
        },
        "GD WR": {
            "mean": 0.5396937649714236,
            "stdev": 0.03675670419174965
        },
        "IWD": {
            "mean": 0.018401861449250736,
            "stdev": 0.04048318393321503
        }
    },
    "BR": {
        "GIH WR": {
            "mean": 0.5366227487878704,
            "stdev": 0.04612422160683406
        },
        "OH WR": {
            "mean": 0.5310558520650629,
            "stdev": 0.04405708969212071
        },
        "GD WR": {
            "mean": 0.542072950982436,
            "stdev": 0.04057426533253107
        },
        "IWD": {
            "mean": 0.028878207532374914,
            "stdev": 0.044600116749444765
        }
    },
    "BG": {
        "GIH WR": {
            "mean": 0.551190869442763,
            "stdev": 0.0418476283239516
        },
        "OH WR": {
            "mean": 0.54052904972542,
            "stdev": 0.04500283827564786
        },
        "GD WR": {
            "mean": 0.5629065772881447,
            "stdev": 0.04209887512742325
        },
        "IWD": {
            "mean": 0.03667067951487211,
            "stdev": 0.039012019422787016
        }
    },
    "RG": {
        "GIH WR": {
            "mean": 0.5559796417935692,
            "stdev": 0.05009371841707889
        },
        "OH WR": {
            "mean": 0.5666678258330613,
            "stdev": 0.0563257720209799
        },
        "GD WR": {
            "mean": 0.5574073777297455,
            "stdev": 0.04730957893859737
        },
        "IWD": {
            "mean": 0.005844736256163159,
            "stdev": 0.04543144618584949
        }
    }
}