{
    "all": {
        "GIH WR": {
            "mean": 0.5561180536958964,
            "stdev": 0.042008943521392714
        },
        "OH WR": {
            "mean": 0.5402111104351904,
            "stdev": 0.04956599541664872
        },
        "GD WR": {
            "mean": 0.5651895723313444,
            "stdev": 0.04154635905731842
        },
        "IWD": {
            "mean": 0.033376326742135885,
            "stdev": 0.037997610203523435
        }
    },
    "WU": {
        "GIH WR": {
            "mean": 0.558193511697893,
            "stdev": 0.03720153150425542
        },
        "OH WR": {
            "mean": 0.5334063207795717,
            "stdev": 0.04845641730261235
        },
        "GD WR": {
            "mean": 0.5710603327261057,
            "stdev": 0.03661829908854856
        },
        "IWD": {
            "mean": 0.061844200447550374,
            "stdev": 0.03948756630471018
        }
    },
    "WB": {
        "GIH WR": {
            "mean": 0.5730390183640126,
            "stdev": 0.038621182429452804
        },
        "OH WR": {
            "mean": 0.5633413983753366,
            "stdev": 0.04776746353103507
        },
        "GD WR": {
            "mean": 0.579046749143885,
            "stdev": 0.039083684916312283
        },
        "IWD": {
            "mean": 0.03123700609006833,
            "stdev": 0.03988033062890176
        }
    },
    "WR": {
        "GIH WR": {
            "mean": 0.5416368733006373,
            "stdev": 0.03481512141612287
        },
        "OH WR": {
            "mean": 0.5422098467202257,
            "stdev": 0.047382589103724074
        },
        "GD WR": {
            "mean": 0.5395127913262447,
            "stdev": 0.03471794677400473
        },
        "IWD": {
            "mean": 0.0016478020880966817,
            "stdev": 0.0404955751919529
        }
    },
    "WG": {
        "GIH WR": {
            "mean": 0.544644449323597,
            "stdev": 0.043121055554554776
        },
        "OH WR": {
            "mean": 0.5318372721936295,
            "stdev": 0.054562391998476435
        },
        "GD WR": {
            "mean": 0.5531442173817024,
            "stdev": 0.04303078279826877
        },
        "IWD": {
            "mean": 0.030449086827644974,
            "stdev": 0.04324247637084731
        }
    },
    "UB": {
        "GIH WR": {
            "mean": 0.5822793578364397,
            "stdev": 0.03987038454902001
        },
        "OH WR": {
            "mean": 0.5527277919057434,
            "stdev": 0.051628139218418155
        },
        "GD WR": {
            "mean": 0.5972646396208436,
            "stdev": 0.03818976184669092
        },
        "IWD": {
            "mean": 0.06280077697741304,
            "stdev": 0.03846621488708968
        }
    },
    "UR": {
        "GIH WR": {
            "mean": 0.576802189419187,
            "stdev": 0.040671436133809837
        },
        "OH WR": {
            "mean": 0.5561109195120014,
            "stdev": 0.05155959102736434
        },
        "GD WR": {
            "mean": 0.5864902029465774,
            "stdev": 0.039857243967895625
        },
        "IWD": {
            "mean": 0.05020548307153888,
            "stdev": 0.03721639532979931
        }
    },
    "UG": {
        "GIH WR": {
            "mean": 0.5340900345081545,
            "stdev": 0.03129186096783327
        },
        "OH WR": {
            "mean": 0.5142698399675694,
            "stdev": 0.040254636414877656
        },
        "GD WR": {
            "mean": 0.5470984314787624,
            "stdev": 0.034429508347745254
        },
        "IWD": {
            "mean": 0.04092545678946726,
            "stdev": 0.03684510273272353
        }
    },
    "BR": {
        "GIH WR": {
            "mean": 0.5731272903373725,
            "stdev": 0.04404686346476759
        },
        "OH WR": {
            "mean": 0.567493598364117,
            "stdev": 0.05329749748737595
        },
        "GD WR": {
            "mean": 0.5767240275984807,
            "stdev": 0.043241775942046194
        },
        "IWD": {
            "mean": 0.016307082225556577,
            "stdev": 0.041048035641439155
        }
    },
    "BG": {
        "GIH WR": {
            "mean": 0.5675172289233282,
            "stdev": 0.04503564164389553
        },
        "OH WR": {
            "mean": 0.5550768883131402,
            "stdev": 0.05719610413661007
        },
        "GD WR": {
            "mean": 0.5769939482956047,
            "stdev": 0.04546196301774381
        },
        "IWD": {
            "mean": 0.03348718911047889,
            "stdev": 0.04301203648008968
        }
    },
    "RG": {
        "GIH WR": {
            "mean": 0.537675588275283,
            "stdev": 0.033720949457740235
        },
        "OH WR": {
            "mean": 0.5336506550869015,
            "stdev": 0.04489601478033279
        },
        "GD WR": {
            "mean": 0.5393336104677814,
            "stdev": 0.03494542930855128
        },
        "IWD": {
            "mean": 0.018615167667810028,
            "stdev": 0.0312633569871867
        }
    }
}