{
    "all": {
        "GIH WR": {
            "mean": 0.5459507099075586,
            "stdev": 0.039893264375939014
        },
        "OH WR": {
            "mean": 0.5370323845075965,
            "stdev": 0.04269799887354455
        },
        "GD WR": {
            "mean": 0.5556204246283004,
            "stdev": 0.03732800686136856
        },
        "IWD": {
            "mean": 0.026214675940313528,
            "stdev": 0.034800874777754925
        }
    },
    "WU": {
        "GIH WR": {
            "mean": 0.533490616777231,
            "stdev": 0.03155738298895706
        },
        "OH WR": {
            "mean": 0.5173964689071116,
            "stdev": 0.031287467733612316
        },
        "GD WR": {
            "mean": 0.5418038054058529,
            "stdev": 0.03390364971429951
        },
        "IWD": {
            "mean": 0.03523938440376998,
            "stdev": 0.0322350270887984
        }
    },
    "WB": {
        "GIH WR": {
            "mean": 0.568232407199734,
            "stdev": 0.030437405232233303
        },
        "OH WR": {
            "mean": 0.5600201284046779,
            "stdev": 0.03394877608010327
        },
        "GD WR": {
            "mean": 0.5774546910826067,
            "stdev": 0.030492131494914722
        },
        "IWD": {
            "mean": 0.026787685461075003,
            "stdev": 0.028959720187897792
        }
    },
    "WR": {
        "GIH WR": {
            "mean": 0.5473361233302165,
            "stdev": 0.035348679505306485
        },
        "OH WR": {
            "mean": 0.5544516830880779,
            "stdev": 0.034191230057249576
        },
        "GD WR": {
            "mean": 0.5467598324367,
            "stdev": 0.03190550197381653
        },
        "IWD": {
            "mean": -0.0024790985170131618,
            "stdev": 0.034631023159772505
        }
    },
    "WG": {
        "GIH WR": {
            "mean": 0.5714127614864918,
            "stdev": 0.03683047392492872
        },
        "OH WR": {
            "mean": 0.5749044776276556,
            "stdev": 0.041025934154843825
        },
        "GD WR": {
            "mean": 0.5735724938979238,
            "stdev": 0.038773730710464326
        },
        "IWD": {
            "mean": 0.007095701442006028,
            "stdev": 0.0351530762110068
        }
    },
    "UB": {
        "GIH WR": {
            "mean": 0.5584954777893111,
            "stdev": 0.036210273721974134
        },
        "OH WR": {
            "mean": 0.5323338042263646,
            "stdev": 0.04080285737220841
        },
        "GD WR": {
            "mean": 0.5739233178166454,
            "stdev": 0.03689259594937608
        },
        "IWD": {
            "mean": 0.05646537413998923,
            "stdev": 0.03567364744966889
        }
    },
    "UR": {
        "GIH WR": {
            "mean": 0.5218821392409249,
            "stdev": 0.0325383752519631
        },
        "OH WR": {
            "mean": 0.5056874064724798,
            "stdev": 0.03547229627412651
        },
        "GD WR": {
            "mean": 0.5339335089300032,
            "stdev": 0.03357146600088883
        },
        "IWD": {
            "mean": 0.03850347814929827,
            "stdev": 0.03183345468699942
        }
    },
    "UG": {
        "GIH WR": {
            "mean": 0.5549825984502431,
            "stdev": 0.038226558415801935
        },
        "OH WR": {
            "mean": 0.5424369040818702,
            "stdev": 0.04025888251800427
        },
        "GD WR": {
            "mean": 0.5620386232407559,
            "stdev": 0.039182078782209806
        },
        "IWD": {
            "mean": 0.03172124389042745,
            "stdev": 0.03909854456635754
        }
    },
    "BR": {
        "GIH WR": {
            "mean": 0.5328188269146216,
            "stdev": 0.034171904393385445
        },
        "OH WR": {
            "mean": 0.5291109682392207,
            "stdev": 0.03977483821193857
        },
        "GD WR": {
            "mean": 0.5372438877438676,
            "stdev": 0.03408562622187681
        },
        "IWD": {
            "mean": 0.013584859668383902,
            "stdev": 0.03407835897411964
        }
    },
    "BG": {
        "GIH WR": {
            "mean": 0.571823933027694,
            "stdev": 0.039061724047447385
        },
        "OH WR": {
            "mean": 0.564354607564299,
            "stdev": 0.04174440353427889
        },
        "GD WR": {
            "mean": 0.581626242510917,
            "stdev": 0.03892914185510369
        },
        "IWD": {
            "mean": 0.03255201845524361,
            "stdev": 0.04054221845438205
        }
    },
    "RG": {
        "GIH WR": {
            "mean": 0.5528055911155425,
            "stdev": 0.036535080181255834
        },
        "OH WR": {
            "mean": 0.5558839702605685,
            "stdev": 0.04042871548508966
        },
        "GD WR": {
            "mean": 0.5495743127339717,
            "stdev": 0.03870003777567907
        },
        "IWD": {
            "mean": 0.004371465612883738,
            "stdev": 0.039207360498512304
        }
    }
}