{
    "all": {
        "GIH WR": {
            "mean": 0.5559847917444288,
            "stdev": 0.04078579166793309
        },
        "OH WR": {
            "mean": 0.539948925123469,
            "stdev": 0.04907256209995242
        },
        "GD WR": {
            "mean": 0.5648862173645413,
            "stdev": 0.040181925954009844
        },
        "IWD": {
            "mean": 0.033666179939321236,
            "stdev": 0.038161339671453826
        }
    },
    "WU": {
        "GIH WR": {
            "mean": 0.5530776929078786,
            "stdev": 0.036501668168633886
        },
        "OH WR": {
            "mean": 0.5275182515150766,
            "stdev": 0.0483612451864527
        },
        "GD WR": {
            "mean": 0.565227502406258,
            "stdev": 0.036348037059242874
        },
        "IWD": {
            "mean": 0.06161116394712889,
            "stdev": 0.03752731750269577
        }
    },
    "WB": {
        "GIH WR": {
            "mean": 0.5723886248364858,
            "stdev": 0.04235420347580538
        },
        "OH WR": {
            "mean": 0.562461855903731,
            "stdev": 0.05036761932353543
        },
        "GD WR": {
            "mean": 0.5792015009677683,
            "stdev": 0.043212783661313384
        },
        "IWD": {
            "mean": 0.03071677661200561,
            "stdev": 0.04233953568959265
        }
    },
    "WR": {
        "GIH WR": {
            "mean": 0.5417898897171579,
            "stdev": 0.03633375906710156
        },
        "OH WR": {
            "mean": 0.5455568483294677,
            "stdev": 0.04707119273614903
        },
        "GD WR": {
            "mean": 0.5413060239218741,
            "stdev": 0.035728296561445105
        },
        "IWD": {
            "mean": -0.0017746903946837707,
            "stdev": 0.04202526129948557
        }
    },
    "WG": {
        "GIH WR": {
            "mean": 0.5438672880387817,
            "stdev": 0.03926216675310281
        },
        "OH WR": {
            "mean": 0.5314946144103595,
            "stdev": 0.05221623319788281
        },
        "GD WR": {
            "mean": 0.5511541168747566,
            "stdev": 0.04029389800531435
        },
        "IWD": {
            "mean": 0.02929402383656282,
            "stdev": 0.038777234685929765
        }
    },
    "UB": {
        "GIH WR": {
            "mean": 0.5799666153807467,
            "stdev": 0.04143041349495288
        },
        "OH WR": {
            "mean": 0.5523836827537815,
            "stdev": 0.05533311992495984
        },
        "GD WR": {
            "mean": 0.5938512441454793,
            "stdev": 0.03869695419996185
        },
        "IWD": {
            "mean": 0.06270944630908781,
            "stdev": 0.041304290065816915
        }
    },
    "UR": {
        "GIH WR": {
            "mean": 0.5758056510542358,
            "stdev": 0.04012151440370884
        },
        "OH WR": {
            "mean": 0.5547100400315365,
            "stdev": 0.05155462948542888
        },
        "GD WR": {
            "mean": 0.586844033477308,
            "stdev": 0.03895930310511921
        },
        "IWD": {
            "mean": 0.04959821911811053,
            "stdev": 0.03840623455158673
        }
    },
    "UG": {
        "GIH WR": {
            "mean": 0.5362783494288164,
            "stdev": 0.030496519671797184
        },
        "OH WR": {
            "mean": 0.5150660418252262,
            "stdev": 0.03943952982351907
        },
        "GD WR": {
            "mean": 0.5456404705873862,
            "stdev": 0.032892593243399056
        },
        "IWD": {
            "mean": 0.044048651946321286,
            "stdev": 0.03676592427656329
        }
    },
    "BR": {
        "GIH WR": {
            "mean": 0.5756338256955148,
            "stdev": 0.042325386799397215
        },
        "OH WR": {
            "mean": 0.570485342039708,
            "stdev": 0.05307746775095957
        },
        "GD WR": {
            "mean": 0.5781873222660315,
            "stdev": 0.04167831772924688
        },
        "IWD": {
            "mean": 0.01791356021208041,
            "stdev": 0.041300508312920654
        }
    },
    "BG": {
        "GIH WR": {
            "mean": 0.5628005022411325,
            "stdev": 0.041093279471026416
        },
        "OH WR": {
            "mean": 0.5507586586919012,
            "stdev": 0.04943385934629162
        },
        "GD WR": {
            "mean": 0.5728452444672809,
            "stdev": 0.042708521267275194
        },
        "IWD": {
            "mean": 0.03277295309341962,
            "stdev": 0.03720637633242321
        }
    },
    "RG": {
        "GIH WR": {
            "mean": 0.5417238382807956,
            "stdev": 0.027797879264436436
        },
        "OH WR": {
            "mean": 0.541292705045877,
            "stdev": 0.04176609499393817
        },
        "GD WR": {
            "mean": 0.541680909872836,
            "stdev": 0.030218736551813632
        },
        "IWD": {
            "mean": 0.020682859083219114,
            "stdev": 0.027421447205914672
        }
    }
}