{
    "all": {
        "GIH WR": {
            "mean": 0.5448787368216138,
            "stdev": 0.039676038941797664
        },
        "OH WR": {
            "mean": 0.5357955042439115,
            "stdev": 0.043227968802942406
        },
        "GD WR": {
            "mean": 0.5549486360905714,
            "stdev": 0.03709900711292418
        },
        "IWD": {
            "mean": 0.025958732752610125,
            "stdev": 0.03473049213285787
        }
    },
    "WU": {
        "GIH WR": {
            "mean": 0.5329012261771024,
            "stdev": 0.032652451815952915
        },
        "OH WR": {
            "mean": 0.5172007098787387,
            "stdev": 0.031173302240989995
        },
        "GD WR": {
            "mean": 0.5439222508626201,
            "stdev": 0.03431644943886313
        },
        "IWD": {
            "mean": 0.034575454710815176,
            "stdev": 0.03269669754635937
        }
    },
    "WB": {
        "GIH WR": {
            "mean": 0.5674052461316816,
            "stdev": 0.031211772903173722
        },
        "OH WR": {
            "mean": 0.5607393652380517,
            "stdev": 0.034665135715179284
        },
        "GD WR": {
            "mean": 0.5761422811985545,
            "stdev": 0.03037925549790424
        },
        "IWD": {
            "mean": 0.02641925568449617,
            "stdev": 0.02865539253293659
        }
    },
    "WR": {
        "GIH WR": {
            "mean": 0.5479497471021648,
            "stdev": 0.03419883824823161
        },
        "OH WR": {
            "mean": 0.5531602917164262,
            "stdev": 0.03391955849204163
        },
        "GD WR": {
            "mean": 0.547140075009612,
            "stdev": 0.032485125371642734
        },
        "IWD": {
            "mean": -0.002460632077372518,
            "stdev": 0.033184784674413714
        }
    },
    "WG": {
        "GIH WR": {
            "mean": 0.5689577129868626,
            "stdev": 0.03681553836931486
        },
        "OH WR": {
            "mean": 0.5727700686120414,
            "stdev": 0.041292672807766495
        },
        "GD WR": {
            "mean": 0.5708439922732849,
            "stdev": 0.0384861336922893
        },
        "IWD": {
            "mean": 0.006155004674850566,
            "stdev": 0.03487828729350159
        }
    },
    "UB": {
        "GIH WR": {
            "mean": 0.5588526937135037,
            "stdev": 0.03622276737320677
        },
        "OH WR": {
            "mean": 0.5318673668440465,
            "stdev": 0.0401135203842772
        },
        "GD WR": {
            "mean": 0.5737404623115229,
            "stdev": 0.037369082259538854
        },
        "IWD": {
            "mean": 0.05637474939008671,
            "stdev": 0.03520508343756201
        }
    },
    "UR": {
        "GIH WR": {
            "mean": 0.5224620752453928,
            "stdev": 0.03194896509472038
        },
        "OH WR": {
            "mean": 0.506378765687837,
            "stdev": 0.035505109756380174
        },
        "GD WR": {
            "mean": 0.5340086207182969,
            "stdev": 0.03278858972749833
        },
        "IWD": {
            "mean": 0.03806175535450994,
            "stdev": 0.03017004101102749
        }
    },
    "UG": {
        "GIH WR": {
            "mean": 0.5560984991564056,
            "stdev": 0.037442845593533655
        },
        "OH WR": {
            "mean": 0.5467452043155142,
            "stdev": 0.04363193170290976
        },
        "GD WR": {
            "mean": 0.5639312737331238,
            "stdev": 0.038229730766966105
        },
        "IWD": {
            "mean": 0.03298955162542431,
            "stdev": 0.03906474301537663
        }
    },
    "BR": {
        "GIH WR": {
            "mean": 0.5321248039170073,
            "stdev": 0.03348723776979675
        },
        "OH WR": {
            "mean": 0.5275883340635822,
            "stdev": 0.03945952196180756
        },
        "GD WR": {
            "mean": 0.5368142528641137,
            "stdev": 0.03288051366908853
        },
        "IWD": {
            "mean": 0.013703475044424629,
            "stdev": 0.03294727520770805
        }
    },
    "BG": {
        "GIH WR": {
            "mean": 0.5694658564124685,
            "stdev": 0.0384290299485108
        },
        "OH WR": {
            "mean": 0.563140613761446,
            "stdev": 0.04103722013471081
        },
        "GD WR": {
            "mean": 0.5801640250506886,
            "stdev": 0.03977927980164765
        },
        "IWD": {
            "mean": 0.03211201219348076,
            "stdev": 0.039785795264278605
        }
    },
    "RG": {
        "GIH WR": {
            "mean": 0.5522124845650416,
            "stdev": 0.03616704733603714
        },
        "OH WR": {
            "mean": 0.5568517829662464,
            "stdev": 0.04218692941456738
        },
        "GD WR": {
            "mean": 0.5507583025679573,
            "stdev": 0.03979594075836281
        },
        "IWD": {
            "mean": 0.004006805681603986,
            "stdev": 0.03849086461084293
        }
    }
}