{
    "all": {
        "GIH WR": {
            "mean": 0.5536214399994832,
            "stdev": 0.04270326684197914
        },
        "OH WR": {
            "mean": 0.548346432667345,
            "stdev": 0.050693872751095916
        },
        "GD WR": {
            "mean": 0.5576320810884707,
            "stdev": 0.03968944175295078
        },
        "IWD": {
            "mean": 0.021091212118845567,
            "stdev": 0.038486305918891406
        }
    },
    "WU": {
        "GIH WR": {
            "mean": 0.5667497376151708,
            "stdev": 0.04093826689990457
        },
        "OH WR": {
            "mean": 0.5636028324397089,
            "stdev": 0.050995247185532486
        },
        "GD WR": {
            "mean": 0.5727011056876875,
            "stdev": 0.03655800975112817
        },
        "IWD": {
            "mean": 0.014389411340696986,
            "stdev": 0.03604676075024748
        }
    },
    "WB": {
        "GIH WR": {
            "mean": 0.5402662894146347,
            "stdev": 0.04173670998031507
        },
        "OH WR": {
            "mean": 0.533891342063623,
            "stdev": 0.04647164442552523
        },
        "GD WR": {
            "mean": 0.547854548078512,
            "stdev": 0.040552679068169784
        },
        "IWD": {
            "mean": 0.03134196692885218,
            "stdev": 0.039144751671811265
        }
    },
    "WR": {
        "GIH WR": {
            "mean": 0.5519083755595176,
            "stdev": 0.04317323882439508
        },
        "OH WR": {
            "mean": 0.5621001840016194,
            "stdev": 0.04976917396973958
        },
        "GD WR": {
            "mean": 0.5528482334236852,
            "stdev": 0.03974828540700877
        },
        "IWD": {
            "mean": 0.002390534111765207,
            "stdev": 0.03978988046675365
        }
    },
    "WG": {
        "GIH WR": {
            "mean": 0.5593529239188655,
            "stdev": 0.04001144333530039
        },
        "OH WR": {
            "mean": 0.5556782215174727,
            "stdev": 0.045085275628182375
        },
        "GD WR": {
            "mean": 0.5640886599902333,
            "stdev": 0.03628487743002867
        },
        "IWD": {
            "mean": 0.018319429404094718,
            "stdev": 0.039316580979079196
        }
    },
    "UB": {
        "GIH WR": {
            "mean": 0.5522070375762166,
            "stdev": 0.03873269523096992
        },
        "OH WR": {
            "mean": 0.5383906637069259,
            "stdev": 0.04789160088573463
        },
        "GD WR": {
            "mean": 0.5645627657544406,
            "stdev": 0.03530065089559158
        },
        "IWD": {
            "mean": 0.043802944406039025,
            "stdev": 0.036714966134785296
        }
    },
    "UR": {
        "GIH WR": {
            "mean": 0.5554404970471786,
            "stdev": 0.046702391978612645
        },
        "OH WR": {
            "mean": 0.5632523047696263,
            "stdev": 0.05426358173965115
        },
        "GD WR": {
            "mean": 0.5556576431109266,
            "stdev": 0.043256099748284906
        },
        "IWD": {
            "mean": -0.00020112142327341278,
            "stdev": 0.037731247275916514
        }
    },
    "UG": {
        "GIH WR": {
            "mean": 0.5352159718374303,
            "stdev": 0.04267826599599433
        },
        "OH WR": {
            "mean": 0.5335609530118236,
            "stdev": 0.048238394621016215
        },
        "GD WR": {
            "mean": 0.5382364371196815,
            "stdev": 0.03710042169303789
        },
        "IWD": {
            "mean": 0.018621801765706037,
            "stdev": 0.04110777115742063
        }
    },
    "BR": {
        "GIH WR": {
            "mean": 0.5345231376276584,
            "stdev": 0.04519404170538396
        },
        "OH WR": {
            "mean": 0.5291146438526867,
            "stdev": 0.044107102763679754
        },
        "GD WR": {
            "mean": 0.5437965366398018,
            "stdev": 0.044433913685838405
        },
        "IWD": {
            "mean": 0.027518611382815514,
            "stdev": 0.04373687873257041
        }
    },
    "BG": {
        "GIH WR": {
            "mean": 0.5572403583432513,
            "stdev": 0.04176026019220057
        },
        "OH WR": {
            "mean": 0.5432434783552254,
            "stdev": 0.04932181887458167
        },
        "GD WR": {
            "mean": 0.5664652582973271,
            "stdev": 0.041592683885881
        },
        "IWD": {
            "mean": 0.0386424329256434,
            "stdev": 0.03735891993604345
        }
    },
    "RG": {
        "GIH WR": {
            "mean": 0.5558392265581714,
            "stdev": 0.05002539743108801
        },
        "OH WR": {
            "mean": 0.5591831057148582,
            "stdev": 0.057930947358120856
        },
        "GD WR": {
            "mean": 0.5575844538428256,
            "stdev": 0.0476590393900514
        },
        "IWD": {
            "mean": 0.0061005708908697266,
            "stdev": 0.0445286151727585
        }
    }
}