{
    "all": {
        "GIH WR": {
            "mean": 0.5517202364471859,
            "stdev": 0.040316983293073816
        },
        "OH WR": {
            "mean": 0.5482438204852468,
            "stdev": 0.046178729466339906
        },
        "GD WR": {
            "mean": 0.5553150492998711,
            "stdev": 0.038257248551978006
        },
        "IWD": {
            "mean": 0.011695498203119376,
            "stdev": 0.037099809382711124
        }
    },
    "WU": {
        "GIH WR": {
            "mean": 0.5518151998016202,
            "stdev": 0.03996019881328429
        },
        "OH WR": {
            "mean": 0.5583597505344198,
            "stdev": 0.04115130256880023
        },
        "GD WR": {
            "mean": 0.5504378141626163,
            "stdev": 0.037372589391592444
        },
        "IWD": {
            "mean": -0.008750182518516465,
            "stdev": 0.03756224155970077
        }
    },
    "WB": {
        "GIH WR": {
            "mean": 0.5523584095612464,
            "stdev": 0.035996024265224934
        },
        "OH WR": {
            "mean": 0.5535905749670991,
            "stdev": 0.03536738166823764
        },
        "GD WR": {
            "mean": 0.5579244588056347,
            "stdev": 0.028616218008696816
        },
        "IWD": {
            "mean": 0.0062881730390964355,
            "stdev": 0.03645485798840358
        }
    },
    "WR": {
        "GIH WR": {
            "mean": 0.5787457813794218,
            "stdev": 0.04200062315131535
        },
        "OH WR": {
            "mean": 0.5966293111149743,
            "stdev": 0.04213039750356295
        },
        "GD WR": {
            "mean": 0.575126597085778,
            "stdev": 0.03709551336674176
        },
        "IWD": {
            "mean": -0.018237278511383744,
            "stdev": 0.03519386017837352
        }
    },
    "WG": {
        "GIH WR": {
            "mean": 0.577061913545123,
            "stdev": 0.045551739877569
        },
        "OH WR": {
            "mean": 0.582491817699699,
            "stdev": 0.04051916756336054
        },
        "GD WR": {
            "mean": 0.5774125049724662,
            "stdev": 0.03571089095318301
        },
        "IWD": {
            "mean": 1.504789164222939e-05,
            "stdev": 0.04222814649970516
        }
    },
    "UB": {
        "GIH WR": {
            "mean": 0.5373938687724918,
            "stdev": 0.03395657276726458
        },
        "OH WR": {
            "mean": 0.5256292013291107,
            "stdev": 0.030607292061641814
        },
        "GD WR": {
            "mean": 0.5460414542348613,
            "stdev": 0.032833496001282304
        },
        "IWD": {
            "mean": 0.025448388615148664,
            "stdev": 0.03524494001802187
        }
    },
    "UR": {
        "GIH WR": {
            "mean": 0.5560081195902167,
            "stdev": 0.034828365746339185
        },
        "OH WR": {
            "mean": 0.5542102162968846,
            "stdev": 0.03718785702316821
        },
        "GD WR": {
            "mean": 0.5619915677052137,
            "stdev": 0.030581834294078337
        },
        "IWD": {
            "mean": 0.010232405047463804,
            "stdev": 0.03145869610749733
        }
    },
    "UG": {
        "GIH WR": {
            "mean": 0.5726662250592984,
            "stdev": 0.03431431131153246
        },
        "OH WR": {
            "mean": 0.5673698055026231,
            "stdev": 0.03143699267618921
        },
        "GD WR": {
            "mean": 0.5765504804129692,
            "stdev": 0.03058455482206943
        },
        "IWD": {
            "mean": 0.025819115498647762,
            "stdev": 0.03461029156074886
        }
    },
    "BR": {
        "GIH WR": {
            "mean": 0.5316149352465208,
            "stdev": 0.035689473537960884
        },
        "OH WR": {
            "mean": 0.5288682145317513,
            "stdev": 0.03682042968278215
        },
        "GD WR": {
            "mean": 0.5347008444609792,
            "stdev": 0.03208826588522505
        },
        "IWD": {
            "mean": 0.011634754102983404,
            "stdev": 0.03471995053043289
        }
    },
    "BG": {
        "GIH WR": {
            "mean": 0.5520987324955476,
            "stdev": 0.03966301619860404
        },
        "OH WR": {
            "mean": 0.5357752678570435,
            "stdev": 0.040512895574981
        },
        "GD WR": {
            "mean": 0.5574377970427775,
            "stdev": 0.039316354517743
        },
        "IWD": {
            "mean": 0.02965408163259182,
            "stdev": 0.037910978694634834
        }
    },
    "RG": {
        "GIH WR": {
            "mean": 0.5461237305251371,
            "stdev": 0.03124786623153785
        },
        "OH WR": {
            "mean": 0.5502709693172995,
            "stdev": 0.03143711592455097
        },
        "GD WR": {
            "mean": 0.546439545299803,
            "stdev": 0.033823096003332984
        },
        "IWD": {
            "mean": 0.00295698343112542,
            "stdev": 0.03085599668468881
        }
    }
}