{
    "all": {
        "GIH WR": {
            "mean": 0.5648239813695928,
            "stdev": 0.04116790055211653
        },
        "OH WR": {
            "mean": 0.562986657701229,
            "stdev": 0.05042474113811505
        },
        "GD WR": {
            "mean": 0.5681530022502573,
            "stdev": 0.03801878623938486
        },
        "IWD": {
            "mean": 0.021795141904329823,
            "stdev": 0.04082878361382281
        }
    },
    "WU": {
        "GIH WR": {
            "mean": 0.5950824775514739,
            "stdev": 0.037873410829604076
        },
        "OH WR": {
            "mean": 0.589960592815795,
            "stdev": 0.04389627418541378
        },
        "GD WR": {
            "mean": 0.5998148234991999,
            "stdev": 0.03359036167278815
        },
        "IWD": {
            "mean": 0.01381005439374724,
            "stdev": 0.035913323598421636
        }
    },
    "WB": {
        "GIH WR": {
            "mean": 0.5526295064175035,
            "stdev": 0.03720207244169546
        },
        "OH WR": {
            "mean": 0.5356008982388744,
            "stdev": 0.03588176818904843
        },
        "GD WR": {
            "mean": 0.5527959197219378,
            "stdev": 0.02725193702213311
        },
        "IWD": {
            "mean": 0.03241340411756042,
            "stdev": 0.03901589819753107
        }
    },
    "WR": {
        "GIH WR": {
            "mean": 0.5742987852187058,
            "stdev": 0.040160397500270464
        },
        "OH WR": {
            "mean": 0.5723389644070024,
            "stdev": 0.03464355537297527
        },
        "GD WR": {
            "mean": 0.5634636127562679,
            "stdev": 0.031178702241436256
        },
        "IWD": {
            "mean": 0.0017309496846310936,
            "stdev": 0.0413731677996796
        }
    },
    "WG": {
        "GIH WR": {
            "mean": 0.5724435937891408,
            "stdev": 0.029842240660505948
        },
        "OH WR": {
            "mean": 0.5694602512159312,
            "stdev": 0.03224760194394405
        },
        "GD WR": {
            "mean": 0.5786345620924719,
            "stdev": 0.02761388756067976
        },
        "IWD": {
            "mean": 0.008123204108833023,
            "stdev": 0.031781171387538734
        }
    },
    "UB": {
        "GIH WR": {
            "mean": 0.5570336828084912,
            "stdev": 0.03363786157164904
        },
        "OH WR": {
            "mean": 0.5470372555824943,
            "stdev": 0.03606409236675359
        },
        "GD WR": {
            "mean": 0.5631598775368267,
            "stdev": 0.028649248140787224
        },
        "IWD": {
            "mean": 0.035449882825727204,
            "stdev": 0.03516524843858419
        }
    },
    "UR": {
        "GIH WR": {
            "mean": 0.5807732405470715,
            "stdev": 0.04681162697815696
        },
        "OH WR": {
            "mean": 0.5878762785503293,
            "stdev": 0.03871534660260046
        },
        "GD WR": {
            "mean": 0.5769995172687399,
            "stdev": 0.03745919949795775
        },
        "IWD": {
            "mean": -0.003938898669349606,
            "stdev": 0.03844413368096023
        }
    },
    "UG": {
        "GIH WR": {
            "mean": 0.5432533135210099,
            "stdev": 0.02737709394396995
        },
        "OH WR": {
            "mean": 0.5480817432939545,
            "stdev": 0.03138951558140091
        },
        "GD WR": {
            "mean": 0.5491608614653839,
            "stdev": 0.025968375522135743
        },
        "IWD": {
            "mean": 0.010103134909079652,
            "stdev": 0.026206508484204267
        }
    },
    "BR": {
        "GIH WR": {
            "mean": 0.5450716968170777,
            "stdev": 0.028969945739239476
        },
        "OH WR": {
            "mean": 0.5429092498603877,
            "stdev": 0.03768878337177924
        },
        "GD WR": {
            "mean": 0.5522806208643242,
            "stdev": 0.03045546423852286
        },
        "IWD": {
            "mean": 0.016144770254233224,
            "stdev": 0.030495328629724927
        }
    },
    "BG": {
        "GIH WR": {
            "mean": 0.5472840709155263,
            "stdev": 0.03599724501902496
        },
        "OH WR": {
            "mean": 0.5406432938030961,
            "stdev": 0.037562356442321844
        },
        "GD WR": {
            "mean": 0.561064107905017,
            "stdev": 0.025177241008569974
        },
        "IWD": {
            "mean": 0.026299351912059257,
            "stdev": 0.03581135643295431
        }
    },
    "RG": {
        "GIH WR": {
            "mean": 0.5653392260862709,
            "stdev": 0.04032545178118559
        },
        "OH WR": {
            "mean": 0.5697240985167618,
            "stdev": 0.036266851194701695
        },
        "GD WR": {
            "mean": 0.5604684469776938,
            "stdev": 0.036210316640327825
        },
        "IWD": {
            "mean": 0.00024516367337586165,
            "stdev": 0.04165055216630613
        }
    }
}