{
    "all": {
        "GIH WR": {
            "mean": 0.5460751312546896,
            "stdev": 0.04056155202378474
        },
        "OH WR": {
            "mean": 0.5413650966898252,
            "stdev": 0.0461327490662759
        },
        "GD WR": {
            "mean": 0.5527785256126412,
            "stdev": 0.03519669270703386
        },
        "IWD": {
            "mean": 0.0126031065526372,
            "stdev": 0.03477145732764462
        }
    },
    "WU": {
        "GIH WR": {
            "mean": 0.5644330529809387,
            "stdev": 0.03544786504373894
        },
        "OH WR": {
            "mean": 0.5706982193657173,
            "stdev": 0.030396628268880153
        },
        "GD WR": {
            "mean": 0.5724990982114556,
            "stdev": 0.03001780841074922
        },
        "IWD": {
            "mean": 0.005154240226391242,
            "stdev": 0.03348237221284768
        }
    },
    "WB": {
        "GIH WR": {
            "mean": 0.5419511364397127,
            "stdev": 0.03661052493794088
        },
        "OH WR": {
            "mean": 0.5395781786917968,
            "stdev": 0.03034641189574632
        },
        "GD WR": {
            "mean": 0.5449814994020526,
            "stdev": 0.028726245223772512
        },
        "IWD": {
            "mean": 0.010472962532457924,
            "stdev": 0.03853946684062206
        }
    },
    "WR": {
        "GIH WR": {
            "mean": 0.5757683407735337,
            "stdev": 0.03973420433436863
        },
        "OH WR": {
            "mean": 0.5931720695124557,
            "stdev": 0.04670715933823523
        },
        "GD WR": {
            "mean": 0.5690865784635726,
            "stdev": 0.031793254718241924
        },
        "IWD": {
            "mean": -0.017563678171743105,
            "stdev": 0.03439042847545222
        }
    },
    "WG": {
        "GIH WR": {
            "mean": 0.5591685118642529,
            "stdev": 0.031882319867527494
        },
        "OH WR": {
            "mean": 0.5677675636959317,
            "stdev": 0.03805212682855655
        },
        "GD WR": {
            "mean": 0.5514825343118185,
            "stdev": 0.02723121699654918
        },
        "IWD": {
            "mean": -0.006134619782215736,
            "stdev": 0.03166216257831971
        }
    },
    "UB": {
        "GIH WR": {
            "mean": 0.5705405553999275,
            "stdev": 0.03530015680927045
        },
        "OH WR": {
            "mean": 0.5487586776748311,
            "stdev": 0.04399867231465547
        },
        "GD WR": {
            "mean": 0.5890474305288929,
            "stdev": 0.03305089427063984
        },
        "IWD": {
            "mean": 0.05736280783087269,
            "stdev": 0.03137536311591224
        }
    },
    "UR": {
        "GIH WR": {
            "mean": 0.5486586978295986,
            "stdev": 0.03447477015499466
        },
        "OH WR": {
            "mean": 0.5394236400892208,
            "stdev": 0.03586234291767019
        },
        "GD WR": {
            "mean": 0.5599421366499557,
            "stdev": 0.03431474903876587
        },
        "IWD": {
            "mean": 0.03173651354973851,
            "stdev": 0.033622347364912555
        }
    },
    "UG": {
        "GIH WR": {
            "mean": 0.5514916568761263,
            "stdev": 0.036421459768795114
        },
        "OH WR": {
            "mean": 0.5418059412419217,
            "stdev": 0.038127567350628534
        },
        "GD WR": {
            "mean": 0.5641022139617485,
            "stdev": 0.033890448206909646
        },
        "IWD": {
            "mean": 0.03205375995655506,
            "stdev": 0.03080371532351889
        }
    },
    "BR": {
        "GIH WR": {
            "mean": 0.5355531651211934,
            "stdev": 0.03696011267179679
        },
        "OH WR": {
            "mean": 0.531312747591504,
            "stdev": 0.04108163292196134
        },
        "GD WR": {
            "mean": 0.545468096648329,
            "stdev": 0.03629018771033853
        },
        "IWD": {
            "mean": 0.005121345190908647,
            "stdev": 0.03308704633784029
        }
    },
    "BG": {
        "GIH WR": {
            "mean": 0.540386140079534,
            "stdev": 0.0324012236625534
        },
        "OH WR": {
            "mean": 0.5370304350223013,
            "stdev": 0.03723878947422413
        },
        "GD WR": {
            "mean": 0.5500395924989898,
            "stdev": 0.0318857949415986
        },
        "IWD": {
            "mean": 0.01182589804025944,
            "stdev": 0.030816369377349072
        }
    },
    "RG": {
        "GIH WR": {
            "mean": 0.5873996663852185,
            "stdev": 0.03395749936278995
        },
        "OH WR": {
            "mean": 0.5970505357538644,
            "stdev": 0.03639167862329858
        },
        "GD WR": {
            "mean": 0.5884018326655159,
            "stdev": 0.033512114589516834
        },
        "IWD": {
            "mean": -0.0037924141698886917,
            "stdev": 0.03179115699589309
        }
    }
}