{
    "all": {
        "GIH WR": {
            "mean": 0.5475171645407688,
            "stdev": 0.03976495315596422
        },
        "OH WR": {
            "mean": 0.5388086942138494,
            "stdev": 0.04323605482108268
        },
        "GD WR": {
            "mean": 0.5572520337180402,
            "stdev": 0.037244036385034165
        },
        "IWD": {
            "mean": 0.02655036254394256,
            "stdev": 0.034076741563346995
        }
    },
    "WU": {
        "GIH WR": {
            "mean": 0.5327478467897643,
            "stdev": 0.032059188907108925
        },
        "OH WR": {
            "mean": 0.5148224471292335,
            "stdev": 0.03209154080355623
        },
        "GD WR": {
            "mean": 0.5417091789370596,
            "stdev": 0.03402522590978624
        },
        "IWD": {
            "mean": 0.03456951349434388,
            "stdev": 0.03434724591722318
        }
    },
    "WB": {
        "GIH WR": {
            "mean": 0.5741007745270693,
            "stdev": 0.030282261998553696
        },
        "OH WR": {
            "mean": 0.5620845769059593,
            "stdev": 0.03183305778621876
        },
        "GD WR": {
            "mean": 0.5782583464754139,
            "stdev": 0.02961277953556309
        },
        "IWD": {
            "mean": 0.0284731053467685,
            "stdev": 0.031194101816031244
        }
    },
    "WR": {
        "GIH WR": {
            "mean": 0.5452049695912476,
            "stdev": 0.035065412939900203
        },
        "OH WR": {
            "mean": 0.551705677269466,
            "stdev": 0.03380528862284818
        },
        "GD WR": {
            "mean": 0.546361093314054,
            "stdev": 0.030935630133261085
        },
        "IWD": {
            "mean": -0.0007852210759178919,
            "stdev": 0.03518702671914175
        }
    },
    "WG": {
        "GIH WR": {
            "mean": 0.575012979484944,
            "stdev": 0.037596527192933375
        },
        "OH WR": {
            "mean": 0.5810504289030819,
            "stdev": 0.04134494947600825
        },
        "GD WR": {
            "mean": 0.5789001867834863,
            "stdev": 0.03664922960495191
        },
        "IWD": {
            "mean": 0.007014272612457097,
            "stdev": 0.03590116003268106
        }
    },
    "UB": {
        "GIH WR": {
            "mean": 0.5585543334342729,
            "stdev": 0.03693478930282621
        },
        "OH WR": {
            "mean": 0.5333618860244379,
            "stdev": 0.03864466871907487
        },
        "GD WR": {
            "mean": 0.5740856455598647,
            "stdev": 0.03575409030010609
        },
        "IWD": {
            "mean": 0.05565512504261078,
            "stdev": 0.03538318185444451
        }
    },
    "UR": {
        "GIH WR": {
            "mean": 0.5198899145928562,
            "stdev": 0.030003943105885344
        },
        "OH WR": {
            "mean": 0.5044554362190529,
            "stdev": 0.03420281077017714
        },
        "GD WR": {
            "mean": 0.529824112913963,
            "stdev": 0.031408373985035556
        },
        "IWD": {
            "mean": 0.03974110548363916,
            "stdev": 0.029422990408513396
        }
    },
    "UG": {
        "GIH WR": {
            "mean": 0.5545228619333865,
            "stdev": 0.04085007315662374
        },
        "OH WR": {
            "mean": 0.5408708371077853,
            "stdev": 0.03850322368529879
        },
        "GD WR": {
            "mean": 0.5603679769047205,
            "stdev": 0.039255751424787
        },
        "IWD": {
            "mean": 0.0320318225670618,
            "stdev": 0.04264878556570891
        }
    },
    "BR": {
        "GIH WR": {
            "mean": 0.5342951620016816,
            "stdev": 0.03280253277847313
        },
        "OH WR": {
            "mean": 0.5292724895774673,
            "stdev": 0.03660759032312791
        },
        "GD WR": {
            "mean": 0.537650329100372,
            "stdev": 0.03274783783309307
        },
        "IWD": {
            "mean": 0.013202389213141041,
            "stdev": 0.03304600108982477
        }
    },
    "BG": {
        "GIH WR": {
            "mean": 0.5775426200278029,
            "stdev": 0.03676168962605446
        },
        "OH WR": {
            "mean": 0.5689275489983293,
            "stdev": 0.04235623306002555
        },
        "GD WR": {
            "mean": 0.585353074520839,
            "stdev": 0.039571447789068695
        },
        "IWD": {
            "mean": 0.03421835531151171,
            "stdev": 0.03809268701256256
        }
    },
    "RG": {
        "GIH WR": {
            "mean": 0.5543050828976968,
            "stdev": 0.03700242538063663
        },
        "OH WR": {
            "mean": 0.5567303498135789,
            "stdev": 0.03744860341408363
        },
        "GD WR": {
            "mean": 0.5496167377278108,
            "stdev": 0.036949182911441815
        },
        "IWD": {
            "mean": 0.0045460222698289416,
            "stdev": 0.03877860420229696
        }
    }
}