{
    "all": {
        "GIH WR": {
            "mean": 0.5532093665346879,
            "stdev": 0.042794607160502825
        },
        "OH WR": {
            "mean": 0.548090716831634,
            "stdev": 0.050774332095037
        },
        "GD WR": {
            "mean": 0.5573962821128211,
            "stdev": 0.039620639050259844
        },
        "IWD": {
            "mean": 0.020846261623031003,
            "stdev": 0.038738758197348455
        }
    },
    "WU": {
        "GIH WR": {
            "mean": 0.568267295667638,
            "stdev": 0.0404626090491272
        },
        "OH WR": {
            "mean": 0.5656880271729601,
            "stdev": 0.04968816774013411
        },
        "GD WR": {
            "mean": 0.5734889914740278,
            "stdev": 0.035710369911211126
        },
        "IWD": {
            "mean": 0.014723086208184537,
            "stdev": 0.035806306205579785
        }
    },
    "WB": {
        "GIH WR": {
            "mean": 0.540176908088919,
            "stdev": 0.04194695163398157
        },
        "OH WR": {
            "mean": 0.5332772698912188,
            "stdev": 0.04733206218755597
        },
        "GD WR": {
            "mean": 0.5474537689762669,
            "stdev": 0.040470406278315316
        },
        "IWD": {
            "mean": 0.032006431476669095,
            "stdev": 0.03989510929364483
        }
    },
    "WR": {
        "GIH WR": {
            "mean": 0.5529000629841989,
            "stdev": 0.04337590974854125
        },
        "OH WR": {
            "mean": 0.5621818368620635,
            "stdev": 0.04928956236456264
        },
        "GD WR": {
            "mean": 0.5539359132363803,
            "stdev": 0.04111306957604686
        },
        "IWD": {
            "mean": 0.0028245426978763216,
            "stdev": 0.04050599235295023
        }
    },
    "WG": {
        "GIH WR": {
            "mean": 0.5585014762666929,
            "stdev": 0.04066128791170931
        },
        "OH WR": {
            "mean": 0.5577982014718903,
            "stdev": 0.04548621266775304
        },
        "GD WR": {
            "mean": 0.5617316309772984,
            "stdev": 0.03662579157358114
        },
        "IWD": {
            "mean": 0.017087557202512677,
            "stdev": 0.03984927426822465
        }
    },
    "UB": {
        "GIH WR": {
            "mean": 0.5508709597428433,
            "stdev": 0.03895422992729975
        },
        "OH WR": {
            "mean": 0.5369472471186779,
            "stdev": 0.048770189194358896
        },
        "GD WR": {
            "mean": 0.5637679126291931,
            "stdev": 0.035156849062522706
        },
        "IWD": {
            "mean": 0.04422837730838256,
            "stdev": 0.037186287706752356
        }
    },
    "UR": {
        "GIH WR": {
            "mean": 0.5556946071864005,
            "stdev": 0.046273064568371935
        },
        "OH WR": {
            "mean": 0.5633463557097184,
            "stdev": 0.0544591771947827
        },
        "GD WR": {
            "mean": 0.5556458231439904,
            "stdev": 0.042881824864424746
        },
        "IWD": {
            "mean": -0.0003661109180841365,
            "stdev": 0.03771079686958064
        }
    },
    "UG": {
        "GIH WR": {
            "mean": 0.5360012921239231,
            "stdev": 0.041745452111602584
        },
        "OH WR": {
            "mean": 0.5345557186373653,
            "stdev": 0.04820299090946015
        },
        "GD WR": {
            "mean": 0.537908767579975,
            "stdev": 0.038073641445341116
        },
        "IWD": {
            "mean": 0.019791807142680175,
            "stdev": 0.04104453943484526
        }
    },
    "BR": {
        "GIH WR": {
            "mean": 0.5365608369175356,
            "stdev": 0.045926787837766075
        },
        "OH WR": {
            "mean": 0.5308279788536052,
            "stdev": 0.04420270019826982
        },
        "GD WR": {
            "mean": 0.5448343537618616,
            "stdev": 0.04505771726738038
        },
        "IWD": {
            "mean": 0.028065758879257406,
            "stdev": 0.04429208610010444
        }
    },
    "BG": {
        "GIH WR": {
            "mean": 0.5564486213082376,
            "stdev": 0.04220215551310432
        },
        "OH WR": {
            "mean": 0.5418960794164073,
            "stdev": 0.047935604728500184
        },
        "GD WR": {
            "mean": 0.5662256445970226,
            "stdev": 0.042239922492881166
        },
        "IWD": {
            "mean": 0.038738571320717695,
            "stdev": 0.03764153736893953
        }
    },
    "RG": {
        "GIH WR": {
            "mean": 0.5556091554025195,
            "stdev": 0.0504598027347588
        },
        "OH WR": {
            "mean": 0.5620399684007579,
            "stdev": 0.05708584837100625
        },
        "GD WR": {
            "mean": 0.5578827202142174,
            "stdev": 0.04744966483404234
        },
        "IWD": {
            "mean": 0.0058711703141462014,
            "stdev": 0.044888316790712375
        }
    }
}