{
    "all": {
        "GIH WR": {
            "mean": 0.5561702366883636,
            "stdev": 0.04181940650444239
        },
        "OH WR": {
            "mean": 0.540492677222091,
            "stdev": 0.04916612799909637
        },
        "GD WR": {
            "mean": 0.565108813870408,
            "stdev": 0.04142963552054698
        },
        "IWD": {
            "mean": 0.033353859450479105,
            "stdev": 0.03787925836795003
        }
    },
    "WU": {
        "GIH WR": {
            "mean": 0.5578526686405331,
            "stdev": 0.037134472675431726
        },
        "OH WR": {
            "mean": 0.5332015613661192,
            "stdev": 0.04942067372806892
        },
        "GD WR": {
            "mean": 0.5705972351485729,
            "stdev": 0.036410757140514796
        },
        "IWD": {
            "mean": 0.06144993758901697,
            "stdev": 0.039583385499374846
        }
    },
    "WB": {
        "GIH WR": {
            "mean": 0.5741624491611612,
            "stdev": 0.038499052863810945
        },
        "OH WR": {
            "mean": 0.563950387570782,
            "stdev": 0.04768490688779938
        },
        "GD WR": {
            "mean": 0.5798781249586314,
            "stdev": 0.03883381514292852
        },
        "IWD": {
            "mean": 0.031797113484429367,
            "stdev": 0.039592858868643124
        }
    },
    "WR": {
        "GIH WR": {
            "mean": 0.5430466296838793,
            "stdev": 0.038709626979181996
        },
        "OH WR": {
            "mean": 0.5444082901523459,
            "stdev": 0.05083031678967725
        },
        "GD WR": {
            "mean": 0.5410696858056291,
            "stdev": 0.03796192983737477
        },
        "IWD": {
            "mean": 0.002987562133971035,
            "stdev": 0.04323236089482603
        }
    },
    "WG": {
        "GIH WR": {
            "mean": 0.5456445159507181,
            "stdev": 0.04186605033272072
        },
        "OH WR": {
            "mean": 0.5317224270125328,
            "stdev": 0.05346194104953926
        },
        "GD WR": {
            "mean": 0.5541586724928508,
            "stdev": 0.04216225863087811
        },
        "IWD": {
            "mean": 0.030641028552918722,
            "stdev": 0.04063304329147559
        }
    },
    "UB": {
        "GIH WR": {
            "mean": 0.5814061918290645,
            "stdev": 0.039964351604862364
        },
        "OH WR": {
            "mean": 0.5525485760689304,
            "stdev": 0.05227591904764039
        },
        "GD WR": {
            "mean": 0.5957727380266108,
            "stdev": 0.03843628339996632
        },
        "IWD": {
            "mean": 0.06343314811939808,
            "stdev": 0.03894797204883594
        }
    },
    "UR": {
        "GIH WR": {
            "mean": 0.5767394325970646,
            "stdev": 0.041075928566856726
        },
        "OH WR": {
            "mean": 0.557079824480121,
            "stdev": 0.050792531513861094
        },
        "GD WR": {
            "mean": 0.5868966644326656,
            "stdev": 0.040111944808950944
        },
        "IWD": {
            "mean": 0.04980938045418043,
            "stdev": 0.03758616166986815
        }
    },
    "UG": {
        "GIH WR": {
            "mean": 0.5358195969782686,
            "stdev": 0.030907696568305748
        },
        "OH WR": {
            "mean": 0.5166843843020733,
            "stdev": 0.040319481256026204
        },
        "GD WR": {
            "mean": 0.5483700534777498,
            "stdev": 0.0336409773816576
        },
        "IWD": {
            "mean": 0.04023435374487009,
            "stdev": 0.03675578355631543
        }
    },
    "BR": {
        "GIH WR": {
            "mean": 0.5726585735871562,
            "stdev": 0.044095171937974534
        },
        "OH WR": {
            "mean": 0.5674519378705691,
            "stdev": 0.05283360822648858
        },
        "GD WR": {
            "mean": 0.5757538209526202,
            "stdev": 0.043060869142664486
        },
        "IWD": {
            "mean": 0.01591138064558419,
            "stdev": 0.040739379106768704
        }
    },
    "BG": {
        "GIH WR": {
            "mean": 0.5681530015948907,
            "stdev": 0.04527233912540215
        },
        "OH WR": {
            "mean": 0.554827712125672,
            "stdev": 0.05583567065837813
        },
        "GD WR": {
            "mean": 0.5765304242318922,
            "stdev": 0.04512974211045051
        },
        "IWD": {
            "mean": 0.03459890500322044,
            "stdev": 0.04415968480461874
        }
    },
    "RG": {
        "GIH WR": {
            "mean": 0.5376054627727472,
            "stdev": 0.0333141046603751
        },
        "OH WR": {
            "mean": 0.532456274279956,
            "stdev": 0.04487630456202886
        },
        "GD WR": {
            "mean": 0.5405384935517551,
            "stdev": 0.035180235194748666
        },
        "IWD": {
            "mean": 0.018526207735383358,
            "stdev": 0.031081029742250642
        }
    }
}