{
    "all": {
        "GIH WR": {
            "mean": 0.555797565340326,
            "stdev": 0.04255545727701188
        },
        "OH WR": {
            "mean": 0.5405820471064192,
            "stdev": 0.048925272831402876
        },
        "GD WR": {
            "mean": 0.5648620403949739,
            "stdev": 0.04191905707405569
        },
        "IWD": {
            "mean": 0.03290347213437231,
            "stdev": 0.038378892988748754
        }
    },
    "WU": {
        "GIH WR": {
            "mean": 0.5584200715982168,
            "stdev": 0.036732315805302916
        },
        "OH WR": {
            "mean": 0.5332211704325417,
            "stdev": 0.04942014562225398
        },
        "GD WR": {
            "mean": 0.5701592005350395,
            "stdev": 0.036053738620964414
        },
        "IWD": {
            "mean": 0.061361538655985946,
            "stdev": 0.03874439341777299
        }
    },
    "WB": {
        "GIH WR": {
            "mean": 0.5743581850383603,
            "stdev": 0.03817248565061977
        },
        "OH WR": {
            "mean": 0.5639072739158438,
            "stdev": 0.04794517710992144
        },
        "GD WR": {
            "mean": 0.5799754747350002,
            "stdev": 0.03809510560182048
        },
        "IWD": {
            "mean": 0.03132575788333172,
            "stdev": 0.03873385946908046
        }
    },
    "WR": {
        "GIH WR": {
            "mean": 0.5429515077435538,
            "stdev": 0.038548187568156984
        },
        "OH WR": {
            "mean": 0.5442339046424018,
            "stdev": 0.050371996121206325
        },
        "GD WR": {
            "mean": 0.5412357074174752,
            "stdev": 0.03825489756878894
        },
        "IWD": {
            "mean": 0.0037743834280255617,
            "stdev": 0.043790307304650666
        }
    },
    "WG": {
        "GIH WR": {
            "mean": 0.5460573999406398,
            "stdev": 0.041330967677159464
        },
        "OH WR": {
            "mean": 0.5321828815958787,
            "stdev": 0.05324876810392779
        },
        "GD WR": {
            "mean": 0.5541594460061864,
            "stdev": 0.04089854768373247
        },
        "IWD": {
            "mean": 0.030722139707474415,
            "stdev": 0.04061838599899305
        }
    },
    "UB": {
        "GIH WR": {
            "mean": 0.5817379818442407,
            "stdev": 0.039422590799762604
        },
        "OH WR": {
            "mean": 0.5528259699245711,
            "stdev": 0.05097955694112116
        },
        "GD WR": {
            "mean": 0.5958560245464527,
            "stdev": 0.03781289777011602
        },
        "IWD": {
            "mean": 0.06334498493653755,
            "stdev": 0.03908418898871925
        }
    },
    "UR": {
        "GIH WR": {
            "mean": 0.5770395072560175,
            "stdev": 0.04129272433910007
        },
        "OH WR": {
            "mean": 0.5571879872528555,
            "stdev": 0.051154408360628005
        },
        "GD WR": {
            "mean": 0.5868485422190228,
            "stdev": 0.04018600234129255
        },
        "IWD": {
            "mean": 0.04967354185448707,
            "stdev": 0.03769089371607494
        }
    },
    "UG": {
        "GIH WR": {
            "mean": 0.5360267342698914,
            "stdev": 0.0306846444318281
        },
        "OH WR": {
            "mean": 0.5170296235068569,
            "stdev": 0.0397317722905558
        },
        "GD WR": {
            "mean": 0.548536500025352,
            "stdev": 0.0330475531201775
        },
        "IWD": {
            "mean": 0.04058579374316814,
            "stdev": 0.03604987267742109
        }
    },
    "BR": {
        "GIH WR": {
            "mean": 0.572248609753558,
            "stdev": 0.043493384391134704
        },
        "OH WR": {
            "mean": 0.5669936090826769,
            "stdev": 0.05241416691361895
        },
        "GD WR": {
            "mean": 0.5747742008634594,
            "stdev": 0.0425762608952869
        },
        "IWD": {
            "mean": 0.016308619601853265,
            "stdev": 0.03996029112794504
        }
    },
    "BG": {
        "GIH WR": {
            "mean": 0.567935755885696,
            "stdev": 0.04480264591089617
        },
        "OH WR": {
            "mean": 0.5544641182364322,
            "stdev": 0.05580872796700926
        },
        "GD WR": {
            "mean": 0.5758251971479915,
            "stdev": 0.044555097581079235
        },
        "IWD": {
            "mean": 0.03508299364771021,
            "stdev": 0.043897746056085984
        }
    },
    "RG": {
        "GIH WR": {
            "mean": 0.5391301319709028,
            "stdev": 0.033268507724474414
        },
        "OH WR": {
            "mean": 0.5330440139209873,
            "stdev": 0.04297046176837907
        },
        "GD WR": {
            "mean": 0.5413953446046569,
            "stdev": 0.035034265420205185
        },
        "IWD": {
            "mean": 0.02070059365318538,
            "stdev": 0.03449143032051659
        }
    }
}