{
    "all": {
        "GIH WR": {
            "mean": 0.553046989943969,
            "stdev": 0.04265175627687671
        },
        "OH WR": {
            "mean": 0.5481637917764149,
            "stdev": 0.05115358593710102
        },
        "GD WR": {
            "mean": 0.5572697357426422,
            "stdev": 0.038731185815499336
        },
        "IWD": {
            "mean": 0.0207065514653838,
            "stdev": 0.03880235241884135
        }
    },
    "WU": {
        "GIH WR": {
            "mean": 0.5679516186098685,
            "stdev": 0.04065597429203428
        },
        "OH WR": {
            "mean": 0.5659229292118704,
            "stdev": 0.05041923230728926
        },
        "GD WR": {
            "mean": 0.5729109130435972,
            "stdev": 0.036383394590041654
        },
        "IWD": {
            "mean": 0.014136267391647913,
            "stdev": 0.035521181908171905
        }
    },
    "WB": {
        "GIH WR": {
            "mean": 0.5391230490736632,
            "stdev": 0.04064188540574394
        },
        "OH WR": {
            "mean": 0.5344235958628958,
            "stdev": 0.04604543993335224
        },
        "GD WR": {
            "mean": 0.5477401169043574,
            "stdev": 0.041008323382839426
        },
        "IWD": {
            "mean": 0.031168326451335868,
            "stdev": 0.03823133006407855
        }
    },
    "WR": {
        "GIH WR": {
            "mean": 0.5542804342404956,
            "stdev": 0.043808695306674084
        },
        "OH WR": {
            "mean": 0.5633753433832462,
            "stdev": 0.05070520898913685
        },
        "GD WR": {
            "mean": 0.5548106175601925,
            "stdev": 0.04126144840001554
        },
        "IWD": {
            "mean": 0.002752964081713977,
            "stdev": 0.040986201258078836
        }
    },
    "WG": {
        "GIH WR": {
            "mean": 0.5587573706820578,
            "stdev": 0.04121847203012969
        },
        "OH WR": {
            "mean": 0.5585032979980353,
            "stdev": 0.04651898189162371
        },
        "GD WR": {
            "mean": 0.5611081462837829,
            "stdev": 0.03660362172429948
        },
        "IWD": {
            "mean": 0.01658353456164835,
            "stdev": 0.039988093793119704
        }
    },
    "UB": {
        "GIH WR": {
            "mean": 0.5502486031898587,
            "stdev": 0.038976339928868085
        },
        "OH WR": {
            "mean": 0.5376124532840373,
            "stdev": 0.04917456390819814
        },
        "GD WR": {
            "mean": 0.5629328498212056,
            "stdev": 0.03567003027112857
        },
        "IWD": {
            "mean": 0.044031593229153704,
            "stdev": 0.03682367417318627
        }
    },
    "UR": {
        "GIH WR": {
            "mean": 0.5566915526953301,
            "stdev": 0.04614627394552928
        },
        "OH WR": {
            "mean": 0.5653518921727136,
            "stdev": 0.05450682634744961
        },
        "GD WR": {
            "mean": 0.5567257104755514,
            "stdev": 0.04359712412588297
        },
        "IWD": {
            "mean": -0.0006122803119145543,
            "stdev": 0.03765017909255361
        }
    },
    "UG": {
        "GIH WR": {
            "mean": 0.5359981673860998,
            "stdev": 0.040596811177099214
        },
        "OH WR": {
            "mean": 0.5320473726251509,
            "stdev": 0.04419252046603907
        },
        "GD WR": {
            "mean": 0.5394223608031334,
            "stdev": 0.0380708887649471
        },
        "IWD": {
            "mean": 0.018570905630778435,
            "stdev": 0.04052139636249331
        }
    },
    "BR": {
        "GIH WR": {
            "mean": 0.5363246813467937,
            "stdev": 0.04643523495061703
        },
        "OH WR": {
            "mean": 0.529440753995238,
            "stdev": 0.04511692831220119
        },
        "GD WR": {
            "mean": 0.5442847718722745,
            "stdev": 0.045305326408996725
        },
        "IWD": {
            "mean": 0.028957532740762616,
            "stdev": 0.04541629310935061
        }
    },
    "BG": {
        "GIH WR": {
            "mean": 0.5544252129990708,
            "stdev": 0.04261430644349032
        },
        "OH WR": {
            "mean": 0.5423455881005189,
            "stdev": 0.04786117410425167
        },
        "GD WR": {
            "mean": 0.5649143244548233,
            "stdev": 0.04303336042575649
        },
        "IWD": {
            "mean": 0.03636875795493186,
            "stdev": 0.03848175224941729
        }
    },
    "RG": {
        "GIH WR": {
            "mean": 0.5553916621387686,
            "stdev": 0.050060339106221347
        },
        "OH WR": {
            "mean": 0.5624623126699466,
            "stdev": 0.05745465691177861
        },
        "GD WR": {
            "mean": 0.5577900544495622,
            "stdev": 0.0470483133267408
        },
        "IWD": {
            "mean": 0.005771302717100962,
            "stdev": 0.04517784100254557
        }
    }
}