{
    "all": {
        "GIH WR": {
            "mean": 0.5534744334327368,
            "stdev": 0.04280012766970285
        },
        "OH WR": {
            "mean": 0.5482096743628575,
            "stdev": 0.05074005227951315
        },
        "GD WR": {
            "mean": 0.5574809779048959,
            "stdev": 0.039837528071609396
        },
        "IWD": {
            "mean": 0.021055298067842575,
            "stdev": 0.03870546208432188
        }
    },
    "WU": {
        "GIH WR": {
            "mean": 0.5677046273508777,
            "stdev": 0.04084491807110189
        },
        "OH WR": {
            "mean": 0.5647219922419381,
            "stdev": 0.05022867206157331
        },
        "GD WR": {
            "mean": 0.5735520294149589,
            "stdev": 0.03676922317061786
        },
        "IWD": {
            "mean": 0.01455655774667134,
            "stdev": 0.036141001014342304
        }
    },
    "WB": {
        "GIH WR": {
            "mean": 0.5406342799416876,
            "stdev": 0.042113144800317207
        },
        "OH WR": {
            "mean": 0.5339354717819988,
            "stdev": 0.04699180024039157
        },
        "GD WR": {
            "mean": 0.5479862927836819,
            "stdev": 0.04083779656596676
        },
        "IWD": {
            "mean": 0.03164812794221405,
            "stdev": 0.03985594654360218
        }
    },
    "WR": {
        "GIH WR": {
            "mean": 0.5524827124271464,
            "stdev": 0.043151621420751955
        },
        "OH WR": {
            "mean": 0.56256621359562,
            "stdev": 0.049484011670628845
        },
        "GD WR": {
            "mean": 0.5534391042656828,
            "stdev": 0.040452978614365
        },
        "IWD": {
            "mean": 0.002670616449744738,
            "stdev": 0.0397605057250789
        }
    },
    "WG": {
        "GIH WR": {
            "mean": 0.5587991889402849,
            "stdev": 0.04031323541688753
        },
        "OH WR": {
            "mean": 0.5560491055589916,
            "stdev": 0.04560468437535526
        },
        "GD WR": {
            "mean": 0.5636575973803986,
            "stdev": 0.03666677226588642
        },
        "IWD": {
            "mean": 0.017725462450288016,
            "stdev": 0.039516286142333545
        }
    },
    "UB": {
        "GIH WR": {
            "mean": 0.551389601423204,
            "stdev": 0.0389301100462786
        },
        "OH WR": {
            "mean": 0.537776990625477,
            "stdev": 0.048465730010483286
        },
        "GD WR": {
            "mean": 0.5644062459619508,
            "stdev": 0.034710481894296694
        },
        "IWD": {
            "mean": 0.043989520194854914,
            "stdev": 0.03709146388000993
        }
    },
    "UR": {
        "GIH WR": {
            "mean": 0.5554049624605296,
            "stdev": 0.0467099288634143
        },
        "OH WR": {
            "mean": 0.5633451382177466,
            "stdev": 0.05400013144638946
        },
        "GD WR": {
            "mean": 0.5553990382737082,
            "stdev": 0.0435643401644357
        },
        "IWD": {
            "mean": -0.00022333353212883789,
            "stdev": 0.03810633443505221
        }
    },
    "UG": {
        "GIH WR": {
            "mean": 0.535617552016677,
            "stdev": 0.042826928196824994
        },
        "OH WR": {
            "mean": 0.5333882438609835,
            "stdev": 0.048673398859114064
        },
        "GD WR": {
            "mean": 0.5386435865320814,
            "stdev": 0.03742367899958813
        },
        "IWD": {
            "mean": 0.018943398129352067,
            "stdev": 0.04126740417141784
        }
    },
    "BR": {
        "GIH WR": {
            "mean": 0.5344256365862962,
            "stdev": 0.04603143179034843
        },
        "OH WR": {
            "mean": 0.5285876645212789,
            "stdev": 0.044199820960604805
        },
        "GD WR": {
            "mean": 0.5437578649976516,
            "stdev": 0.045564196741464544
        },
        "IWD": {
            "mean": 0.027651433628980853,
            "stdev": 0.04465938534517233
        }
    },
    "BG": {
        "GIH WR": {
            "mean": 0.5578519728560374,
            "stdev": 0.042055203420628795
        },
        "OH WR": {
            "mean": 0.543302474071012,
            "stdev": 0.04752146542822633
        },
        "GD WR": {
            "mean": 0.5673180411347004,
            "stdev": 0.04192237862210546
        },
        "IWD": {
            "mean": 0.03840016645670765,
            "stdev": 0.03773479010029073
        }
    },
    "RG": {
        "GIH WR": {
            "mean": 0.5558164313748264,
            "stdev": 0.05035833007266796
        },
        "OH WR": {
            "mean": 0.5595428901107067,
            "stdev": 0.05804929054278907
        },
        "GD WR": {
            "mean": 0.5575519402742274,
            "stdev": 0.04787688232155678
        },
        "IWD": {
            "mean": 0.005853618741112439,
            "stdev": 0.04491698212067716
        }
    }
}