{
    "all": {
        "GIH WR": {
            "mean": 0.5478022690760498,
            "stdev": 0.03936107713285528
        },
        "OH WR": {
            "mean": 0.5446013542924332,
            "stdev": 0.045944558613078675
        },
        "GD WR": {
            "mean": 0.5546538177650029,
            "stdev": 0.034959100704867345
        },
        "IWD": {
            "mean": 0.011277203544689595,
            "stdev": 0.033706027693093506
        }
    },
    "WU": {
        "GIH WR": {
            "mean": 0.5732505667080665,
            "stdev": 0.0313147549939634
        },
        "OH WR": {
            "mean": 0.5795042425206972,
            "stdev": 0.03390140974249254
        },
        "GD WR": {
            "mean": 0.5785676293000023,
            "stdev": 0.02423500825412435
        },
        "IWD": {
            "mean": 0.0063626534798771825,
            "stdev": 0.036019803580729634
        }
    },
    "WB": {
        "GIH WR": {
            "mean": 0.5479254814331327,
            "stdev": 0.03545882221611429
        },
        "OH WR": {
            "mean": 0.5494742980810712,
            "stdev": 0.03136723842530153
        },
        "GD WR": {
            "mean": 0.5504291514595433,
            "stdev": 0.02634046716280458
        },
        "IWD": {
            "mean": 0.009950068761945065,
            "stdev": 0.03577401789215198
        }
    },
    "WR": {
        "GIH WR": {
            "mean": 0.5834960815921103,
            "stdev": 0.03862454110224867
        },
        "OH WR": {
            "mean": 0.5993328900184217,
            "stdev": 0.042482942064262834
        },
        "GD WR": {
            "mean": 0.5775639660198174,
            "stdev": 0.02954385144612188
        },
        "IWD": {
            "mean": -0.01692252955296108,
            "stdev": 0.033830390000186346
        }
    },
    "WG": {
        "GIH WR": {
            "mean": 0.5567028679583466,
            "stdev": 0.029783852747439846
        },
        "OH WR": {
            "mean": 0.5646450491075232,
            "stdev": 0.0305721763159775
        },
        "GD WR": {
            "mean": 0.5510331471427534,
            "stdev": 0.02606220736658622
        },
        "IWD": {
            "mean": -0.009046138574916013,
            "stdev": 0.03099396378059633
        }
    },
    "UB": {
        "GIH WR": {
            "mean": 0.57364311871907,
            "stdev": 0.03492808058467245
        },
        "OH WR": {
            "mean": 0.5518819261272043,
            "stdev": 0.045017875630580455
        },
        "GD WR": {
            "mean": 0.5926262614585573,
            "stdev": 0.02887667223702339
        },
        "IWD": {
            "mean": 0.062280643924045184,
            "stdev": 0.036593451185572425
        }
    },
    "UR": {
        "GIH WR": {
            "mean": 0.5521006092327817,
            "stdev": 0.033276654207204936
        },
        "OH WR": {
            "mean": 0.5445796965910027,
            "stdev": 0.03874536659317461
        },
        "GD WR": {
            "mean": 0.5703434540170224,
            "stdev": 0.028467518239105757
        },
        "IWD": {
            "mean": 0.031092457956682782,
            "stdev": 0.03178602057019298
        }
    },
    "UG": {
        "GIH WR": {
            "mean": 0.5579705393077979,
            "stdev": 0.035961741524371364
        },
        "OH WR": {
            "mean": 0.5464668992742773,
            "stdev": 0.03466233975834907
        },
        "GD WR": {
            "mean": 0.5724725837331077,
            "stdev": 0.028863787502323292
        },
        "IWD": {
            "mean": 0.03289966568448614,
            "stdev": 0.03320232001351311
        }
    },
    "BR": {
        "GIH WR": {
            "mean": 0.5391527055939263,
            "stdev": 0.037377050586193464
        },
        "OH WR": {
            "mean": 0.53486650200304,
            "stdev": 0.039357074296979794
        },
        "GD WR": {
            "mean": 0.5467032104972239,
            "stdev": 0.034800430845459356
        },
        "IWD": {
            "mean": 0.0058567439389708344,
            "stdev": 0.03388091278321687
        }
    },
    "BG": {
        "GIH WR": {
            "mean": 0.5438081437263643,
            "stdev": 0.03192352893608078
        },
        "OH WR": {
            "mean": 0.5368322443107196,
            "stdev": 0.03298816460742216
        },
        "GD WR": {
            "mean": 0.5485438023824445,
            "stdev": 0.029617477916719367
        },
        "IWD": {
            "mean": 0.013807126317836033,
            "stdev": 0.032617602296661885
        }
    },
    "RG": {
        "GIH WR": {
            "mean": 0.5954894430106396,
            "stdev": 0.033904348691837706
        },
        "OH WR": {
            "mean": 0.6003446595760484,
            "stdev": 0.035641528015411664
        },
        "GD WR": {
            "mean": 0.5935900900747932,
            "stdev": 0.03279143695963642
        },
        "IWD": {
            "mean": -0.002730752126607612,
            "stdev": 0.032222940151828486
        }
    }
}