{
    "all": {
        "GIH WR": {
            "mean": 0.5509863192949852,
            "stdev": 0.038576449574759586
        },
        "OH WR": {
            "mean": 0.5452584050937185,
            "stdev": 0.04560806688753315
        },
        "GD WR": {
            "mean": 0.5580291516817646,
            "stdev": 0.03508540564334511
        },
        "IWD": {
            "mean": 0.016802261048153706,
            "stdev": 0.03408533337246044
        }
    },
    "WU": {
        "GIH WR": {
            "mean": 0.5299728523221341,
            "stdev": 0.03571295211668729
        },
        "OH WR": {
            "mean": 0.510360509114875,
            "stdev": 0.04490774888825728
        },
        "GD WR": {
            "mean": 0.5383968213556544,
            "stdev": 0.031488565837856024
        },
        "IWD": {
            "mean": 0.04687834195041897,
            "stdev": 0.03488472208004266
        }
    },
    "WB": {
        "GIH WR": {
            "mean": 0.5427578825861007,
            "stdev": 0.03864573043980067
        },
        "OH WR": {
            "mean": 0.5429243006017053,
            "stdev": 0.04428454036191556
        },
        "GD WR": {
            "mean": 0.548919812914913,
            "stdev": 0.036281598477361045
        },
        "IWD": {
            "mean": 0.015798818980709964,
            "stdev": 0.035244718342654864
        }
    },
    "WR": {
        "GIH WR": {
            "mean": 0.5571778384842161,
            "stdev": 0.03933560414668858
        },
        "OH WR": {
            "mean": 0.5687953736533198,
            "stdev": 0.041133687203177734
        },
        "GD WR": {
            "mean": 0.5537481733244302,
            "stdev": 0.03937330362548051
        },
        "IWD": {
            "mean": -0.010614204377833829,
            "stdev": 0.03193946362596759
        }
    },
    "WG": {
        "GIH WR": {
            "mean": 0.5464275575031722,
            "stdev": 0.03506406090310328
        },
        "OH WR": {
            "mean": 0.5451134912905978,
            "stdev": 0.03825459166030232
        },
        "GD WR": {
            "mean": 0.5514941234974315,
            "stdev": 0.0360627449634932
        },
        "IWD": {
            "mean": 0.01762772834945974,
            "stdev": 0.034174938763162556
        }
    },
    "UB": {
        "GIH WR": {
            "mean": 0.5576872735859543,
            "stdev": 0.03698014576525167
        },
        "OH WR": {
            "mean": 0.5366790789529405,
            "stdev": 0.04408101624763507
        },
        "GD WR": {
            "mean": 0.5710499774786447,
            "stdev": 0.034058965079414506
        },
        "IWD": {
            "mean": 0.04171163649907948,
            "stdev": 0.0346132400382294
        }
    },
    "UR": {
        "GIH WR": {
            "mean": 0.5630156898079804,
            "stdev": 0.03252037984666092
        },
        "OH WR": {
            "mean": 0.5435285490811168,
            "stdev": 0.039931058120368575
        },
        "GD WR": {
            "mean": 0.5759102952823951,
            "stdev": 0.0317424698210861
        },
        "IWD": {
            "mean": 0.04322388998102371,
            "stdev": 0.029168528736774783
        }
    },
    "UG": {
        "GIH WR": {
            "mean": 0.5459525320485767,
            "stdev": 0.03949115580047822
        },
        "OH WR": {
            "mean": 0.5304067968428535,
            "stdev": 0.04528740953002947
        },
        "GD WR": {
            "mean": 0.5634984619873045,
            "stdev": 0.03618492806969415
        },
        "IWD": {
            "mean": 0.04567606562822146,
            "stdev": 0.037598864536692686
        }
    },
    "BR": {
        "GIH WR": {
            "mean": 0.5662981255003928,
            "stdev": 0.037409357300772064
        },
        "OH WR": {
            "mean": 0.5700432861098607,
            "stdev": 0.04068625750331354
        },
        "GD WR": {
            "mean": 0.5671811127314883,
            "stdev": 0.03800514937216197
        },
        "IWD": {
            "mean": -0.0005360699541145889,
            "stdev": 0.03288110100538102
        }
    },
    "BG": {
        "GIH WR": {
            "mean": 0.5675430489020831,
            "stdev": 0.03537802786944937
        },
        "OH WR": {
            "mean": 0.5664058506557432,
            "stdev": 0.04207769096087775
        },
        "GD WR": {
            "mean": 0.5726462470706805,
            "stdev": 0.033603547579469026
        },
        "IWD": {
            "mean": 0.011462853759342449,
            "stdev": 0.03521924609392951
        }
    },
    "RG": {
        "GIH WR": {
            "mean": 0.5596979069923664,
            "stdev": 0.03404157836040966
        },
        "OH WR": {
            "mean": 0.5643378125882307,
            "stdev": 0.0382569137540668
        },
        "GD WR": {
            "mean": 0.5622997278213586,
            "stdev": 0.036494091881540104
        },
        "IWD": {
            "mean": 0.0019961369923341614,
            "stdev": 0.033032054476558846
        }
    }
}