{
    "all": {
        "GIH WR": {
            "mean": 0.5505303576903231,
            "stdev": 0.03781175432794612
        },
        "OH WR": {
            "mean": 0.5479007043545439,
            "stdev": 0.04534884930594616
        },
        "GD WR": {
            "mean": 0.5572764441983754,
            "stdev": 0.03375507598720408
        },
        "IWD": {
            "mean": 0.01172173741097136,
            "stdev": 0.03354374881500292
        }
    },
    "WU": {
        "GIH WR": {
            "mean": 0.5730779882909907,
            "stdev": 0.023592699515189115
        },
        "OH WR": {
            "mean": 0.5739865554662155,
            "stdev": 0.03283895543381178
        },
        "GD WR": {
            "mean": 0.5790192306321796,
            "stdev": 0.02555695359476426
        },
        "IWD": {
            "mean": 0.0005833091170613698,
            "stdev": 0.023776301962991457
        }
    },
    "WB": {
        "GIH WR": {
            "mean": 0.5430170712518824,
            "stdev": 0.02845471354784861
        },
        "OH WR": {
            "mean": 0.5547092750748557,
            "stdev": 0.03286961393769955
        },
        "GD WR": {
            "mean": 0.5484282765707269,
            "stdev": 0.02653221758122587
        },
        "IWD": {
            "mean": 0.005731148604756415,
            "stdev": 0.02758568221826229
        }
    },
    "WR": {
        "GIH WR": {
            "mean": 0.5840979063685658,
            "stdev": 0.035897548494346176
        },
        "OH WR": {
            "mean": 0.6015762344064768,
            "stdev": 0.040845840316577196
        },
        "GD WR": {
            "mean": 0.5791044454192622,
            "stdev": 0.02737702993761991
        },
        "IWD": {
            "mean": -0.018346261586149836,
            "stdev": 0.03435989473432141
        }
    },
    "WG": {
        "GIH WR": {
            "mean": 0.5570384891664003,
            "stdev": 0.03122398984778383
        },
        "OH WR": {
            "mean": 0.5662175239609283,
            "stdev": 0.03368124738062322
        },
        "GD WR": {
            "mean": 0.5495000450364147,
            "stdev": 0.02829371056475245
        },
        "IWD": {
            "mean": -0.011547146369436958,
            "stdev": 0.030906455586912122
        }
    },
    "UB": {
        "GIH WR": {
            "mean": 0.5714923388648478,
            "stdev": 0.037010503444565135
        },
        "OH WR": {
            "mean": 0.5538242087327788,
            "stdev": 0.05115454678947178
        },
        "GD WR": {
            "mean": 0.5935240838321096,
            "stdev": 0.02617202507143459
        },
        "IWD": {
            "mean": 0.0624450900385769,
            "stdev": 0.03745124595701998
        }
    },
    "UR": {
        "GIH WR": {
            "mean": 0.5538613224452151,
            "stdev": 0.034695157066505194
        },
        "OH WR": {
            "mean": 0.5448417597570867,
            "stdev": 0.03892701274242095
        },
        "GD WR": {
            "mean": 0.5743470645891552,
            "stdev": 0.02603710915748609
        },
        "IWD": {
            "mean": 0.029943198668892543,
            "stdev": 0.030720382200897223
        }
    },
    "UG": {
        "GIH WR": {
            "mean": 0.5615575913003304,
            "stdev": 0.03297910563760569
        },
        "OH WR": {
            "mean": 0.5489893895374218,
            "stdev": 0.034890685328050015
        },
        "GD WR": {
            "mean": 0.5771033557052756,
            "stdev": 0.029076379952260374
        },
        "IWD": {
            "mean": 0.03242313448062272,
            "stdev": 0.030882091229479765
        }
    },
    "BR": {
        "GIH WR": {
            "mean": 0.5436333057145537,
            "stdev": 0.035620602757373
        },
        "OH WR": {
            "mean": 0.5375473976570234,
            "stdev": 0.04148184077418811
        },
        "GD WR": {
            "mean": 0.5492387498911611,
            "stdev": 0.03332416093380879
        },
        "IWD": {
            "mean": 0.007200935020184734,
            "stdev": 0.034270179043212674
        }
    },
    "BG": {
        "GIH WR": {
            "mean": 0.5438209093810726,
            "stdev": 0.03307042279421767
        },
        "OH WR": {
            "mean": 0.545209323763508,
            "stdev": 0.032292204556433904
        },
        "GD WR": {
            "mean": 0.5499792127970657,
            "stdev": 0.03588136967623475
        },
        "IWD": {
            "mean": 0.010338547673793068,
            "stdev": 0.03372828736318265
        }
    },
    "RG": {
        "GIH WR": {
            "mean": 0.6021424169365146,
            "stdev": 0.03167968867465133
        },
        "OH WR": {
            "mean": 0.6068542231268468,
            "stdev": 0.03433112562413646
        },
        "GD WR": {
            "mean": 0.598918685518171,
            "stdev": 0.03345413473879531
        },
        "IWD": {
            "mean": -0.0019917929107617807,
            "stdev": 0.029516837662267724
        }
    }
}