{
    "all": {
        "GIH WR": {
            "mean": 0.5562614560884633,
            "stdev": 0.04258996289157307
        },
        "OH WR": {
            "mean": 0.5406010401640505,
            "stdev": 0.04905720936278703
        },
        "GD WR": {
            "mean": 0.5658199921939111,
            "stdev": 0.041799073322586665
        },
        "IWD": {
            "mean": 0.03393312756184366,
            "stdev": 0.03810515391952921
        }
    },
    "WU": {
        "GIH WR": {
            "mean": 0.550707747331664,
            "stdev": 0.041615737890162825
        },
        "OH WR": {
            "mean": 0.526431415060804,
            "stdev": 0.05218152015011595
        },
        "GD WR": {
            "mean": 0.5637303528410262,
            "stdev": 0.042394579677219435
        },
        "IWD": {
            "mean": 0.0646639398468279,
            "stdev": 0.04381665925215535
        }
    },
    "WB": {
        "GIH WR": {
            "mean": 0.575654678186304,
            "stdev": 0.03896373744053989
        },
        "OH WR": {
            "mean": 0.5646312843238082,
            "stdev": 0.05062607650643907
        },
        "GD WR": {
            "mean": 0.5821393787588869,
            "stdev": 0.04043397308764189
        },
        "IWD": {
            "mean": 0.03523283453879552,
            "stdev": 0.0383510557947444
        }
    },
    "WR": {
        "GIH WR": {
            "mean": 0.5446927374899807,
            "stdev": 0.03607029755071496
        },
        "OH WR": {
            "mean": 0.5461705774427604,
            "stdev": 0.04504680498260253
        },
        "GD WR": {
            "mean": 0.5438880257849019,
            "stdev": 0.039299707471030794
        },
        "IWD": {
            "mean": 0.0015807788076173132,
            "stdev": 0.03834182956602735
        }
    },
    "WG": {
        "GIH WR": {
            "mean": 0.5478816550953067,
            "stdev": 0.04410330882371691
        },
        "OH WR": {
            "mean": 0.5335058022569223,
            "stdev": 0.05717065995803923
        },
        "GD WR": {
            "mean": 0.5563370331805612,
            "stdev": 0.047206355832282665
        },
        "IWD": {
            "mean": 0.03737223511497961,
            "stdev": 0.046053788564966266
        }
    },
    "UB": {
        "GIH WR": {
            "mean": 0.5789568146704342,
            "stdev": 0.03995451962291712
        },
        "OH WR": {
            "mean": 0.5495742982981036,
            "stdev": 0.054500707739304294
        },
        "GD WR": {
            "mean": 0.5939166208496024,
            "stdev": 0.037327236282178995
        },
        "IWD": {
            "mean": 0.062170304458009945,
            "stdev": 0.04054972606085726
        }
    },
    "UR": {
        "GIH WR": {
            "mean": 0.5783790487150614,
            "stdev": 0.04024467382236311
        },
        "OH WR": {
            "mean": 0.5570982872585789,
            "stdev": 0.048399376642473076
        },
        "GD WR": {
            "mean": 0.588650349937911,
            "stdev": 0.041574050977648436
        },
        "IWD": {
            "mean": 0.0514517970803839,
            "stdev": 0.03797126766510187
        }
    },
    "UG": {
        "GIH WR": {
            "mean": 0.5286935517321831,
            "stdev": 0.031521296600171514
        },
        "OH WR": {
            "mean": 0.5089082302610688,
            "stdev": 0.04011611501735952
        },
        "GD WR": {
            "mean": 0.5395665422709238,
            "stdev": 0.035326044330297186
        },
        "IWD": {
            "mean": 0.038708840167223486,
            "stdev": 0.0392794674705268
        }
    },
    "BR": {
        "GIH WR": {
            "mean": 0.5707007124437217,
            "stdev": 0.04797430013155912
        },
        "OH WR": {
            "mean": 0.5645989783385594,
            "stdev": 0.05947282437948142
        },
        "GD WR": {
            "mean": 0.5744968862876159,
            "stdev": 0.04643722913715955
        },
        "IWD": {
            "mean": 0.014510079383749847,
            "stdev": 0.046628945469568146
        }
    },
    "BG": {
        "GIH WR": {
            "mean": 0.5677563557760715,
            "stdev": 0.044869501197197924
        },
        "OH WR": {
            "mean": 0.5492682216628713,
            "stdev": 0.05637116943066052
        },
        "GD WR": {
            "mean": 0.5784243015988548,
            "stdev": 0.04578879833855899
        },
        "IWD": {
            "mean": 0.03651055590698113,
            "stdev": 0.04406460977267891
        }
    },
    "RG": {
        "GIH WR": {
            "mean": 0.5393171980862785,
            "stdev": 0.03571575072936716
        },
        "OH WR": {
            "mean": 0.5365830694821556,
            "stdev": 0.04835923113745917
        },
        "GD WR": {
            "mean": 0.5401497462435922,
            "stdev": 0.03777709903247443
        },
        "IWD": {
            "mean": 0.017690494161578748,
            "stdev": 0.04047661536429409
        }
    }
}