{
    "all": {
        "GIH WR": {
            "mean": 0.5472812269407115,
            "stdev": 0.03975253329573632
        },
        "OH WR": {
            "mean": 0.5384345826419609,
            "stdev": 0.043148512589931416
        },
        "GD WR": {
            "mean": 0.5571474895836279,
            "stdev": 0.0368210548600112
        },
        "IWD": {
            "mean": 0.026560044131843277,
            "stdev": 0.034642634486646645
        }
    },
    "WU": {
        "GIH WR": {
            "mean": 0.5323453862574815,
            "stdev": 0.03146150664231917
        },
        "OH WR": {
            "mean": 0.5151691570747259,
            "stdev": 0.031616987358424685
        },
        "GD WR": {
            "mean": 0.541960395977585,
            "stdev": 0.03412272738937382
        },
        "IWD": {
            "mean": 0.034185163566196566,
            "stdev": 0.032835253868558754
        }
    },
    "WB": {
        "GIH WR": {
            "mean": 0.573074623818173,
            "stdev": 0.02998499697152621
        },
        "OH WR": {
            "mean": 0.56089529091869,
            "stdev": 0.03226288534734113
        },
        "GD WR": {
            "mean": 0.5790838748677832,
            "stdev": 0.030965031326432142
        },
        "IWD": {
            "mean": 0.0277847148518777,
            "stdev": 0.03167716939813823
        }
    },
    "WR": {
        "GIH WR": {
            "mean": 0.5444069020140643,
            "stdev": 0.0362804899614861
        },
        "OH WR": {
            "mean": 0.5530093278724268,
            "stdev": 0.03295990193555229
        },
        "GD WR": {
            "mean": 0.547259853661905,
            "stdev": 0.03148890581081742
        },
        "IWD": {
            "mean": -0.0025854837420365736,
            "stdev": 0.03495710264251207
        }
    },
    "WG": {
        "GIH WR": {
            "mean": 0.5735536440694121,
            "stdev": 0.03734391138282538
        },
        "OH WR": {
            "mean": 0.5785316315549031,
            "stdev": 0.04176401313405475
        },
        "GD WR": {
            "mean": 0.5766332373714507,
            "stdev": 0.038098681111071654
        },
        "IWD": {
            "mean": 0.006816731562110959,
            "stdev": 0.03558742186744223
        }
    },
    "UB": {
        "GIH WR": {
            "mean": 0.5585325193872553,
            "stdev": 0.03777135671586405
        },
        "OH WR": {
            "mean": 0.5340052582550494,
            "stdev": 0.03980245184225111
        },
        "GD WR": {
            "mean": 0.5747700367629105,
            "stdev": 0.0361475865690062
        },
        "IWD": {
            "mean": 0.05553911654369413,
            "stdev": 0.03564072649337327
        }
    },
    "UR": {
        "GIH WR": {
            "mean": 0.5198806680592204,
            "stdev": 0.032338586528937015
        },
        "OH WR": {
            "mean": 0.5048617827613345,
            "stdev": 0.0347469381664555
        },
        "GD WR": {
            "mean": 0.530904923696839,
            "stdev": 0.03266258359545521
        },
        "IWD": {
            "mean": 0.038061055039176166,
            "stdev": 0.03147902002570862
        }
    },
    "UG": {
        "GIH WR": {
            "mean": 0.5555820929469919,
            "stdev": 0.041125750236705276
        },
        "OH WR": {
            "mean": 0.5410330472398501,
            "stdev": 0.038615804280523185
        },
        "GD WR": {
            "mean": 0.5629196110777521,
            "stdev": 0.03982115953299319
        },
        "IWD": {
            "mean": 0.03291433367869268,
            "stdev": 0.04137483321070796
        }
    },
    "BR": {
        "GIH WR": {
            "mean": 0.5329153831633839,
            "stdev": 0.03382717205293622
        },
        "OH WR": {
            "mean": 0.5296086628422122,
            "stdev": 0.03645622167350228
        },
        "GD WR": {
            "mean": 0.5355958709337294,
            "stdev": 0.03401604910226008
        },
        "IWD": {
            "mean": 0.0129812988983598,
            "stdev": 0.034501709467523026
        }
    },
    "BG": {
        "GIH WR": {
            "mean": 0.5764547054075807,
            "stdev": 0.03746149664382246
        },
        "OH WR": {
            "mean": 0.5674038355507486,
            "stdev": 0.04150590542882255
        },
        "GD WR": {
            "mean": 0.5847781552648047,
            "stdev": 0.03961443130003807
        },
        "IWD": {
            "mean": 0.03506138213205588,
            "stdev": 0.03948338013264017
        }
    },
    "RG": {
        "GIH WR": {
            "mean": 0.5533499767751328,
            "stdev": 0.03730527214286367
        },
        "OH WR": {
            "mean": 0.5579465578122857,
            "stdev": 0.03995881981766646
        },
        "GD WR": {
            "mean": 0.5500272744398943,
            "stdev": 0.03846369294872356
        },
        "IWD": {
            "mean": 0.003910255284128825,
            "stdev": 0.0384961827421447
        }
    }
}