{
    "all": {
        "GIH WR": {
            "mean": 0.5477367576591647,
            "stdev": 0.0401404680728968
        },
        "OH WR": {
            "mean": 0.5435792244407203,
            "stdev": 0.04577476391069641
        },
        "GD WR": {
            "mean": 0.5514087085436875,
            "stdev": 0.03846735204037713
        },
        "IWD": {
            "mean": 0.012322350485947837,
            "stdev": 0.037128906721059
        }
    },
    "WU": {
        "GIH WR": {
            "mean": 0.545614992546739,
            "stdev": 0.04092478802066925
        },
        "OH WR": {
            "mean": 0.5487913270275743,
            "stdev": 0.04181113592385568
        },
        "GD WR": {
            "mean": 0.546618813119839,
            "stdev": 0.03895300813700141
        },
        "IWD": {
            "mean": -0.006736221035532497,
            "stdev": 0.03836665571444588
        }
    },
    "WB": {
        "GIH WR": {
            "mean": 0.549221636298825,
            "stdev": 0.038711731524720905
        },
        "OH WR": {
            "mean": 0.5521597689376609,
            "stdev": 0.038438598966391326
        },
        "GD WR": {
            "mean": 0.5525183482119579,
            "stdev": 0.032377235696875055
        },
        "IWD": {
            "mean": 0.00450972559437995,
            "stdev": 0.03891833369756706
        }
    },
    "WR": {
        "GIH WR": {
            "mean": 0.5687148228179295,
            "stdev": 0.04071745980393634
        },
        "OH WR": {
            "mean": 0.5740693820194079,
            "stdev": 0.04689643898109694
        },
        "GD WR": {
            "mean": 0.5646271621222345,
            "stdev": 0.040823842358929545
        },
        "IWD": {
            "mean": -0.01654879289972697,
            "stdev": 0.036237340771113985
        }
    },
    "WG": {
        "GIH WR": {
            "mean": 0.5638708841171772,
            "stdev": 0.0445820512291854
        },
        "OH WR": {
            "mean": 0.5694889710114401,
            "stdev": 0.038101205677207296
        },
        "GD WR": {
            "mean": 0.5672388555811462,
            "stdev": 0.048071584693793926
        },
        "IWD": {
            "mean": -0.0017463865557477585,
            "stdev": 0.04118213576600142
        }
    },
    "UB": {
        "GIH WR": {
            "mean": 0.5306112906913656,
            "stdev": 0.03663875240693132
        },
        "OH WR": {
            "mean": 0.5257799031304111,
            "stdev": 0.041973415158720405
        },
        "GD WR": {
            "mean": 0.5419638406227583,
            "stdev": 0.032979443092910087
        },
        "IWD": {
            "mean": 0.024395349185802294,
            "stdev": 0.03903157491540329
        }
    },
    "UR": {
        "GIH WR": {
            "mean": 0.5499352040844878,
            "stdev": 0.03619973430948744
        },
        "OH WR": {
            "mean": 0.5473016006439535,
            "stdev": 0.03625790925814235
        },
        "GD WR": {
            "mean": 0.5544106102397157,
            "stdev": 0.03596091249751932
        },
        "IWD": {
            "mean": 0.010952940656208627,
            "stdev": 0.031713301264136386
        }
    },
    "UG": {
        "GIH WR": {
            "mean": 0.565509671518983,
            "stdev": 0.035982283032735755
        },
        "OH WR": {
            "mean": 0.5624732273570822,
            "stdev": 0.041006475754854076
        },
        "GD WR": {
            "mean": 0.5760945916469986,
            "stdev": 0.03419672664741698
        },
        "IWD": {
            "mean": 0.022389153875691962,
            "stdev": 0.03421287609745019
        }
    },
    "BR": {
        "GIH WR": {
            "mean": 0.531845101966683,
            "stdev": 0.03494835608787445
        },
        "OH WR": {
            "mean": 0.531205643907901,
            "stdev": 0.040103124568239744
        },
        "GD WR": {
            "mean": 0.537522835710042,
            "stdev": 0.03357259417796664
        },
        "IWD": {
            "mean": 0.01039903167966515,
            "stdev": 0.034688238988780776
        }
    },
    "BG": {
        "GIH WR": {
            "mean": 0.5503118379010425,
            "stdev": 0.03723445639368085
        },
        "OH WR": {
            "mean": 0.5360304953076751,
            "stdev": 0.04511881742604955
        },
        "GD WR": {
            "mean": 0.5618975105007369,
            "stdev": 0.03637488332760822
        },
        "IWD": {
            "mean": 0.02972013156579276,
            "stdev": 0.03634089162646796
        }
    },
    "RG": {
        "GIH WR": {
            "mean": 0.5420366075236531,
            "stdev": 0.03417638160211403
        },
        "OH WR": {
            "mean": 0.5442738368417932,
            "stdev": 0.03754340922055523
        },
        "GD WR": {
            "mean": 0.542949026383055,
            "stdev": 0.032473451883561336
        },
        "IWD": {
            "mean": 0.0035623129049799523,
            "stdev": 0.032062891528366784
        }
    }
}