{
    "all": {
        "GIH WR": {
            "mean": 0.5448926919160861,
            "stdev": 0.03970837284919669
        },
        "OH WR": {
            "mean": 0.5362835699166136,
            "stdev": 0.04249213578453633
        },
        "GD WR": {
            "mean": 0.5549776018625212,
            "stdev": 0.03708787194161143
        },
        "IWD": {
            "mean": 0.0259799242902864,
            "stdev": 0.03475123676687068
        }
    },
    "WU": {
        "GIH WR": {
            "mean": 0.5334711887337101,
            "stdev": 0.03234658183798183
        },
        "OH WR": {
            "mean": 0.5173315463952843,
            "stdev": 0.03123308995868203
        },
        "GD WR": {
            "mean": 0.5438783315575737,
            "stdev": 0.03422797174096567
        },
        "IWD": {
            "mean": 0.03506993089736164,
            "stdev": 0.032562265022550704
        }
    },
    "WB": {
        "GIH WR": {
            "mean": 0.5672399278047471,
            "stdev": 0.031016203550921613
        },
        "OH WR": {
            "mean": 0.5607539855546619,
            "stdev": 0.03484977030152458
        },
        "GD WR": {
            "mean": 0.5763320085792268,
            "stdev": 0.030467804899226517
        },
        "IWD": {
            "mean": 0.026258920252968224,
            "stdev": 0.028711997205538783
        }
    },
    "WR": {
        "GIH WR": {
            "mean": 0.5479322255095497,
            "stdev": 0.034330534280742425
        },
        "OH WR": {
            "mean": 0.5530816096131872,
            "stdev": 0.03423228163343144
        },
        "GD WR": {
            "mean": 0.5470678748142188,
            "stdev": 0.03259273236335647
        },
        "IWD": {
            "mean": -0.0022862495087112734,
            "stdev": 0.033422963201554745
        }
    },
    "WG": {
        "GIH WR": {
            "mean": 0.5689809114988554,
            "stdev": 0.036893669160824635
        },
        "OH WR": {
            "mean": 0.5726177539834628,
            "stdev": 0.04148008476292417
        },
        "GD WR": {
            "mean": 0.5708546806290914,
            "stdev": 0.038575182591696636
        },
        "IWD": {
            "mean": 0.006311871721350776,
            "stdev": 0.034889411698193304
        }
    },
    "UB": {
        "GIH WR": {
            "mean": 0.5589745910683426,
            "stdev": 0.03626169965632062
        },
        "OH WR": {
            "mean": 0.532452896289733,
            "stdev": 0.040044904164444624
        },
        "GD WR": {
            "mean": 0.5739300261987128,
            "stdev": 0.03727237729312468
        },
        "IWD": {
            "mean": 0.056496079351979804,
            "stdev": 0.03524078005476657
        }
    },
    "UR": {
        "GIH WR": {
            "mean": 0.5226422630442114,
            "stdev": 0.031824711420577904
        },
        "OH WR": {
            "mean": 0.5065612819706904,
            "stdev": 0.03563279403204724
        },
        "GD WR": {
            "mean": 0.5341635167520608,
            "stdev": 0.032676428598788915
        },
        "IWD": {
            "mean": 0.0381426245515446,
            "stdev": 0.030046798236752114
        }
    },
    "UG": {
        "GIH WR": {
            "mean": 0.5564038604959655,
            "stdev": 0.03768755023063471
        },
        "OH WR": {
            "mean": 0.5469942446533814,
            "stdev": 0.04373368453866766
        },
        "GD WR": {
            "mean": 0.564446723668617,
            "stdev": 0.03825296027208809
        },
        "IWD": {
            "mean": 0.033198317549382746,
            "stdev": 0.03924232314892865
        }
    },
    "BR": {
        "GIH WR": {
            "mean": 0.5320046056004492,
            "stdev": 0.033422806494092544
        },
        "OH WR": {
            "mean": 0.5274122795897501,
            "stdev": 0.039390496066392916
        },
        "GD WR": {
            "mean": 0.5367426714008735,
            "stdev": 0.03274895092315033
        },
        "IWD": {
            "mean": 0.013745946966861934,
            "stdev": 0.03297313028083259
        }
    },
    "BG": {
        "GIH WR": {
            "mean": 0.5697191606377638,
            "stdev": 0.03835456651367996
        },
        "OH WR": {
            "mean": 0.5631419149733037,
            "stdev": 0.040953670800224926
        },
        "GD WR": {
            "mean": 0.5802040294896581,
            "stdev": 0.0395973676348744
        },
        "IWD": {
            "mean": 0.03221805614429734,
            "stdev": 0.03955668424014291
        }
    },
    "RG": {
        "GIH WR": {
            "mean": 0.5522295009506716,
            "stdev": 0.036304945364272936
        },
        "OH WR": {
            "mean": 0.5567916636362986,
            "stdev": 0.04245264801965119
        },
        "GD WR": {
            "mean": 0.5505505941650418,
            "stdev": 0.03970336638456813
        },
        "IWD": {
            "mean": 0.004014482854688324,
            "stdev": 0.03854812587931889
        }
    }
}