{
    "all": {
        "GIH WR": {
            "mean": 0.5548659170973254,
            "stdev": 0.03637283124882033
        },
        "OH WR": {
            "mean": 0.5474958087578832,
            "stdev": 0.04162953195245918
        },
        "GD WR": {
            "mean": 0.5591257921529321,
            "stdev": 0.03658732194611562
        },
        "IWD": {
            "mean": 0.017921707838288416,
            "stdev": 0.034814382771871134
        }
    },
    "WU": {
        "GIH WR": {
            "mean": 0.5486405329794661,
            "stdev": 0.035845469741810916
        },
        "OH WR": {
            "mean": 0.5362153089609821,
            "stdev": 0.03697232867863133
        },
        "GD WR": {
            "mean": 0.5598270625525237,
            "stdev": 0.036748835095372676
        },
        "IWD": {
            "mean": 0.031083481558448128,
            "stdev": 0.03694829533481878
        }
    },
    "WB": {
        "GIH WR": {
            "mean": 0.5542583235459306,
            "stdev": 0.03140794063428377
        },
        "OH WR": {
            "mean": 0.5484746055119688,
            "stdev": 0.03809009006000518
        },
        "GD WR": {
            "mean": 0.5619346753768546,
            "stdev": 0.031957372440627844
        },
        "IWD": {
            "mean": 0.013169442553247252,
            "stdev": 0.0310169502303905
        }
    },
    "WR": {
        "GIH WR": {
            "mean": 0.5113661140353024,
            "stdev": 0.03830630101589198
        },
        "OH WR": {
            "mean": 0.5270962420209401,
            "stdev": 0.04264534879593336
        },
        "GD WR": {
            "mean": 0.5071713883146894,
            "stdev": 0.035553933210775
        },
        "IWD": {
            "mean": -0.011387795143754707,
            "stdev": 0.0403508904540952
        }
    },
    "WG": {
        "GIH WR": {
            "mean": 0.5532821884203247,
            "stdev": 0.03647802389532957
        },
        "OH WR": {
            "mean": 0.5665042848398076,
            "stdev": 0.03855542609087921
        },
        "GD WR": {
            "mean": 0.5505935574892427,
            "stdev": 0.035438072902465374
        },
        "IWD": {
            "mean": -0.006340021447129086,
            "stdev": 0.03557427679859302
        }
    },
    "UB": {
        "GIH WR": {
            "mean": 0.560895117845835,
            "stdev": 0.03363819540543215
        },
        "OH WR": {
            "mean": 0.5468181617689983,
            "stdev": 0.03608905202388216
        },
        "GD WR": {
            "mean": 0.5709511300224902,
            "stdev": 0.03076815981637284
        },
        "IWD": {
            "mean": 0.03245373258279417,
            "stdev": 0.03437865700976042
        }
    },
    "UR": {
        "GIH WR": {
            "mean": 0.5453471609952457,
            "stdev": 0.03312522307363104
        },
        "OH WR": {
            "mean": 0.5316274298496151,
            "stdev": 0.0443777512070104
        },
        "GD WR": {
            "mean": 0.5551954700223641,
            "stdev": 0.03113199915066425
        },
        "IWD": {
            "mean": 0.034003250806922534,
            "stdev": 0.031456561636064126
        }
    },
    "UG": {
        "GIH WR": {
            "mean": 0.5759423216558517,
            "stdev": 0.036117446946922746
        },
        "OH WR": {
            "mean": 0.5711775152786016,
            "stdev": 0.04418140927696721
        },
        "GD WR": {
            "mean": 0.5823562587818663,
            "stdev": 0.03657327924407123
        },
        "IWD": {
            "mean": 0.01817036813184043,
            "stdev": 0.03411111214968686
        }
    },
    "BR": {
        "GIH WR": {
            "mean": 0.5519683572430288,
            "stdev": 0.033484847001816864
        },
        "OH WR": {
            "mean": 0.5516204189825223,
            "stdev": 0.04339239149460046
        },
        "GD WR": {
            "mean": 0.5593627683733553,
            "stdev": 0.0323746945799567
        },
        "IWD": {
            "mean": 0.005638523082331049,
            "stdev": 0.03240330742026928
        }
    },
    "BG": {
        "GIH WR": {
            "mean": 0.5721573800832663,
            "stdev": 0.033489235010695236
        },
        "OH WR": {
            "mean": 0.5685427973001006,
            "stdev": 0.03707841213506369
        },
        "GD WR": {
            "mean": 0.5802200909241099,
            "stdev": 0.03373781555653193
        },
        "IWD": {
            "mean": 0.01293318136070831,
            "stdev": 0.03159939383783708
        }
    },
    "RG": {
        "GIH WR": {
            "mean": 0.5476729351981028,
            "stdev": 0.037176558141313036
        },
        "OH WR": {
            "mean": 0.5568694205995327,
            "stdev": 0.040788997061840894
        },
        "GD WR": {
            "mean": 0.5424009820483604,
            "stdev": 0.03936610222535405
        },
        "IWD": {
            "mean": -0.006823241890183288,
            "stdev": 0.03618055476057492
        }
    }
}