{
    "all": {
        "GIH WR": {
            "mean": 0.553146218883558,
            "stdev": 0.04002983082006637
        },
        "OH WR": {
            "mean": 0.5495037325503205,
            "stdev": 0.045898584259665025
        },
        "GD WR": {
            "mean": 0.5571817289930083,
            "stdev": 0.03849250432395236
        },
        "IWD": {
            "mean": 0.011862253726413025,
            "stdev": 0.03737610541395793
        }
    },
    "WU": {
        "GIH WR": {
            "mean": 0.5537301115840683,
            "stdev": 0.038649638553303486
        },
        "OH WR": {
            "mean": 0.5634642917566297,
            "stdev": 0.03994481784397687
        },
        "GD WR": {
            "mean": 0.5517908496691426,
            "stdev": 0.036418828604288245
        },
        "IWD": {
            "mean": -0.007005991359334306,
            "stdev": 0.03593290183172811
        }
    },
    "WB": {
        "GIH WR": {
            "mean": 0.5530030366579669,
            "stdev": 0.034067667146736536
        },
        "OH WR": {
            "mean": 0.5549259368192576,
            "stdev": 0.03574529401430404
        },
        "GD WR": {
            "mean": 0.5613945777428678,
            "stdev": 0.0283902706881428
        },
        "IWD": {
            "mean": 0.0057212997610015135,
            "stdev": 0.03366698868751026
        }
    },
    "WR": {
        "GIH WR": {
            "mean": 0.5810906779082975,
            "stdev": 0.04233196447286292
        },
        "OH WR": {
            "mean": 0.5985790785745089,
            "stdev": 0.04148186353773463
        },
        "GD WR": {
            "mean": 0.5775419033309548,
            "stdev": 0.03651499629646076
        },
        "IWD": {
            "mean": -0.01746507682618773,
            "stdev": 0.035495968610306516
        }
    },
    "WG": {
        "GIH WR": {
            "mean": 0.575246830388967,
            "stdev": 0.042442153880698094
        },
        "OH WR": {
            "mean": 0.5833512414107729,
            "stdev": 0.03915561060108329
        },
        "GD WR": {
            "mean": 0.577693191000197,
            "stdev": 0.03601689885831647
        },
        "IWD": {
            "mean": -0.0022992594802868785,
            "stdev": 0.040530534121665615
        }
    },
    "UB": {
        "GIH WR": {
            "mean": 0.5415886573012898,
            "stdev": 0.03395795698770418
        },
        "OH WR": {
            "mean": 0.5294073266235166,
            "stdev": 0.031249283201190418
        },
        "GD WR": {
            "mean": 0.5485055326374936,
            "stdev": 0.03261843463618898
        },
        "IWD": {
            "mean": 0.027633940489875688,
            "stdev": 0.03568348243378898
        }
    },
    "UR": {
        "GIH WR": {
            "mean": 0.5592040963705858,
            "stdev": 0.033679055353519644
        },
        "OH WR": {
            "mean": 0.5547601254581633,
            "stdev": 0.037118771628434966
        },
        "GD WR": {
            "mean": 0.5631821170628414,
            "stdev": 0.03135813403910984
        },
        "IWD": {
            "mean": 0.011663244822873618,
            "stdev": 0.031097839872065335
        }
    },
    "UG": {
        "GIH WR": {
            "mean": 0.5747938979699034,
            "stdev": 0.03364354093368157
        },
        "OH WR": {
            "mean": 0.5698477606556329,
            "stdev": 0.031244464075280743
        },
        "GD WR": {
            "mean": 0.5780656112232657,
            "stdev": 0.03147337637187215
        },
        "IWD": {
            "mean": 0.024158924176801995,
            "stdev": 0.035920667446924515
        }
    },
    "BR": {
        "GIH WR": {
            "mean": 0.5332817353271962,
            "stdev": 0.033208589904049735
        },
        "OH WR": {
            "mean": 0.531534536209814,
            "stdev": 0.03596765839497211
        },
        "GD WR": {
            "mean": 0.5387785423065743,
            "stdev": 0.03189323426826987
        },
        "IWD": {
            "mean": 0.010559216880104819,
            "stdev": 0.03309042510864879
        }
    },
    "BG": {
        "GIH WR": {
            "mean": 0.5507557825591313,
            "stdev": 0.03951773658316461
        },
        "OH WR": {
            "mean": 0.5403862707416155,
            "stdev": 0.0365108951502698
        },
        "GD WR": {
            "mean": 0.5549604739585555,
            "stdev": 0.03995471549947507
        },
        "IWD": {
            "mean": 0.02909287550058985,
            "stdev": 0.03799070866130542
        }
    },
    "RG": {
        "GIH WR": {
            "mean": 0.548939143871863,
            "stdev": 0.03270328477678126
        },
        "OH WR": {
            "mean": 0.5549593877432971,
            "stdev": 0.03313155316979349
        },
        "GD WR": {
            "mean": 0.5511792030078513,
            "stdev": 0.030717049930553787
        },
        "IWD": {
            "mean": 0.00263764645050872,
            "stdev": 0.031945856712036265
        }
    }
}