{
    "all": {
        "GIH WR": {
            "mean": 0.5564771875977252,
            "stdev": 0.04108609913123286
        },
        "OH WR": {
            "mean": 0.5401396765974191,
            "stdev": 0.049271345050803
        },
        "GD WR": {
            "mean": 0.5653011974424397,
            "stdev": 0.040820883062395265
        },
        "IWD": {
            "mean": 0.03372874366443905,
            "stdev": 0.038225637508353894
        }
    },
    "WU": {
        "GIH WR": {
            "mean": 0.554884149140377,
            "stdev": 0.037327314608394925
        },
        "OH WR": {
            "mean": 0.5318197441206748,
            "stdev": 0.049545135789564286
        },
        "GD WR": {
            "mean": 0.5674693661021615,
            "stdev": 0.03807936616618283
        },
        "IWD": {
            "mean": 0.061357967796012956,
            "stdev": 0.03762075776656184
        }
    },
    "WB": {
        "GIH WR": {
            "mean": 0.5716118482509661,
            "stdev": 0.04105180774415348
        },
        "OH WR": {
            "mean": 0.5609923344721628,
            "stdev": 0.04977354023827832
        },
        "GD WR": {
            "mean": 0.5776842698371207,
            "stdev": 0.04258706358255687
        },
        "IWD": {
            "mean": 0.029975765024420762,
            "stdev": 0.041114085274846515
        }
    },
    "WR": {
        "GIH WR": {
            "mean": 0.5427964930273786,
            "stdev": 0.0364440746209489
        },
        "OH WR": {
            "mean": 0.5455521615574482,
            "stdev": 0.04697373256506597
        },
        "GD WR": {
            "mean": 0.5404005399811802,
            "stdev": 0.0361630338544599
        },
        "IWD": {
            "mean": -0.00027716332927458896,
            "stdev": 0.04405566495333202
        }
    },
    "WG": {
        "GIH WR": {
            "mean": 0.5411450787938288,
            "stdev": 0.03983496962344806
        },
        "OH WR": {
            "mean": 0.5275210696091298,
            "stdev": 0.05193080809108285
        },
        "GD WR": {
            "mean": 0.5488951434658415,
            "stdev": 0.03976904149623218
        },
        "IWD": {
            "mean": 0.028906161088255375,
            "stdev": 0.03925273473692792
        }
    },
    "UB": {
        "GIH WR": {
            "mean": 0.5813859876842393,
            "stdev": 0.04056040852692531
        },
        "OH WR": {
            "mean": 0.5540615084696899,
            "stdev": 0.0546615422750508
        },
        "GD WR": {
            "mean": 0.5956134975828494,
            "stdev": 0.037887047874524606
        },
        "IWD": {
            "mean": 0.06358057232114066,
            "stdev": 0.03987824987617834
        }
    },
    "UR": {
        "GIH WR": {
            "mean": 0.5775786418169657,
            "stdev": 0.04042343916739436
        },
        "OH WR": {
            "mean": 0.5561699056783059,
            "stdev": 0.05066666099461819
        },
        "GD WR": {
            "mean": 0.5889547702482943,
            "stdev": 0.03960693383554453
        },
        "IWD": {
            "mean": 0.050673140938834654,
            "stdev": 0.03881824369793368
        }
    },
    "UG": {
        "GIH WR": {
            "mean": 0.5369909920284711,
            "stdev": 0.030052631033510278
        },
        "OH WR": {
            "mean": 0.5169782272806439,
            "stdev": 0.03887940924915515
        },
        "GD WR": {
            "mean": 0.5489176405722255,
            "stdev": 0.03312445886331673
        },
        "IWD": {
            "mean": 0.04288275654882111,
            "stdev": 0.03682943091686701
        }
    },
    "BR": {
        "GIH WR": {
            "mean": 0.5746912506861529,
            "stdev": 0.04389761704874533
        },
        "OH WR": {
            "mean": 0.5701015125755686,
            "stdev": 0.05135902246255213
        },
        "GD WR": {
            "mean": 0.5770260458782835,
            "stdev": 0.044560566302382726
        },
        "IWD": {
            "mean": 0.017182171756006438,
            "stdev": 0.04188767121570642
        }
    },
    "BG": {
        "GIH WR": {
            "mean": 0.5657679346786938,
            "stdev": 0.041401178203689444
        },
        "OH WR": {
            "mean": 0.5501114518420412,
            "stdev": 0.0495977788629493
        },
        "GD WR": {
            "mean": 0.5751570913779556,
            "stdev": 0.0435031143774594
        },
        "IWD": {
            "mean": 0.03476867727204081,
            "stdev": 0.039408743376267784
        }
    },
    "RG": {
        "GIH WR": {
            "mean": 0.541276658843988,
            "stdev": 0.028457763261269586
        },
        "OH WR": {
            "mean": 0.5374637573267552,
            "stdev": 0.04438232548799555
        },
        "GD WR": {
            "mean": 0.5407926209843212,
            "stdev": 0.029452868244670225
        },
        "IWD": {
            "mean": 0.02147270646665469,
            "stdev": 0.02709787132225165
        }
    }
}