{
    "all": {
        "GIH WR": {
            "mean": 0.5500979754499802,
            "stdev": 0.0403684583780887
        },
        "OH WR": {
            "mean": 0.5446800959903916,
            "stdev": 0.04590695279821072
        },
        "GD WR": {
            "mean": 0.5580894750376413,
            "stdev": 0.03499141199472899
        },
        "IWD": {
            "mean": 0.016174303727169853,
            "stdev": 0.034697277715711926
        }
    },
    "WU": {
        "GIH WR": {
            "mean": 0.5302738507209022,
            "stdev": 0.03654855360093998
        },
        "OH WR": {
            "mean": 0.5113139747274739,
            "stdev": 0.04368721661439724
        },
        "GD WR": {
            "mean": 0.540133087785182,
            "stdev": 0.032178421339145995
        },
        "IWD": {
            "mean": 0.04619182386691572,
            "stdev": 0.03474143642958815
        }
    },
    "WB": {
        "GIH WR": {
            "mean": 0.5417231516900495,
            "stdev": 0.03938789445868728
        },
        "OH WR": {
            "mean": 0.5424703116559211,
            "stdev": 0.04472413543827944
        },
        "GD WR": {
            "mean": 0.5493671253995747,
            "stdev": 0.0360807066329696
        },
        "IWD": {
            "mean": 0.015871025337806252,
            "stdev": 0.034634076278884526
        }
    },
    "WR": {
        "GIH WR": {
            "mean": 0.5558602119447149,
            "stdev": 0.039189238629454066
        },
        "OH WR": {
            "mean": 0.5678680276593352,
            "stdev": 0.04119326700793965
        },
        "GD WR": {
            "mean": 0.5529986767939244,
            "stdev": 0.039494107137755155
        },
        "IWD": {
            "mean": -0.01065338053089225,
            "stdev": 0.03190969992332446
        }
    },
    "WG": {
        "GIH WR": {
            "mean": 0.5469197672085568,
            "stdev": 0.03488838018175353
        },
        "OH WR": {
            "mean": 0.5454084901574704,
            "stdev": 0.03871235208703121
        },
        "GD WR": {
            "mean": 0.5508004917165358,
            "stdev": 0.035992978683288775
        },
        "IWD": {
            "mean": 0.01830106196053858,
            "stdev": 0.03425680961924384
        }
    },
    "UB": {
        "GIH WR": {
            "mean": 0.5589591031734644,
            "stdev": 0.03771678011257247
        },
        "OH WR": {
            "mean": 0.5377485785388626,
            "stdev": 0.04590579978638482
        },
        "GD WR": {
            "mean": 0.5721397385831618,
            "stdev": 0.03455357797320203
        },
        "IWD": {
            "mean": 0.04167468890522224,
            "stdev": 0.03471574516136565
        }
    },
    "UR": {
        "GIH WR": {
            "mean": 0.5639970998682371,
            "stdev": 0.031944318030160686
        },
        "OH WR": {
            "mean": 0.5440812767617593,
            "stdev": 0.03848802579269257
        },
        "GD WR": {
            "mean": 0.5766935163422572,
            "stdev": 0.030946722632096142
        },
        "IWD": {
            "mean": 0.04256387161642139,
            "stdev": 0.02877424332980422
        }
    },
    "UG": {
        "GIH WR": {
            "mean": 0.545356309525362,
            "stdev": 0.03808990982797844
        },
        "OH WR": {
            "mean": 0.5300869767323,
            "stdev": 0.044282904863841135
        },
        "GD WR": {
            "mean": 0.5629882940417352,
            "stdev": 0.035259116584548146
        },
        "IWD": {
            "mean": 0.04630462314361416,
            "stdev": 0.03738374178879314
        }
    },
    "BR": {
        "GIH WR": {
            "mean": 0.5665695553458923,
            "stdev": 0.03723901747379483
        },
        "OH WR": {
            "mean": 0.5697506209214849,
            "stdev": 0.03992564154883132
        },
        "GD WR": {
            "mean": 0.5675517830033261,
            "stdev": 0.03751468589982487
        },
        "IWD": {
            "mean": 0.0003177132905992135,
            "stdev": 0.032802374539324324
        }
    },
    "BG": {
        "GIH WR": {
            "mean": 0.5666419459999372,
            "stdev": 0.034568156144436236
        },
        "OH WR": {
            "mean": 0.5641824036020104,
            "stdev": 0.04062032166012395
        },
        "GD WR": {
            "mean": 0.5706916513231463,
            "stdev": 0.03318190394172982
        },
        "IWD": {
            "mean": 0.012342081452561306,
            "stdev": 0.034674049755912664
        }
    },
    "RG": {
        "GIH WR": {
            "mean": 0.5607286103256193,
            "stdev": 0.03369221404798827
        },
        "OH WR": {
            "mean": 0.5653254611610795,
            "stdev": 0.037548083389565876
        },
        "GD WR": {
            "mean": 0.5628102688933924,
            "stdev": 0.03636090941917138
        },
        "IWD": {
            "mean": 0.0032456793087042683,
            "stdev": 0.03277333945417659
        }
    }
}