{
    "all": {
        "GIH WR": {
            "mean": 0.5502423519640144,
            "stdev": 0.03861512336406657
        },
        "OH WR": {
            "mean": 0.5408990884035055,
            "stdev": 0.04374066773205708
        },
        "GD WR": {
            "mean": 0.5591859227403875,
            "stdev": 0.0377821026970346
        },
        "IWD": {
            "mean": 0.027081903596754164,
            "stdev": 0.03343875603259176
        }
    },
    "WU": {
        "GIH WR": {
            "mean": 0.5330430642891162,
            "stdev": 0.031716130685369374
        },
        "OH WR": {
            "mean": 0.5181025158988715,
            "stdev": 0.03247838838555091
        },
        "GD WR": {
            "mean": 0.5395473332899475,
            "stdev": 0.0295315417357429
        },
        "IWD": {
            "mean": 0.032882774079178285,
            "stdev": 0.034673614933116825
        }
    },
    "WB": {
        "GIH WR": {
            "mean": 0.5746688143966794,
            "stdev": 0.0310303125973258
        },
        "OH WR": {
            "mean": 0.5691703691822219,
            "stdev": 0.028028586564049874
        },
        "GD WR": {
            "mean": 0.5800741417828611,
            "stdev": 0.031246895911942612
        },
        "IWD": {
            "mean": 0.02582050233285805,
            "stdev": 0.03287955113426643
        }
    },
    "WR": {
        "GIH WR": {
            "mean": 0.5428881421170554,
            "stdev": 0.03273947462023155
        },
        "OH WR": {
            "mean": 0.5526500610544681,
            "stdev": 0.033364221558723754
        },
        "GD WR": {
            "mean": 0.5479833244251032,
            "stdev": 0.030479771581641665
        },
        "IWD": {
            "mean": -0.0001879709290539148,
            "stdev": 0.032428773883358415
        }
    },
    "WG": {
        "GIH WR": {
            "mean": 0.5826139780828844,
            "stdev": 0.03914736691948505
        },
        "OH WR": {
            "mean": 0.5851962042361385,
            "stdev": 0.04222240496337124
        },
        "GD WR": {
            "mean": 0.5847373414925374,
            "stdev": 0.036920717951608846
        },
        "IWD": {
            "mean": 0.009959422809647626,
            "stdev": 0.03766026257042102
        }
    },
    "UB": {
        "GIH WR": {
            "mean": 0.5555675398931589,
            "stdev": 0.0339292970419319
        },
        "OH WR": {
            "mean": 0.5322477630159235,
            "stdev": 0.036626290895513
        },
        "GD WR": {
            "mean": 0.5693011606871887,
            "stdev": 0.03299179174223141
        },
        "IWD": {
            "mean": 0.0512089840411523,
            "stdev": 0.033294695561592785
        }
    },
    "UR": {
        "GIH WR": {
            "mean": 0.5183749938504886,
            "stdev": 0.029667753276577332
        },
        "OH WR": {
            "mean": 0.5048804705017385,
            "stdev": 0.031172352135899025
        },
        "GD WR": {
            "mean": 0.526555525094897,
            "stdev": 0.0285239109347273
        },
        "IWD": {
            "mean": 0.039800768817138774,
            "stdev": 0.029297664238996844
        }
    },
    "UG": {
        "GIH WR": {
            "mean": 0.5534759486406933,
            "stdev": 0.03932214855091363
        },
        "OH WR": {
            "mean": 0.53952825578845,
            "stdev": 0.03465847084484648
        },
        "GD WR": {
            "mean": 0.556973818021865,
            "stdev": 0.0388063141501825
        },
        "IWD": {
            "mean": 0.030496212290787545,
            "stdev": 0.04182482140375543
        }
    },
    "BR": {
        "GIH WR": {
            "mean": 0.5344350438759425,
            "stdev": 0.03484256761145306
        },
        "OH WR": {
            "mean": 0.5316113120551762,
            "stdev": 0.036630021983068285
        },
        "GD WR": {
            "mean": 0.5381093323799271,
            "stdev": 0.03395955320334049
        },
        "IWD": {
            "mean": 0.012600215563116954,
            "stdev": 0.03528925328681252
        }
    },
    "BG": {
        "GIH WR": {
            "mean": 0.5841218704313629,
            "stdev": 0.03707274127602124
        },
        "OH WR": {
            "mean": 0.5724586291356828,
            "stdev": 0.03754092297154982
        },
        "GD WR": {
            "mean": 0.593266804183877,
            "stdev": 0.041308630462338576
        },
        "IWD": {
            "mean": 0.03409513365344852,
            "stdev": 0.03853794999039257
        }
    },
    "RG": {
        "GIH WR": {
            "mean": 0.5550225665388147,
            "stdev": 0.03729647668702093
        },
        "OH WR": {
            "mean": 0.5587351660105627,
            "stdev": 0.03463435150651221
        },
        "GD WR": {
            "mean": 0.548704945285172,
            "stdev": 0.03666676931033665
        },
        "IWD": {
            "mean": 0.0020962469117216296,
            "stdev": 0.03823465251002896
        }
    }
}