{
    "all": {
        "GIH WR": {
            "mean": 0.5452395199837068,
            "stdev": 0.03958241114305308
        },
        "OH WR": {
            "mean": 0.5420332145614191,
            "stdev": 0.045737903347305146
        },
        "GD WR": {
            "mean": 0.5502997768663608,
            "stdev": 0.03745781748872279
        },
        "IWD": {
            "mean": 0.012558090942438458,
            "stdev": 0.03634059249183065
        }
    },
    "WU": {
        "GIH WR": {
            "mean": 0.5424388267818786,
            "stdev": 0.03850956678830661
        },
        "OH WR": {
            "mean": 0.5452781263345772,
            "stdev": 0.04488628939258156
        },
        "GD WR": {
            "mean": 0.5426014789100255,
            "stdev": 0.03728740839607471
        },
        "IWD": {
            "mean": -0.003852116891916985,
            "stdev": 0.03607978851274384
        }
    },
    "WB": {
        "GIH WR": {
            "mean": 0.546018625628933,
            "stdev": 0.03817542873778958
        },
        "OH WR": {
            "mean": 0.5461260011419581,
            "stdev": 0.040472166489395285
        },
        "GD WR": {
            "mean": 0.5511072985132486,
            "stdev": 0.035023943045409546
        },
        "IWD": {
            "mean": 0.0038512555938638384,
            "stdev": 0.03962589472449645
        }
    },
    "WR": {
        "GIH WR": {
            "mean": 0.5590399368927896,
            "stdev": 0.04004726418612166
        },
        "OH WR": {
            "mean": 0.5670392981888258,
            "stdev": 0.04453420022175484
        },
        "GD WR": {
            "mean": 0.557632606571652,
            "stdev": 0.03895895645424874
        },
        "IWD": {
            "mean": -0.017856234558805806,
            "stdev": 0.035722820589372754
        }
    },
    "WG": {
        "GIH WR": {
            "mean": 0.5611162561547659,
            "stdev": 0.042567341827570195
        },
        "OH WR": {
            "mean": 0.565607363282443,
            "stdev": 0.04384847740623997
        },
        "GD WR": {
            "mean": 0.5619960734394,
            "stdev": 0.04294516629285554
        },
        "IWD": {
            "mean": 0.001545587343766335,
            "stdev": 0.04308886314451446
        }
    },
    "UB": {
        "GIH WR": {
            "mean": 0.5341627407194725,
            "stdev": 0.038109846784063546
        },
        "OH WR": {
            "mean": 0.5244180803939469,
            "stdev": 0.04213832250682993
        },
        "GD WR": {
            "mean": 0.5409946503645172,
            "stdev": 0.03429052643940127
        },
        "IWD": {
            "mean": 0.028389053529666985,
            "stdev": 0.03907916782521955
        }
    },
    "UR": {
        "GIH WR": {
            "mean": 0.5487093382059862,
            "stdev": 0.03499602113406349
        },
        "OH WR": {
            "mean": 0.5441916069413956,
            "stdev": 0.037380043556678504
        },
        "GD WR": {
            "mean": 0.5519939150525524,
            "stdev": 0.03481252894434256
        },
        "IWD": {
            "mean": 0.012803489763390666,
            "stdev": 0.03176690023512831
        }
    },
    "UG": {
        "GIH WR": {
            "mean": 0.562844640239404,
            "stdev": 0.03628470219066966
        },
        "OH WR": {
            "mean": 0.5569988981770074,
            "stdev": 0.04011499368405483
        },
        "GD WR": {
            "mean": 0.5730114584278726,
            "stdev": 0.03491958592405249
        },
        "IWD": {
            "mean": 0.024424069190406895,
            "stdev": 0.03274396952539437
        }
    },
    "BR": {
        "GIH WR": {
            "mean": 0.5350192412415563,
            "stdev": 0.03588728584653601
        },
        "OH WR": {
            "mean": 0.5352576104478041,
            "stdev": 0.03966378669533306
        },
        "GD WR": {
            "mean": 0.5388536161414983,
            "stdev": 0.03485152483963712
        },
        "IWD": {
            "mean": 0.009983545498285423,
            "stdev": 0.03376152534902762
        }
    },
    "BG": {
        "GIH WR": {
            "mean": 0.5524921304520356,
            "stdev": 0.03570445922336784
        },
        "OH WR": {
            "mean": 0.5358172636399776,
            "stdev": 0.04046245770183419
        },
        "GD WR": {
            "mean": 0.562234304324573,
            "stdev": 0.035219188216961614
        },
        "IWD": {
            "mean": 0.03467049013253001,
            "stdev": 0.0355205880720371
        }
    },
    "RG": {
        "GIH WR": {
            "mean": 0.5385280091662699,
            "stdev": 0.035938240096525124
        },
        "OH WR": {
            "mean": 0.5405100261062693,
            "stdev": 0.035435346382428755
        },
        "GD WR": {
            "mean": 0.5406661863879704,
            "stdev": 0.035872098726129224
        },
        "IWD": {
            "mean": 0.0035486978794711465,
            "stdev": 0.03342450681414896
        }
    }
}