{
    "all": {
        "GIH WR": {
            "mean": 0.5462438961938546,
            "stdev": 0.03965581289721855
        },
        "OH WR": {
            "mean": 0.5372286118547874,
            "stdev": 0.04272858905508857
        },
        "GD WR": {
            "mean": 0.5560251198231045,
            "stdev": 0.03703247120066424
        },
        "IWD": {
            "mean": 0.026267424729251816,
            "stdev": 0.034685808364193604
        }
    },
    "WU": {
        "GIH WR": {
            "mean": 0.5321822737820258,
            "stdev": 0.03133951028267335
        },
        "OH WR": {
            "mean": 0.5145642891381778,
            "stdev": 0.029628995194043106
        },
        "GD WR": {
            "mean": 0.5418111789697047,
            "stdev": 0.03402105948136181
        },
        "IWD": {
            "mean": 0.03484968399883998,
            "stdev": 0.03166018802924456
        }
    },
    "WB": {
        "GIH WR": {
            "mean": 0.5689150866772061,
            "stdev": 0.030920776646380217
        },
        "OH WR": {
            "mean": 0.5596695361851892,
            "stdev": 0.03335090015325568
        },
        "GD WR": {
            "mean": 0.5768829656438649,
            "stdev": 0.02998106049204184
        },
        "IWD": {
            "mean": 0.026845434514846885,
            "stdev": 0.029317163640476117
        }
    },
    "WR": {
        "GIH WR": {
            "mean": 0.5479304341152905,
            "stdev": 0.035291611720281
        },
        "OH WR": {
            "mean": 0.5544490888436983,
            "stdev": 0.03466421705095689
        },
        "GD WR": {
            "mean": 0.5470599388700457,
            "stdev": 0.03183020225144902
        },
        "IWD": {
            "mean": -0.0013414056808026562,
            "stdev": 0.034811756067599064
        }
    },
    "WG": {
        "GIH WR": {
            "mean": 0.5712716505147812,
            "stdev": 0.03695606902665864
        },
        "OH WR": {
            "mean": 0.5761444965528598,
            "stdev": 0.04093570122320709
        },
        "GD WR": {
            "mean": 0.5741014823714583,
            "stdev": 0.03904828853739897
        },
        "IWD": {
            "mean": 0.007029164312003323,
            "stdev": 0.03539197247064693
        }
    },
    "UB": {
        "GIH WR": {
            "mean": 0.5591108873170741,
            "stdev": 0.03714097941097354
        },
        "OH WR": {
            "mean": 0.5332273551671494,
            "stdev": 0.04080636561586515
        },
        "GD WR": {
            "mean": 0.574731156683094,
            "stdev": 0.037382962599568914
        },
        "IWD": {
            "mean": 0.057442020021805845,
            "stdev": 0.03670742243640916
        }
    },
    "UR": {
        "GIH WR": {
            "mean": 0.5210571647784069,
            "stdev": 0.0326925339215333
        },
        "OH WR": {
            "mean": 0.5045856699138148,
            "stdev": 0.03563752207904594
        },
        "GD WR": {
            "mean": 0.5329172685999531,
            "stdev": 0.03380621698909693
        },
        "IWD": {
            "mean": 0.038373946353439964,
            "stdev": 0.03196030881405993
        }
    },
    "UG": {
        "GIH WR": {
            "mean": 0.5549128721484148,
            "stdev": 0.03859470148227976
        },
        "OH WR": {
            "mean": 0.5435734057645939,
            "stdev": 0.03969759360230209
        },
        "GD WR": {
            "mean": 0.5609416716756361,
            "stdev": 0.03928586060072003
        },
        "IWD": {
            "mean": 0.03236894159495433,
            "stdev": 0.03911821626285892
        }
    },
    "BR": {
        "GIH WR": {
            "mean": 0.5327565090151116,
            "stdev": 0.03404468616397638
        },
        "OH WR": {
            "mean": 0.5292898140150682,
            "stdev": 0.03999580437399357
        },
        "GD WR": {
            "mean": 0.536666979595059,
            "stdev": 0.03389054074154924
        },
        "IWD": {
            "mean": 0.013450428170249286,
            "stdev": 0.034139774184768275
        }
    },
    "BG": {
        "GIH WR": {
            "mean": 0.572335418640951,
            "stdev": 0.038756190386925925
        },
        "OH WR": {
            "mean": 0.5641812252556512,
            "stdev": 0.04189837396800217
        },
        "GD WR": {
            "mean": 0.5822820042622762,
            "stdev": 0.03900873105450827
        },
        "IWD": {
            "mean": 0.03260350446359078,
            "stdev": 0.040195333850109136
        }
    },
    "RG": {
        "GIH WR": {
            "mean": 0.5528514065498261,
            "stdev": 0.03683655538590437
        },
        "OH WR": {
            "mean": 0.5564328375148423,
            "stdev": 0.03947481939685806
        },
        "GD WR": {
            "mean": 0.5492485427478465,
            "stdev": 0.03883867621899604
        },
        "IWD": {
            "mean": 0.0038508335533903363,
            "stdev": 0.03832729621219324
        }
    }
}