{
    "all": {
        "GIH WR": {
            "mean": 0.5491997054764614,
            "stdev": 0.04002804756323089
        },
        "OH WR": {
            "mean": 0.5435596534313957,
            "stdev": 0.04564186860553109
        },
        "GD WR": {
            "mean": 0.5568970748134716,
            "stdev": 0.03516484583914255
        },
        "IWD": {
            "mean": 0.01623307071087148,
            "stdev": 0.0345749435809709
        }
    },
    "WU": {
        "GIH WR": {
            "mean": 0.5320015743496334,
            "stdev": 0.03609829677179328
        },
        "OH WR": {
            "mean": 0.5113123539066687,
            "stdev": 0.04289870353238264
        },
        "GD WR": {
            "mean": 0.545144965847628,
            "stdev": 0.03481200582760931
        },
        "IWD": {
            "mean": 0.045959169838208275,
            "stdev": 0.033635096940560015
        }
    },
    "WB": {
        "GIH WR": {
            "mean": 0.5423023879480919,
            "stdev": 0.03872593488374474
        },
        "OH WR": {
            "mean": 0.5427493198474306,
            "stdev": 0.04470989598206857
        },
        "GD WR": {
            "mean": 0.5485569652466246,
            "stdev": 0.035549013334624575
        },
        "IWD": {
            "mean": 0.01653595020531516,
            "stdev": 0.034464810728116024
        }
    },
    "WR": {
        "GIH WR": {
            "mean": 0.5554111109768868,
            "stdev": 0.038699285950672284
        },
        "OH WR": {
            "mean": 0.5674975891197849,
            "stdev": 0.04127328026647232
        },
        "GD WR": {
            "mean": 0.5509621935197453,
            "stdev": 0.03940394520808695
        },
        "IWD": {
            "mean": -0.011336349850789422,
            "stdev": 0.031500992773883005
        }
    },
    "WG": {
        "GIH WR": {
            "mean": 0.5437053548059558,
            "stdev": 0.03665896619040362
        },
        "OH WR": {
            "mean": 0.5423712666448117,
            "stdev": 0.040536570153027286
        },
        "GD WR": {
            "mean": 0.5486373296042466,
            "stdev": 0.0355539367839066
        },
        "IWD": {
            "mean": 0.017731174378396365,
            "stdev": 0.03523757002156566
        }
    },
    "UB": {
        "GIH WR": {
            "mean": 0.5587791784104078,
            "stdev": 0.03801663477895116
        },
        "OH WR": {
            "mean": 0.5381802830430323,
            "stdev": 0.04578603446923079
        },
        "GD WR": {
            "mean": 0.5730520895344492,
            "stdev": 0.03441114422170316
        },
        "IWD": {
            "mean": 0.04058715221347688,
            "stdev": 0.03453892947919541
        }
    },
    "UR": {
        "GIH WR": {
            "mean": 0.5638279738931273,
            "stdev": 0.03169938078691781
        },
        "OH WR": {
            "mean": 0.5434245404420294,
            "stdev": 0.03876137294851651
        },
        "GD WR": {
            "mean": 0.5757309265342156,
            "stdev": 0.031119159269710834
        },
        "IWD": {
            "mean": 0.04311990141218589,
            "stdev": 0.028141945184968188
        }
    },
    "UG": {
        "GIH WR": {
            "mean": 0.5464965494565803,
            "stdev": 0.03701282834394599
        },
        "OH WR": {
            "mean": 0.5306552815894725,
            "stdev": 0.04342427844947713
        },
        "GD WR": {
            "mean": 0.5626149545133617,
            "stdev": 0.03436685794893862
        },
        "IWD": {
            "mean": 0.04628045566647044,
            "stdev": 0.03687200232346287
        }
    },
    "BR": {
        "GIH WR": {
            "mean": 0.5649965951237245,
            "stdev": 0.037554062420346646
        },
        "OH WR": {
            "mean": 0.5689372042644903,
            "stdev": 0.04216123222517194
        },
        "GD WR": {
            "mean": 0.5669263236247077,
            "stdev": 0.03706084021811661
        },
        "IWD": {
            "mean": -0.0008265384152238231,
            "stdev": 0.03311683486589343
        }
    },
    "BG": {
        "GIH WR": {
            "mean": 0.5641331948079923,
            "stdev": 0.03391169779091258
        },
        "OH WR": {
            "mean": 0.5608096970646373,
            "stdev": 0.04039298748301911
        },
        "GD WR": {
            "mean": 0.568475717992103,
            "stdev": 0.03299005320986915
        },
        "IWD": {
            "mean": 0.013937596499380167,
            "stdev": 0.03487186059679943
        }
    },
    "RG": {
        "GIH WR": {
            "mean": 0.5598169453145138,
            "stdev": 0.033385850956642815
        },
        "OH WR": {
            "mean": 0.5636432585188241,
            "stdev": 0.036671955507924694
        },
        "GD WR": {
            "mean": 0.5617033012822701,
            "stdev": 0.03624413372874806
        },
        "IWD": {
            "mean": 0.003920979320334771,
            "stdev": 0.031761084243648444
        }
    }
}