{
    "all": {
        "GIH WR": {
            "mean": 0.5461946883795022,
            "stdev": 0.039824800685773334
        },
        "OH WR": {
            "mean": 0.5373285873285986,
            "stdev": 0.04271010120584779
        },
        "GD WR": {
            "mean": 0.5559625405295798,
            "stdev": 0.03716125948962069
        },
        "IWD": {
            "mean": 0.02613087180027026,
            "stdev": 0.0346479878203155
        }
    },
    "WU": {
        "GIH WR": {
            "mean": 0.5325317623238167,
            "stdev": 0.03132392161334703
        },
        "OH WR": {
            "mean": 0.5150432349117585,
            "stdev": 0.029725407485993286
        },
        "GD WR": {
            "mean": 0.5419851018936935,
            "stdev": 0.03438929435470198
        },
        "IWD": {
            "mean": 0.03472607408220347,
            "stdev": 0.03185278957813425
        }
    },
    "WB": {
        "GIH WR": {
            "mean": 0.5683985934241484,
            "stdev": 0.03134539430804408
        },
        "OH WR": {
            "mean": 0.5591234501998253,
            "stdev": 0.03363979015768147
        },
        "GD WR": {
            "mean": 0.5765983444664958,
            "stdev": 0.03017327788172605
        },
        "IWD": {
            "mean": 0.02699227083886699,
            "stdev": 0.03009693917428371
        }
    },
    "WR": {
        "GIH WR": {
            "mean": 0.5473899617348946,
            "stdev": 0.035192709125937284
        },
        "OH WR": {
            "mean": 0.5550711780509663,
            "stdev": 0.033448931870451726
        },
        "GD WR": {
            "mean": 0.546409427027801,
            "stdev": 0.03164135586858739
        },
        "IWD": {
            "mean": -0.0015802780727985286,
            "stdev": 0.034653829867526756
        }
    },
    "WG": {
        "GIH WR": {
            "mean": 0.571481513257143,
            "stdev": 0.0370533009017009
        },
        "OH WR": {
            "mean": 0.5762383611580053,
            "stdev": 0.040974086761547575
        },
        "GD WR": {
            "mean": 0.5739152543462197,
            "stdev": 0.03918355474230294
        },
        "IWD": {
            "mean": 0.006833173682151046,
            "stdev": 0.03544379208020011
        }
    },
    "UB": {
        "GIH WR": {
            "mean": 0.5593380214684582,
            "stdev": 0.03721358160688404
        },
        "OH WR": {
            "mean": 0.5334693624871558,
            "stdev": 0.04094890659266083
        },
        "GD WR": {
            "mean": 0.5744317749250564,
            "stdev": 0.036330366541028884
        },
        "IWD": {
            "mean": 0.0570597305892526,
            "stdev": 0.03661399351409906
        }
    },
    "UR": {
        "GIH WR": {
            "mean": 0.5212406891576249,
            "stdev": 0.03286024718505957
        },
        "OH WR": {
            "mean": 0.5046813031498525,
            "stdev": 0.03568857801331623
        },
        "GD WR": {
            "mean": 0.53313370276432,
            "stdev": 0.034088821159330845
        },
        "IWD": {
            "mean": 0.03841110845595285,
            "stdev": 0.031876543878118196
        }
    },
    "UG": {
        "GIH WR": {
            "mean": 0.5551273640500272,
            "stdev": 0.03917365968237969
        },
        "OH WR": {
            "mean": 0.5438683385827822,
            "stdev": 0.039637372395919766
        },
        "GD WR": {
            "mean": 0.561680242327234,
            "stdev": 0.03963976677099205
        },
        "IWD": {
            "mean": 0.032788350974971445,
            "stdev": 0.03978339072561755
        }
    },
    "BR": {
        "GIH WR": {
            "mean": 0.532666656595636,
            "stdev": 0.03448202382491362
        },
        "OH WR": {
            "mean": 0.528860435955574,
            "stdev": 0.03914103267547021
        },
        "GD WR": {
            "mean": 0.5364992592383584,
            "stdev": 0.03405634150255811
        },
        "IWD": {
            "mean": 0.013217968034793184,
            "stdev": 0.03449709828506205
        }
    },
    "BG": {
        "GIH WR": {
            "mean": 0.572847314879113,
            "stdev": 0.03916075271936789
        },
        "OH WR": {
            "mean": 0.5648839321203188,
            "stdev": 0.04213396237192147
        },
        "GD WR": {
            "mean": 0.5831481100896446,
            "stdev": 0.038896075381513545
        },
        "IWD": {
            "mean": 0.03253622490139602,
            "stdev": 0.040700689308809636
        }
    },
    "RG": {
        "GIH WR": {
            "mean": 0.5524722586985649,
            "stdev": 0.036984345244173523
        },
        "OH WR": {
            "mean": 0.5569522070559332,
            "stdev": 0.03949683454889034
        },
        "GD WR": {
            "mean": 0.5485715724848277,
            "stdev": 0.03816119553266215
        },
        "IWD": {
            "mean": 0.0035807135133235383,
            "stdev": 0.03875741686117524
        }
    }
}