{
    "all": {
        "GIH WR": {
            "mean": 0.546704697874772,
            "stdev": 0.03933034876441798
        },
        "OH WR": {
            "mean": 0.5418776681439865,
            "stdev": 0.04530040343320748
        },
        "GD WR": {
            "mean": 0.5504660077053773,
            "stdev": 0.03806420719837352
        },
        "IWD": {
            "mean": 0.01285762748677797,
            "stdev": 0.0363734355193329
        }
    },
    "WU": {
        "GIH WR": {
            "mean": 0.5441455729853031,
            "stdev": 0.04042448348715251
        },
        "OH WR": {
            "mean": 0.5461107125562409,
            "stdev": 0.04247739542142553
        },
        "GD WR": {
            "mean": 0.5435539884914922,
            "stdev": 0.03893587496409408
        },
        "IWD": {
            "mean": -0.005787636515949861,
            "stdev": 0.03794702327934934
        }
    },
    "WB": {
        "GIH WR": {
            "mean": 0.5463753227838969,
            "stdev": 0.03943062137083224
        },
        "OH WR": {
            "mean": 0.5499686883574237,
            "stdev": 0.03827337565784295
        },
        "GD WR": {
            "mean": 0.5500976597040348,
            "stdev": 0.033284567801183045
        },
        "IWD": {
            "mean": 0.0036522984756398,
            "stdev": 0.039253912237520484
        }
    },
    "WR": {
        "GIH WR": {
            "mean": 0.5649740374086084,
            "stdev": 0.03995380302151756
        },
        "OH WR": {
            "mean": 0.5710645579578839,
            "stdev": 0.046293490249864094
        },
        "GD WR": {
            "mean": 0.5611275028605068,
            "stdev": 0.040822524426261324
        },
        "IWD": {
            "mean": -0.01653144960054495,
            "stdev": 0.035799278464492726
        }
    },
    "WG": {
        "GIH WR": {
            "mean": 0.5637451167772569,
            "stdev": 0.04427068577139227
        },
        "OH WR": {
            "mean": 0.5691373360618218,
            "stdev": 0.04080095068115458
        },
        "GD WR": {
            "mean": 0.567264143146235,
            "stdev": 0.046466779697871594
        },
        "IWD": {
            "mean": 0.0015471283542213454,
            "stdev": 0.04195703228516548
        }
    },
    "UB": {
        "GIH WR": {
            "mean": 0.5323000693724926,
            "stdev": 0.037110354669133115
        },
        "OH WR": {
            "mean": 0.5262721706104507,
            "stdev": 0.04108851671258713
        },
        "GD WR": {
            "mean": 0.542591555714341,
            "stdev": 0.0332988948166101
        },
        "IWD": {
            "mean": 0.027387198253189166,
            "stdev": 0.04005642774667029
        }
    },
    "UR": {
        "GIH WR": {
            "mean": 0.5486825085703125,
            "stdev": 0.035937436327299004
        },
        "OH WR": {
            "mean": 0.5440418938556707,
            "stdev": 0.03766078035114804
        },
        "GD WR": {
            "mean": 0.5530398681457375,
            "stdev": 0.03528680265940883
        },
        "IWD": {
            "mean": 0.012169561041157056,
            "stdev": 0.03157527946495225
        }
    },
    "UG": {
        "GIH WR": {
            "mean": 0.5635686652687776,
            "stdev": 0.0355880520963525
        },
        "OH WR": {
            "mean": 0.556873072582025,
            "stdev": 0.04079030423329541
        },
        "GD WR": {
            "mean": 0.5719254683676953,
            "stdev": 0.03387863894593192
        },
        "IWD": {
            "mean": 0.02324197799737108,
            "stdev": 0.03384765482899462
        }
    },
    "BR": {
        "GIH WR": {
            "mean": 0.5311298522393134,
            "stdev": 0.03581146612705893
        },
        "OH WR": {
            "mean": 0.5313408487183123,
            "stdev": 0.03880579264660904
        },
        "GD WR": {
            "mean": 0.5374046513388749,
            "stdev": 0.03534771938035671
        },
        "IWD": {
            "mean": 0.008566557450101476,
            "stdev": 0.033851684905420225
        }
    },
    "BG": {
        "GIH WR": {
            "mean": 0.5483712346658939,
            "stdev": 0.03645107738864942
        },
        "OH WR": {
            "mean": 0.5343672407711946,
            "stdev": 0.04383671808010205
        },
        "GD WR": {
            "mean": 0.5598804616633396,
            "stdev": 0.03495786947145025
        },
        "IWD": {
            "mean": 0.030310648820463287,
            "stdev": 0.03586962011017694
        }
    },
    "RG": {
        "GIH WR": {
            "mean": 0.5386503269274129,
            "stdev": 0.03721066323954856
        },
        "OH WR": {
            "mean": 0.5436095677792422,
            "stdev": 0.037275540550628886
        },
        "GD WR": {
            "mean": 0.5428861621329857,
            "stdev": 0.03622295569296281
        },
        "IWD": {
            "mean": 0.0019496030368284553,
            "stdev": 0.03453834209521436
        }
    }
}