{
    "all": {
        "GIH WR": {
            "mean": 0.5487580473458438,
            "stdev": 0.04086425571306961
        },
        "OH WR": {
            "mean": 0.545079421352495,
            "stdev": 0.045392297755195286
        },
        "GD WR": {
            "mean": 0.5527993521776833,
            "stdev": 0.03839214732006302
        },
        "IWD": {
            "mean": 0.011532882520704512,
            "stdev": 0.03685937523240947
        }
    },
    "WU": {
        "GIH WR": {
            "mean": 0.5478462837650198,
            "stdev": 0.04075586946846725
        },
        "OH WR": {
            "mean": 0.5509242967804842,
            "stdev": 0.04123739118065911
        },
        "GD WR": {
            "mean": 0.549753658566658,
            "stdev": 0.03877804455030728
        },
        "IWD": {
            "mean": -0.00800956671461278,
            "stdev": 0.03909006395954246
        }
    },
    "WB": {
        "GIH WR": {
            "mean": 0.5510148704917941,
            "stdev": 0.03924693840440182
        },
        "OH WR": {
            "mean": 0.5540676390562945,
            "stdev": 0.03908687998829842
        },
        "GD WR": {
            "mean": 0.5552404078474796,
            "stdev": 0.034323871128369626
        },
        "IWD": {
            "mean": 0.005616857435251042,
            "stdev": 0.04039852540141054
        }
    },
    "WR": {
        "GIH WR": {
            "mean": 0.5715277966219714,
            "stdev": 0.04199527967568993
        },
        "OH WR": {
            "mean": 0.5803213811085671,
            "stdev": 0.04638553048505715
        },
        "GD WR": {
            "mean": 0.5673792972005135,
            "stdev": 0.04129750576637714
        },
        "IWD": {
            "mean": -0.016624715683059205,
            "stdev": 0.036724747994969296
        }
    },
    "WG": {
        "GIH WR": {
            "mean": 0.5713603355719847,
            "stdev": 0.04412194970667096
        },
        "OH WR": {
            "mean": 0.5752204584290121,
            "stdev": 0.03726928227437072
        },
        "GD WR": {
            "mean": 0.5703770148687366,
            "stdev": 0.04615260656061253
        },
        "IWD": {
            "mean": 0.000532349504615027,
            "stdev": 0.04192274117745077
        }
    },
    "UB": {
        "GIH WR": {
            "mean": 0.5311690874614585,
            "stdev": 0.03718746495484523
        },
        "OH WR": {
            "mean": 0.5224462572505275,
            "stdev": 0.03969366123930095
        },
        "GD WR": {
            "mean": 0.5433317253886192,
            "stdev": 0.03105794324277171
        },
        "IWD": {
            "mean": 0.024109695765452226,
            "stdev": 0.0393600842122301
        }
    },
    "UR": {
        "GIH WR": {
            "mean": 0.5556125893936178,
            "stdev": 0.03504075384398357
        },
        "OH WR": {
            "mean": 0.5518696137920107,
            "stdev": 0.03731783100357378
        },
        "GD WR": {
            "mean": 0.5612564500799977,
            "stdev": 0.03425264242525193
        },
        "IWD": {
            "mean": 0.01039056022179046,
            "stdev": 0.030600723004725116
        }
    },
    "UG": {
        "GIH WR": {
            "mean": 0.5676880781166942,
            "stdev": 0.03673804519923331
        },
        "OH WR": {
            "mean": 0.565798985678805,
            "stdev": 0.03897179043851505
        },
        "GD WR": {
            "mean": 0.5792600992404662,
            "stdev": 0.03184153528177922
        },
        "IWD": {
            "mean": 0.022622041396591738,
            "stdev": 0.032923292075059486
        }
    },
    "BR": {
        "GIH WR": {
            "mean": 0.5302796697141144,
            "stdev": 0.035614921128619456
        },
        "OH WR": {
            "mean": 0.5311266611188216,
            "stdev": 0.039674557699247236
        },
        "GD WR": {
            "mean": 0.5352987253190887,
            "stdev": 0.03271913505977422
        },
        "IWD": {
            "mean": 0.011880970802118777,
            "stdev": 0.036120238070333516
        }
    },
    "BG": {
        "GIH WR": {
            "mean": 0.549094425428355,
            "stdev": 0.03743041763334349
        },
        "OH WR": {
            "mean": 0.5382075446631336,
            "stdev": 0.0453011473790682
        },
        "GD WR": {
            "mean": 0.5610972542095242,
            "stdev": 0.03805873356926209
        },
        "IWD": {
            "mean": 0.0301795943149206,
            "stdev": 0.03673819473505869
        }
    },
    "RG": {
        "GIH WR": {
            "mean": 0.5433943986105425,
            "stdev": 0.033258183998596286
        },
        "OH WR": {
            "mean": 0.5456514034488409,
            "stdev": 0.035206720305018015
        },
        "GD WR": {
            "mean": 0.5431811458775491,
            "stdev": 0.03397127255032794
        },
        "IWD": {
            "mean": 0.0032185106484272285,
            "stdev": 0.03206223865420727
        }
    }
}