{
    "all": {
        "GIH WR": {
            "mean": 0.576185488244228,
            "stdev": 0.033545027004100024
        },
        "OH WR": {
            "mean": 0.5872965723173446,
            "stdev": 0.028240575137310767
        },
        "GD WR": {
            "mean": 0.5787123345008868,
            "stdev": 0.03410699081590477
        },
        "IWD": {
            "mean": 0.011500518446734349,
            "stdev": 0.029901268706275422
        }
    },
    "WU": {
        "GIH WR": {
            "mean": null,
            "stdev": null
        },
        "OH WR": {
            "mean": null,
            "stdev": null
        },
        "GD WR": {
            "mean": null,
            "stdev": null
        },
        "IWD": {
            "mean": null,
            "stdev": null
        }
    },
    "WB": {
        "GIH WR": {
            "mean": 0.5905013682578325,
            "stdev": 0.02213111518145911
        },
        "OH WR": {
            "mean": null,
            "stdev": null
        },
        "GD WR": {
            "mean": null,
            "stdev": null
        },
        "IWD": {
            "mean": 0.028722567599900283,
            "stdev": 0.014283965015326718
        }
    },
    "WR": {
        "GIH WR": {
            "mean": null,
            "stdev": null
        },
        "OH WR": {
            "mean": null,
            "stdev": null
        },
        "GD WR": {
            "mean": null,
            "stdev": null
        },
        "IWD": {
            "mean": null,
            "stdev": null
        }
    },
    "WG": {
        "GIH WR": {
            "mean": 0.5889349784994139,
            "stdev": 0.030557810386898896
        },
        "OH WR": {
            "mean": null,
            "stdev": null
        },
        "GD WR": {
            "mean": null,
            "stdev": null
        },
        "IWD": {
            "mean": 0.0039588430602092535,
            "stdev": 0.02597065805673095
        }
    },
    "UB": {
        "GIH WR": {
            "mean": 0.5429311321572188,
            "stdev": 0.02687224655549365
        },
        "OH WR": {
            "mean": null,
            "stdev": null
        },
        "GD WR": {
            "mean": null,
            "stdev": null
        },
        "IWD": {
            "mean": 0.030054987913082643,
            "stdev": 0.03712121192159524
        }
    },
    "UR": {
        "GIH WR": {
            "mean": 0.5610734117526844,
            "stdev": 0.01366855000491775
        },
        "OH WR": {
            "mean": null,
            "stdev": null
        },
        "GD WR": {
            "mean": null,
            "stdev": null
        },
        "IWD": {
            "mean": 0.021420522770045098,
            "stdev": 0.010009334659926003
        }
    },
    "UG": {
        "GIH WR": {
            "mean": null,
            "stdev": null
        },
        "OH WR": {
            "mean": null,
            "stdev": null
        },
        "GD WR": {
            "mean": null,
            "stdev": null
        },
        "IWD": {
            "mean": null,
            "stdev": null
        }
    },
    "BR": {
        "GIH WR": {
            "mean": 0.6042783536646154,
            "stdev": 0.018217769335138707
        },
        "OH WR": {
            "mean": null,
            "stdev": null
        },
        "GD WR": {
            "mean": null,
            "stdev": null
        },
        "IWD": {
            "mean": 0.00029213749732016523,
            "stdev": 0.019336353111666465
        }
    },
    "BG": {
        "GIH WR": {
            "mean": 0.61238744719573,
            "stdev": 0.028614371224123032
        },
        "OH WR": {
            "mean": null,
            "stdev": null
        },
        "GD WR": {
            "mean": null,
            "stdev": null
        },
        "IWD": {
            "mean": -0.004118661851081851,
            "stdev": 0.0356120248609091
        }
    },
    "RG": {
        "GIH WR": {
            "mean": null,
            "stdev": null
        },
        "OH WR": {
            "mean": null,
            "stdev": null
        },
        "GD WR": {
            "mean": null,
            "stdev": null
        },
        "IWD": {
            "mean": null,
            "stdev": null
        }
    }
}