{
    "all": {
        "GIH WR": {
            "mean": 0.5531730877651898,
            "stdev": 0.04278847514640902
        },
        "OH WR": {
            "mean": 0.5480541401229813,
            "stdev": 0.05081304239472136
        },
        "GD WR": {
            "mean": 0.5573633326266281,
            "stdev": 0.039606410403828333
        },
        "IWD": {
            "mean": 0.020809218838186226,
            "stdev": 0.038817179257959133
        }
    },
    "WU": {
        "GIH WR": {
            "mean": 0.5680746976041504,
            "stdev": 0.04047835552410961
        },
        "OH WR": {
            "mean": 0.565805669832464,
            "stdev": 0.04993003284299768
        },
        "GD WR": {
            "mean": 0.5733069642215702,
            "stdev": 0.035934742891342956
        },
        "IWD": {
            "mean": 0.014429810419910623,
            "stdev": 0.03578909314386707
        }
    },
    "WB": {
        "GIH WR": {
            "mean": 0.5390564826677295,
            "stdev": 0.0408702314846305
        },
        "OH WR": {
            "mean": 0.5331199312926893,
            "stdev": 0.046890502736343424
        },
        "GD WR": {
            "mean": 0.5472941721620994,
            "stdev": 0.04075109407630771
        },
        "IWD": {
            "mean": 0.031067287882582218,
            "stdev": 0.03862954859684864
        }
    },
    "WR": {
        "GIH WR": {
            "mean": 0.5531381371678675,
            "stdev": 0.04349590804004596
        },
        "OH WR": {
            "mean": 0.5623766866373614,
            "stdev": 0.049500827634271015
        },
        "GD WR": {
            "mean": 0.5542514181588597,
            "stdev": 0.040965826025223445
        },
        "IWD": {
            "mean": 0.0027489595472179685,
            "stdev": 0.04061532499014844
        }
    },
    "WG": {
        "GIH WR": {
            "mean": 0.5588152366285414,
            "stdev": 0.0405428443712781
        },
        "OH WR": {
            "mean": 0.5577792627295853,
            "stdev": 0.045157928611272456
        },
        "GD WR": {
            "mean": 0.5618912608714768,
            "stdev": 0.036656296496107736
        },
        "IWD": {
            "mean": 0.01731303981938586,
            "stdev": 0.03965596703854502
        }
    },
    "UB": {
        "GIH WR": {
            "mean": 0.5510836529218991,
            "stdev": 0.03881685600507434
        },
        "OH WR": {
            "mean": 0.5368442282253607,
            "stdev": 0.048867048692545614
        },
        "GD WR": {
            "mean": 0.563659648257142,
            "stdev": 0.0351420120650838
        },
        "IWD": {
            "mean": 0.04435033744700502,
            "stdev": 0.03724356355034766
        }
    },
    "UR": {
        "GIH WR": {
            "mean": 0.5557007897229393,
            "stdev": 0.046384280281390924
        },
        "OH WR": {
            "mean": 0.5632013377089409,
            "stdev": 0.0549839988943026
        },
        "GD WR": {
            "mean": 0.5557689185674469,
            "stdev": 0.04329664631027147
        },
        "IWD": {
            "mean": -0.0006282453144069922,
            "stdev": 0.03792430394131027
        }
    },
    "UG": {
        "GIH WR": {
            "mean": 0.536684780294774,
            "stdev": 0.04092756163374607
        },
        "OH WR": {
            "mean": 0.5331943542657175,
            "stdev": 0.04642422664377249
        },
        "GD WR": {
            "mean": 0.5387125562757907,
            "stdev": 0.0375572392124475
        },
        "IWD": {
            "mean": 0.020151890904011597,
            "stdev": 0.04037868453238007
        }
    },
    "BR": {
        "GIH WR": {
            "mean": 0.5365702573137048,
            "stdev": 0.0459404470692822
        },
        "OH WR": {
            "mean": 0.5309786011380685,
            "stdev": 0.04420990790256525
        },
        "GD WR": {
            "mean": 0.5456957253739962,
            "stdev": 0.04485428910837318
        },
        "IWD": {
            "mean": 0.027971087774481568,
            "stdev": 0.044550026081124294
        }
    },
    "BG": {
        "GIH WR": {
            "mean": 0.5563167937771497,
            "stdev": 0.04237393574915276
        },
        "OH WR": {
            "mean": 0.542002368939246,
            "stdev": 0.047733442230052534
        },
        "GD WR": {
            "mean": 0.5662315256734556,
            "stdev": 0.04242426761421212
        },
        "IWD": {
            "mean": 0.03855211687305307,
            "stdev": 0.03807363538544231
        }
    },
    "RG": {
        "GIH WR": {
            "mean": 0.5554487545199069,
            "stdev": 0.0506888374290691
        },
        "OH WR": {
            "mean": 0.5620261050756957,
            "stdev": 0.05717353799537749
        },
        "GD WR": {
            "mean": 0.557719163913395,
            "stdev": 0.047747605212391624
        },
        "IWD": {
            "mean": 0.005961420797874879,
            "stdev": 0.04512023658528743
        }
    }
}