{
    "all": {
        "GIH WR": {
            "mean": 0.5566408249499346,
            "stdev": 0.039740298541159604
        },
        "OH WR": {
            "mean": 0.5487774688320861,
            "stdev": 0.04546788790640743
        },
        "GD WR": {
            "mean": 0.5646988737798116,
            "stdev": 0.03963358350531585
        },
        "IWD": {
            "mean": 0.02675464238073891,
            "stdev": 0.033734454586773883
        }
    },
    "WU": {
        "GIH WR": {
            "mean": 0.532134304769961,
            "stdev": 0.030459853869337864
        },
        "OH WR": {
            "mean": 0.5177653692512957,
            "stdev": 0.031685502271332225
        },
        "GD WR": {
            "mean": 0.5435241422316535,
            "stdev": 0.027207023397247232
        },
        "IWD": {
            "mean": 0.03140275755704993,
            "stdev": 0.031423711840966616
        }
    },
    "WB": {
        "GIH WR": {
            "mean": 0.580364216818084,
            "stdev": 0.027901891794197
        },
        "OH WR": {
            "mean": 0.5690503673702035,
            "stdev": 0.03148641530672497
        },
        "GD WR": {
            "mean": 0.5901270493070484,
            "stdev": 0.030017716308341158
        },
        "IWD": {
            "mean": 0.02254272000775148,
            "stdev": 0.028498040245520717
        }
    },
    "WR": {
        "GIH WR": {
            "mean": 0.5473019355695165,
            "stdev": 0.029604475585068124
        },
        "OH WR": {
            "mean": 0.5533857642208893,
            "stdev": 0.03398597710225446
        },
        "GD WR": {
            "mean": 0.5487089540028977,
            "stdev": 0.0251222531864572
        },
        "IWD": {
            "mean": 0.00450384598523854,
            "stdev": 0.03177179522133545
        }
    },
    "WG": {
        "GIH WR": {
            "mean": 0.5958793022370745,
            "stdev": 0.03779269883677384
        },
        "OH WR": {
            "mean": 0.5911254080469366,
            "stdev": 0.03893288819042372
        },
        "GD WR": {
            "mean": 0.5904456216005705,
            "stdev": 0.03332145613610708
        },
        "IWD": {
            "mean": 0.011621231591634404,
            "stdev": 0.0383178441921583
        }
    },
    "UB": {
        "GIH WR": {
            "mean": 0.5520588017415593,
            "stdev": 0.031924095358138845
        },
        "OH WR": {
            "mean": 0.53567807663602,
            "stdev": 0.032827271120994
        },
        "GD WR": {
            "mean": 0.5665563655100954,
            "stdev": 0.02939166851990217
        },
        "IWD": {
            "mean": 0.0458504127512215,
            "stdev": 0.030070907416466196
        }
    },
    "UR": {
        "GIH WR": {
            "mean": 0.5163699841702695,
            "stdev": 0.030127487681104057
        },
        "OH WR": {
            "mean": 0.505264433262113,
            "stdev": 0.024992910859921107
        },
        "GD WR": {
            "mean": 0.5284975118623899,
            "stdev": 0.025839675608174035
        },
        "IWD": {
            "mean": 0.03388034733745828,
            "stdev": 0.028956835670471293
        }
    },
    "UG": {
        "GIH WR": {
            "mean": 0.5542545210110124,
            "stdev": 0.03511254138565096
        },
        "OH WR": {
            "mean": 0.5467141811034916,
            "stdev": 0.03507780151745222
        },
        "GD WR": {
            "mean": 0.5618515102033325,
            "stdev": 0.03536435957236605
        },
        "IWD": {
            "mean": 0.026591291897112835,
            "stdev": 0.03470363042062901
        }
    },
    "BR": {
        "GIH WR": {
            "mean": 0.5365142947006949,
            "stdev": 0.03442366576582431
        },
        "OH WR": {
            "mean": 0.535243068036216,
            "stdev": 0.031217734739596943
        },
        "GD WR": {
            "mean": 0.5432079319517994,
            "stdev": 0.034990513143741415
        },
        "IWD": {
            "mean": 0.012087571236524068,
            "stdev": 0.034929014451698534
        }
    },
    "BG": {
        "GIH WR": {
            "mean": 0.5971409575831106,
            "stdev": 0.03777014107685898
        },
        "OH WR": {
            "mean": 0.5839536619227699,
            "stdev": 0.03346093926639931
        },
        "GD WR": {
            "mean": 0.5959313975489352,
            "stdev": 0.034042674340161276
        },
        "IWD": {
            "mean": 0.031217918271371672,
            "stdev": 0.03796584225110175
        }
    },
    "RG": {
        "GIH WR": {
            "mean": 0.5568403640895455,
            "stdev": 0.03442307886112423
        },
        "OH WR": {
            "mean": 0.5635963538096675,
            "stdev": 0.03269451317927322
        },
        "GD WR": {
            "mean": 0.5572941424033383,
            "stdev": 0.03591611956037721
        },
        "IWD": {
            "mean": -0.0026076472137211495,
            "stdev": 0.03561024321146738
        }
    }
}