{
    "all": {
        "GIH WR": {
            "mean": 0.5531425978436106,
            "stdev": 0.042767497596069196
        },
        "OH WR": {
            "mean": 0.5479902782910966,
            "stdev": 0.05081903970796978
        },
        "GD WR": {
            "mean": 0.557349470377111,
            "stdev": 0.03956078343942823
        },
        "IWD": {
            "mean": 0.020825119916283132,
            "stdev": 0.03874310278460612
        }
    },
    "WU": {
        "GIH WR": {
            "mean": 0.5681911835812302,
            "stdev": 0.040459747538836424
        },
        "OH WR": {
            "mean": 0.5656104594934679,
            "stdev": 0.049640809173197645
        },
        "GD WR": {
            "mean": 0.5734402327095934,
            "stdev": 0.035763349639533606
        },
        "IWD": {
            "mean": 0.014611365087578975,
            "stdev": 0.03584572478238236
        }
    },
    "WB": {
        "GIH WR": {
            "mean": 0.5391716137933495,
            "stdev": 0.04088663631029173
        },
        "OH WR": {
            "mean": 0.5330768920756765,
            "stdev": 0.047188276041638354
        },
        "GD WR": {
            "mean": 0.5474153580363911,
            "stdev": 0.040762171494911084
        },
        "IWD": {
            "mean": 0.031023496470426574,
            "stdev": 0.03856287712727221
        }
    },
    "WR": {
        "GIH WR": {
            "mean": 0.5529263592200755,
            "stdev": 0.04345385308445803
        },
        "OH WR": {
            "mean": 0.562148168660122,
            "stdev": 0.04938112420877201
        },
        "GD WR": {
            "mean": 0.5540133385236392,
            "stdev": 0.04100180700282272
        },
        "IWD": {
            "mean": 0.0027678400044709056,
            "stdev": 0.0405258605394841
        }
    },
    "WG": {
        "GIH WR": {
            "mean": 0.5588388661999375,
            "stdev": 0.04051887820787873
        },
        "OH WR": {
            "mean": 0.5578363845717713,
            "stdev": 0.045534449100891904
        },
        "GD WR": {
            "mean": 0.5620061267430881,
            "stdev": 0.036614090646048605
        },
        "IWD": {
            "mean": 0.01734253062644884,
            "stdev": 0.03971418961631307
        }
    },
    "UB": {
        "GIH WR": {
            "mean": 0.55056903387521,
            "stdev": 0.03895522901372073
        },
        "OH WR": {
            "mean": 0.5367025472947219,
            "stdev": 0.048787025981219666
        },
        "GD WR": {
            "mean": 0.5636261459498189,
            "stdev": 0.03507533816132752
        },
        "IWD": {
            "mean": 0.04404740674207952,
            "stdev": 0.037250468063243024
        }
    },
    "UR": {
        "GIH WR": {
            "mean": 0.5558423061273915,
            "stdev": 0.04614737570213571
        },
        "OH WR": {
            "mean": 0.5633558469251438,
            "stdev": 0.05465587187009259
        },
        "GD WR": {
            "mean": 0.5557041974476034,
            "stdev": 0.04302745016762532
        },
        "IWD": {
            "mean": -0.00046634684884638096,
            "stdev": 0.037719482972973124
        }
    },
    "UG": {
        "GIH WR": {
            "mean": 0.5366129108045276,
            "stdev": 0.04106627247707208
        },
        "OH WR": {
            "mean": 0.5345254260954524,
            "stdev": 0.048045801485018524
        },
        "GD WR": {
            "mean": 0.5379151868808846,
            "stdev": 0.037989405510188444
        },
        "IWD": {
            "mean": 0.020196654778344383,
            "stdev": 0.040373792802028324
        }
    },
    "BR": {
        "GIH WR": {
            "mean": 0.5366705426647747,
            "stdev": 0.04612374481322045
        },
        "OH WR": {
            "mean": 0.5309004594349026,
            "stdev": 0.04438560821964859
        },
        "GD WR": {
            "mean": 0.5450096532856806,
            "stdev": 0.045393059370889485
        },
        "IWD": {
            "mean": 0.028199380173802645,
            "stdev": 0.04464571868407166
        }
    },
    "BG": {
        "GIH WR": {
            "mean": 0.5562492793330407,
            "stdev": 0.04223963882172111
        },
        "OH WR": {
            "mean": 0.5417088901743901,
            "stdev": 0.04759475673730766
        },
        "GD WR": {
            "mean": 0.5661407320777448,
            "stdev": 0.04228779312180175
        },
        "IWD": {
            "mean": 0.03879724751204388,
            "stdev": 0.03778423456817284
        }
    },
    "RG": {
        "GIH WR": {
            "mean": 0.5555545455772165,
            "stdev": 0.050541883475139625
        },
        "OH WR": {
            "mean": 0.5621043607477562,
            "stdev": 0.05702667248473866
        },
        "GD WR": {
            "mean": 0.5578360865744574,
            "stdev": 0.047597044792186426
        },
        "IWD": {
            "mean": 0.005864518101049642,
            "stdev": 0.04490847378872057
        }
    }
}