{
    "all": {
        "GIH WR": {
            "mean": 0.5485091161446951,
            "stdev": 0.040650390042212055
        },
        "OH WR": {
            "mean": 0.5433011089064367,
            "stdev": 0.0457381676414977
        },
        "GD WR": {
            "mean": 0.5566036185756394,
            "stdev": 0.035193458161831885
        },
        "IWD": {
            "mean": 0.01613770792922356,
            "stdev": 0.034926997372005254
        }
    },
    "WU": {
        "GIH WR": {
            "mean": 0.5324041403210549,
            "stdev": 0.03636786748087303
        },
        "OH WR": {
            "mean": 0.5113224294058583,
            "stdev": 0.04256384819029131
        },
        "GD WR": {
            "mean": 0.5465224183879721,
            "stdev": 0.035183248581093625
        },
        "IWD": {
            "mean": 0.04568298361019016,
            "stdev": 0.03406050434239625
        }
    },
    "WB": {
        "GIH WR": {
            "mean": 0.5416949250363935,
            "stdev": 0.038324645065671424
        },
        "OH WR": {
            "mean": 0.5420819168494702,
            "stdev": 0.044403652818923785
        },
        "GD WR": {
            "mean": 0.548049978008578,
            "stdev": 0.035267519242361045
        },
        "IWD": {
            "mean": 0.016540845572524162,
            "stdev": 0.03446065941002555
        }
    },
    "WR": {
        "GIH WR": {
            "mean": 0.5547616450072207,
            "stdev": 0.03870782264068365
        },
        "OH WR": {
            "mean": 0.5659885054088758,
            "stdev": 0.04286986691094677
        },
        "GD WR": {
            "mean": 0.550212647589425,
            "stdev": 0.03872108895397474
        },
        "IWD": {
            "mean": -0.011410644209266265,
            "stdev": 0.03130131854703577
        }
    },
    "WG": {
        "GIH WR": {
            "mean": 0.5433735284304556,
            "stdev": 0.036672066464516775
        },
        "OH WR": {
            "mean": 0.5421043561769466,
            "stdev": 0.04068371843701042
        },
        "GD WR": {
            "mean": 0.5487601166778321,
            "stdev": 0.03515908702486727
        },
        "IWD": {
            "mean": 0.01829381248700315,
            "stdev": 0.03538165813013069
        }
    },
    "UB": {
        "GIH WR": {
            "mean": 0.5594261041503819,
            "stdev": 0.038091344506410475
        },
        "OH WR": {
            "mean": 0.5389519770535688,
            "stdev": 0.04569131456035927
        },
        "GD WR": {
            "mean": 0.5734808493229461,
            "stdev": 0.0345831645496143
        },
        "IWD": {
            "mean": 0.04089719033935063,
            "stdev": 0.03508088271833321
        }
    },
    "UR": {
        "GIH WR": {
            "mean": 0.563666652658022,
            "stdev": 0.031745395066607146
        },
        "OH WR": {
            "mean": 0.5432105077824568,
            "stdev": 0.03807135708019907
        },
        "GD WR": {
            "mean": 0.5756247565927588,
            "stdev": 0.03174017351934785
        },
        "IWD": {
            "mean": 0.04341282861151561,
            "stdev": 0.027824414358938173
        }
    },
    "UG": {
        "GIH WR": {
            "mean": 0.5469182896143229,
            "stdev": 0.03717013937763339
        },
        "OH WR": {
            "mean": 0.5293325335155514,
            "stdev": 0.04540970805223294
        },
        "GD WR": {
            "mean": 0.5618863278127028,
            "stdev": 0.03458349437058827
        },
        "IWD": {
            "mean": 0.04742095575605776,
            "stdev": 0.036949021630639726
        }
    },
    "BR": {
        "GIH WR": {
            "mean": 0.5646389058185594,
            "stdev": 0.03722154851038311
        },
        "OH WR": {
            "mean": 0.5686565897747299,
            "stdev": 0.04164095603528567
        },
        "GD WR": {
            "mean": 0.5663113952004096,
            "stdev": 0.03716410362905234
        },
        "IWD": {
            "mean": -0.0007323134190409909,
            "stdev": 0.03272885316410429
        }
    },
    "BG": {
        "GIH WR": {
            "mean": 0.5625039465081287,
            "stdev": 0.03444192687728969
        },
        "OH WR": {
            "mean": 0.5607926174107069,
            "stdev": 0.04324171669299206
        },
        "GD WR": {
            "mean": 0.5674923031100458,
            "stdev": 0.033014166790530805
        },
        "IWD": {
            "mean": 0.0136391149116451,
            "stdev": 0.03487429546136206
        }
    },
    "RG": {
        "GIH WR": {
            "mean": 0.5591756452842856,
            "stdev": 0.03324225074792889
        },
        "OH WR": {
            "mean": 0.5627700932903877,
            "stdev": 0.036413503033385884
        },
        "GD WR": {
            "mean": 0.5607219510700865,
            "stdev": 0.03618118424552942
        },
        "IWD": {
            "mean": 0.003811341343098251,
            "stdev": 0.03150044292935696
        }
    }
}