{
    "all": {
        "GIH WR": {
            "mean": 0.5559950256015718,
            "stdev": 0.04270662145666851
        },
        "OH WR": {
            "mean": 0.5400029431260416,
            "stdev": 0.04968765074752043
        },
        "GD WR": {
            "mean": 0.5650828976573974,
            "stdev": 0.04202345727214615
        },
        "IWD": {
            "mean": 0.0330048651355719,
            "stdev": 0.038302021708438105
        }
    },
    "WU": {
        "GIH WR": {
            "mean": 0.5614629978836156,
            "stdev": 0.03603900982205986
        },
        "OH WR": {
            "mean": 0.5363619031716703,
            "stdev": 0.04820794167801383
        },
        "GD WR": {
            "mean": 0.5750362685605627,
            "stdev": 0.03487081917606161
        },
        "IWD": {
            "mean": 0.06138562172818436,
            "stdev": 0.03934627041777416
        }
    },
    "WB": {
        "GIH WR": {
            "mean": 0.572003779497581,
            "stdev": 0.03847889669981692
        },
        "OH WR": {
            "mean": 0.5610346501454573,
            "stdev": 0.04953979892768737
        },
        "GD WR": {
            "mean": 0.578543452100145,
            "stdev": 0.037632648067726
        },
        "IWD": {
            "mean": 0.03175151612644958,
            "stdev": 0.04092755333147452
        }
    },
    "WR": {
        "GIH WR": {
            "mean": 0.5465623118640214,
            "stdev": 0.03966109444945051
        },
        "OH WR": {
            "mean": 0.5481003282311144,
            "stdev": 0.04945621226173714
        },
        "GD WR": {
            "mean": 0.5437395171701607,
            "stdev": 0.039121951347074274
        },
        "IWD": {
            "mean": 0.005368657185767982,
            "stdev": 0.04523305837762493
        }
    },
    "WG": {
        "GIH WR": {
            "mean": 0.542426520757394,
            "stdev": 0.04085338768010396
        },
        "OH WR": {
            "mean": 0.5300821767992111,
            "stdev": 0.0532717285945976
        },
        "GD WR": {
            "mean": 0.5517101314922395,
            "stdev": 0.04054298153872132
        },
        "IWD": {
            "mean": 0.02914705675172145,
            "stdev": 0.03992980370300445
        }
    },
    "UB": {
        "GIH WR": {
            "mean": 0.5807575937088105,
            "stdev": 0.03991256044967157
        },
        "OH WR": {
            "mean": 0.5532398901988376,
            "stdev": 0.04990846804361498
        },
        "GD WR": {
            "mean": 0.5949025277367439,
            "stdev": 0.03812940495827168
        },
        "IWD": {
            "mean": 0.06189766071129477,
            "stdev": 0.039006477541839966
        }
    },
    "UR": {
        "GIH WR": {
            "mean": 0.5749650459116173,
            "stdev": 0.04312956316076789
        },
        "OH WR": {
            "mean": 0.5550112214708224,
            "stdev": 0.050241123619386444
        },
        "GD WR": {
            "mean": 0.5864525668332582,
            "stdev": 0.042396000284738
        },
        "IWD": {
            "mean": 0.04909667765074727,
            "stdev": 0.037745385103161375
        }
    },
    "UG": {
        "GIH WR": {
            "mean": 0.535450232793,
            "stdev": 0.036268105580021644
        },
        "OH WR": {
            "mean": 0.5130085794329337,
            "stdev": 0.04024921590893922
        },
        "GD WR": {
            "mean": 0.5453701357620907,
            "stdev": 0.03607741826953878
        },
        "IWD": {
            "mean": 0.04274635460501424,
            "stdev": 0.039588276039620784
        }
    },
    "BR": {
        "GIH WR": {
            "mean": 0.5733980104427528,
            "stdev": 0.04263176208997806
        },
        "OH WR": {
            "mean": 0.5678113723820799,
            "stdev": 0.051624361558331784
        },
        "GD WR": {
            "mean": 0.5769348808507805,
            "stdev": 0.041725152669031804
        },
        "IWD": {
            "mean": 0.017102258441809338,
            "stdev": 0.03880213246684029
        }
    },
    "BG": {
        "GIH WR": {
            "mean": 0.5692312287980581,
            "stdev": 0.04482583808926591
        },
        "OH WR": {
            "mean": 0.5550713801873393,
            "stdev": 0.05573944396650651
        },
        "GD WR": {
            "mean": 0.5780050048694667,
            "stdev": 0.043099618459200885
        },
        "IWD": {
            "mean": 0.035854010667947446,
            "stdev": 0.043717277272286165
        }
    },
    "RG": {
        "GIH WR": {
            "mean": 0.5408621978346283,
            "stdev": 0.03450217535342493
        },
        "OH WR": {
            "mean": 0.5345406242734809,
            "stdev": 0.04261906387029905
        },
        "GD WR": {
            "mean": 0.5454275078815541,
            "stdev": 0.03637556874712083
        },
        "IWD": {
            "mean": 0.02010759063608251,
            "stdev": 0.033689395089363076
        }
    }
}