{
    "all": {
        "GIH WR": {
            "mean": 0.559776391109765,
            "stdev": 0.04049567900749879
        },
        "OH WR": {
            "mean": 0.5497168356035439,
            "stdev": 0.04548228770204156
        },
        "GD WR": {
            "mean": 0.566700659050346,
            "stdev": 0.038836792315400145
        },
        "IWD": {
            "mean": 0.02740932997630325,
            "stdev": 0.03501876764096932
        }
    },
    "WU": {
        "GIH WR": {
            "mean": 0.5364954329227873,
            "stdev": 0.02776918200105253
        },
        "OH WR": {
            "mean": 0.5367601901778087,
            "stdev": 0.024615459652124215
        },
        "GD WR": {
            "mean": 0.5495555901247724,
            "stdev": 0.029839641465310384
        },
        "IWD": {
            "mean": 0.03249512220287322,
            "stdev": 0.024628155460873248
        }
    },
    "WB": {
        "GIH WR": {
            "mean": 0.5798915254225829,
            "stdev": 0.02790595057100241
        },
        "OH WR": {
            "mean": 0.5762408911156577,
            "stdev": 0.028207733620976883
        },
        "GD WR": {
            "mean": 0.5934808035331129,
            "stdev": 0.03258380292744211
        },
        "IWD": {
            "mean": 0.02109708343386363,
            "stdev": 0.02842801699346539
        }
    },
    "WR": {
        "GIH WR": {
            "mean": 0.5442637479671093,
            "stdev": 0.025767394943255313
        },
        "OH WR": {
            "mean": 0.5525483926123348,
            "stdev": 0.02076871467485564
        },
        "GD WR": {
            "mean": 0.5368798799261425,
            "stdev": 0.022474071685819663
        },
        "IWD": {
            "mean": 0.0016561603854652045,
            "stdev": 0.029497377126774256
        }
    },
    "WG": {
        "GIH WR": {
            "mean": 0.5906892246283255,
            "stdev": 0.03511050319240909
        },
        "OH WR": {
            "mean": 0.6017593556426045,
            "stdev": 0.03590751930699826
        },
        "GD WR": {
            "mean": 0.5920369374617451,
            "stdev": 0.032264416625407445
        },
        "IWD": {
            "mean": 0.0031462480491058643,
            "stdev": 0.0345250482146564
        }
    },
    "UB": {
        "GIH WR": {
            "mean": 0.5576809048003406,
            "stdev": 0.03042048674868333
        },
        "OH WR": {
            "mean": 0.54305867657339,
            "stdev": 0.0313949474426052
        },
        "GD WR": {
            "mean": 0.5740610055739149,
            "stdev": 0.027305425674877377
        },
        "IWD": {
            "mean": 0.04860670085401108,
            "stdev": 0.03090878651681427
        }
    },
    "UR": {
        "GIH WR": {
            "mean": 0.5249145394489689,
            "stdev": 0.02702001091827191
        },
        "OH WR": {
            "mean": 0.5183338251944146,
            "stdev": 0.023523652605391767
        },
        "GD WR": {
            "mean": 0.5370641897704467,
            "stdev": 0.026256551074747666
        },
        "IWD": {
            "mean": 0.03669229996741918,
            "stdev": 0.02719975545114395
        }
    },
    "UG": {
        "GIH WR": {
            "mean": 0.5603537101474599,
            "stdev": 0.031202514088405357
        },
        "OH WR": {
            "mean": 0.550360042537923,
            "stdev": 0.028498347054880205
        },
        "GD WR": {
            "mean": 0.573216436173822,
            "stdev": 0.03528621891206976
        },
        "IWD": {
            "mean": 0.018466374256824583,
            "stdev": 0.03274493597897957
        }
    },
    "BR": {
        "GIH WR": {
            "mean": 0.5412611321091376,
            "stdev": 0.03203450751206147
        },
        "OH WR": {
            "mean": 0.5388478376063477,
            "stdev": 0.02720544574452123
        },
        "GD WR": {
            "mean": 0.5453054510766688,
            "stdev": 0.027782588261165385
        },
        "IWD": {
            "mean": 0.0162812408045782,
            "stdev": 0.031930861875380516
        }
    },
    "BG": {
        "GIH WR": {
            "mean": 0.5956202298247115,
            "stdev": 0.0328874535958998
        },
        "OH WR": {
            "mean": 0.5929328963141114,
            "stdev": 0.03254189164804446
        },
        "GD WR": {
            "mean": 0.5984485385690635,
            "stdev": 0.03274565982367248
        },
        "IWD": {
            "mean": 0.023357071818422243,
            "stdev": 0.03530083461762328
        }
    },
    "RG": {
        "GIH WR": {
            "mean": 0.5655585876222498,
            "stdev": 0.02914560851618815
        },
        "OH WR": {
            "mean": 0.5751245995775079,
            "stdev": 0.027175771254358605
        },
        "GD WR": {
            "mean": 0.5599616815840842,
            "stdev": 0.03726203230140912
        },
        "IWD": {
            "mean": -0.0008516481180772716,
            "stdev": 0.030418502406101146
        }
    }
}