{
    "all": {
        "GIH WR": {
            "mean": 0.5590853612218806,
            "stdev": 0.0384326854472457
        },
        "OH WR": {
            "mean": 0.5513225939497843,
            "stdev": 0.04378076682155589
        },
        "GD WR": {
            "mean": 0.5662253692898819,
            "stdev": 0.03570127785724281
        },
        "IWD": {
            "mean": 0.02547061509377953,
            "stdev": 0.037762868517232914
        }
    },
    "WU": {
        "GIH WR": {
            "mean": 0.5330049729736621,
            "stdev": 0.029543349790439696
        },
        "OH WR": {
            "mean": 0.5282757591075402,
            "stdev": 0.03698798639511217
        },
        "GD WR": {
            "mean": 0.5366228825948892,
            "stdev": 0.026784755130531804
        },
        "IWD": {
            "mean": 0.02044762529679292,
            "stdev": 0.03149942332511248
        }
    },
    "WB": {
        "GIH WR": {
            "mean": 0.5660078284515562,
            "stdev": 0.03494747803667231
        },
        "OH WR": {
            "mean": 0.5568194435086118,
            "stdev": 0.03383557966642447
        },
        "GD WR": {
            "mean": 0.5728924086760547,
            "stdev": 0.03132570605558591
        },
        "IWD": {
            "mean": 0.023222328345442838,
            "stdev": 0.03314428718676966
        }
    },
    "WR": {
        "GIH WR": {
            "mean": 0.5469165569254603,
            "stdev": 0.034140948041835754
        },
        "OH WR": {
            "mean": 0.5552517800551393,
            "stdev": 0.037192444595211094
        },
        "GD WR": {
            "mean": 0.5407858682786125,
            "stdev": 0.03622292352519096
        },
        "IWD": {
            "mean": -0.0008595168178874538,
            "stdev": 0.03562374944863915
        }
    },
    "WG": {
        "GIH WR": {
            "mean": 0.5674167046609266,
            "stdev": 0.03819846451513698
        },
        "OH WR": {
            "mean": 0.5709425747323709,
            "stdev": 0.04241652971945973
        },
        "GD WR": {
            "mean": 0.5690101873292306,
            "stdev": 0.03710417817100582
        },
        "IWD": {
            "mean": 0.006411076717242901,
            "stdev": 0.03561981994483703
        }
    },
    "UB": {
        "GIH WR": {
            "mean": 0.5616815007270156,
            "stdev": 0.03593768577478002
        },
        "OH WR": {
            "mean": 0.5471483850745996,
            "stdev": 0.0379958009355708
        },
        "GD WR": {
            "mean": 0.5853967619214596,
            "stdev": 0.027005103757323266
        },
        "IWD": {
            "mean": 0.05099959138391391,
            "stdev": 0.03645254175272392
        }
    },
    "UR": {
        "GIH WR": {
            "mean": 0.5118425504555856,
            "stdev": 0.032815782510692844
        },
        "OH WR": {
            "mean": 0.4966226851060826,
            "stdev": 0.037084461313391874
        },
        "GD WR": {
            "mean": 0.5326977374453752,
            "stdev": 0.029605930590438735
        },
        "IWD": {
            "mean": 0.039079802190449965,
            "stdev": 0.029517572700854474
        }
    },
    "UG": {
        "GIH WR": {
            "mean": 0.5716754473558012,
            "stdev": 0.03963165806072706
        },
        "OH WR": {
            "mean": 0.5565557066420986,
            "stdev": 0.04180024430803342
        },
        "GD WR": {
            "mean": 0.582192054818959,
            "stdev": 0.034773946921772166
        },
        "IWD": {
            "mean": 0.04505929793079795,
            "stdev": 0.03959746099054994
        }
    },
    "BR": {
        "GIH WR": {
            "mean": 0.5578228768782588,
            "stdev": 0.03498665570495142
        },
        "OH WR": {
            "mean": 0.564098972369038,
            "stdev": 0.04359223202973589
        },
        "GD WR": {
            "mean": 0.5560220521318826,
            "stdev": 0.029975526941867288
        },
        "IWD": {
            "mean": 0.000638217387997849,
            "stdev": 0.032690548217659404
        }
    },
    "BG": {
        "GIH WR": {
            "mean": 0.5798889785150169,
            "stdev": 0.039410189966522624
        },
        "OH WR": {
            "mean": 0.5719097114579095,
            "stdev": 0.040434593363555295
        },
        "GD WR": {
            "mean": 0.5905013421403427,
            "stdev": 0.03643473387248703
        },
        "IWD": {
            "mean": 0.02906183614554629,
            "stdev": 0.0385943902712623
        }
    },
    "RG": {
        "GIH WR": {
            "mean": 0.5443227251878453,
            "stdev": 0.03760317826193823
        },
        "OH WR": {
            "mean": 0.5442398246981783,
            "stdev": 0.03558147142227893
        },
        "GD WR": {
            "mean": 0.5457524162013035,
            "stdev": 0.03428035876471516
        },
        "IWD": {
            "mean": 0.004259974515304933,
            "stdev": 0.037716016151971656
        }
    }
}