{
    "all": {
        "GIH WR": {
            "mean": 0.5639642526008474,
            "stdev": 0.03217578868087412
        },
        "OH WR": {
            "mean": 0.5669600788637169,
            "stdev": 0.03562031368591618
        },
        "GD WR": {
            "mean": 0.573006734141893,
            "stdev": 0.0325163460257724
        },
        "IWD": {
            "mean": 0.012765568556562247,
            "stdev": 0.033060702364446096
        }
    },
    "WU": {
        "GIH WR": {
            "mean": null,
            "stdev": null
        },
        "OH WR": {
            "mean": null,
            "stdev": null
        },
        "GD WR": {
            "mean": null,
            "stdev": null
        },
        "IWD": {
            "mean": null,
            "stdev": null
        }
    },
    "WB": {
        "GIH WR": {
            "mean": null,
            "stdev": null
        },
        "OH WR": {
            "mean": null,
            "stdev": null
        },
        "GD WR": {
            "mean": null,
            "stdev": null
        },
        "IWD": {
            "mean": null,
            "stdev": null
        }
    },
    "WR": {
        "GIH WR": {
            "mean": 0.6166784495506338,
            "stdev": 0.02667296228939473
        },
        "OH WR": {
            "mean": null,
            "stdev": null
        },
        "GD WR": {
            "mean": null,
            "stdev": null
        },
        "IWD": {
            "mean": -0.02095754087094253,
            "stdev": 0.019614804767652223
        }
    },
    "WG": {
        "GIH WR": {
            "mean": 0.5898664965794498,
            "stdev": 0.02225622260693042
        },
        "OH WR": {
            "mean": null,
            "stdev": null
        },
        "GD WR": {
            "mean": null,
            "stdev": null
        },
        "IWD": {
            "mean": 0.011369224139181696,
            "stdev": 0.03350392663879827
        }
    },
    "UB": {
        "GIH WR": {
            "mean": null,
            "stdev": null
        },
        "OH WR": {
            "mean": null,
            "stdev": null
        },
        "GD WR": {
            "mean": null,
            "stdev": null
        },
        "IWD": {
            "mean": null,
            "stdev": null
        }
    },
    "UR": {
        "GIH WR": {
            "mean": 0.6124223347604558,
            "stdev": 0.02382551931213235
        },
        "OH WR": {
            "mean": null,
            "stdev": null
        },
        "GD WR": {
            "mean": null,
            "stdev": null
        },
        "IWD": {
            "mean": 0.06372931653753784,
            "stdev": 0.03360958975823133
        }
    },
    "UG": {
        "GIH WR": {
            "mean": 0.5794261501421402,
            "stdev": 0.026743146795056922
        },
        "OH WR": {
            "mean": null,
            "stdev": null
        },
        "GD WR": {
            "mean": null,
            "stdev": null
        },
        "IWD": {
            "mean": 0.04290730271671622,
            "stdev": 0.034464695699129556
        }
    },
    "BR": {
        "GIH WR": {
            "mean": 0.5590456808758052,
            "stdev": 0.031882917597201375
        },
        "OH WR": {
            "mean": null,
            "stdev": null
        },
        "GD WR": {
            "mean": null,
            "stdev": null
        },
        "IWD": {
            "mean": 0.0003828752481334753,
            "stdev": 0.040724532266856565
        }
    },
    "BG": {
        "GIH WR": {
            "mean": null,
            "stdev": null
        },
        "OH WR": {
            "mean": null,
            "stdev": null
        },
        "GD WR": {
            "mean": null,
            "stdev": null
        },
        "IWD": {
            "mean": null,
            "stdev": null
        }
    },
    "RG": {
        "GIH WR": {
            "mean": 0.6358971913867897,
            "stdev": 0.038376361393801635
        },
        "OH WR": {
            "mean": null,
            "stdev": null
        },
        "GD WR": {
            "mean": null,
            "stdev": null
        },
        "IWD": {
            "mean": 0.028758234031917494,
            "stdev": 0.03524875587996796
        }
    }
}