{
    "all": {
        "GIH WR": {
            "mean": 0.5561697005551978,
            "stdev": 0.04059276968883462
        },
        "OH WR": {
            "mean": 0.5400713530522144,
            "stdev": 0.04891318857638946
        },
        "GD WR": {
            "mean": 0.565647133537591,
            "stdev": 0.03917310613749113
        },
        "IWD": {
            "mean": 0.03372950763741245,
            "stdev": 0.03785641347223576
        }
    },
    "WU": {
        "GIH WR": {
            "mean": 0.5525789977662671,
            "stdev": 0.03638103706668735
        },
        "OH WR": {
            "mean": 0.529761525508953,
            "stdev": 0.04756701545077417
        },
        "GD WR": {
            "mean": 0.5642714526821082,
            "stdev": 0.036479470707145
        },
        "IWD": {
            "mean": 0.06114677228882297,
            "stdev": 0.03753611747126509
        }
    },
    "WB": {
        "GIH WR": {
            "mean": 0.5707903670358451,
            "stdev": 0.038715912582760525
        },
        "OH WR": {
            "mean": 0.5609117837345016,
            "stdev": 0.04948116498902949
        },
        "GD WR": {
            "mean": 0.5795075236946381,
            "stdev": 0.043781322188156585
        },
        "IWD": {
            "mean": 0.029725018952290235,
            "stdev": 0.039292003341084576
        }
    },
    "WR": {
        "GIH WR": {
            "mean": 0.5434121265842613,
            "stdev": 0.03597355435557389
        },
        "OH WR": {
            "mean": 0.5470518667205473,
            "stdev": 0.046213506451098674
        },
        "GD WR": {
            "mean": 0.5411922314971035,
            "stdev": 0.036615221277193945
        },
        "IWD": {
            "mean": 8.056293233232292e-05,
            "stdev": 0.04060969402042913
        }
    },
    "WG": {
        "GIH WR": {
            "mean": 0.5440589850213815,
            "stdev": 0.03949206943184602
        },
        "OH WR": {
            "mean": 0.531773982430392,
            "stdev": 0.05259771962281298
        },
        "GD WR": {
            "mean": 0.5520403459133589,
            "stdev": 0.04050910931533318
        },
        "IWD": {
            "mean": 0.029051885572986047,
            "stdev": 0.038320733645120286
        }
    },
    "UB": {
        "GIH WR": {
            "mean": 0.5800455422521661,
            "stdev": 0.041713038622838525
        },
        "OH WR": {
            "mean": 0.5529870916465878,
            "stdev": 0.05585541420198695
        },
        "GD WR": {
            "mean": 0.5937706866019882,
            "stdev": 0.039275778419073
        },
        "IWD": {
            "mean": 0.06273321236511889,
            "stdev": 0.0414524500840434
        }
    },
    "UR": {
        "GIH WR": {
            "mean": 0.5769050735151621,
            "stdev": 0.0393076743925461
        },
        "OH WR": {
            "mean": 0.5554196233879517,
            "stdev": 0.05206260741587199
        },
        "GD WR": {
            "mean": 0.5877921909526224,
            "stdev": 0.03891363722286423
        },
        "IWD": {
            "mean": 0.0492682825969044,
            "stdev": 0.037813590650667785
        }
    },
    "UG": {
        "GIH WR": {
            "mean": 0.534363240693108,
            "stdev": 0.028803887622870908
        },
        "OH WR": {
            "mean": 0.5151777940615686,
            "stdev": 0.03829805330900527
        },
        "GD WR": {
            "mean": 0.5441899898573094,
            "stdev": 0.031509849858401655
        },
        "IWD": {
            "mean": 0.04232846291181265,
            "stdev": 0.03607783767715321
        }
    },
    "BR": {
        "GIH WR": {
            "mean": 0.575274418618233,
            "stdev": 0.041289176101138435
        },
        "OH WR": {
            "mean": 0.5695076468371428,
            "stdev": 0.05283202492607875
        },
        "GD WR": {
            "mean": 0.5768129082526972,
            "stdev": 0.04205680809475072
        },
        "IWD": {
            "mean": 0.01749151897432772,
            "stdev": 0.041027101395696985
        }
    },
    "BG": {
        "GIH WR": {
            "mean": 0.5621154591499873,
            "stdev": 0.04140059051606776
        },
        "OH WR": {
            "mean": 0.548878197253806,
            "stdev": 0.04882659429390602
        },
        "GD WR": {
            "mean": 0.5723377427604732,
            "stdev": 0.04319327309255565
        },
        "IWD": {
            "mean": 0.032258352023814135,
            "stdev": 0.036237765715207294
        }
    },
    "RG": {
        "GIH WR": {
            "mean": 0.5417748190690975,
            "stdev": 0.026878674506221202
        },
        "OH WR": {
            "mean": 0.5410410575994361,
            "stdev": 0.040855131991892606
        },
        "GD WR": {
            "mean": 0.5429039582373396,
            "stdev": 0.03024665639250228
        },
        "IWD": {
            "mean": 0.021111341930164142,
            "stdev": 0.026467578036369784
        }
    }
}