{
    "all": {
        "GIH WR": {
            "mean": 0.5601569186933787,
            "stdev": 0.04231579518302813
        },
        "OH WR": {
            "mean": 0.5585297648913664,
            "stdev": 0.051387529505613316
        },
        "GD WR": {
            "mean": 0.5641280875731576,
            "stdev": 0.038240014380586065
        },
        "IWD": {
            "mean": 0.02102849864112329,
            "stdev": 0.04016223794805804
        }
    },
    "WU": {
        "GIH WR": {
            "mean": 0.5889812803099034,
            "stdev": 0.040251164970353845
        },
        "OH WR": {
            "mean": 0.5903842753284511,
            "stdev": 0.05064627382003961
        },
        "GD WR": {
            "mean": 0.5939715737944099,
            "stdev": 0.035194948480161664
        },
        "IWD": {
            "mean": 0.013541754922745945,
            "stdev": 0.036850063874549345
        }
    },
    "WB": {
        "GIH WR": {
            "mean": 0.5505150839207831,
            "stdev": 0.03578531620126786
        },
        "OH WR": {
            "mean": 0.5318329155631932,
            "stdev": 0.03594425345768523
        },
        "GD WR": {
            "mean": 0.5559746508738228,
            "stdev": 0.03287128596693792
        },
        "IWD": {
            "mean": 0.03222355551919175,
            "stdev": 0.03507689022749208
        }
    },
    "WR": {
        "GIH WR": {
            "mean": 0.5713156543672018,
            "stdev": 0.04424798307284782
        },
        "OH WR": {
            "mean": 0.5734880427178439,
            "stdev": 0.045422392809544146
        },
        "GD WR": {
            "mean": 0.5667037489465446,
            "stdev": 0.03829754775958112
        },
        "IWD": {
            "mean": 0.003864573389622442,
            "stdev": 0.045667908629486616
        }
    },
    "WG": {
        "GIH WR": {
            "mean": 0.5678356494173781,
            "stdev": 0.03534176167083888
        },
        "OH WR": {
            "mean": 0.5671281386943231,
            "stdev": 0.03843304457363396
        },
        "GD WR": {
            "mean": 0.5695084654907693,
            "stdev": 0.02807839063895748
        },
        "IWD": {
            "mean": 0.012072665553984578,
            "stdev": 0.033518298808462244
        }
    },
    "UB": {
        "GIH WR": {
            "mean": 0.5540952959937757,
            "stdev": 0.035109758775774644
        },
        "OH WR": {
            "mean": 0.5357893225191742,
            "stdev": 0.03770637682770209
        },
        "GD WR": {
            "mean": 0.5628106428083854,
            "stdev": 0.03001806668546694
        },
        "IWD": {
            "mean": 0.03893078054670413,
            "stdev": 0.03560572322118834
        }
    },
    "UR": {
        "GIH WR": {
            "mean": 0.574413728016804,
            "stdev": 0.04794889619339468
        },
        "OH WR": {
            "mean": 0.5905404236844011,
            "stdev": 0.053686128997916784
        },
        "GD WR": {
            "mean": 0.5760952845476003,
            "stdev": 0.038667573913420364
        },
        "IWD": {
            "mean": -0.002873061558358875,
            "stdev": 0.03982881176765292
        }
    },
    "UG": {
        "GIH WR": {
            "mean": 0.5443979728659284,
            "stdev": 0.03392928197663617
        },
        "OH WR": {
            "mean": 0.5465251477767613,
            "stdev": 0.03336598768949805
        },
        "GD WR": {
            "mean": 0.5482641900999876,
            "stdev": 0.03428458553211893
        },
        "IWD": {
            "mean": 0.014531196723468103,
            "stdev": 0.034260142897308665
        }
    },
    "BR": {
        "GIH WR": {
            "mean": 0.5456696984961704,
            "stdev": 0.03897501221031895
        },
        "OH WR": {
            "mean": 0.5315285505652787,
            "stdev": 0.038103745688212766
        },
        "GD WR": {
            "mean": 0.5415912854675374,
            "stdev": 0.028580070642612667
        },
        "IWD": {
            "mean": 0.026192712082378968,
            "stdev": 0.040142523764452716
        }
    },
    "BG": {
        "GIH WR": {
            "mean": 0.5467502125141317,
            "stdev": 0.03771514202490325
        },
        "OH WR": {
            "mean": 0.5369260299959429,
            "stdev": 0.03604243561372335
        },
        "GD WR": {
            "mean": 0.5513622658383602,
            "stdev": 0.03528928450368176
        },
        "IWD": {
            "mean": 0.03148091565182802,
            "stdev": 0.03452815758227514
        }
    },
    "RG": {
        "GIH WR": {
            "mean": 0.5685599799478043,
            "stdev": 0.04753283473379063
        },
        "OH WR": {
            "mean": 0.5700897598378462,
            "stdev": 0.04443411372351826
        },
        "GD WR": {
            "mean": 0.562393247238837,
            "stdev": 0.039423791845815064
        },
        "IWD": {
            "mean": 0.008759888825936044,
            "stdev": 0.047918514509602994
        }
    }
}