{
    "all": {
        "GIH WR": {
            "mean": 0.5503270334953367,
            "stdev": 0.04157487521330659
        },
        "OH WR": {
            "mean": 0.547964152511972,
            "stdev": 0.046431509113464525
        },
        "GD WR": {
            "mean": 0.5540587354838096,
            "stdev": 0.039057802118416175
        },
        "IWD": {
            "mean": 0.011568292974687679,
            "stdev": 0.03773362722907268
        }
    },
    "WU": {
        "GIH WR": {
            "mean": 0.5511772843627265,
            "stdev": 0.03978024360861947
        },
        "OH WR": {
            "mean": 0.554609874781421,
            "stdev": 0.04181783156474839
        },
        "GD WR": {
            "mean": 0.550224192503722,
            "stdev": 0.036627361042784475
        },
        "IWD": {
            "mean": -0.008634941161928752,
            "stdev": 0.036557016228741954
        }
    },
    "WB": {
        "GIH WR": {
            "mean": 0.5513462099057402,
            "stdev": 0.03579065627176797
        },
        "OH WR": {
            "mean": 0.5537593585633255,
            "stdev": 0.037014450062446795
        },
        "GD WR": {
            "mean": 0.556528940715493,
            "stdev": 0.03153159473972782
        },
        "IWD": {
            "mean": 0.004830368752449391,
            "stdev": 0.03621741842211421
        }
    },
    "WR": {
        "GIH WR": {
            "mean": 0.5751592162830462,
            "stdev": 0.04222013131244972
        },
        "OH WR": {
            "mean": 0.5855186931895753,
            "stdev": 0.04539506571041295
        },
        "GD WR": {
            "mean": 0.5712595994648288,
            "stdev": 0.04191072751939919
        },
        "IWD": {
            "mean": -0.01823112980030616,
            "stdev": 0.03558061749163258
        }
    },
    "WG": {
        "GIH WR": {
            "mean": 0.5753949575356041,
            "stdev": 0.04579189425473393
        },
        "OH WR": {
            "mean": 0.5794933129435114,
            "stdev": 0.038831199413159344
        },
        "GD WR": {
            "mean": 0.5752739232581843,
            "stdev": 0.03652495444658592
        },
        "IWD": {
            "mean": 0.0004789762876102863,
            "stdev": 0.043545317163802756
        }
    },
    "UB": {
        "GIH WR": {
            "mean": 0.5348717071339264,
            "stdev": 0.035529070166760365
        },
        "OH WR": {
            "mean": 0.5226845406368186,
            "stdev": 0.03440349451015991
        },
        "GD WR": {
            "mean": 0.5446894933372628,
            "stdev": 0.03111596586238423
        },
        "IWD": {
            "mean": 0.02604384594579279,
            "stdev": 0.03486784855533743
        }
    },
    "UR": {
        "GIH WR": {
            "mean": 0.5549089565700609,
            "stdev": 0.03440709045238366
        },
        "OH WR": {
            "mean": 0.5542977577224635,
            "stdev": 0.03708106813685616
        },
        "GD WR": {
            "mean": 0.5623976572915628,
            "stdev": 0.03136490968545924
        },
        "IWD": {
            "mean": 0.009717264459674996,
            "stdev": 0.03031791398614254
        }
    },
    "UG": {
        "GIH WR": {
            "mean": 0.5693666303445605,
            "stdev": 0.03778956459276042
        },
        "OH WR": {
            "mean": 0.5628529831752065,
            "stdev": 0.030543338213194098
        },
        "GD WR": {
            "mean": 0.5803320922591721,
            "stdev": 0.032450228367523856
        },
        "IWD": {
            "mean": 0.022930158762822176,
            "stdev": 0.03396554097016383
        }
    },
    "BR": {
        "GIH WR": {
            "mean": 0.5303624506622524,
            "stdev": 0.03692731112773728
        },
        "OH WR": {
            "mean": 0.5303730861304682,
            "stdev": 0.038787811552621856
        },
        "GD WR": {
            "mean": 0.5364168645491257,
            "stdev": 0.03234380558776225
        },
        "IWD": {
            "mean": 0.012202571175512373,
            "stdev": 0.03710929724385638
        }
    },
    "BG": {
        "GIH WR": {
            "mean": 0.5505573520866203,
            "stdev": 0.038828029292525705
        },
        "OH WR": {
            "mean": 0.5361963081790304,
            "stdev": 0.03905703857933725
        },
        "GD WR": {
            "mean": 0.5596309258832693,
            "stdev": 0.03773751526049657
        },
        "IWD": {
            "mean": 0.029485448066210587,
            "stdev": 0.036803168161952865
        }
    },
    "RG": {
        "GIH WR": {
            "mean": 0.5443157355411256,
            "stdev": 0.0308835398717084
        },
        "OH WR": {
            "mean": 0.5487319148366414,
            "stdev": 0.03478353786474719
        },
        "GD WR": {
            "mean": 0.546933440040008,
            "stdev": 0.032408167927418505
        },
        "IWD": {
            "mean": 0.0014763758884718179,
            "stdev": 0.029917520424175833
        }
    }
}