{
    "all": {
        "GIH WR": {
            "mean": 0.5497772173554809,
            "stdev": 0.04036763928083715
        },
        "OH WR": {
            "mean": 0.5445798610593428,
            "stdev": 0.045747673565187955
        },
        "GD WR": {
            "mean": 0.5579956723636617,
            "stdev": 0.03499901840968495
        },
        "IWD": {
            "mean": 0.01610659517541097,
            "stdev": 0.034617115929131255
        }
    },
    "WU": {
        "GIH WR": {
            "mean": 0.5312000220697529,
            "stdev": 0.03618264850560298
        },
        "OH WR": {
            "mean": 0.5109019504680663,
            "stdev": 0.04291918778822957
        },
        "GD WR": {
            "mean": 0.540992700548128,
            "stdev": 0.03185546185285262
        },
        "IWD": {
            "mean": 0.04664016357984604,
            "stdev": 0.0340276431237747
        }
    },
    "WB": {
        "GIH WR": {
            "mean": 0.5420433306578224,
            "stdev": 0.03939714481429973
        },
        "OH WR": {
            "mean": 0.5427290400191913,
            "stdev": 0.044206514589892346
        },
        "GD WR": {
            "mean": 0.5490643284044897,
            "stdev": 0.035910618985244454
        },
        "IWD": {
            "mean": 0.015815693438913463,
            "stdev": 0.034691454361559716
        }
    },
    "WR": {
        "GIH WR": {
            "mean": 0.5561317960165456,
            "stdev": 0.03891463829938093
        },
        "OH WR": {
            "mean": 0.5680204150820047,
            "stdev": 0.041276263101766596
        },
        "GD WR": {
            "mean": 0.5525062599136891,
            "stdev": 0.03910788240035489
        },
        "IWD": {
            "mean": -0.010497778176725502,
            "stdev": 0.03195170934760441
        }
    },
    "WG": {
        "GIH WR": {
            "mean": 0.5458145265984008,
            "stdev": 0.03481347315895463
        },
        "OH WR": {
            "mean": 0.5433560536336354,
            "stdev": 0.0397865189194603
        },
        "GD WR": {
            "mean": 0.550017572474583,
            "stdev": 0.03557030723211369
        },
        "IWD": {
            "mean": 0.018270468098235754,
            "stdev": 0.03407291323801412
        }
    },
    "UB": {
        "GIH WR": {
            "mean": 0.5590390441197319,
            "stdev": 0.03733486282081743
        },
        "OH WR": {
            "mean": 0.5378846105409933,
            "stdev": 0.04576062004173697
        },
        "GD WR": {
            "mean": 0.5718502062817769,
            "stdev": 0.03422865317588213
        },
        "IWD": {
            "mean": 0.04176053941556583,
            "stdev": 0.034255199160291704
        }
    },
    "UR": {
        "GIH WR": {
            "mean": 0.5655268325413274,
            "stdev": 0.03225069019332026
        },
        "OH WR": {
            "mean": 0.5449560672145061,
            "stdev": 0.03826863296274876
        },
        "GD WR": {
            "mean": 0.5765579187740646,
            "stdev": 0.031325298509044516
        },
        "IWD": {
            "mean": 0.043671710325810804,
            "stdev": 0.02949039025013665
        }
    },
    "UG": {
        "GIH WR": {
            "mean": 0.5454135390472407,
            "stdev": 0.037974320074251465
        },
        "OH WR": {
            "mean": 0.5301533011322427,
            "stdev": 0.04370528067691014
        },
        "GD WR": {
            "mean": 0.563124747356537,
            "stdev": 0.03520727237967545
        },
        "IWD": {
            "mean": 0.04540048679054787,
            "stdev": 0.03686203065727096
        }
    },
    "BR": {
        "GIH WR": {
            "mean": 0.5656413954366307,
            "stdev": 0.037396175307215694
        },
        "OH WR": {
            "mean": 0.569186921020793,
            "stdev": 0.0397436853728847
        },
        "GD WR": {
            "mean": 0.5670561469348258,
            "stdev": 0.0372812100805885
        },
        "IWD": {
            "mean": -0.00037703959036272704,
            "stdev": 0.033071236993030266
        }
    },
    "BG": {
        "GIH WR": {
            "mean": 0.5662224796863244,
            "stdev": 0.034185031459326956
        },
        "OH WR": {
            "mean": 0.5630791290310282,
            "stdev": 0.04006576651062055
        },
        "GD WR": {
            "mean": 0.569854024767379,
            "stdev": 0.033413259046940966
        },
        "IWD": {
            "mean": 0.013243771210558032,
            "stdev": 0.03503832827868036
        }
    },
    "RG": {
        "GIH WR": {
            "mean": 0.5611469872238103,
            "stdev": 0.033650556290872456
        },
        "OH WR": {
            "mean": 0.5649256199505686,
            "stdev": 0.037450360752935084
        },
        "GD WR": {
            "mean": 0.5628066760805801,
            "stdev": 0.03597568224561876
        },
        "IWD": {
            "mean": 0.003812800167644868,
            "stdev": 0.03211130577646583
        }
    }
}