{
    "all": {
        "GIH WR": {
            "mean": 0.5662605311530448,
            "stdev": 0.03720985020517226
        },
        "OH WR": {
            "mean": 0.5619350933218363,
            "stdev": 0.04343992629122126
        },
        "GD WR": {
            "mean": 0.5720315656119463,
            "stdev": 0.03545053229615976
        },
        "IWD": {
            "mean": 0.017887414119550693,
            "stdev": 0.03508398623996084
        }
    },
    "WU": {
        "GIH WR": {
            "mean": 0.5375428477392,
            "stdev": 0.029091133381664733
        },
        "OH WR": {
            "mean": 0.5438944318201893,
            "stdev": 0.0454238143014931
        },
        "GD WR": {
            "mean": 0.5506695407529874,
            "stdev": 0.030023267793472606
        },
        "IWD": {
            "mean": 0.040152488620514286,
            "stdev": 0.028436828331832878
        }
    },
    "WB": {
        "GIH WR": {
            "mean": 0.5468701864476241,
            "stdev": 0.034498497075159874
        },
        "OH WR": {
            "mean": 0.5399587821013122,
            "stdev": 0.029330351728520315
        },
        "GD WR": {
            "mean": 0.547492709491095,
            "stdev": 0.03566919872828668
        },
        "IWD": {
            "mean": 0.014589829971991488,
            "stdev": 0.0343536399947966
        }
    },
    "WR": {
        "GIH WR": {
            "mean": 0.5798873883148332,
            "stdev": 0.03065414171482586
        },
        "OH WR": {
            "mean": 0.6032835162693718,
            "stdev": 0.025829886980569077
        },
        "GD WR": {
            "mean": 0.5746251766358611,
            "stdev": 0.029983506238986102
        },
        "IWD": {
            "mean": -0.015047654683955658,
            "stdev": 0.030400521492693875
        }
    },
    "WG": {
        "GIH WR": {
            "mean": 0.5542566087780767,
            "stdev": 0.030071132050775724
        },
        "OH WR": {
            "mean": 0.5614261309285086,
            "stdev": 0.03214226715617277
        },
        "GD WR": {
            "mean": 0.5580129074891849,
            "stdev": 0.031199614153152793
        },
        "IWD": {
            "mean": 0.008482097014508192,
            "stdev": 0.030552455440080124
        }
    },
    "UB": {
        "GIH WR": {
            "mean": 0.5585899941743719,
            "stdev": 0.027547430745866006
        },
        "OH WR": {
            "mean": 0.5508163326154932,
            "stdev": 0.03324995886263998
        },
        "GD WR": {
            "mean": 0.5736310294470354,
            "stdev": 0.023336371867962197
        },
        "IWD": {
            "mean": 0.03191566184770041,
            "stdev": 0.026003501626089654
        }
    },
    "UR": {
        "GIH WR": {
            "mean": 0.5720983345515065,
            "stdev": 0.028265291317318374
        },
        "OH WR": {
            "mean": 0.5598776347881527,
            "stdev": 0.027610817410146562
        },
        "GD WR": {
            "mean": 0.5850167841944738,
            "stdev": 0.02610951150047739
        },
        "IWD": {
            "mean": 0.03522151990337557,
            "stdev": 0.03100834947033564
        }
    },
    "UG": {
        "GIH WR": {
            "mean": 0.564017616911981,
            "stdev": 0.029742402300968324
        },
        "OH WR": {
            "mean": 0.5421710109674684,
            "stdev": 0.040553681338448444
        },
        "GD WR": {
            "mean": 0.5740537520544735,
            "stdev": 0.030644222606448765
        },
        "IWD": {
            "mean": 0.03629816106108696,
            "stdev": 0.03184443458289897
        }
    },
    "BR": {
        "GIH WR": {
            "mean": 0.5851311358656882,
            "stdev": 0.031559523729612717
        },
        "OH WR": {
            "mean": 0.5887792105486097,
            "stdev": 0.03167401435883212
        },
        "GD WR": {
            "mean": 0.5788980053878008,
            "stdev": 0.03069755536705531
        },
        "IWD": {
            "mean": -0.001054967101241866,
            "stdev": 0.03291432391405574
        }
    },
    "BG": {
        "GIH WR": {
            "mean": 0.5868138613487682,
            "stdev": 0.035573153332373035
        },
        "OH WR": {
            "mean": 0.5856609080206703,
            "stdev": 0.030680692567560987
        },
        "GD WR": {
            "mean": 0.5841958354384313,
            "stdev": 0.03254268480266168
        },
        "IWD": {
            "mean": 0.011577178793578235,
            "stdev": 0.03395342813825716
        }
    },
    "RG": {
        "GIH WR": {
            "mean": 0.5743774279375926,
            "stdev": 0.027045715027687607
        },
        "OH WR": {
            "mean": 0.5786362034339336,
            "stdev": 0.03545080813270693
        },
        "GD WR": {
            "mean": 0.5701512904288889,
            "stdev": 0.030468975839617368
        },
        "IWD": {
            "mean": -0.002712395606545739,
            "stdev": 0.027679707683459617
        }
    }
}