{
    "all": {
        "GIH WR": {
            "mean": 0.555970426370119,
            "stdev": 0.03793322952226612
        },
        "OH WR": {
            "mean": 0.5513561603091529,
            "stdev": 0.04688579538826266
        },
        "GD WR": {
            "mean": 0.5616979974381135,
            "stdev": 0.03469900080499898
        },
        "IWD": {
            "mean": 0.016207503102690632,
            "stdev": 0.033934763401653474
        }
    },
    "WU": {
        "GIH WR": {
            "mean": 0.5269677085509344,
            "stdev": 0.034991187511132046
        },
        "OH WR": {
            "mean": 0.5060722832246206,
            "stdev": 0.03706474889337002
        },
        "GD WR": {
            "mean": 0.5381937049796786,
            "stdev": 0.03206097003435492
        },
        "IWD": {
            "mean": 0.038790615162814644,
            "stdev": 0.039178254203748604
        }
    },
    "WB": {
        "GIH WR": {
            "mean": 0.5446084922381829,
            "stdev": 0.036670691995419884
        },
        "OH WR": {
            "mean": 0.5345049719293925,
            "stdev": 0.03828842341651691
        },
        "GD WR": {
            "mean": 0.5477977464574196,
            "stdev": 0.0329861254330412
        },
        "IWD": {
            "mean": 0.020335408318080495,
            "stdev": 0.03665867654729412
        }
    },
    "WR": {
        "GIH WR": {
            "mean": 0.5695684394531689,
            "stdev": 0.04043798917307675
        },
        "OH WR": {
            "mean": 0.5838330576081178,
            "stdev": 0.039377810435139486
        },
        "GD WR": {
            "mean": 0.5641735427871788,
            "stdev": 0.03920128953888916
        },
        "IWD": {
            "mean": -0.010986036100993616,
            "stdev": 0.03292218180764133
        }
    },
    "WG": {
        "GIH WR": {
            "mean": 0.5539140087777543,
            "stdev": 0.03527330611811924
        },
        "OH WR": {
            "mean": 0.5529130642173897,
            "stdev": 0.038190808066047625
        },
        "GD WR": {
            "mean": 0.5571441666585238,
            "stdev": 0.03701084385462903
        },
        "IWD": {
            "mean": 0.01626563574818748,
            "stdev": 0.03628707695466788
        }
    },
    "UB": {
        "GIH WR": {
            "mean": 0.555456580305714,
            "stdev": 0.03520502270822832
        },
        "OH WR": {
            "mean": 0.5352129485258605,
            "stdev": 0.04497711203821267
        },
        "GD WR": {
            "mean": 0.568757936741866,
            "stdev": 0.029695028959155285
        },
        "IWD": {
            "mean": 0.03742887761199354,
            "stdev": 0.03233335709987994
        }
    },
    "UR": {
        "GIH WR": {
            "mean": 0.5629931894886876,
            "stdev": 0.032678099976652775
        },
        "OH WR": {
            "mean": 0.5458633247572703,
            "stdev": 0.030611766506964098
        },
        "GD WR": {
            "mean": 0.5747272279082363,
            "stdev": 0.02859366523024827
        },
        "IWD": {
            "mean": 0.038252706873577125,
            "stdev": 0.02918225041228307
        }
    },
    "UG": {
        "GIH WR": {
            "mean": 0.5462021546877759,
            "stdev": 0.03738015094144864
        },
        "OH WR": {
            "mean": 0.532215207831513,
            "stdev": 0.0318070815047462
        },
        "GD WR": {
            "mean": 0.5605883789228633,
            "stdev": 0.035719522612434246
        },
        "IWD": {
            "mean": 0.04387028299862278,
            "stdev": 0.039283063048143343
        }
    },
    "BR": {
        "GIH WR": {
            "mean": 0.5744204089166763,
            "stdev": 0.038797030247896415
        },
        "OH WR": {
            "mean": 0.5777032741576804,
            "stdev": 0.04121508803042486
        },
        "GD WR": {
            "mean": 0.5728969105275913,
            "stdev": 0.035316362766925215
        },
        "IWD": {
            "mean": -0.00016209516719762615,
            "stdev": 0.03412263569090924
        }
    },
    "BG": {
        "GIH WR": {
            "mean": 0.5761957418682281,
            "stdev": 0.03486373705919394
        },
        "OH WR": {
            "mean": 0.5768666420952551,
            "stdev": 0.03841836005219331
        },
        "GD WR": {
            "mean": 0.5787464821928631,
            "stdev": 0.035637533580140955
        },
        "IWD": {
            "mean": 0.014753649118054867,
            "stdev": 0.03464163084494909
        }
    },
    "RG": {
        "GIH WR": {
            "mean": 0.5712283179072715,
            "stdev": 0.03378430448573849
        },
        "OH WR": {
            "mean": 0.5788877428368513,
            "stdev": 0.03606983610921372
        },
        "GD WR": {
            "mean": 0.5702765722708423,
            "stdev": 0.03166038151435008
        },
        "IWD": {
            "mean": 0.0036678222702294697,
            "stdev": 0.033451008931319866
        }
    }
}