{
    "all": {
        "GIH WR": {
            "mean": 0.5504493524456766,
            "stdev": 0.03926266784190253
        },
        "OH WR": {
            "mean": 0.5451405311856035,
            "stdev": 0.04551379257725107
        },
        "GD WR": {
            "mean": 0.5579906502514882,
            "stdev": 0.03503222193325722
        },
        "IWD": {
            "mean": 0.016655140011278755,
            "stdev": 0.03434718606345425
        }
    },
    "WU": {
        "GIH WR": {
            "mean": 0.5301136282951407,
            "stdev": 0.03572063161645084
        },
        "OH WR": {
            "mean": 0.5099800218798118,
            "stdev": 0.044877114861491575
        },
        "GD WR": {
            "mean": 0.5384257345082354,
            "stdev": 0.031098567703304075
        },
        "IWD": {
            "mean": 0.04659007099168534,
            "stdev": 0.03466542331903533
        }
    },
    "WB": {
        "GIH WR": {
            "mean": 0.5431502477657041,
            "stdev": 0.03836623841418987
        },
        "OH WR": {
            "mean": 0.5431330272792796,
            "stdev": 0.04402708618349029
        },
        "GD WR": {
            "mean": 0.5494929244898231,
            "stdev": 0.036086723672125565
        },
        "IWD": {
            "mean": 0.016121299840888684,
            "stdev": 0.034961811698367755
        }
    },
    "WR": {
        "GIH WR": {
            "mean": 0.5562392979824157,
            "stdev": 0.039866286389378454
        },
        "OH WR": {
            "mean": 0.5684643242614119,
            "stdev": 0.041370580612332224
        },
        "GD WR": {
            "mean": 0.553515995165121,
            "stdev": 0.03939268369828586
        },
        "IWD": {
            "mean": -0.011148077865306607,
            "stdev": 0.032182561417143866
        }
    },
    "WG": {
        "GIH WR": {
            "mean": 0.5464416398823788,
            "stdev": 0.03514845209502502
        },
        "OH WR": {
            "mean": 0.5449027602246208,
            "stdev": 0.03895211223399302
        },
        "GD WR": {
            "mean": 0.5506605019225321,
            "stdev": 0.03632449560367861
        },
        "IWD": {
            "mean": 0.017636814832731284,
            "stdev": 0.034296257971430884
        }
    },
    "UB": {
        "GIH WR": {
            "mean": 0.5574243706694811,
            "stdev": 0.03718359154799577
        },
        "OH WR": {
            "mean": 0.5360507509507538,
            "stdev": 0.04448187834908887
        },
        "GD WR": {
            "mean": 0.5711787259482786,
            "stdev": 0.03412303812588389
        },
        "IWD": {
            "mean": 0.04166994719143693,
            "stdev": 0.03446868887679082
        }
    },
    "UR": {
        "GIH WR": {
            "mean": 0.5627740031633657,
            "stdev": 0.032185445012139505
        },
        "OH WR": {
            "mean": 0.5434404104945902,
            "stdev": 0.039565567971270546
        },
        "GD WR": {
            "mean": 0.5758099119485218,
            "stdev": 0.0310515307301212
        },
        "IWD": {
            "mean": 0.04338038205725901,
            "stdev": 0.028498679264870864
        }
    },
    "UG": {
        "GIH WR": {
            "mean": 0.5462068768400704,
            "stdev": 0.03897295761785218
        },
        "OH WR": {
            "mean": 0.5304192112799728,
            "stdev": 0.04544449959434917
        },
        "GD WR": {
            "mean": 0.5636331333988862,
            "stdev": 0.035838001068572815
        },
        "IWD": {
            "mean": 0.046123086480743966,
            "stdev": 0.037483587227387975
        }
    },
    "BR": {
        "GIH WR": {
            "mean": 0.5659857804532729,
            "stdev": 0.037490264660016474
        },
        "OH WR": {
            "mean": 0.5700385540102123,
            "stdev": 0.040438612490428794
        },
        "GD WR": {
            "mean": 0.567379274065854,
            "stdev": 0.03801963632970315
        },
        "IWD": {
            "mean": -0.0006709299056296588,
            "stdev": 0.03263588890366059
        }
    },
    "BG": {
        "GIH WR": {
            "mean": 0.5671592266275982,
            "stdev": 0.035277576741051225
        },
        "OH WR": {
            "mean": 0.5658840988345795,
            "stdev": 0.04178199476773885
        },
        "GD WR": {
            "mean": 0.571531829588119,
            "stdev": 0.034035193078894486
        },
        "IWD": {
            "mean": 0.011548798865977311,
            "stdev": 0.035111275684756665
        }
    },
    "RG": {
        "GIH WR": {
            "mean": 0.5595003757449788,
            "stdev": 0.03387731714065705
        },
        "OH WR": {
            "mean": 0.563697867601105,
            "stdev": 0.037851412040448416
        },
        "GD WR": {
            "mean": 0.561306459443731,
            "stdev": 0.036835325456984536
        },
        "IWD": {
            "mean": 0.0023734489213344096,
            "stdev": 0.03274011483755782
        }
    }
}