{
    "all": {
        "GIH WR": {
            "mean": 0.5500641272132154,
            "stdev": 0.040094855953924896
        },
        "OH WR": {
            "mean": 0.5445564585414691,
            "stdev": 0.04578710112384557
        },
        "GD WR": {
            "mean": 0.5579944698286171,
            "stdev": 0.034955758906635964
        },
        "IWD": {
            "mean": 0.01623428079674993,
            "stdev": 0.03454213470070785
        }
    },
    "WU": {
        "GIH WR": {
            "mean": 0.5311244776227394,
            "stdev": 0.03657627922582314
        },
        "OH WR": {
            "mean": 0.5108614000448125,
            "stdev": 0.04354556989986758
        },
        "GD WR": {
            "mean": 0.5408271306814851,
            "stdev": 0.03219263788903075
        },
        "IWD": {
            "mean": 0.047051689893856045,
            "stdev": 0.03476576840053326
        }
    },
    "WB": {
        "GIH WR": {
            "mean": 0.5417148520622224,
            "stdev": 0.039617844931271406
        },
        "OH WR": {
            "mean": 0.5425215553191696,
            "stdev": 0.04454765070118006
        },
        "GD WR": {
            "mean": 0.5494476858732854,
            "stdev": 0.03595176925318801
        },
        "IWD": {
            "mean": 0.01581965177947305,
            "stdev": 0.034939910667421456
        }
    },
    "WR": {
        "GIH WR": {
            "mean": 0.5557384475912707,
            "stdev": 0.03904437244617792
        },
        "OH WR": {
            "mean": 0.5678069957836932,
            "stdev": 0.041266871185170265
        },
        "GD WR": {
            "mean": 0.5528257978642626,
            "stdev": 0.039156916843973426
        },
        "IWD": {
            "mean": -0.01064413325971324,
            "stdev": 0.031846345577484884
        }
    },
    "WG": {
        "GIH WR": {
            "mean": 0.5463400208083664,
            "stdev": 0.03489972941763609
        },
        "OH WR": {
            "mean": 0.5437291654031188,
            "stdev": 0.04002623135620164
        },
        "GD WR": {
            "mean": 0.5502171119823211,
            "stdev": 0.03549783952608673
        },
        "IWD": {
            "mean": 0.018354830109719385,
            "stdev": 0.034396427906420605
        }
    },
    "UB": {
        "GIH WR": {
            "mean": 0.5590670215981843,
            "stdev": 0.037044500027645824
        },
        "OH WR": {
            "mean": 0.5379409212852242,
            "stdev": 0.045674726812201874
        },
        "GD WR": {
            "mean": 0.5723247556383163,
            "stdev": 0.03396977797137475
        },
        "IWD": {
            "mean": 0.04189558561351794,
            "stdev": 0.03394917890461902
        }
    },
    "UR": {
        "GIH WR": {
            "mean": 0.5644314755016249,
            "stdev": 0.03176322474052979
        },
        "OH WR": {
            "mean": 0.5448515638145432,
            "stdev": 0.03832552903294132
        },
        "GD WR": {
            "mean": 0.5766359589748427,
            "stdev": 0.0312267783122577
        },
        "IWD": {
            "mean": 0.043234863804167155,
            "stdev": 0.029118014870448544
        }
    },
    "UG": {
        "GIH WR": {
            "mean": 0.5451416812055159,
            "stdev": 0.03821210008572366
        },
        "OH WR": {
            "mean": 0.5300516696073351,
            "stdev": 0.043764255387969575
        },
        "GD WR": {
            "mean": 0.5629166510588844,
            "stdev": 0.03527931048133564
        },
        "IWD": {
            "mean": 0.045431338306626844,
            "stdev": 0.037053509965940076
        }
    },
    "BR": {
        "GIH WR": {
            "mean": 0.5658348247944057,
            "stdev": 0.03736565369207732
        },
        "OH WR": {
            "mean": 0.5693886894368877,
            "stdev": 0.039697298003026765
        },
        "GD WR": {
            "mean": 0.5673477488249248,
            "stdev": 0.03716515295040684
        },
        "IWD": {
            "mean": -0.00033445188489531126,
            "stdev": 0.03296345757456685
        }
    },
    "BG": {
        "GIH WR": {
            "mean": 0.5663169566839742,
            "stdev": 0.03445287904064712
        },
        "OH WR": {
            "mean": 0.5634140467752339,
            "stdev": 0.040063208033545926
        },
        "GD WR": {
            "mean": 0.5699294221892658,
            "stdev": 0.03348215065721926
        },
        "IWD": {
            "mean": 0.012381073430998068,
            "stdev": 0.03443425789330348
        }
    },
    "RG": {
        "GIH WR": {
            "mean": 0.5611617616727379,
            "stdev": 0.03357289493390317
        },
        "OH WR": {
            "mean": 0.5651356567478143,
            "stdev": 0.0378511229125591
        },
        "GD WR": {
            "mean": 0.5626896290536224,
            "stdev": 0.03587295625055236
        },
        "IWD": {
            "mean": 0.0036144052245219243,
            "stdev": 0.03243692816303096
        }
    }
}