{
    "all": {
        "GIH WR": {
            "mean": 0.5531477978107158,
            "stdev": 0.04253257464340775
        },
        "OH WR": {
            "mean": 0.5481485937428313,
            "stdev": 0.050884668842296775
        },
        "GD WR": {
            "mean": 0.5569622891122321,
            "stdev": 0.03935951014420222
        },
        "IWD": {
            "mean": 0.02075964764213581,
            "stdev": 0.0386483009346533
        }
    },
    "WU": {
        "GIH WR": {
            "mean": 0.5680698917813575,
            "stdev": 0.04057325242153891
        },
        "OH WR": {
            "mean": 0.5658869231524176,
            "stdev": 0.0501017308825574
        },
        "GD WR": {
            "mean": 0.5729998991457418,
            "stdev": 0.0364145988149337
        },
        "IWD": {
            "mean": 0.014269940428288228,
            "stdev": 0.03576187352734376
        }
    },
    "WB": {
        "GIH WR": {
            "mean": 0.5389803747871866,
            "stdev": 0.04052914283733184
        },
        "OH WR": {
            "mean": 0.534382959402211,
            "stdev": 0.04603534109046732
        },
        "GD WR": {
            "mean": 0.5474549884309575,
            "stdev": 0.040999234871610724
        },
        "IWD": {
            "mean": 0.030967404131287308,
            "stdev": 0.03816449658396987
        }
    },
    "WR": {
        "GIH WR": {
            "mean": 0.5538499548071196,
            "stdev": 0.043959044673917466
        },
        "OH WR": {
            "mean": 0.5633667328830803,
            "stdev": 0.05041397506053279
        },
        "GD WR": {
            "mean": 0.5547479353712168,
            "stdev": 0.0414267630736003
        },
        "IWD": {
            "mean": 0.0029727131878797843,
            "stdev": 0.04079773363594994
        }
    },
    "WG": {
        "GIH WR": {
            "mean": 0.5587384179296649,
            "stdev": 0.04120679983544595
        },
        "OH WR": {
            "mean": 0.5577370254337741,
            "stdev": 0.046136306682123394
        },
        "GD WR": {
            "mean": 0.5603238002412764,
            "stdev": 0.03680490719415745
        },
        "IWD": {
            "mean": 0.016661909415825123,
            "stdev": 0.04004393491480502
        }
    },
    "UB": {
        "GIH WR": {
            "mean": 0.5503224063332033,
            "stdev": 0.03888833578560518
        },
        "OH WR": {
            "mean": 0.5373632752481098,
            "stdev": 0.048781816936253476
        },
        "GD WR": {
            "mean": 0.5629256064599764,
            "stdev": 0.035912150412645547
        },
        "IWD": {
            "mean": 0.04402513441780047,
            "stdev": 0.036898667034259106
        }
    },
    "UR": {
        "GIH WR": {
            "mean": 0.5563919387870702,
            "stdev": 0.04605647163270843
        },
        "OH WR": {
            "mean": 0.5654220245316688,
            "stdev": 0.054186767607966334
        },
        "GD WR": {
            "mean": 0.5567905753727004,
            "stdev": 0.04331525849456845
        },
        "IWD": {
            "mean": -0.0008851784090889518,
            "stdev": 0.03723986693604823
        }
    },
    "UG": {
        "GIH WR": {
            "mean": 0.5370459843476718,
            "stdev": 0.04073875633882949
        },
        "OH WR": {
            "mean": 0.5343771744417816,
            "stdev": 0.04650286792268703
        },
        "GD WR": {
            "mean": 0.5392248176577973,
            "stdev": 0.03780560732343929
        },
        "IWD": {
            "mean": 0.019624185371756357,
            "stdev": 0.04034347518704098
        }
    },
    "BR": {
        "GIH WR": {
            "mean": 0.5365188599566943,
            "stdev": 0.046409761223102045
        },
        "OH WR": {
            "mean": 0.5296636294323626,
            "stdev": 0.0449015460685962
        },
        "GD WR": {
            "mean": 0.5445021529571785,
            "stdev": 0.04500186497704086
        },
        "IWD": {
            "mean": 0.028862433165909824,
            "stdev": 0.045738797669495616
        }
    },
    "BG": {
        "GIH WR": {
            "mean": 0.5543984392116915,
            "stdev": 0.04230368296887724
        },
        "OH WR": {
            "mean": 0.541393384110334,
            "stdev": 0.047661643279404926
        },
        "GD WR": {
            "mean": 0.5651834922083115,
            "stdev": 0.042837671285666915
        },
        "IWD": {
            "mean": 0.036822494703240116,
            "stdev": 0.03828458365353898
        }
    },
    "RG": {
        "GIH WR": {
            "mean": 0.5552577943969715,
            "stdev": 0.04996975060104229
        },
        "OH WR": {
            "mean": 0.562015420354773,
            "stdev": 0.057147786069495075
        },
        "GD WR": {
            "mean": 0.5574334514880082,
            "stdev": 0.04693461007070219
        },
        "IWD": {
            "mean": 0.005850260142734261,
            "stdev": 0.045016123880833384
        }
    }
}