{
    "all": {
        "GIH WR": {
            "mean": 0.5535024394797295,
            "stdev": 0.04275536145475327
        },
        "OH WR": {
            "mean": 0.548283175901854,
            "stdev": 0.050703277717299294
        },
        "GD WR": {
            "mean": 0.5574821514193591,
            "stdev": 0.03976011227189986
        },
        "IWD": {
            "mean": 0.021014200588673287,
            "stdev": 0.038586688303194526
        }
    },
    "WU": {
        "GIH WR": {
            "mean": 0.567269986371379,
            "stdev": 0.040854706052569335
        },
        "OH WR": {
            "mean": 0.5637198922836083,
            "stdev": 0.05081281129977368
        },
        "GD WR": {
            "mean": 0.5728319537880336,
            "stdev": 0.03683816167677356
        },
        "IWD": {
            "mean": 0.014600185241975252,
            "stdev": 0.03602995946856275
        }
    },
    "WB": {
        "GIH WR": {
            "mean": 0.5404599515622514,
            "stdev": 0.041946575668951144
        },
        "OH WR": {
            "mean": 0.5338853286623827,
            "stdev": 0.04661854687274355
        },
        "GD WR": {
            "mean": 0.5481354886502328,
            "stdev": 0.040913918710532675
        },
        "IWD": {
            "mean": 0.031589075963211234,
            "stdev": 0.0394628455572437
        }
    },
    "WR": {
        "GIH WR": {
            "mean": 0.5519641798623962,
            "stdev": 0.04326653621287859
        },
        "OH WR": {
            "mean": 0.5630404976184172,
            "stdev": 0.04959146445206264
        },
        "GD WR": {
            "mean": 0.5529133342438113,
            "stdev": 0.04042214950556267
        },
        "IWD": {
            "mean": 0.0025312940554147053,
            "stdev": 0.039995093547321364
        }
    },
    "WG": {
        "GIH WR": {
            "mean": 0.5591230182836907,
            "stdev": 0.04016189006347165
        },
        "OH WR": {
            "mean": 0.5558425673429584,
            "stdev": 0.04531275886956884
        },
        "GD WR": {
            "mean": 0.5640617450756631,
            "stdev": 0.036650290581457516
        },
        "IWD": {
            "mean": 0.017882877849138796,
            "stdev": 0.03885128593500283
        }
    },
    "UB": {
        "GIH WR": {
            "mean": 0.5518659881898188,
            "stdev": 0.03897672001408622
        },
        "OH WR": {
            "mean": 0.5381975555623788,
            "stdev": 0.04822783177360135
        },
        "GD WR": {
            "mean": 0.5647028673817102,
            "stdev": 0.03478884991096429
        },
        "IWD": {
            "mean": 0.043765957920531666,
            "stdev": 0.03714670497914398
        }
    },
    "UR": {
        "GIH WR": {
            "mean": 0.5552422647259821,
            "stdev": 0.046591905573217504
        },
        "OH WR": {
            "mean": 0.5629506025628532,
            "stdev": 0.05439836428155334
        },
        "GD WR": {
            "mean": 0.555471575828743,
            "stdev": 0.04303924429243901
        },
        "IWD": {
            "mean": -0.00014965276237763407,
            "stdev": 0.03767511559497844
        }
    },
    "UG": {
        "GIH WR": {
            "mean": 0.5359789894999097,
            "stdev": 0.04261506386180638
        },
        "OH WR": {
            "mean": 0.5339980329835773,
            "stdev": 0.04859894072317095
        },
        "GD WR": {
            "mean": 0.5386770564915542,
            "stdev": 0.03708743866677144
        },
        "IWD": {
            "mean": 0.018455997128842293,
            "stdev": 0.04111971786458844
        }
    },
    "BR": {
        "GIH WR": {
            "mean": 0.5343405480124161,
            "stdev": 0.04542391784154629
        },
        "OH WR": {
            "mean": 0.5287925544383976,
            "stdev": 0.04460851353256457
        },
        "GD WR": {
            "mean": 0.543686420772837,
            "stdev": 0.04499121922202812
        },
        "IWD": {
            "mean": 0.027736869842633464,
            "stdev": 0.04444566998753727
        }
    },
    "BG": {
        "GIH WR": {
            "mean": 0.5577869624715928,
            "stdev": 0.0416432407511836
        },
        "OH WR": {
            "mean": 0.543263001964796,
            "stdev": 0.04901760288893422
        },
        "GD WR": {
            "mean": 0.5668101430314487,
            "stdev": 0.0419213452909384
        },
        "IWD": {
            "mean": 0.038798342554386606,
            "stdev": 0.03763010720728014
        }
    },
    "RG": {
        "GIH WR": {
            "mean": 0.5554380684568252,
            "stdev": 0.05029949599986086
        },
        "OH WR": {
            "mean": 0.5592221586904849,
            "stdev": 0.058222336820766156
        },
        "GD WR": {
            "mean": 0.5571918000471568,
            "stdev": 0.04787345768311933
        },
        "IWD": {
            "mean": 0.0055765280448789225,
            "stdev": 0.04471355939840386
        }
    }
}