{
    "all": {
        "GIH WR": {
            "mean": 0.5457329983231658,
            "stdev": 0.03959563651302462
        },
        "OH WR": {
            "mean": 0.5422608897386604,
            "stdev": 0.04612572633707859
        },
        "GD WR": {
            "mean": 0.5503675117294565,
            "stdev": 0.03778272064532386
        },
        "IWD": {
            "mean": 0.012635169743010856,
            "stdev": 0.036128860025914346
        }
    },
    "WU": {
        "GIH WR": {
            "mean": 0.5429404753060395,
            "stdev": 0.03895539030179176
        },
        "OH WR": {
            "mean": 0.5456783379550212,
            "stdev": 0.04511078801812649
        },
        "GD WR": {
            "mean": 0.5428766547799556,
            "stdev": 0.03791716347771637
        },
        "IWD": {
            "mean": -0.005361847492389079,
            "stdev": 0.03607903016885092
        }
    },
    "WB": {
        "GIH WR": {
            "mean": 0.54590193556789,
            "stdev": 0.039370771883083626
        },
        "OH WR": {
            "mean": 0.5463971735677277,
            "stdev": 0.04035865382395285
        },
        "GD WR": {
            "mean": 0.5519093782907842,
            "stdev": 0.036428254636777097
        },
        "IWD": {
            "mean": 0.0038037256708125075,
            "stdev": 0.04041735690287544
        }
    },
    "WR": {
        "GIH WR": {
            "mean": 0.5623759269875869,
            "stdev": 0.03935827589354494
        },
        "OH WR": {
            "mean": 0.5691531402632124,
            "stdev": 0.04520472507174479
        },
        "GD WR": {
            "mean": 0.558896552914705,
            "stdev": 0.04049623900088793
        },
        "IWD": {
            "mean": -0.017648023162814025,
            "stdev": 0.03468877412446695
        }
    },
    "WG": {
        "GIH WR": {
            "mean": 0.5618895229852829,
            "stdev": 0.043720011113109136
        },
        "OH WR": {
            "mean": 0.5678676084243458,
            "stdev": 0.04132299486959175
        },
        "GD WR": {
            "mean": 0.5637973026671643,
            "stdev": 0.04375130281491941
        },
        "IWD": {
            "mean": 0.0015947484387619205,
            "stdev": 0.0423187201871789
        }
    },
    "UB": {
        "GIH WR": {
            "mean": 0.5331869720221302,
            "stdev": 0.038702177691454016
        },
        "OH WR": {
            "mean": 0.5251521876692654,
            "stdev": 0.04184993735702401
        },
        "GD WR": {
            "mean": 0.5414828324206655,
            "stdev": 0.03440980539645512
        },
        "IWD": {
            "mean": 0.027347108941797763,
            "stdev": 0.040382874136592986
        }
    },
    "UR": {
        "GIH WR": {
            "mean": 0.5478107265479542,
            "stdev": 0.035543281274846523
        },
        "OH WR": {
            "mean": 0.5435742535870528,
            "stdev": 0.037016493429300024
        },
        "GD WR": {
            "mean": 0.5510315484546394,
            "stdev": 0.035407749953817694
        },
        "IWD": {
            "mean": 0.012942331496263604,
            "stdev": 0.03283178376009059
        }
    },
    "UG": {
        "GIH WR": {
            "mean": 0.5629160916571558,
            "stdev": 0.036473335681833995
        },
        "OH WR": {
            "mean": 0.5573165319229909,
            "stdev": 0.039401750176791345
        },
        "GD WR": {
            "mean": 0.5743327647707737,
            "stdev": 0.034801853951474844
        },
        "IWD": {
            "mean": 0.022245175790488025,
            "stdev": 0.03222761742458901
        }
    },
    "BR": {
        "GIH WR": {
            "mean": 0.5348584091641311,
            "stdev": 0.03617707172486104
        },
        "OH WR": {
            "mean": 0.5348747269163932,
            "stdev": 0.040127660559665344
        },
        "GD WR": {
            "mean": 0.5387142943568888,
            "stdev": 0.03474797247414074
        },
        "IWD": {
            "mean": 0.010240839088442293,
            "stdev": 0.0344939348986366
        }
    },
    "BG": {
        "GIH WR": {
            "mean": 0.5516297754320659,
            "stdev": 0.03636883814891542
        },
        "OH WR": {
            "mean": 0.5366687102808442,
            "stdev": 0.04150935946486031
        },
        "GD WR": {
            "mean": 0.561714341896159,
            "stdev": 0.03407395262610909
        },
        "IWD": {
            "mean": 0.033281442998255896,
            "stdev": 0.03595909610834467
        }
    },
    "RG": {
        "GIH WR": {
            "mean": 0.5390779432764152,
            "stdev": 0.03714720757812881
        },
        "OH WR": {
            "mean": 0.5423963239699537,
            "stdev": 0.03692736465078334
        },
        "GD WR": {
            "mean": 0.5420079379263196,
            "stdev": 0.03664313965822861
        },
        "IWD": {
            "mean": 0.0025093304067869675,
            "stdev": 0.034065178907973274
        }
    }
}