{
    "all": {
        "GIH WR": {
            "mean": 0.5525054596012233,
            "stdev": 0.03997791312934931
        },
        "OH WR": {
            "mean": 0.542799176575888,
            "stdev": 0.04316370840580971
        },
        "GD WR": {
            "mean": 0.5616180183793066,
            "stdev": 0.03995482052596944
        },
        "IWD": {
            "mean": 0.020967235457274774,
            "stdev": 0.03648613835885614
        }
    },
    "WU": {
        "GIH WR": {
            "mean": 0.5478331213008352,
            "stdev": 0.037018357351539265
        },
        "OH WR": {
            "mean": 0.5425153343109731,
            "stdev": 0.034976696034226096
        },
        "GD WR": {
            "mean": 0.557799675752768,
            "stdev": 0.035590321201205664
        },
        "IWD": {
            "mean": 0.01280813592549568,
            "stdev": 0.029799925129003306
        }
    },
    "WB": {
        "GIH WR": {
            "mean": 0.5586475972484837,
            "stdev": 0.03428094848554602
        },
        "OH WR": {
            "mean": 0.5549373517743746,
            "stdev": 0.03840523100616029
        },
        "GD WR": {
            "mean": 0.5658918437958482,
            "stdev": 0.034191472930340285
        },
        "IWD": {
            "mean": 0.00945160628163395,
            "stdev": 0.03201798810104624
        }
    },
    "WR": {
        "GIH WR": {
            "mean": 0.5447992331655593,
            "stdev": 0.04345006521662099
        },
        "OH WR": {
            "mean": 0.5532606112326286,
            "stdev": 0.04040135251884226
        },
        "GD WR": {
            "mean": 0.5461337823896245,
            "stdev": 0.03676946699271785
        },
        "IWD": {
            "mean": -0.010612219552760751,
            "stdev": 0.0393698367021833
        }
    },
    "WG": {
        "GIH WR": {
            "mean": 0.5435331740998526,
            "stdev": 0.03705760803520532
        },
        "OH WR": {
            "mean": 0.5491628107309419,
            "stdev": 0.04142005653535315
        },
        "GD WR": {
            "mean": 0.5450749965407955,
            "stdev": 0.039075716334813285
        },
        "IWD": {
            "mean": -0.0016776758087732944,
            "stdev": 0.034866884970719006
        }
    },
    "UB": {
        "GIH WR": {
            "mean": 0.5605582938393275,
            "stdev": 0.03743208867167223
        },
        "OH WR": {
            "mean": 0.5461321250004804,
            "stdev": 0.0373133904861962
        },
        "GD WR": {
            "mean": 0.5747348231698052,
            "stdev": 0.03581611186505175
        },
        "IWD": {
            "mean": 0.040076570494288935,
            "stdev": 0.03247496063332779
        }
    },
    "UR": {
        "GIH WR": {
            "mean": 0.5610378271300337,
            "stdev": 0.0390536539309488
        },
        "OH WR": {
            "mean": 0.5497913711742596,
            "stdev": 0.04467653604908908
        },
        "GD WR": {
            "mean": 0.5732860069389292,
            "stdev": 0.03908966278652862
        },
        "IWD": {
            "mean": 0.022994919654441216,
            "stdev": 0.02987026915138434
        }
    },
    "UG": {
        "GIH WR": {
            "mean": 0.5638715432788507,
            "stdev": 0.030956540724974977
        },
        "OH WR": {
            "mean": 0.5516422139650891,
            "stdev": 0.0354968173697679
        },
        "GD WR": {
            "mean": 0.5778418231915782,
            "stdev": 0.031220401771778785
        },
        "IWD": {
            "mean": 0.032179309003354674,
            "stdev": 0.029484423003340393
        }
    },
    "BR": {
        "GIH WR": {
            "mean": 0.5446257579136251,
            "stdev": 0.036213993117456114
        },
        "OH WR": {
            "mean": 0.5389000354059204,
            "stdev": 0.03908328147214272
        },
        "GD WR": {
            "mean": 0.555059757915379,
            "stdev": 0.036282695589527646
        },
        "IWD": {
            "mean": 0.011932036364936192,
            "stdev": 0.03636022899841989
        }
    },
    "BG": {
        "GIH WR": {
            "mean": 0.5672569993535918,
            "stdev": 0.039497428337925765
        },
        "OH WR": {
            "mean": 0.5600708665862355,
            "stdev": 0.0372663138882254
        },
        "GD WR": {
            "mean": 0.5759135856131568,
            "stdev": 0.0386076204054265
        },
        "IWD": {
            "mean": 0.024464071870058605,
            "stdev": 0.03774713537892327
        }
    },
    "RG": {
        "GIH WR": {
            "mean": 0.5295173983938879,
            "stdev": 0.03760995122480189
        },
        "OH WR": {
            "mean": 0.5330527093262251,
            "stdev": 0.04540590412240983
        },
        "GD WR": {
            "mean": 0.5301278398585769,
            "stdev": 0.03773747009776893
        },
        "IWD": {
            "mean": 0.0019972314511404144,
            "stdev": 0.036734948050076065
        }
    }
}