{
    "all": {
        "GIH WR": {
            "mean": 0.5534555204135059,
            "stdev": 0.03554577582884468
        },
        "OH WR": {
            "mean": 0.5465368868048152,
            "stdev": 0.04177125656820074
        },
        "GD WR": {
            "mean": 0.5581837987612782,
            "stdev": 0.03567890822240515
        },
        "IWD": {
            "mean": 0.017461782464682832,
            "stdev": 0.03453652473883401
        }
    },
    "WU": {
        "GIH WR": {
            "mean": 0.5509471082581616,
            "stdev": 0.03455178661027758
        },
        "OH WR": {
            "mean": 0.5381697203987721,
            "stdev": 0.03827155769934575
        },
        "GD WR": {
            "mean": 0.560229324909579,
            "stdev": 0.03491008152694244
        },
        "IWD": {
            "mean": 0.031300209131772325,
            "stdev": 0.03643687700090886
        }
    },
    "WB": {
        "GIH WR": {
            "mean": 0.5569335219074363,
            "stdev": 0.0312667693498055
        },
        "OH WR": {
            "mean": 0.552464722609458,
            "stdev": 0.03796415535895212
        },
        "GD WR": {
            "mean": 0.5640313460895072,
            "stdev": 0.03193615045703493
        },
        "IWD": {
            "mean": 0.013044952036255658,
            "stdev": 0.030718319511240183
        }
    },
    "WR": {
        "GIH WR": {
            "mean": 0.5119788878582987,
            "stdev": 0.03687719838018481
        },
        "OH WR": {
            "mean": 0.5233881250623197,
            "stdev": 0.04114488951464474
        },
        "GD WR": {
            "mean": 0.5075028477323584,
            "stdev": 0.03581461586358044
        },
        "IWD": {
            "mean": -0.009558152529714073,
            "stdev": 0.03903785011145246
        }
    },
    "WG": {
        "GIH WR": {
            "mean": 0.5517252919799895,
            "stdev": 0.03782159789100524
        },
        "OH WR": {
            "mean": 0.560113680516856,
            "stdev": 0.043618197397039926
        },
        "GD WR": {
            "mean": 0.5504911746429265,
            "stdev": 0.03823265743354999
        },
        "IWD": {
            "mean": -0.008365720168943543,
            "stdev": 0.035944517192900004
        }
    },
    "UB": {
        "GIH WR": {
            "mean": 0.5579083519436779,
            "stdev": 0.03374581333656253
        },
        "OH WR": {
            "mean": 0.544225050938219,
            "stdev": 0.035377822452732306
        },
        "GD WR": {
            "mean": 0.5691274199283274,
            "stdev": 0.030499592305271744
        },
        "IWD": {
            "mean": 0.03248342475369921,
            "stdev": 0.03276499177742802
        }
    },
    "UR": {
        "GIH WR": {
            "mean": 0.5448129726595798,
            "stdev": 0.03380661526886413
        },
        "OH WR": {
            "mean": 0.5324384340865321,
            "stdev": 0.04480484564424682
        },
        "GD WR": {
            "mean": 0.5556295870000894,
            "stdev": 0.031173126697263548
        },
        "IWD": {
            "mean": 0.03411107509655594,
            "stdev": 0.032411373869256785
        }
    },
    "UG": {
        "GIH WR": {
            "mean": 0.5701762562983586,
            "stdev": 0.03726320592730448
        },
        "OH WR": {
            "mean": 0.5663729590349452,
            "stdev": 0.04342529786184157
        },
        "GD WR": {
            "mean": 0.5790404355037875,
            "stdev": 0.0355199801369545
        },
        "IWD": {
            "mean": 0.016496592488284584,
            "stdev": 0.03553818704745428
        }
    },
    "BR": {
        "GIH WR": {
            "mean": 0.5503344844546976,
            "stdev": 0.03347308091234882
        },
        "OH WR": {
            "mean": 0.5489185832955963,
            "stdev": 0.04373263472947639
        },
        "GD WR": {
            "mean": 0.5561407786290313,
            "stdev": 0.03277282858139048
        },
        "IWD": {
            "mean": 0.005213759062205512,
            "stdev": 0.03268199375068086
        }
    },
    "BG": {
        "GIH WR": {
            "mean": 0.5668177213583688,
            "stdev": 0.036508428012044944
        },
        "OH WR": {
            "mean": 0.5641964776708374,
            "stdev": 0.03992319311990391
        },
        "GD WR": {
            "mean": 0.5751252363274505,
            "stdev": 0.03530088527530592
        },
        "IWD": {
            "mean": 0.012590061608813506,
            "stdev": 0.032773762256893386
        }
    },
    "RG": {
        "GIH WR": {
            "mean": 0.5461426647569194,
            "stdev": 0.037997508855549415
        },
        "OH WR": {
            "mean": 0.5527048293397172,
            "stdev": 0.0424591303767435
        },
        "GD WR": {
            "mean": 0.5406559811128,
            "stdev": 0.038644277159775815
        },
        "IWD": {
            "mean": -0.006015123729499265,
            "stdev": 0.03802234182927737
        }
    }
}