{
    "all": {
        "GIH WR": {
            "mean": 0.548395322531067,
            "stdev": 0.03749116618082387
        },
        "OH WR": {
            "mean": 0.5374882083177869,
            "stdev": 0.04416610433469113
        },
        "GD WR": {
            "mean": 0.5580879875612914,
            "stdev": 0.03465927811367114
        },
        "IWD": {
            "mean": 0.019217179212792243,
            "stdev": 0.029676765222827594
        }
    },
    "WU": {
        "GIH WR": {
            "mean": 0.5551991465516353,
            "stdev": 0.03692290416647358
        },
        "OH WR": {
            "mean": 0.5425545687687883,
            "stdev": 0.04270661666936963
        },
        "GD WR": {
            "mean": 0.5689006525788441,
            "stdev": 0.030448378777295792
        },
        "IWD": {
            "mean": 0.026351894648781852,
            "stdev": 0.03286356838446469
        }
    },
    "WB": {
        "GIH WR": {
            "mean": 0.5568089086865284,
            "stdev": 0.033495825231442615
        },
        "OH WR": {
            "mean": 0.5499035359739853,
            "stdev": 0.04338990365429497
        },
        "GD WR": {
            "mean": 0.5653396530541511,
            "stdev": 0.030914716614333267
        },
        "IWD": {
            "mean": 0.015595372983594702,
            "stdev": 0.029554883894593893
        }
    },
    "WR": {
        "GIH WR": {
            "mean": 0.5386492909056169,
            "stdev": 0.03271255528816409
        },
        "OH WR": {
            "mean": 0.5344347533797612,
            "stdev": 0.03845029964052745
        },
        "GD WR": {
            "mean": 0.5424387448544475,
            "stdev": 0.030433897513475323
        },
        "IWD": {
            "mean": 0.009742102220139092,
            "stdev": 0.03036117138550176
        }
    },
    "WG": {
        "GIH WR": {
            "mean": 0.5490452678072278,
            "stdev": 0.0382962747253961
        },
        "OH WR": {
            "mean": 0.5488293339091747,
            "stdev": 0.04380624310042719
        },
        "GD WR": {
            "mean": 0.5586432551039294,
            "stdev": 0.0367718074589286
        },
        "IWD": {
            "mean": 0.007650491530339218,
            "stdev": 0.030310361722934057
        }
    },
    "UB": {
        "GIH WR": {
            "mean": 0.5552892205467104,
            "stdev": 0.03517823792765153
        },
        "OH WR": {
            "mean": 0.5338166711271671,
            "stdev": 0.04071120610193027
        },
        "GD WR": {
            "mean": 0.5723101430842021,
            "stdev": 0.033376036477514456
        },
        "IWD": {
            "mean": 0.04680236208737492,
            "stdev": 0.03031275909084635
        }
    },
    "UR": {
        "GIH WR": {
            "mean": 0.5395626294616866,
            "stdev": 0.0343558676115266
        },
        "OH WR": {
            "mean": 0.5290524083999963,
            "stdev": 0.04332495171539586
        },
        "GD WR": {
            "mean": 0.5498123299325872,
            "stdev": 0.032747548700034726
        },
        "IWD": {
            "mean": 0.023872245389430086,
            "stdev": 0.030191356869022513
        }
    },
    "UG": {
        "GIH WR": {
            "mean": 0.5652362156003247,
            "stdev": 0.03269965125556901
        },
        "OH WR": {
            "mean": 0.5526977665834534,
            "stdev": 0.04044306460153315
        },
        "GD WR": {
            "mean": 0.5767230669681148,
            "stdev": 0.029385424406129297
        },
        "IWD": {
            "mean": 0.018573947084850308,
            "stdev": 0.027217080042245677
        }
    },
    "BR": {
        "GIH WR": {
            "mean": 0.5513407129604482,
            "stdev": 0.03544406452334316
        },
        "OH WR": {
            "mean": 0.5385356148791577,
            "stdev": 0.042343497852668374
        },
        "GD WR": {
            "mean": 0.5634840746799521,
            "stdev": 0.03417592360279688
        },
        "IWD": {
            "mean": 0.02069143703404176,
            "stdev": 0.029063051667019495
        }
    },
    "BG": {
        "GIH WR": {
            "mean": 0.5378749145933295,
            "stdev": 0.03275329729589183
        },
        "OH WR": {
            "mean": 0.5289893755890301,
            "stdev": 0.037624064211394574
        },
        "GD WR": {
            "mean": 0.5445395332520305,
            "stdev": 0.03389897922511034
        },
        "IWD": {
            "mean": 0.016465811824310894,
            "stdev": 0.029829753922391213
        }
    },
    "RG": {
        "GIH WR": {
            "mean": 0.5559033153906037,
            "stdev": 0.037026182336971546
        },
        "OH WR": {
            "mean": 0.5522081684648946,
            "stdev": 0.03980920262614541
        },
        "GD WR": {
            "mean": 0.5612872611960067,
            "stdev": 0.036213885663200863
        },
        "IWD": {
            "mean": 0.006679930399174038,
            "stdev": 0.03149823426200375
        }
    }
}