{
    "all": {
        "GIH WR": {
            "mean": 0.547440661999711,
            "stdev": 0.039844922350912484
        },
        "OH WR": {
            "mean": 0.5426374147217821,
            "stdev": 0.04584717377063222
        },
        "GD WR": {
            "mean": 0.5511483656533006,
            "stdev": 0.0383456645127046
        },
        "IWD": {
            "mean": 0.012697744419264047,
            "stdev": 0.03687921246727094
        }
    },
    "WU": {
        "GIH WR": {
            "mean": 0.5444498973198951,
            "stdev": 0.041055655765295386
        },
        "OH WR": {
            "mean": 0.5468913669821743,
            "stdev": 0.04205671093644259
        },
        "GD WR": {
            "mean": 0.5457340415030558,
            "stdev": 0.03863722128845473
        },
        "IWD": {
            "mean": -0.00626509130192279,
            "stdev": 0.038146994061624695
        }
    },
    "WB": {
        "GIH WR": {
            "mean": 0.5491863003240436,
            "stdev": 0.0390634096455088
        },
        "OH WR": {
            "mean": 0.5515719514797551,
            "stdev": 0.039131017667333935
        },
        "GD WR": {
            "mean": 0.5522949840125172,
            "stdev": 0.03274071485762351
        },
        "IWD": {
            "mean": 0.004261662228249938,
            "stdev": 0.039087690176495056
        }
    },
    "WR": {
        "GIH WR": {
            "mean": 0.5667463509086709,
            "stdev": 0.04061649481336167
        },
        "OH WR": {
            "mean": 0.5724808383818648,
            "stdev": 0.04692963991305273
        },
        "GD WR": {
            "mean": 0.5626821010015901,
            "stdev": 0.04105165759436441
        },
        "IWD": {
            "mean": -0.016334599885104824,
            "stdev": 0.03617449084133029
        }
    },
    "WG": {
        "GIH WR": {
            "mean": 0.5645576117964421,
            "stdev": 0.043771944955900866
        },
        "OH WR": {
            "mean": 0.5700171431841323,
            "stdev": 0.04062036793294948
        },
        "GD WR": {
            "mean": 0.5680099915746528,
            "stdev": 0.047735727405335694
        },
        "IWD": {
            "mean": 0.0004120670415619167,
            "stdev": 0.04161450127613241
        }
    },
    "UB": {
        "GIH WR": {
            "mean": 0.5307988979758343,
            "stdev": 0.03631450606483508
        },
        "OH WR": {
            "mean": 0.5242026637205585,
            "stdev": 0.04060869399045295
        },
        "GD WR": {
            "mean": 0.5421208664160388,
            "stdev": 0.03179196368882531
        },
        "IWD": {
            "mean": 0.02495222972798057,
            "stdev": 0.03865643679687029
        }
    },
    "UR": {
        "GIH WR": {
            "mean": 0.5495126780116791,
            "stdev": 0.03581097349656694
        },
        "OH WR": {
            "mean": 0.5465244928295169,
            "stdev": 0.03553057939955763
        },
        "GD WR": {
            "mean": 0.5537261607504285,
            "stdev": 0.0352695415907797
        },
        "IWD": {
            "mean": 0.011202060903831551,
            "stdev": 0.031667629706004154
        }
    },
    "UG": {
        "GIH WR": {
            "mean": 0.5646668422518326,
            "stdev": 0.03677465263287854
        },
        "OH WR": {
            "mean": 0.5595286912548649,
            "stdev": 0.040888295441917126
        },
        "GD WR": {
            "mean": 0.5753776994863582,
            "stdev": 0.0327852128731882
        },
        "IWD": {
            "mean": 0.02207234227166018,
            "stdev": 0.033857116283118764
        }
    },
    "BR": {
        "GIH WR": {
            "mean": 0.5318582546471323,
            "stdev": 0.03553292763274542
        },
        "OH WR": {
            "mean": 0.5309751232996012,
            "stdev": 0.03950495307900204
        },
        "GD WR": {
            "mean": 0.5375666982104085,
            "stdev": 0.033815491409422346
        },
        "IWD": {
            "mean": 0.009809848424522198,
            "stdev": 0.03507029115680883
        }
    },
    "BG": {
        "GIH WR": {
            "mean": 0.548788562340707,
            "stdev": 0.03661104457993804
        },
        "OH WR": {
            "mean": 0.5352620817163253,
            "stdev": 0.043671590538482595
        },
        "GD WR": {
            "mean": 0.5610102980466467,
            "stdev": 0.035271509571910276
        },
        "IWD": {
            "mean": 0.029162457993456244,
            "stdev": 0.03503970981548982
        }
    },
    "RG": {
        "GIH WR": {
            "mean": 0.5416688516371441,
            "stdev": 0.03613026349107053
        },
        "OH WR": {
            "mean": 0.5453162068093532,
            "stdev": 0.037848693186007074
        },
        "GD WR": {
            "mean": 0.5443131299435838,
            "stdev": 0.037350812107307604
        },
        "IWD": {
            "mean": 0.002769519467239993,
            "stdev": 0.03462222102049613
        }
    }
}