{
    "all": {
        "GIH WR": {
            "mean": 0.5517129850667987,
            "stdev": 0.04015721276577482
        },
        "OH WR": {
            "mean": 0.5477485678330403,
            "stdev": 0.045942482329124124
        },
        "GD WR": {
            "mean": 0.5552596538056832,
            "stdev": 0.038043802566870136
        },
        "IWD": {
            "mean": 0.012124729793921166,
            "stdev": 0.03663598678659048
        }
    },
    "WU": {
        "GIH WR": {
            "mean": 0.5513176779289636,
            "stdev": 0.03977411679272077
        },
        "OH WR": {
            "mean": 0.5571969107656861,
            "stdev": 0.04151499539838863
        },
        "GD WR": {
            "mean": 0.5501915078969745,
            "stdev": 0.03718408647434279
        },
        "IWD": {
            "mean": -0.008667867922416998,
            "stdev": 0.03656091238354748
        }
    },
    "WB": {
        "GIH WR": {
            "mean": 0.5524768139483333,
            "stdev": 0.034949062113488916
        },
        "OH WR": {
            "mean": 0.5554791885634925,
            "stdev": 0.03720192612925517
        },
        "GD WR": {
            "mean": 0.5573007543471675,
            "stdev": 0.031585718490423825
        },
        "IWD": {
            "mean": 0.005421605481781653,
            "stdev": 0.03512702853725771
        }
    },
    "WR": {
        "GIH WR": {
            "mean": 0.5769551474326693,
            "stdev": 0.04226466573283529
        },
        "OH WR": {
            "mean": 0.5892920882602839,
            "stdev": 0.04411002185708419
        },
        "GD WR": {
            "mean": 0.5757720569793958,
            "stdev": 0.04013124885503913
        },
        "IWD": {
            "mean": -0.018457681082960628,
            "stdev": 0.036041721489445
        }
    },
    "WG": {
        "GIH WR": {
            "mean": 0.5762223889672263,
            "stdev": 0.04570559389416598
        },
        "OH WR": {
            "mean": 0.5809964561425491,
            "stdev": 0.038695854918701277
        },
        "GD WR": {
            "mean": 0.5763277950353605,
            "stdev": 0.03503526668239059
        },
        "IWD": {
            "mean": 0.00043343661501246434,
            "stdev": 0.04296060001633719
        }
    },
    "UB": {
        "GIH WR": {
            "mean": 0.5355507576255731,
            "stdev": 0.033613184398672315
        },
        "OH WR": {
            "mean": 0.5268480904794692,
            "stdev": 0.0340445396569799
        },
        "GD WR": {
            "mean": 0.5467507360600498,
            "stdev": 0.03126646120240121
        },
        "IWD": {
            "mean": 0.025352701875206534,
            "stdev": 0.033672254529454076
        }
    },
    "UR": {
        "GIH WR": {
            "mean": 0.5547394493907027,
            "stdev": 0.03451212013780561
        },
        "OH WR": {
            "mean": 0.5536532841468964,
            "stdev": 0.0373657396526884
        },
        "GD WR": {
            "mean": 0.5629191496083927,
            "stdev": 0.03224329232684661
        },
        "IWD": {
            "mean": 0.009508343545240829,
            "stdev": 0.030211207084181412
        }
    },
    "UG": {
        "GIH WR": {
            "mean": 0.5728264890763559,
            "stdev": 0.03461922496735133
        },
        "OH WR": {
            "mean": 0.5654096209580439,
            "stdev": 0.030372480207808833
        },
        "GD WR": {
            "mean": 0.5792203290703,
            "stdev": 0.032307624688614464
        },
        "IWD": {
            "mean": 0.024613498428531503,
            "stdev": 0.03498103558873622
        }
    },
    "BR": {
        "GIH WR": {
            "mean": 0.5316459778711501,
            "stdev": 0.035838872326631514
        },
        "OH WR": {
            "mean": 0.5300179646804248,
            "stdev": 0.03860137470628011
        },
        "GD WR": {
            "mean": 0.5354829500032359,
            "stdev": 0.032132140371203835
        },
        "IWD": {
            "mean": 0.011910541821495818,
            "stdev": 0.034717146274974006
        }
    },
    "BG": {
        "GIH WR": {
            "mean": 0.5503604751041595,
            "stdev": 0.03955306182873759
        },
        "OH WR": {
            "mean": 0.5353925832364608,
            "stdev": 0.039166263286021484
        },
        "GD WR": {
            "mean": 0.557799096594368,
            "stdev": 0.03702025875647275
        },
        "IWD": {
            "mean": 0.02798116294119875,
            "stdev": 0.03721307711241761
        }
    },
    "RG": {
        "GIH WR": {
            "mean": 0.5468702389907324,
            "stdev": 0.03095603841604271
        },
        "OH WR": {
            "mean": 0.5501379322956624,
            "stdev": 0.030370733129332996
        },
        "GD WR": {
            "mean": 0.5487943936884553,
            "stdev": 0.03321444847921437
        },
        "IWD": {
            "mean": 0.002588182256968676,
            "stdev": 0.030536631461729444
        }
    }
}