{
    "all": {
        "GIH WR": {
            "mean": 0.55345635273024,
            "stdev": 0.0428288859676353
        },
        "OH WR": {
            "mean": 0.5481731286479969,
            "stdev": 0.050806250380053694
        },
        "GD WR": {
            "mean": 0.5574633817173533,
            "stdev": 0.039851769484621255
        },
        "IWD": {
            "mean": 0.021010008057086398,
            "stdev": 0.03850374496071626
        }
    },
    "WU": {
        "GIH WR": {
            "mean": 0.5665898149336968,
            "stdev": 0.04092001406668156
        },
        "OH WR": {
            "mean": 0.5633797607109553,
            "stdev": 0.05093755159972949
        },
        "GD WR": {
            "mean": 0.5724286003014132,
            "stdev": 0.03640976524123823
        },
        "IWD": {
            "mean": 0.014299533806076977,
            "stdev": 0.035898916213296835
        }
    },
    "WB": {
        "GIH WR": {
            "mean": 0.5404397229900157,
            "stdev": 0.041545885968012175
        },
        "OH WR": {
            "mean": 0.5332168099517368,
            "stdev": 0.04685514401056221
        },
        "GD WR": {
            "mean": 0.5480671806390036,
            "stdev": 0.04041614033555615
        },
        "IWD": {
            "mean": 0.0314083260207198,
            "stdev": 0.039025611657631236
        }
    },
    "WR": {
        "GIH WR": {
            "mean": 0.5518847689834159,
            "stdev": 0.04306827844590701
        },
        "OH WR": {
            "mean": 0.5618844098506471,
            "stdev": 0.04938765012371574
        },
        "GD WR": {
            "mean": 0.552730370408283,
            "stdev": 0.039645946047002195
        },
        "IWD": {
            "mean": 0.00240623425725563,
            "stdev": 0.03954503483653194
        }
    },
    "WG": {
        "GIH WR": {
            "mean": 0.5593163181643539,
            "stdev": 0.04007163040399678
        },
        "OH WR": {
            "mean": 0.5558727653872446,
            "stdev": 0.0451177046593236
        },
        "GD WR": {
            "mean": 0.563640746563068,
            "stdev": 0.03624612752335496
        },
        "IWD": {
            "mean": 0.01843968176440882,
            "stdev": 0.03913588379884118
        }
    },
    "UB": {
        "GIH WR": {
            "mean": 0.5518340489583422,
            "stdev": 0.03881771323361942
        },
        "OH WR": {
            "mean": 0.5380035226861124,
            "stdev": 0.04799671988462929
        },
        "GD WR": {
            "mean": 0.5645716343584191,
            "stdev": 0.035478131616282826
        },
        "IWD": {
            "mean": 0.043874463395056365,
            "stdev": 0.036509686553890995
        }
    },
    "UR": {
        "GIH WR": {
            "mean": 0.5553615694479808,
            "stdev": 0.046682273471952945
        },
        "OH WR": {
            "mean": 0.5633237019223057,
            "stdev": 0.05411406164825774
        },
        "GD WR": {
            "mean": 0.5548566483689211,
            "stdev": 0.04365194256170706
        },
        "IWD": {
            "mean": 2.012093730764302e-05,
            "stdev": 0.03762447043076109
        }
    },
    "UG": {
        "GIH WR": {
            "mean": 0.5345694786530248,
            "stdev": 0.04294517541885131
        },
        "OH WR": {
            "mean": 0.5317629612709532,
            "stdev": 0.04848192895004563
        },
        "GD WR": {
            "mean": 0.5376854187399063,
            "stdev": 0.03713469076332673
        },
        "IWD": {
            "mean": 0.018243977586854438,
            "stdev": 0.041390681494468444
        }
    },
    "BR": {
        "GIH WR": {
            "mean": 0.5348657931186318,
            "stdev": 0.0456075977255359
        },
        "OH WR": {
            "mean": 0.5292076198174749,
            "stdev": 0.04423742765513656
        },
        "GD WR": {
            "mean": 0.5440089046932676,
            "stdev": 0.044719282228878506
        },
        "IWD": {
            "mean": 0.027496445506494768,
            "stdev": 0.04394241072674596
        }
    },
    "BG": {
        "GIH WR": {
            "mean": 0.5572441085930404,
            "stdev": 0.04175925300679739
        },
        "OH WR": {
            "mean": 0.5433411037590041,
            "stdev": 0.04934600670414636
        },
        "GD WR": {
            "mean": 0.5664481343415729,
            "stdev": 0.0415165666596834
        },
        "IWD": {
            "mean": 0.03863218984689926,
            "stdev": 0.03732792857751459
        }
    },
    "RG": {
        "GIH WR": {
            "mean": 0.5547483182047439,
            "stdev": 0.050356016518362155
        },
        "OH WR": {
            "mean": 0.5586642079130911,
            "stdev": 0.057562302121901464
        },
        "GD WR": {
            "mean": 0.5572196705336325,
            "stdev": 0.04786143545813403
        },
        "IWD": {
            "mean": 0.005400771174273294,
            "stdev": 0.044330908992912914
        }
    }
}