{
    "all": {
        "GIH WR": {
            "mean": 0.5532751041289253,
            "stdev": 0.03813603345101193
        },
        "OH WR": {
            "mean": 0.5476517813075165,
            "stdev": 0.046383083724425206
        },
        "GD WR": {
            "mean": 0.55970832193054,
            "stdev": 0.03476540197129558
        },
        "IWD": {
            "mean": 0.01692778644024493,
            "stdev": 0.03380093825931864
        }
    },
    "WU": {
        "GIH WR": {
            "mean": 0.5261471379575199,
            "stdev": 0.034381882929587805
        },
        "OH WR": {
            "mean": 0.5030492557993084,
            "stdev": 0.03565516659087667
        },
        "GD WR": {
            "mean": 0.5388507190485152,
            "stdev": 0.032435678430005464
        },
        "IWD": {
            "mean": 0.040034814644837664,
            "stdev": 0.03673698510965894
        }
    },
    "WB": {
        "GIH WR": {
            "mean": 0.5446559042894024,
            "stdev": 0.03828787428270761
        },
        "OH WR": {
            "mean": 0.5400334784031033,
            "stdev": 0.03782203792566386
        },
        "GD WR": {
            "mean": 0.5489704500015024,
            "stdev": 0.03330308117040215
        },
        "IWD": {
            "mean": 0.018440487500715814,
            "stdev": 0.03708264745769065
        }
    },
    "WR": {
        "GIH WR": {
            "mean": 0.5618311636850202,
            "stdev": 0.04081431039863023
        },
        "OH WR": {
            "mean": 0.5751595139558467,
            "stdev": 0.042355848349059984
        },
        "GD WR": {
            "mean": 0.5588006087336228,
            "stdev": 0.04027233358018612
        },
        "IWD": {
            "mean": -0.01196351600111638,
            "stdev": 0.03290433202717407
        }
    },
    "WG": {
        "GIH WR": {
            "mean": 0.5496599323059604,
            "stdev": 0.03509321624615677
        },
        "OH WR": {
            "mean": 0.548328384882312,
            "stdev": 0.03794752391397776
        },
        "GD WR": {
            "mean": 0.5510921616378462,
            "stdev": 0.03419089525422943
        },
        "IWD": {
            "mean": 0.01757455245245549,
            "stdev": 0.03440344818414286
        }
    },
    "UB": {
        "GIH WR": {
            "mean": 0.5558076609968376,
            "stdev": 0.0359616994808669
        },
        "OH WR": {
            "mean": 0.5355918865266753,
            "stdev": 0.0431514742502721
        },
        "GD WR": {
            "mean": 0.5677352930349701,
            "stdev": 0.029789311971963436
        },
        "IWD": {
            "mean": 0.03978394579125884,
            "stdev": 0.03324423040852016
        }
    },
    "UR": {
        "GIH WR": {
            "mean": 0.5616928089796264,
            "stdev": 0.032029755090281
        },
        "OH WR": {
            "mean": 0.5470108325424904,
            "stdev": 0.03866442108370738
        },
        "GD WR": {
            "mean": 0.5730052681875845,
            "stdev": 0.028908702655541213
        },
        "IWD": {
            "mean": 0.0417543320892784,
            "stdev": 0.028822796853980925
        }
    },
    "UG": {
        "GIH WR": {
            "mean": 0.5419612871660856,
            "stdev": 0.03612729978515459
        },
        "OH WR": {
            "mean": 0.5251670403936627,
            "stdev": 0.036473054713618634
        },
        "GD WR": {
            "mean": 0.5566374062558407,
            "stdev": 0.03624485215911739
        },
        "IWD": {
            "mean": 0.04546412650645055,
            "stdev": 0.03570288580969606
        }
    },
    "BR": {
        "GIH WR": {
            "mean": 0.5691550165246047,
            "stdev": 0.03811079204331623
        },
        "OH WR": {
            "mean": 0.5720345825201558,
            "stdev": 0.039324624670049435
        },
        "GD WR": {
            "mean": 0.5724189231715405,
            "stdev": 0.03775105262044144
        },
        "IWD": {
            "mean": 0.00034190828198147493,
            "stdev": 0.03287283272467977
        }
    },
    "BG": {
        "GIH WR": {
            "mean": 0.5705449433849753,
            "stdev": 0.035596501528248024
        },
        "OH WR": {
            "mean": 0.5703740022363591,
            "stdev": 0.03816592380864354
        },
        "GD WR": {
            "mean": 0.5761923657071413,
            "stdev": 0.034373094289633754
        },
        "IWD": {
            "mean": 0.011905852756796648,
            "stdev": 0.03509104773824214
        }
    },
    "RG": {
        "GIH WR": {
            "mean": 0.5663186384153862,
            "stdev": 0.034643635675958045
        },
        "OH WR": {
            "mean": 0.5725548612057201,
            "stdev": 0.03728708626329334
        },
        "GD WR": {
            "mean": 0.566641205627743,
            "stdev": 0.03625200373304685
        },
        "IWD": {
            "mean": 0.001903227943123634,
            "stdev": 0.03333249768089689
        }
    }
}