{
    "all": {
        "GIH WR": {
            "mean": 0.5470451744958371,
            "stdev": 0.04305644059932813
        },
        "OH WR": {
            "mean": 0.5431535478848242,
            "stdev": 0.045565173223498665
        },
        "GD WR": {
            "mean": 0.5567995579731585,
            "stdev": 0.03530915446658633
        },
        "IWD": {
            "mean": 0.015082353180797085,
            "stdev": 0.03638066463212695
        }
    },
    "WU": {
        "GIH WR": {
            "mean": 0.534773609608106,
            "stdev": 0.03625237988802807
        },
        "OH WR": {
            "mean": 0.5125310949739424,
            "stdev": 0.04254725275725643
        },
        "GD WR": {
            "mean": 0.5492057246631433,
            "stdev": 0.03561266884335444
        },
        "IWD": {
            "mean": 0.045323148571014,
            "stdev": 0.0337768047706067
        }
    },
    "WB": {
        "GIH WR": {
            "mean": 0.5409202701967,
            "stdev": 0.03796750147231862
        },
        "OH WR": {
            "mean": 0.5407613283047883,
            "stdev": 0.04424227503457034
        },
        "GD WR": {
            "mean": 0.547460454645809,
            "stdev": 0.03466898872813385
        },
        "IWD": {
            "mean": 0.01607584993423921,
            "stdev": 0.03408628339767455
        }
    },
    "WR": {
        "GIH WR": {
            "mean": 0.5536359328037781,
            "stdev": 0.03869218362175436
        },
        "OH WR": {
            "mean": 0.5644565833187406,
            "stdev": 0.04346999067629796
        },
        "GD WR": {
            "mean": 0.5496047358040065,
            "stdev": 0.03830730617395916
        },
        "IWD": {
            "mean": -0.011568593812594232,
            "stdev": 0.031001230197704142
        }
    },
    "WG": {
        "GIH WR": {
            "mean": 0.5437349021399369,
            "stdev": 0.03616067302714583
        },
        "OH WR": {
            "mean": 0.5405744959724316,
            "stdev": 0.04170283898043523
        },
        "GD WR": {
            "mean": 0.5501572332413237,
            "stdev": 0.03546380367022213
        },
        "IWD": {
            "mean": 0.018073855122185335,
            "stdev": 0.034959435967494
        }
    },
    "UB": {
        "GIH WR": {
            "mean": 0.5599736462026093,
            "stdev": 0.038470050686455814
        },
        "OH WR": {
            "mean": 0.5403706235092265,
            "stdev": 0.045961521060992105
        },
        "GD WR": {
            "mean": 0.5738730505948532,
            "stdev": 0.03487188350960442
        },
        "IWD": {
            "mean": 0.0403423594609369,
            "stdev": 0.0345773182851862
        }
    },
    "UR": {
        "GIH WR": {
            "mean": 0.5641216203525411,
            "stdev": 0.03170020406085388
        },
        "OH WR": {
            "mean": 0.5440470844161939,
            "stdev": 0.03803548431207067
        },
        "GD WR": {
            "mean": 0.5775605923871047,
            "stdev": 0.03162522236481578
        },
        "IWD": {
            "mean": 0.04392460545971271,
            "stdev": 0.02720962806422532
        }
    },
    "UG": {
        "GIH WR": {
            "mean": 0.5471164751574245,
            "stdev": 0.037024933663695234
        },
        "OH WR": {
            "mean": 0.5295142046027,
            "stdev": 0.04546990534658899
        },
        "GD WR": {
            "mean": 0.5605286078048682,
            "stdev": 0.035808734434708125
        },
        "IWD": {
            "mean": 0.046675394314287674,
            "stdev": 0.035753608722887534
        }
    },
    "BR": {
        "GIH WR": {
            "mean": 0.5637835309154667,
            "stdev": 0.03729376060638278
        },
        "OH WR": {
            "mean": 0.5674411656832894,
            "stdev": 0.04314296879823387
        },
        "GD WR": {
            "mean": 0.5665310014354116,
            "stdev": 0.03611562530383163
        },
        "IWD": {
            "mean": -0.001698718312482681,
            "stdev": 0.032901825632547683
        }
    },
    "BG": {
        "GIH WR": {
            "mean": 0.5622968322577663,
            "stdev": 0.034418468181619394
        },
        "OH WR": {
            "mean": 0.5598401629341083,
            "stdev": 0.0425080597941963
        },
        "GD WR": {
            "mean": 0.5665411164287986,
            "stdev": 0.03353342974576001
        },
        "IWD": {
            "mean": 0.013891808475710843,
            "stdev": 0.03482293809774607
        }
    },
    "RG": {
        "GIH WR": {
            "mean": 0.558575480231164,
            "stdev": 0.03271058173573505
        },
        "OH WR": {
            "mean": 0.561135193054134,
            "stdev": 0.03654670114598798
        },
        "GD WR": {
            "mean": 0.5602676238848479,
            "stdev": 0.035589941271203886
        },
        "IWD": {
            "mean": 0.003811760134246255,
            "stdev": 0.031267845052569375
        }
    }
}