{
    "all": {
        "GIH WR": {
            "mean": 0.5531351812621288,
            "stdev": 0.042817985692127705
        },
        "OH WR": {
            "mean": 0.5483381007284618,
            "stdev": 0.05136239248365638
        },
        "GD WR": {
            "mean": 0.5572639489609199,
            "stdev": 0.038903826754437515
        },
        "IWD": {
            "mean": 0.02082944547327294,
            "stdev": 0.039001615669217594
        }
    },
    "WU": {
        "GIH WR": {
            "mean": 0.5693648539957592,
            "stdev": 0.041375042762093396
        },
        "OH WR": {
            "mean": 0.5696188954535805,
            "stdev": 0.05063249635572903
        },
        "GD WR": {
            "mean": 0.575286712200317,
            "stdev": 0.03727139520132452
        },
        "IWD": {
            "mean": 0.01447104320976338,
            "stdev": 0.036257575044309556
        }
    },
    "WB": {
        "GIH WR": {
            "mean": 0.5382532232275016,
            "stdev": 0.04144892413936721
        },
        "OH WR": {
            "mean": 0.5358772283129526,
            "stdev": 0.04627828490076807
        },
        "GD WR": {
            "mean": 0.5482496729191847,
            "stdev": 0.04026007440423582
        },
        "IWD": {
            "mean": 0.030360483955508378,
            "stdev": 0.0385610330202807
        }
    },
    "WR": {
        "GIH WR": {
            "mean": 0.5567595852823436,
            "stdev": 0.04331032800797654
        },
        "OH WR": {
            "mean": 0.5648279268118461,
            "stdev": 0.051198951053634215
        },
        "GD WR": {
            "mean": 0.5546736555575695,
            "stdev": 0.04086860763298947
        },
        "IWD": {
            "mean": 0.0031447327020746574,
            "stdev": 0.04175575068442404
        }
    },
    "WG": {
        "GIH WR": {
            "mean": 0.5595716511989512,
            "stdev": 0.041618432475749076
        },
        "OH WR": {
            "mean": 0.5577259424808199,
            "stdev": 0.04673657287772035
        },
        "GD WR": {
            "mean": 0.5605098549197768,
            "stdev": 0.03387536257252409
        },
        "IWD": {
            "mean": 0.016488240480404835,
            "stdev": 0.03958964327919461
        }
    },
    "UB": {
        "GIH WR": {
            "mean": 0.5504688931409158,
            "stdev": 0.03911150836178302
        },
        "OH WR": {
            "mean": 0.536595488093291,
            "stdev": 0.04560731290197709
        },
        "GD WR": {
            "mean": 0.5637569542215041,
            "stdev": 0.03563852824073276
        },
        "IWD": {
            "mean": 0.04423229711658984,
            "stdev": 0.03814261552721443
        }
    },
    "UR": {
        "GIH WR": {
            "mean": 0.5573932204882813,
            "stdev": 0.04804157831629736
        },
        "OH WR": {
            "mean": 0.5653233210633438,
            "stdev": 0.056632768046221485
        },
        "GD WR": {
            "mean": 0.5601965781910248,
            "stdev": 0.04333327276006225
        },
        "IWD": {
            "mean": -0.001458089460924753,
            "stdev": 0.03872318689810322
        }
    },
    "UG": {
        "GIH WR": {
            "mean": 0.535626236611639,
            "stdev": 0.040932479254463736
        },
        "OH WR": {
            "mean": 0.5330424626056792,
            "stdev": 0.04306229021638105
        },
        "GD WR": {
            "mean": 0.5404923065593764,
            "stdev": 0.03646569965205662
        },
        "IWD": {
            "mean": 0.018753939584265963,
            "stdev": 0.04085391928132548
        }
    },
    "BR": {
        "GIH WR": {
            "mean": 0.5362047073436983,
            "stdev": 0.046263127620581906
        },
        "OH WR": {
            "mean": 0.5293233878114058,
            "stdev": 0.04334541836544674
        },
        "GD WR": {
            "mean": 0.5410397223888231,
            "stdev": 0.04091378723197789
        },
        "IWD": {
            "mean": 0.02915479716891359,
            "stdev": 0.04477041344382457
        }
    },
    "BG": {
        "GIH WR": {
            "mean": 0.5511185775278388,
            "stdev": 0.04170255975931717
        },
        "OH WR": {
            "mean": 0.5404436306962151,
            "stdev": 0.04506444915435993
        },
        "GD WR": {
            "mean": 0.561096138101853,
            "stdev": 0.03953126126603853
        },
        "IWD": {
            "mean": 0.037204768974455994,
            "stdev": 0.039204519871989404
        }
    },
    "RG": {
        "GIH WR": {
            "mean": 0.5570004137971681,
            "stdev": 0.04977088162045767
        },
        "OH WR": {
            "mean": 0.5671106273397604,
            "stdev": 0.056494198420130204
        },
        "GD WR": {
            "mean": 0.5578521518050861,
            "stdev": 0.047192688588306754
        },
        "IWD": {
            "mean": 0.006175623418515132,
            "stdev": 0.04548479916691661
        }
    }
}