{
    "all": {
        "GIH WR": {
            "mean": 0.5450330378350053,
            "stdev": 0.03931849070364463
        },
        "OH WR": {
            "mean": 0.5416172111515827,
            "stdev": 0.0461086864558806
        },
        "GD WR": {
            "mean": 0.5499515851105955,
            "stdev": 0.03711474544683038
        },
        "IWD": {
            "mean": 0.012712596243023656,
            "stdev": 0.0362129568469361
        }
    },
    "WU": {
        "GIH WR": {
            "mean": 0.5404972207178117,
            "stdev": 0.03854953554083581
        },
        "OH WR": {
            "mean": 0.5415911811430908,
            "stdev": 0.04582140660604906
        },
        "GD WR": {
            "mean": 0.5408877907194738,
            "stdev": 0.036387281743061495
        },
        "IWD": {
            "mean": -0.003110252841322244,
            "stdev": 0.03563129252439347
        }
    },
    "WB": {
        "GIH WR": {
            "mean": 0.5465601651010144,
            "stdev": 0.03779432293236678
        },
        "OH WR": {
            "mean": 0.5455654997876875,
            "stdev": 0.0408074308022359
        },
        "GD WR": {
            "mean": 0.5497959609495084,
            "stdev": 0.03692793493331039
        },
        "IWD": {
            "mean": 0.003133145771571034,
            "stdev": 0.03848059958613473
        }
    },
    "WR": {
        "GIH WR": {
            "mean": 0.5583219823901959,
            "stdev": 0.03976750542781965
        },
        "OH WR": {
            "mean": 0.5668282964056973,
            "stdev": 0.04408074081751316
        },
        "GD WR": {
            "mean": 0.5564468846918984,
            "stdev": 0.038680192036075596
        },
        "IWD": {
            "mean": -0.01661020498432323,
            "stdev": 0.035469540398235515
        }
    },
    "WG": {
        "GIH WR": {
            "mean": 0.5603274464788981,
            "stdev": 0.04148775892179599
        },
        "OH WR": {
            "mean": 0.5626653072603781,
            "stdev": 0.04457117853354799
        },
        "GD WR": {
            "mean": 0.5609057941665768,
            "stdev": 0.0427432211730526
        },
        "IWD": {
            "mean": 0.002574876411703656,
            "stdev": 0.04230511243606904
        }
    },
    "UB": {
        "GIH WR": {
            "mean": 0.5341299792055959,
            "stdev": 0.03791484862835963
        },
        "OH WR": {
            "mean": 0.5235644835303398,
            "stdev": 0.043161392476892095
        },
        "GD WR": {
            "mean": 0.5409731643748841,
            "stdev": 0.03679096812146466
        },
        "IWD": {
            "mean": 0.0275920211124147,
            "stdev": 0.03778994485798436
        }
    },
    "UR": {
        "GIH WR": {
            "mean": 0.5479941952447754,
            "stdev": 0.034823381787144815
        },
        "OH WR": {
            "mean": 0.543535694935239,
            "stdev": 0.038842819427187265
        },
        "GD WR": {
            "mean": 0.5508226475401162,
            "stdev": 0.03451933049277198
        },
        "IWD": {
            "mean": 0.012738557757877052,
            "stdev": 0.03236061753953329
        }
    },
    "UG": {
        "GIH WR": {
            "mean": 0.5643259784282795,
            "stdev": 0.03687939978744404
        },
        "OH WR": {
            "mean": 0.5564420266780989,
            "stdev": 0.04263844517769687
        },
        "GD WR": {
            "mean": 0.5725763158566453,
            "stdev": 0.03436622203671865
        },
        "IWD": {
            "mean": 0.025424642245424716,
            "stdev": 0.03401729396168019
        }
    },
    "BR": {
        "GIH WR": {
            "mean": 0.534827499986305,
            "stdev": 0.03508295308291329
        },
        "OH WR": {
            "mean": 0.5336939087541469,
            "stdev": 0.0402943262068953
        },
        "GD WR": {
            "mean": 0.5384862590396685,
            "stdev": 0.033592473829661684
        },
        "IWD": {
            "mean": 0.009483812934154626,
            "stdev": 0.03279344628041541
        }
    },
    "BG": {
        "GIH WR": {
            "mean": 0.5521119233605724,
            "stdev": 0.035197086960921484
        },
        "OH WR": {
            "mean": 0.5351899854098413,
            "stdev": 0.041159294079660395
        },
        "GD WR": {
            "mean": 0.5616543486369004,
            "stdev": 0.034904253555359345
        },
        "IWD": {
            "mean": 0.03568589767244965,
            "stdev": 0.035053021283681055
        }
    },
    "RG": {
        "GIH WR": {
            "mean": 0.5371617218903985,
            "stdev": 0.03493116821544559
        },
        "OH WR": {
            "mean": 0.5390737230906032,
            "stdev": 0.03532956511087923
        },
        "GD WR": {
            "mean": 0.5386443743622555,
            "stdev": 0.037171904445430504
        },
        "IWD": {
            "mean": 0.0032359753677638006,
            "stdev": 0.033157586226599596
        }
    }
}