{
    "all": {
        "GIH WR": {
            "mean": 0.5490173024969529,
            "stdev": 0.03996525711919766
        },
        "OH WR": {
            "mean": 0.5433549808702456,
            "stdev": 0.04563427432618886
        },
        "GD WR": {
            "mean": 0.5566797223712193,
            "stdev": 0.035170843170498435
        },
        "IWD": {
            "mean": 0.01651223496896054,
            "stdev": 0.03436916645094782
        }
    },
    "WU": {
        "GIH WR": {
            "mean": 0.5323253504748243,
            "stdev": 0.03608763570332546
        },
        "OH WR": {
            "mean": 0.5112737695953081,
            "stdev": 0.042433201339514524
        },
        "GD WR": {
            "mean": 0.546263602726184,
            "stdev": 0.035117717762075354
        },
        "IWD": {
            "mean": 0.0456060760904697,
            "stdev": 0.033713151416885384
        }
    },
    "WB": {
        "GIH WR": {
            "mean": 0.5416881064606113,
            "stdev": 0.038602056919391704
        },
        "OH WR": {
            "mean": 0.5420238020186682,
            "stdev": 0.04443609843456823
        },
        "GD WR": {
            "mean": 0.5481157367942427,
            "stdev": 0.03557866827675193
        },
        "IWD": {
            "mean": 0.016666284551118304,
            "stdev": 0.034645757359599634
        }
    },
    "WR": {
        "GIH WR": {
            "mean": 0.5549497410686051,
            "stdev": 0.03877787474160326
        },
        "OH WR": {
            "mean": 0.5661138098803009,
            "stdev": 0.042771983774585326
        },
        "GD WR": {
            "mean": 0.5506760298228184,
            "stdev": 0.038905366648404556
        },
        "IWD": {
            "mean": -0.011406557343552786,
            "stdev": 0.03130781251721387
        }
    },
    "WG": {
        "GIH WR": {
            "mean": 0.5434492688097012,
            "stdev": 0.036680959366498546
        },
        "OH WR": {
            "mean": 0.5421135826830642,
            "stdev": 0.04038497627157453
        },
        "GD WR": {
            "mean": 0.5490354824275346,
            "stdev": 0.035131768631507944
        },
        "IWD": {
            "mean": 0.017877883287939374,
            "stdev": 0.03531042119673362
        }
    },
    "UB": {
        "GIH WR": {
            "mean": 0.5591174815777019,
            "stdev": 0.03805623986625563
        },
        "OH WR": {
            "mean": 0.5387328529327867,
            "stdev": 0.045916987276375144
        },
        "GD WR": {
            "mean": 0.5733262089785186,
            "stdev": 0.034548315022323695
        },
        "IWD": {
            "mean": 0.04097832956351028,
            "stdev": 0.03512613582822809
        }
    },
    "UR": {
        "GIH WR": {
            "mean": 0.5637268155896782,
            "stdev": 0.03191399123418752
        },
        "OH WR": {
            "mean": 0.5433273215784162,
            "stdev": 0.03815723704032459
        },
        "GD WR": {
            "mean": 0.5752557872992154,
            "stdev": 0.0317678568559804
        },
        "IWD": {
            "mean": 0.043527497661316535,
            "stdev": 0.028182580216241728
        }
    },
    "UG": {
        "GIH WR": {
            "mean": 0.5469481028231501,
            "stdev": 0.03723881694091348
        },
        "OH WR": {
            "mean": 0.5293630519995802,
            "stdev": 0.04546203522075639
        },
        "GD WR": {
            "mean": 0.5618524507236807,
            "stdev": 0.03474520382017685
        },
        "IWD": {
            "mean": 0.047291599909389526,
            "stdev": 0.03709307516722797
        }
    },
    "BR": {
        "GIH WR": {
            "mean": 0.5646038304446309,
            "stdev": 0.0374034610827572
        },
        "OH WR": {
            "mean": 0.5687094538806646,
            "stdev": 0.04183299567296736
        },
        "GD WR": {
            "mean": 0.5669271722712755,
            "stdev": 0.036941426805838354
        },
        "IWD": {
            "mean": -0.0008696128937127896,
            "stdev": 0.032856134116676414
        }
    },
    "BG": {
        "GIH WR": {
            "mean": 0.5630103822383111,
            "stdev": 0.034442187959993445
        },
        "OH WR": {
            "mean": 0.5603373182537539,
            "stdev": 0.04040430498714267
        },
        "GD WR": {
            "mean": 0.5679576443562843,
            "stdev": 0.033117503503953226
        },
        "IWD": {
            "mean": 0.013877811810039454,
            "stdev": 0.03475239543570332
        }
    },
    "RG": {
        "GIH WR": {
            "mean": 0.5590231315838536,
            "stdev": 0.033070565009312665
        },
        "OH WR": {
            "mean": 0.5628417160643309,
            "stdev": 0.03631940660206204
        },
        "GD WR": {
            "mean": 0.5606479970041819,
            "stdev": 0.036233891077248885
        },
        "IWD": {
            "mean": 0.003862120276376114,
            "stdev": 0.031466407000951366
        }
    }
}