{
    "all": {
        "GIH WR": {
            "mean": 0.5496166755584471,
            "stdev": 0.03901023112857299
        },
        "OH WR": {
            "mean": 0.5469841294075513,
            "stdev": 0.04549484582325805
        },
        "GD WR": {
            "mean": 0.556207988659908,
            "stdev": 0.034612854212966115
        },
        "IWD": {
            "mean": 0.011193788244419547,
            "stdev": 0.034143431824489465
        }
    },
    "WU": {
        "GIH WR": {
            "mean": 0.5744927868980704,
            "stdev": 0.029987349089774084
        },
        "OH WR": {
            "mean": 0.5744257755088794,
            "stdev": 0.035768624561433315
        },
        "GD WR": {
            "mean": 0.5759527112003184,
            "stdev": 0.024055141586760486
        },
        "IWD": {
            "mean": 0.004599979860049105,
            "stdev": 0.03712715863031742
        }
    },
    "WB": {
        "GIH WR": {
            "mean": 0.5463779711558551,
            "stdev": 0.033183978947562504
        },
        "OH WR": {
            "mean": 0.5528506748449301,
            "stdev": 0.032290794711232335
        },
        "GD WR": {
            "mean": 0.5480423959613078,
            "stdev": 0.026758924561325653
        },
        "IWD": {
            "mean": 0.008163178662587254,
            "stdev": 0.032692535911158255
        }
    },
    "WR": {
        "GIH WR": {
            "mean": 0.5846817567119127,
            "stdev": 0.03692209446587364
        },
        "OH WR": {
            "mean": 0.6028690608651712,
            "stdev": 0.041975443548625195
        },
        "GD WR": {
            "mean": 0.5791863161737839,
            "stdev": 0.028763751481036378
        },
        "IWD": {
            "mean": -0.017587946130271967,
            "stdev": 0.034736714659875156
        }
    },
    "WG": {
        "GIH WR": {
            "mean": 0.5587065325631703,
            "stdev": 0.031124295820431348
        },
        "OH WR": {
            "mean": 0.5659263605362661,
            "stdev": 0.03145666020744242
        },
        "GD WR": {
            "mean": 0.5506629243458617,
            "stdev": 0.026068106386552176
        },
        "IWD": {
            "mean": -0.008576148477210655,
            "stdev": 0.03196281025888041
        }
    },
    "UB": {
        "GIH WR": {
            "mean": 0.5700439492791537,
            "stdev": 0.03501188439948007
        },
        "OH WR": {
            "mean": 0.5523716411718174,
            "stdev": 0.04481481661183113
        },
        "GD WR": {
            "mean": 0.59248654725359,
            "stdev": 0.03126378343855374
        },
        "IWD": {
            "mean": 0.061293380306580054,
            "stdev": 0.03733250104155005
        }
    },
    "UR": {
        "GIH WR": {
            "mean": 0.5521415633060599,
            "stdev": 0.03394925077940231
        },
        "OH WR": {
            "mean": 0.5400997506634077,
            "stdev": 0.038568962564802425
        },
        "GD WR": {
            "mean": 0.5715476603459184,
            "stdev": 0.02736928513819347
        },
        "IWD": {
            "mean": 0.02959257870041638,
            "stdev": 0.02998405641298528
        }
    },
    "UG": {
        "GIH WR": {
            "mean": 0.5585896248217332,
            "stdev": 0.03439876649884217
        },
        "OH WR": {
            "mean": 0.5477618440802383,
            "stdev": 0.03471226220078465
        },
        "GD WR": {
            "mean": 0.573569547539665,
            "stdev": 0.029565627821681005
        },
        "IWD": {
            "mean": 0.031528939228799395,
            "stdev": 0.031133794446675214
        }
    },
    "BR": {
        "GIH WR": {
            "mean": 0.541555638882423,
            "stdev": 0.03652307414203593
        },
        "OH WR": {
            "mean": 0.5345092975953843,
            "stdev": 0.040770010437943795
        },
        "GD WR": {
            "mean": 0.5480993025133201,
            "stdev": 0.03473473261793215
        },
        "IWD": {
            "mean": 0.00629471562052106,
            "stdev": 0.03416984138926031
        }
    },
    "BG": {
        "GIH WR": {
            "mean": 0.5444435112090455,
            "stdev": 0.03196721651339766
        },
        "OH WR": {
            "mean": 0.5403999953312696,
            "stdev": 0.03414705713278697
        },
        "GD WR": {
            "mean": 0.549746069956857,
            "stdev": 0.03137015487825421
        },
        "IWD": {
            "mean": 0.012458734165043771,
            "stdev": 0.032417132729836456
        }
    },
    "RG": {
        "GIH WR": {
            "mean": 0.5968955157123214,
            "stdev": 0.03348483269552538
        },
        "OH WR": {
            "mean": 0.6026641775645394,
            "stdev": 0.03523481807272661
        },
        "GD WR": {
            "mean": 0.5969314740921687,
            "stdev": 0.03175749902001316
        },
        "IWD": {
            "mean": -0.003973116848605838,
            "stdev": 0.031362840847867904
        }
    }
}