{
    "default": {
        "GIH WR": {
            "mean": 0.5586995411788269,
            "stdDev": 0.045471389239016204
        },
        "OH WR": {
            "mean": 0.5481447872445805,
            "stdDev": 0.049933659383286054
        },
        "IWD": {
            "mean": 0.03159875330071485,
            "stdDev": 0.03869790277789069
        }
    },
    "WU": {
        "GIH WR": {
            "mean": 0.5488155671189182,
            "stdDev": 0.040161553535718666
        },
        "OH WR": {
            "mean": 0.5202702618891792,
            "stdDev": 0.04189691189749475
        },
        "IWD": {
            "mean": 0.061524972063645815,
            "stdDev": 0.04081348580719822
        }
    },
    "WB": {
        "GIH WR": {
            "mean": 0.5863155188391376,
            "stdDev": 0.0398200385112003
        },
        "OH WR": {
            "mean": 0.5725105073546318,
            "stdDev": 0.04354773417012425
        },
        "IWD": {
            "mean": 0.03360797229737989,
            "stdDev": 0.04001047787085983
        }
    },
    "WR": {
        "GIH WR": {
            "mean": 0.5632811506802724,
            "stdDev": 0.03864398992726127
        },
        "OH WR": {
            "mean": 0.5708800727194303,
            "stdDev": 0.041439315893984426
        },
        "IWD": {
            "mean": -2.403744090622885e-05,
            "stdDev": 0.03914873399184145
        }
    },
    "WG": {
        "GIH WR": {
            "mean": 0.538723105170407,
            "stdDev": 0.038900417120168826
        },
        "OH WR": {
            "mean": 0.5223482901793306,
            "stdDev": 0.044973971861531285
        },
        "IWD": {
            "mean": 0.03377364919417232,
            "stdDev": 0.039368583611488
        }
    },
    "UB": {
        "GIH WR": {
            "mean": 0.5811593586002872,
            "stdDev": 0.04013363460197824
        },
        "OH WR": {
            "mean": 0.5508834109734825,
            "stdDev": 0.04424544001239258
        },
        "IWD": {
            "mean": 0.06340584896823472,
            "stdDev": 0.03757423341188803
        }
    },
    "UR": {
        "GIH WR": {
            "mean": 0.5792203558284699,
            "stdDev": 0.04220053153402007
        },
        "OH WR": {
            "mean": 0.5565944651972925,
            "stdDev": 0.03771138628195594
        },
        "IWD": {
            "mean": 0.049457431020440173,
            "stdDev": 0.03709842837620917
        }
    },
    "UG": {
        "GIH WR": {
            "mean": 0.505390610252,
            "stdDev": 0.03306964920993688
        },
        "OH WR": {
            "mean": 0.4973801373909083,
            "stdDev": 0.028502342067946506
        },
        "IWD": {
            "mean": 0.030857912156947234,
            "stdDev": 0.03141414156259467
        }
    },
    "BR": {
        "GIH WR": {
            "mean": 0.5887388148984792,
            "stdDev": 0.04473691908960791
        },
        "OH WR": {
            "mean": 0.5861145432685938,
            "stdDev": 0.04646108879902649
        },
        "IWD": {
            "mean": 0.015207548007298535,
            "stdDev": 0.03884690190820428
        }
    },
    "BG": {
        "GIH WR": {
            "mean": 0.5683295944776582,
            "stdDev": 0.03650486118719469
        },
        "OH WR": {
            "mean": 0.5510831768921404,
            "stdDev": 0.0327976547054207
        },
        "IWD": {
            "mean": 0.034253621694723554,
            "stdDev": 0.033746593534978594
        }
    },
    "RG": {
        "GIH WR": {
            "mean": 0.544591443943323,
            "stdDev": 0.03171458725440057
        },
        "OH WR": {
            "mean": 0.5461934659483401,
            "stdDev": 0.02938186416329281
        },
        "IWD": {
            "mean": 0.014987460502204845,
            "stdDev": 0.03205201280991574
        }
    }
}