{
    "default GIHWR_mean": 0.5587237861396847,
    "default GIHWR_stdDev": 0.045666551028240944,
    "default OHWR_mean": 0.5484451792865341,
    "default OHWR_stdDev": 0.05023041879146681,
    "default IWD_mean": 0.03136343810670178,
    "default IWD_stdDev": 0.038896040663385104,
    "WU GIHWR_mean": 0.5491077666469387,
    "WU GIHWR_stdDev": 0.040215101426471105,
    "WU OHWR_mean": 0.5209195619740031,
    "WU OHWR_stdDev": 0.042789373519670264,
    "WU IWD_mean": 0.061158040767395096,
    "WU IWD_stdDev": 0.04112565649327313,
    "WB GIHWR_mean": 0.5869431218551497,
    "WB GIHWR_stdDev": 0.04026843343406914,
    "WB OHWR_mean": 0.5729478017527962,
    "WB OHWR_stdDev": 0.043961935434199864,
    "WB IWD_mean": 0.03318000367205756,
    "WB IWD_stdDev": 0.0408200007801893,
    "WR GIHWR_mean": 0.5642919395851476,
    "WR GIHWR_stdDev": 0.038934129688103614,
    "WR OHWR_mean": 0.5717281768340584,
    "WR OHWR_stdDev": 0.041456536754594125,
    "WR IWD_mean": 0.0001923339049181347,
    "WR IWD_stdDev": 0.03925192108526083,
    "WG GIHWR_mean": 0.537553679137271,
    "WG GIHWR_stdDev": 0.03911038609905524,
    "WG OHWR_mean": 0.5215058575658682,
    "WG OHWR_stdDev": 0.043033633821266785,
    "WG IWD_mean": 0.03341642526833898,
    "WG IWD_stdDev": 0.03980367444833976,
    "UB GIHWR_mean": 0.5816919095156847,
    "UB GIHWR_stdDev": 0.03994596280785966,
    "UB OHWR_mean": 0.5523151521122567,
    "UB OHWR_stdDev": 0.04394578156625652,
    "UB IWD_mean": 0.0635370914225667,
    "UB IWD_stdDev": 0.03741411941042752,
    "UR GIHWR_mean": 0.5796017261866592,
    "UR GIHWR_stdDev": 0.04225673928727988,
    "UR OHWR_mean": 0.5561776526909192,
    "UR OHWR_stdDev": 0.037982619382617405,
    "UR IWD_mean": 0.04972803233811686,
    "UR IWD_stdDev": 0.03701914297055786,
    "UG GIHWR_mean": 0.5056192671222105,
    "UG GIHWR_stdDev": 0.032938938074010056,
    "UG OHWR_mean": 0.49672379253044047,
    "UG OHWR_stdDev": 0.028791508504457254,
    "UG IWD_mean": 0.03076352470079973,
    "UG IWD_stdDev": 0.03189555183260146,
    "BR GIHWR_mean": 0.5894863948479079,
    "BR GIHWR_stdDev": 0.04436205400186185,
    "BR OHWR_mean": 0.5869915481382744,
    "BR OHWR_stdDev": 0.046427647387097225,
    "BR IWD_mean": 0.015222035189728273,
    "BR IWD_stdDev": 0.03819128060513946,
    "BG GIHWR_mean": 0.5680062362658878,
    "BG GIHWR_stdDev": 0.036137749731154474,
    "BG OHWR_mean": 0.5519570040821498,
    "BG OHWR_stdDev": 0.03248412957958991,
    "BG IWD_mean": 0.03367586628593503,
    "BG IWD_stdDev": 0.03363040871759613,
    "RG GIHWR_mean": 0.5446148892944104,
    "RG GIHWR_stdDev": 0.032635114272629204,
    "RG OHWR_mean": 0.545160890832388,
    "RG OHWR_stdDev": 0.028719020037522292,
    "RG IWD_mean": 0.014500259267809073,
    "RG IWD_stdDev": 0.03306634882592325
}