{
    "Abuelo's Awakening": 4.005347593582887,
    "Acrobatic Leap": 8.676442889815688,
    "Adaptive Gemguard": 5.8786438529784535,
    "Attentive Sunscribe": 6.1089347596805785,
    "Bat Colony": 6.494853849320708,
    "Clay-Fired Bricks": 3.387249736564805,
    "Cosmium Blast": 5.45599468615078,
    "Dauntless Dismantler": 5.720986655883542,
    "Deconstruction Hammer": 7.447734716157205,
    "Dusk Rose Reliquary": 3.5033112582781456,
    "Envoy of Okinec Ahau": 6.4333922782198645,
    "Fabrication Foundry": 5.2558823529411764,
    "Family Reunion": 8.106023439629327,
    "Get Lost": 2.4613095238095237,
    "Glorifier of Suffering": 5.732013520038628,
    "Guardian of the Great Door": 3.286087524493795,
    "Helping Hand": 6.0836,
    "Ironpaw Aspirant": 5.648190045248869,
    "Kinjalli's Dawnrunner": 3.6846957590657654,
    "Kutzil's Flanker": 1.9316546762589928,
    "Malamet War Scribe": 4.528078310149407,
    "Market Gnome": 4.327021494370522,
    "Might of the Ancestors": 6.395833333333333,
    "Miner's Guidewing": 5.322612405644897,
    "Mischievous Pup": 4.606352261790183,
    "Ojer Taq, Deepest Foundation": 1.4903846153846154,
    "Oltec Archaeologists": 7.266176886126024,
    "Oltec Cloud Guard": 4.074443751299646,
    "Oteclan Landmark": 7.126960856179446,
    "Petrify": 3.865343576611182,
    "Quicksand Whirlpool": 5.331663326653307,
    "Resplendent Angel": 1.3763440860215055,
    "Ruin-Lurker Bat": 3.6988636363636362,
    "Sanguine Evangelist": 1.6846846846846846,
    "Soaring Sandwing": 5.938810110974106,
    "Spring-Loaded Sawblades": 2.6618229854689566,
    "Thousand Moons Crackshot": 7.629369666941921,
    "Thousand Moons Infantry": 7.807587707370138,
    "Thousand Moons Smithy": 1.4594594594594594,
    "Tinker's Tote": 4.488640595903166,
    "Unstable Glyphbridge": 1.6822033898305084,
    "Vanguard of the Rose": 4.6839506172839505,
    "Warden of the Inner Sky": 1.7335907335907337,
    "Akal Pakal, First Among Equals": 1.8107142857142857,
    "Ancestral Reminiscence": 8.466860695859241,
    "Brackish Blunder": 6.58343023255814,
    "Braided Net": 2.4450549450549453,
    "Chart a Course": 4.735002361832782,
    "Cogwork Wrestler": 7.09169870425744,
    "Confounding Riddle": 5.1242787394585,
    "Council of Echoes": 5.056030389363722,
    "Didact Echo": 7.667083854818523,
    "Eaten by Piranhas": 4.703125,
    "The Enigma Jewel": 3.9893617021276597,
    "The Everflowing Well": 2.4502923976608186,
    "Frilled Cave-Wurm": 8.492515370221867,
    "Hermitic Nautilus": 5.315880571181307,
    "Hurl into History": 6.168892380204242,
    "Inverted Iceberg": 6.168068560545945,
    "Kitesail Larcenist": 1.8155737704918034,
    "Lodestone Needle": 4.554101221640488,
    "Malcolm, Alluring Scoundrel": 1.6180257510729614,
    "Marauding Brinefang": 6.855706598697253,
    "Merfolk Cave-Diver": 6.396774193548387,
    "Oaken Siren": 5.692383453709783,
    "Ojer Pakpatiq, Deepest Epoch": 1.3804347826086956,
    "Orazca Puzzle-Door": 7.947268279423756,
    "Out of Air": 8.05147157640102,
    "Pirate Hat": 8.673227284982476,
    "Relic's Roar": 9.272204806687565,
    "River Herald Scout": 5.642753271934077,
    "Sage of Days": 8.02224358094192,
    "Self-Reflection": 7.072855029585799,
    "Shipwreck Sentry": 7.661217200164858,
    "Sinuous Benthisaur": 6.789766407119021,
    "Song of Stupefaction": 8.898564211645839,
    "Spyglass Siren": 3.28628762541806,
    "Staunch Crewmate": 4.442899702085402,
    "Tishana's Tidebinder": 2.2414860681114552,
    "Unlucky Drop": 8.279494759473259,
    "Waterlogged Hulk": 7.148604022815971,
    "Waterwind Scout": 4.251087386318703,
    "Waylaying Pirates": 6.992677674084709,
    "Zoetic Glyph": 3.957565605806812,
    "Abyssal Gorestalker": 5.886723507917174,
    "Aclazotz, Deepest Betrayal": 1.1444444444444444,
    "Another Chance": 6.9618730066686,
    "Bitter Triumph": 2.547153024911032,
    "Bloodthorn Flail": 7.676335337813937,
    "Bringer of the Last Gift": 2.808139534883721,
    "Broodrage Mycoid": 5.798609988685954,
    "Canonized in Blood": 5.50702370500439,
    "Chupacabra Echo": 2.5087412587412588,
    "Corpses of the Lost": 2.262237762237762,
    "Dead Weight": 4.416414599717685,
    "Deathcap Marionette": 5.616155088852989,
    "Deep Goblin Skulltaker": 6.038582677165354,
    "Deep-Cavern Bat": 3.1612676056338027,
    "Echo of Dusk": 5.858662855327934,
    "Fanatical Offering": 6.231684698608964,
    "Gargantuan Leech": 6.25068979109184,
    "Grasping Shadows": 4.758191621733721,
    "Greedy Freebooter": 6.606917293233082,
    "Join the Dead": 3.2238286479250333,
    "Malicious Eclipse": 6.114482200647249,
    "Mephitic Draught": 6.754550792718732,
    "Preacher of the Schism": 1.435,
    "Primordial Gnawer": 7.473345459633412,
    "Queen's Bay Paladin": 2.4935897435897436,
    "Rampaging Spiketail": 5.777440485700591,
    "Ray of Ruin": 5.773752780425802,
    "Screaming Phantom": 6.572427126710291,
    "Skullcap Snail": 5.309466437177281,
    "Soulcoil Viper": 4.399581589958159,
    "Stalactite Stalker": 2.0252100840336134,
    "Starving Revenant": 1.7625,
    "Stinging Cave Crawler": 3.436942675159236,
    "Synapse Necromage": 4.370171149144254,
    "Tarrian's Journal": 1.9705882352941178,
    "Terror Tide": 1.9384615384615385,
    "Tithing Blade": 4.874859917818453,
    "Visage of Dread": 4.100266193433895,
    "Vito's Inquisitor": 7.2157833430401865,
    "Abrade": 2.8776628119293974,
    "Ancestors' Aid": 7.5102470522178555,
    "Belligerent Yearling": 3.0237388724035608,
    "Bonehoard Dracosaur": 1.0625,
    "Brass's Tunnel-Grinder": 1.9968553459119496,
    "Brazen Blademaster": 6.885092272202999,
    "Breeches, Eager Pillager": 1.4773869346733668,
    "Burning Sun Cavalry": 6.6314699792960665,
    "Calamitous Cave-In": 7.020518358531318,
    "Child of the Volcano": 7.381271800375638,
    "Curator of Sun's Creation": 5.593805309734513,
    "Daring Discovery": 8.553839957035446,
    "Diamond Pick-Axe": 4.034116331096197,
    "Dinotomaton": 5.505876591576885,
    "Dire Flail": 2.166077738515901,
    "Dowsing Device": 5.844833625218914,
    "Dreadmaw's Ire": 3.819868995633188,
    "Enterprising Scallywag": 3.7414084507042253,
    "Etali's Favor": 6.617712505562973,
    "Geological Appraiser": 2.891141141141141,
    "Goblin Tomb Raider": 6.414144441114773,
    "Goldfury Strider": 6.092851592851593,
    "Hit the Mother Lode": 4.803921568627451,
    "Hotfoot Gnome": 7.378028404344194,
    "Idol of the Deep King": 5.289296213038216,
    "Inti, Seneschal of the Sun": 1.5732758620689655,
    "Magmatic Galleon": 1.6339285714285714,
    "Ojer Axonil, Deepest Might": 1.3762376237623761,
    "Panicked Altisaur": 6.004511035927179,
    "Plundering Pirate": 4.899717514124294,
    "Poetic Ingenuity": 2.3535714285714286,
    "Rampaging Ceratops": 4.571649484536082,
    "Rumbling Rockslide": 5.104108146067416,
    "Saheeli's Lattice": 4.759969902182092,
    "Scytheclaw Raptor": 2.9209726443768997,
    "Seismic Monstrosaur": 5.565539452495974,
    "Sunfire Torch": 6.26568818331586,
    "Sunshot Militia": 6.487733215807257,
    "Tectonic Hazard": 9.053347280334728,
    "Triumphant Chomp": 3.2626886145404663,
    "Trumpeting Carnosaur": 1.273224043715847,
    "Volatile Wanderglyph": 5.756112755022582,
    "Zoyowa's Justice": 7.715238764044944,
    "Armored Kincaller": 5.323881106935429,
    "Basking Capybara": 7.0327776207968355,
    "Bedrock Tortoise": 1.6938775510204083,
    "Cavern Stomper": 5.748329258353708,
    "Cenote Scout": 3.892974753018661,
    "Coati Scavenger": 4.384653712007972,
    "Colossadactyl": 2.9543539325842696,
    "Disturbed Slumber": 8.797955661754944,
    "Earthshaker Dreadmaw": 3.1972140762463344,
    "Explorer's Cache": 5.260255241567912,
    "Ghalta, Stampede Tyrant": 1.803030303030303,
    "Glimpse the Core": 5.417036379769299,
    "Glowcap Lantern": 5.784453781512605,
    "Growing Rites of Itlimoc": 3.1375661375661377,
    "Huatli, Poet of Unity": 1.4157303370786516,