{
    "Abuelo's Awakening": 4.4984943881741035,
    "Acrobatic Leap": 8.549309161721068,
    "Adaptive Gemguard": 5.66470439117821,
    "Attentive Sunscribe": 5.7110820458323115,
    "Bat Colony": 6.551374414212772,
    "Clay-Fired Bricks": 3.0319816053511706,
    "Cosmium Blast": 5.444736611447103,
    "Dauntless Dismantler": 5.799237341995622,
    "Deconstruction Hammer": 6.891601465781916,
    "Dusk Rose Reliquary": 3.261609907120743,
    "Envoy of Okinec Ahau": 6.593473705729034,
    "Fabrication Foundry": 5.078507390356191,
    "Family Reunion": 8.41352393491959,
    "Get Lost": 2.6454413892908826,
    "Glorifier of Suffering": 5.875573126870384,
    "Guardian of the Great Door": 3.2845577573707105,
    "Helping Hand": 6.2230679558389905,
    "Ironpaw Aspirant": 5.266290041113313,
    "Kinjalli's Dawnrunner": 3.5219858156028367,
    "Kutzil's Flanker": 2.1016166281755195,
    "Malamet War Scribe": 4.466194404591104,
    "Market Gnome": 4.382885696439725,
    "Might of the Ancestors": 6.294659685863874,
    "Miner's Guidewing": 4.424887169568021,
    "Mischievous Pup": 4.703487401968964,
    "Ojer Taq, Deepest Foundation": 1.508108108108108,
    "Oltec Archaeologists": 7.411877674056787,
    "Oltec Cloud Guard": 3.5365547274097646,
    "Oteclan Landmark": 7.014875437512868,
    "Petrify": 3.5220089359589606,
    "Quicksand Whirlpool": 5.211575846833579,
    "Resplendent Angel": 1.3514563106796116,
    "Ruin-Lurker Bat": 3.1778181818181817,
    "Sanguine Evangelist": 1.628053585500394,
    "Soaring Sandwing": 6.003775089724844,
    "Spring-Loaded Sawblades": 2.6090996862177165,
    "Thousand Moons Crackshot": 7.740249516948546,
    "Thousand Moons Infantry": 7.961084036610008,
    "Thousand Moons Smithy": 1.4850088183421517,
    "Tinker's Tote": 4.20669680700763,
    "Unstable Glyphbridge": 1.622078968573731,
    "Vanguard of the Rose": 4.508779443254818,
    "Warden of the Inner Sky": 1.7051762940735185,
    "Akal Pakal, First Among Equals": 1.783617747440273,
    "Ancestral Reminiscence": 8.515887108079061,
    "Brackish Blunder": 6.107536593789018,
    "Braided Net": 2.4183727034120737,
    "Chart a Course": 4.424956369982548,
    "Cogwork Wrestler": 6.0476871592810495,
    "Confounding Riddle": 5.262775929845781,
    "Council of Echoes": 5.057392288416458,
    "Didact Echo": 7.653874074432561,
    "Eaten by Piranhas": 4.411307609860665,
    "The Enigma Jewel": 4.4117977528089884,
    "The Everflowing Well": 2.61046511627907,
    "Frilled Cave-Wurm": 8.625090072290277,
    "Hermitic Nautilus": 4.707962392877943,
    "Hurl into History": 6.868837452595789,
    "Inverted Iceberg": 5.342073355562292,
    "Kitesail Larcenist": 1.6698872785829308,
    "Lodestone Needle": 3.7447494553376908,
    "Malcolm, Alluring Scoundrel": 1.6395816572807724,
    "Marauding Brinefang": 6.9956817392167565,
    "Merfolk Cave-Diver": 6.19012363427257,
    "Oaken Siren": 4.553025887193554,
    "Ojer Pakpatiq, Deepest Epoch": 1.4076655052264808,
    "Orazca Puzzle-Door": 7.449003234058986,
    "Out of Air": 8.267728237791932,
    "Pirate Hat": 7.930565531772255,
    "Relic's Roar": 9.308049357751786,
    "River Herald Scout": 5.388979071250508,
    "Sage of Days": 8.008039271485487,
    "Self-Reflection": 7.159711684370258,
    "Shipwreck Sentry": 7.113913304035158,
    "Sinuous Benthisaur": 6.669518294287971,
    "Song of Stupefaction": 8.87288548555517,
    "Spyglass Siren": 2.809320829781188,
    "Staunch Crewmate": 3.7745699627804044,
    "Tishana's Tidebinder": 2.2481502561183837,
    "Unlucky Drop": 7.71160083953444,
    "Waterlogged Hulk": 7.214886017438807,
    "Waterwind Scout": 3.474983867498387,
    "Waylaying Pirates": 6.245760025360596,
    "Zoetic Glyph": 3.11703390948674,
    "Abyssal Gorestalker": 6.39489540315483,
    "Aclazotz, Deepest Betrayal": null,
    "Another Chance": 6.638047094627705,
    "Bitter Triumph": 2.667360285374554,
    "Bloodthorn Flail": 7.943127672571777,
    "Bringer of the Last Gift": 2.6688541140837962,
    "Broodrage Mycoid": 6.387736627705743,
    "Canonized in Blood": 6.135829872547616,
    "Chupacabra Echo": 2.4931380107941403,
    "Corpses of the Lost": 2.227945529899349,
    "Dead Weight": 4.414573827022885,
    "Deathcap Marionette": 5.449597824199988,
    "Deep Goblin Skulltaker": 6.535905652447993,
    "Deep-Cavern Bat": 2.922382428244172,
    "Echo of Dusk": 5.950497491982567,
    "Fanatical Offering": 6.602879848925958,
    "Gargantuan Leech": 6.448115783724741,
    "Grasping Shadows": 5.084267024488427,
    "Greedy Freebooter": 7.000482282465225,
    "Join the Dead": 3.341120218579235,
    "Malicious Eclipse": 6.510809141445336,
    "Mephitic Draught": 7.148354670934187,
    "Preacher of the Schism": 1.5574572127139363,
    "Primordial Gnawer": 7.777117743649184,
    "Queen's Bay Paladin": 3.023017902813299,
    "Rampaging Spiketail": 5.962051171791012,
    "Ray of Ruin": 6.265042333519123,
    "Screaming Phantom": 6.723090980289779,
    "Skullcap Snail": 5.415934940185044,
    "Soulcoil Viper": 4.450079801383224,
    "Stalactite Stalker": 2.0901741293532337,
    "Starving Revenant": 1.8884353741496598,
    "Stinging Cave Crawler": 3.6737922188969647,
    "Synapse Necromage": 4.78090625513052,
    "Tarrian's Journal": 2.2004965859714463,
    "Terror Tide": 2.1398432790837854,
    "Tithing Blade": 4.831205438567402,
    "Visage of Dread": 4.256398742703188,
    "Vito's Inquisitor": 7.682190778238595,
    "Abrade": 2.690595311709483,
    "Ancestors' Aid": 7.28021668259921,
    "Belligerent Yearling": 3.0311942959001783,
    "Bonehoard Dracosaur": null,
    "Brass's Tunnel-Grinder": 2.331422615945805,
    "Brazen Blademaster": 6.87837872199761,
    "Breeches, Eager Pillager": 1.3864648263579697,
    "Burning Sun Cavalry": 6.656905055487053,
    "Calamitous Cave-In": 7.101262610240467,
    "Child of the Volcano": 7.818321367844323,
    "Curator of Sun's Creation": 5.617035698147311,
    "Daring Discovery": 8.503133559259087,
    "Diamond Pick-Axe": 3.711236660389203,
    "Dinotomaton": 5.304218175501578,
    "Dire Flail": 2.028186274509804,
    "Dowsing Device": 5.461749144102085,
    "Dreadmaw's Ire": 3.640733197556008,
    "Enterprising Scallywag": 3.899806201550388,
    "Etali's Favor": 5.454944533428249,
    "Geological Appraiser": 2.6336041698604937,
    "Goblin Tomb Raider": 5.76090799405146,
    "Goldfury Strider": 6.106218669556971,
    "Hit the Mother Lode": 5.470247381323825,
    "Hotfoot Gnome": 7.406690742277097,
    "Idol of the Deep King": 5.1241633404973905,
    "Inti, Seneschal of the Sun": 1.4797297297297298,
    "Magmatic Galleon": 1.5634725634725635,
    "Ojer Axonil, Deepest Might": 1.5564516129032258,
    "Panicked Altisaur": 5.652070402176686,
    "Plundering Pirate": 4.5195285867341966,
    "Poetic Ingenuity": 2.063623789764869,
    "Rampaging Ceratops": 4.566259769913059,
    "Rumbling Rockslide": 4.97389288764182,
    "Saheeli's Lattice": 4.705661619486504,
    "Scytheclaw Raptor": 2.9799973506424693,
    "Seismic Monstrosaur": 5.676813165429627,
    "Sunfire Torch": 5.736678680343776,
    "Sunshot Militia": 5.827028516324563,
    "Tectonic Hazard": 9.277324257824178,
    "Triumphant Chomp": 3.1942864060041156,
    "Trumpeting Carnosaur": 1.2881873727087576,
    "Volatile Wanderglyph": 5.202330879775674,
    "Zoyowa's Justice": 8.012452396784138,
    "Armored Kincaller": 5.318198016273683,
    "Basking Capybara": 7.547142065041826,
    "Bedrock Tortoise": 1.829066265060241,
    "Cavern Stomper": 5.792300527786402,
    "Cenote Scout": 3.8697972251867663,
    "Coati Scavenger": 4.607229928541404,
    "Colossadactyl": 3.092059118236473,
    "Disturbed Slumber": 9.182056699714412,
    "Earthshaker Dreadmaw": 3.400354400472534,
    "Explorer's Cache": 5.518717375093214,
    "Ghalta, Stampede Tyrant": 2.162291169451074,
    "Glimpse the Core": 6.0131485932419055,
    "Glowcap Lantern": 6.0813912051885115,
    "Growing Rites of Itlimoc": 3.823326432022084,
    "Huatli, Poet of Unity": 1.37109375,