{
    "Banishing Light": 3.1443525458774877,
    "Beza, the Bounding Spring": null,
    "Brave-Kin Duo": 5.867304462133937,
    "Brightblade Stoat": 2.9,
    "Builder's Talent": 5.526805143422354,
    "Caretaker's Talent": 2.8084016393442623,
    "Carrot Cake": 5.072904707233065,
    "Crumb and Get It": 5.385430463576159,
    "Dawn's Truce": 3.950191570881226,
    "Dewdrop Cure": 5.577821393523061,
    "Driftgloom Coyote": 2.9369214946863216,
    "Essence Channeler": 2.1749049429657794,
    "Feather of Flight": 4.582703423743886,
    "Flowerfoot Swordmaster": 4.288447204968944,
    "Harvestrite Host": 3.6898843930635836,
    "Hop to It": 3.7294577976523198,
    "Intrepid Rabbit": 4.107266779022504,
    "Jackdaw Savior": 1.9931224209078404,
    "Jolly Gerbils": 4.603832442067736,
    "Lifecreed Duo": 4.701464547240579,
    "Mabel's Mettle": 4.443052136943388,
    "Mouse Trapper": 4.5739365293720455,
    "Nettle Guard": 5.153538991544003,
    "Parting Gust": 4.0186633039092055,
    "Pileated Provisioner": 6.08193920410052,
    "Rabbit Response": 6.228822570355143,
    "Repel Calamity": 3.6923076923076925,
    "Salvation Swan": 1.8555708390646493,
    "Season of the Burrow": null,
    "Seasoned Warrenguard": 5.005188875051889,
    "Shrike Force": 3.673919350159559,
    "Sonar Strike": 4.514938171315101,
    "Star Charter": 3.9311258278145695,
    "Starfall Invocation": 1.965612104539202,
    "Thistledown Players": 5.8897439692171085,
    "Valley Questcaller": 1.6905158069883528,
    "Warren Elder": 4.90710014318201,
    "Warren Warleader": null,
    "Wax-Wane Witness": 5.914421083802191,
    "Whiskervale Forerunner": 1.9152542372881356,
    "Azure Beastbinder": 2.7944700460829495,
    "Bellowing Crier": 6.8074028461959495,
    "Calamitous Tide": 5.862868806828725,
    "Daring Waverider": 5.067834589529435,
    "Dazzling Denial": 6.379532927183058,
    "Dire Downdraft": 6.236155091126592,
    "Dour Port-Mage": 2.6663326653306614,
    "Eddymurk Crab": 4.912941176470588,
    "Eluge, the Shoreless Sea": 3.0642054574638844,
    "Finch Formation": 6.590471505867472,
    "Gossip's Talent": 5.911998485995458,
    "Into the Flood Maw": 5.655545023696683,
    "Kitnap": 2.650101419878296,
    "Kitsa, Otterball Elite": null,
    "Knightfisher": 4.796419098143236,
    "Lightshell Duo": 6.854663036078965,
    "Long River Lurker": 4.413133640552996,
    "Long River's Pull": 6.098173928765142,
    "Mind Spiral": 7.231813643926789,
    "Mindwhisker": 4.945848375451264,
    "Mockingbird": 2.495920217588395,
    "Nightwhorl Hermit": 7.681593000064337,
    "Otterball Antics": 5.584730716117577,
    "Pearl of Wisdom": 6.694390447098028,
    "Plumecreed Escort": 4.203843347117489,
    "Portent of Calamity": 4.758620689655173,
    "Run Away Together": 6.834016251128551,
    "Season of Weaving": null,
    "Shore Up": 6.592409470752089,
    "Shoreline Looter": 4.2040510127531885,
    "Skyskipper Duo": 6.6568627450980395,
    "Spellgyre": 5.738901429646351,
    "Splash Lasher": 4.2490733876945885,
    "Splash Portal": 5.490414110429448,
    "Stormchaser's Talent": 3.0630397236614852,
    "Sugar Coat": 4.79207263064659,
    "Thought Shucker": 7.373766801297755,
    "Thundertrap Trainer": 3.2766457680250785,
    "Valley Floodcaller": 2.799426934097421,
    "Waterspout Warden": 7.322431472421419,
    "Wishing Well": 5.432966023875115,
    "Agate-Blade Assassin": 5.631167037520141,
    "Bandit's Talent": 4.728786496350365,
    "Bonebind Orator": 5.571286217997854,
    "Bonecache Overseer": 5.3496850543996946,
    "Coiling Rebirth": 3.2015686274509805,
    "Consumed by Greed": 3.423748889546935,
    "Cruelclaw's Heist": 3.340175953079179,
    "Daggerfang Duo": 5.613098894348894,
    "Darkstar Augur": 2.2419974391805377,
    "Diresight": 6.592015313098168,
    "Downwind Ambusher": 3.8169607584935474,
    "Early Winter": 5.670329670329671,
    "Feed the Cycle": 2.7338184603600153,
    "Fell": 2.3059026281775097,
    "Glidedive Duo": 5.430718249075216,
    "Hazel's Nocturne": 4.828716430534997,
    "Huskburster Swarm": 4.363216266173752,
    "Iridescent Vinelasher": 2.1400247831474597,
    "Maha, Its Feathers Night": null,
    "Moonstone Harbinger": 4.10485056344929,
    "Nocturnal Hunger": 3.663780501518048,
    "Osteomancer Adept": 2.122292993630573,
    "Persistent Marshstalker": 4.734737747205503,
    "Psychic Whorl": 7.17277865404837,
    "Ravine Raider": 6.620812894183602,
    "Rottenmouth Viper": null,
    "Ruthless Negotiation": 5.746367482067317,
    "Savor": 3.9368664057010943,
    "Scales of Shale": 6.601519481424688,
    "Scavenger's Talent": 3.43646408839779,
    "Season of Loss": null,
    "Sinister Monolith": 4.803217276333187,
    "Stargaze": 6.349817168727146,
    "Starlit Soothsayer": 6.1399512963758776,
    "Starscape Cleric": 3.8522427440633247,
    "Thornplate Intimidator": 5.89120335681103,
    "Thought-Stalker Warlock": 3.0880441845354127,
    "Valley Rotcaller": 1.9416553595658073,
    "Wick, the Whorled Mind": 2.807794508414526,
    "Wick's Patrol": 3.628464203233256,
    "Agate Assault": 4.406877323420074,
    "Alania's Pathmaker": 6.274522429705946,
    "Artist's Talent": 4.638547784303257,
    "Blacksmith's Talent": 4.992939666238768,
    "Blooming Blast": 3.8904921412007214,
    "Brambleguard Captain": 4.266748768472906,
    "Brazen Collector": 3.926222935044106,
    "Byway Barterer": 2.456989247311828,
    "Coruscation Mage": 4.330302285573851,
    "Conduct Electricity": 6.416800390706761,
    "Emberheart Challenger": 2.193166885676741,
    "Festival of Embers": 5.184124001878816,
    "Flamecache Gecko": 4.76911179849757,
    "Dragonhawk, Fate's Tempest": null,
    "Frilled Sparkshooter": 6.546534653465346,
    "Harnesser of Storms": 5.457997245721031,
    "Heartfire Hero": 3.907962213225371,
    "Hearthborn Battler": 2.491649269311065,
    "Hired Claw": 2.4952481520591343,
    "Hoarder's Overflow": 6.968264462809917,
    "Kindlespark Duo": 6.296262014951941,
    "Manifold Mouse": 2.2893157262905164,
    "Might of the Meek": 6.493873312564902,
    "Playful Shove": 5.118051344249039,
    "Quaketusk Boar": 3.5838945827232798,
    "Rabid Gnaw": 3.314234016887817,
    "Raccoon Rallier": 6.266467065868263,
    "Reptilian Recruiter": 5.449382223993623,
    "Roughshod Duo": 5.919644180874722,
    "Sazacap's Brew": 6.885779631373604,
    "Season of the Bold": null,
    "Steampath Charger": 6.1160261058738215,
    "Stormsplitter": 3.3365079365079366,
    "Sunspine Lynx": 2.9473214285714286,
    "Take Out the Trash": 3.911982479924914,
    "Teapot Slinger": 4.511126564673157,
    "Valley Flamecaller": 2.070588235294118,
    "War Squeak": 7.168152781474581,
    "Whiskerquill Scribe": 6.757640418502203,
    "Wildfire Howl": 5.7219831618334895,
    "Bakersbane Duo": 4.382192880720849,
    "Valley Rally": 6.0300146412884335,
    "Bark-Knuckle Boxer": 4.098998091603053,
    "Brambleguard Veteran": 3.913793103448276,
    "Bushy Bodyguard": 3.704521556256572,
    "Cache Grab": 5.944574436969874,
    "Clifftop Lookout": 3.9410860655737703,
    "Curious Forager": 4.054909720504575,
    "Druid of the Spade": 6.315825656537879,
    "Fecund Greenshell": 1.7323481116584565,
    "For the Common Good": 4.435675675675676,
    "Galewind Moose": 2.8796296296296298,
    "Hazardroot Herbalist": 5.175802662490211,
    "Heaped Harvest": 5.597011511778608,
    "High Stride": 6.898815498895804,
    "Hivespine Wolverine": 3.154539600772698,
    "Honored Dreyleader": 4.5885989010989015,
    "Hunter's Talent": 2.3630812588069516,
    "Innkeeper's Talent": 1.5593220338983051,
    "Keen-Eyed Curator": 2.0,
    "Longstalk Brawl": 4.155243679707777,
    "Lumra, Bellow of the Woods": null,
    "Mistbreath Elder": 2.6121593291404612,
    "Overprotect": 3.7128844114528103,
    "Pawpatch Formation": 4.90766129032258,
    "Pawpatch Recruit": 1.8431105047748977,
    "Peerless Recycling": 5.790486370924639,
    "Polliwallop": 4.403125290670635,
    "Rust-Shield Rampager": 5.481020166073547,