{
    "Banishing Light": 3.109854394175767,
    "Beza, the Bounding Spring": null,
    "Brave-Kin Duo": 5.844953212264675,
    "Brightblade Stoat": 2.844122965641953,
    "Builder's Talent": 5.460262612301313,
    "Caretaker's Talent": 2.751409533572527,
    "Carrot Cake": 4.636233440744719,
    "Crumb and Get It": 5.174259953722173,
    "Dawn's Truce": 4.146383967470229,
    "Dewdrop Cure": 5.741242722153288,
    "Driftgloom Coyote": 2.9231319270647123,
    "Essence Channeler": 2.2257474069554606,
    "Feather of Flight": 4.536428254109285,
    "Flowerfoot Swordmaster": 4.316699362432565,
    "Harvestrite Host": 3.5268263110033344,
    "Hop to It": 3.6095362698066578,
    "Intrepid Rabbit": 3.8560549179448675,
    "Jackdaw Savior": 2.077792553191489,
    "Jolly Gerbils": 4.658445276370843,
    "Lifecreed Duo": 4.599202934649699,
    "Mabel's Mettle": 4.470155902004454,
    "Mouse Trapper": 4.642426946241356,
    "Nettle Guard": 5.072865426914617,
    "Parting Gust": 4.025099244461519,
    "Pileated Provisioner": 6.124358384367588,
    "Rabbit Response": 6.149376396799077,
    "Repel Calamity": 3.642079139666345,
    "Salvation Swan": 1.887040887040887,
    "Season of the Burrow": 1.5145985401459854,
    "Seasoned Warrenguard": 4.983482235611884,
    "Shrike Force": 3.748338753004383,
    "Sonar Strike": 4.453279506486438,
    "Star Charter": 3.994532673782869,
    "Starfall Invocation": 2.056756756756757,
    "Thistledown Players": 5.905991124260355,
    "Valley Questcaller": 1.6188034188034188,
    "Warren Elder": 4.667450632349678,
    "Warren Warleader": 1.3404669260700388,
    "Wax-Wane Witness": 5.956044765130319,
    "Whiskervale Forerunner": 1.9359534206695779,
    "Azure Beastbinder": 2.8409799554565702,
    "Bellowing Crier": 6.777888514674548,
    "Calamitous Tide": 5.880390190536968,
    "Daring Waverider": 5.176084099868594,
    "Dazzling Denial": 6.460798632137641,
    "Dire Downdraft": 6.325697140840099,
    "Dour Port-Mage": 2.701161029782938,
    "Eddymurk Crab": 4.949165160055301,
    "Eluge, the Shoreless Sea": 3.291005291005291,
    "Finch Formation": 6.780625,
    "Gossip's Talent": 5.9338624338624335,
    "Into the Flood Maw": 5.680528052805281,
    "Kitnap": 2.701936702881436,
    "Kitsa, Otterball Elite": 2.2359679266895762,
    "Knightfisher": 4.97814964826263,
    "Lightshell Duo": 6.942865913974827,
    "Long River Lurker": 4.379674700225573,
    "Long River's Pull": 6.151648154783232,
    "Mind Spiral": 7.310404470463013,
    "Mindwhisker": 4.875934554122874,
    "Mockingbird": 2.626599634369287,
    "Nightwhorl Hermit": 7.751380151495699,
    "Otterball Antics": 5.721978343576237,
    "Pearl of Wisdom": 6.815696952984972,
    "Plumecreed Escort": 4.206368206847019,
    "Portent of Calamity": 4.949696233292831,
    "Run Away Together": 6.88405397961994,
    "Season of Weaving": 2.1221264367816093,
    "Shore Up": 6.6597945373584375,
    "Shoreline Looter": 4.036344620211793,
    "Skyskipper Duo": 6.694482540352358,
    "Spellgyre": 5.797293539716378,
    "Splash Lasher": 4.202923686818632,
    "Splash Portal": 5.545709315809819,
    "Stormchaser's Talent": 3.1352459016393444,
    "Sugar Coat": 4.788166067342269,
    "Thought Shucker": 7.466701937702533,
    "Thundertrap Trainer": 3.329080675422139,
    "Valley Floodcaller": 2.8652546191978367,
    "Waterspout Warden": 7.406559903511123,
    "Wishing Well": 5.6016453777874,
    "Agate-Blade Assassin": 5.600384172109105,
    "Bandit's Talent": 4.703037120359955,
    "Bonebind Orator": 5.450419263020232,
    "Bonecache Overseer": 5.351821746198719,
    "Coiling Rebirth": 3.2487731219328047,
    "Consumed by Greed": 3.3328285887341007,
    "Cruelclaw's Heist": 3.3882610280714545,
    "Daggerfang Duo": 5.4716058079918595,
    "Darkstar Augur": 2.2037854889589905,
    "Diresight": 6.646195930928364,
    "Downwind Ambusher": 3.664861938278289,
    "Early Winter": 5.7282401702699675,
    "Feed the Cycle": 2.7030742791674625,
    "Fell": 2.3245033112582782,
    "Glidedive Duo": 5.37814211896344,
    "Hazel's Nocturne": 4.753232987068052,
    "Huskburster Swarm": 4.393022992411372,
    "Iridescent Vinelasher": 2.1329516539440205,
    "Maha, Its Feathers Night": null,
    "Moonstone Harbinger": 4.068276122218031,
    "Nocturnal Hunger": 3.554575144674268,
    "Osteomancer Adept": 2.107395498392283,
    "Persistent Marshstalker": 4.682327816337427,
    "Psychic Whorl": 7.275764364786505,
    "Ravine Raider": 6.568983768525053,
    "Rottenmouth Viper": null,
    "Ruthless Negotiation": 5.609477274822532,
    "Savor": 3.813107822410148,
    "Scales of Shale": 6.3670604831599364,
    "Scavenger's Talent": 3.3164861612515044,
    "Season of Loss": 1.7010135135135136,
    "Sinister Monolith": 4.8468020743301645,
    "Stargaze": 6.349755385803793,
    "Starlit Soothsayer": 6.213034188034188,
    "Starscape Cleric": 3.8267509215376516,
    "Thornplate Intimidator": 5.949493073866379,
    "Thought-Stalker Warlock": 2.977986348122867,
    "Valley Rotcaller": 1.9945017182130584,
    "Wick, the Whorled Mind": 3.0004244482173177,
    "Wick's Patrol": 3.479414869552104,
    "Agate Assault": 4.469176665287547,
    "Alania's Pathmaker": 6.305538778555441,
    "Artist's Talent": 4.82249873031996,
    "Blacksmith's Talent": 4.836060137077161,
    "Blooming Blast": 4.0103744939271255,
    "Brambleguard Captain": 4.222764426009515,
    "Brazen Collector": 3.9246290028638375,
    "Byway Barterer": 2.491090146750524,
    "Coruscation Mage": 4.467581637482253,
    "Conduct Electricity": 6.550088544741137,
    "Emberheart Challenger": 2.1860174781523094,
    "Festival of Embers": 5.414628772857458,
    "Flamecache Gecko": 4.6902379364020454,
    "Dragonhawk, Fate's Tempest": 1.5081669691470054,
    "Frilled Sparkshooter": 6.650001759138726,
    "Harnesser of Storms": 5.673315987279561,
    "Heartfire Hero": 3.8629043551323345,
    "Hearthborn Battler": 2.5077229696063776,
    "Hired Claw": 2.498115239633818,
    "Hoarder's Overflow": 7.030317968942568,
    "Kindlespark Duo": 6.442669341261597,
    "Manifold Mouse": 2.321280379371666,
    "Might of the Meek": 6.562362551052466,
    "Playful Shove": 5.126300899262403,
    "Quaketusk Boar": 3.606614447345518,
    "Rabid Gnaw": 3.284261648201548,
    "Raccoon Rallier": 6.2752102350319845,
    "Reptilian Recruiter": 5.532599161875061,
    "Roughshod Duo": 5.911317944899479,
    "Sazacap's Brew": 6.975139506131587,
    "Season of the Bold": 2.336470588235294,
    "Steampath Charger": 6.140904653433127,
    "Stormsplitter": 3.627292736610418,
    "Sunspine Lynx": 3.088042588042588,
    "Take Out the Trash": 3.920929263464944,
    "Teapot Slinger": 4.48010579576817,
    "Valley Flamecaller": 2.137807070101857,
    "War Squeak": 7.259525161117975,
    "Whiskerquill Scribe": 6.775156855350224,
    "Wildfire Howl": 5.841785179640719,
    "Bakersbane Duo": 4.173774847004127,
    "Valley Rally": 6.064007834060358,
    "Bark-Knuckle Boxer": 4.012426106888648,
    "Brambleguard Veteran": 3.8948604226454475,
    "Bushy Bodyguard": 3.673756019261637,
    "Cache Grab": 5.687921867340397,
    "Clifftop Lookout": 3.929746835443038,
    "Curious Forager": 3.9175349428208386,
    "Druid of the Spade": 6.24072844209864,
    "Fecund Greenshell": 1.6456896551724138,
    "For the Common Good": 4.678444331469242,
    "Galewind Moose": 2.83258568096178,
    "Hazardroot Herbalist": 5.122998398718975,
    "Heaped Harvest": 5.495746060814162,
    "High Stride": 6.863125775408242,
    "Hivespine Wolverine": 3.0906739938580894,
    "Honored Dreyleader": 4.586056143580303,
    "Hunter's Talent": 2.1972352505554182,
    "Innkeeper's Talent": 1.485818847209515,
    "Keen-Eyed Curator": 1.9221843003412968,
    "Longstalk Brawl": 3.9975263444318014,
    "Lumra, Bellow of the Woods": 1.4367816091954022,
    "Mistbreath Elder": 2.515413737155219,
    "Overprotect": 3.5761734833928083,
    "Pawpatch Formation": 4.883763094278807,
    "Pawpatch Recruit": 1.7930535455861072,