{
    "Abuelo's Awakening": 4.594703770197486,
    "Acrobatic Leap": 8.543190661478599,
    "Adaptive Gemguard": 5.636550696530357,
    "Attentive Sunscribe": 5.669147885220668,
    "Bat Colony": 6.5877694930928845,
    "Clay-Fired Bricks": 2.9837288745055734,
    "Cosmium Blast": 5.462256315043729,
    "Dauntless Dismantler": 5.819442811802046,
    "Deconstruction Hammer": 6.843462515089706,
    "Dusk Rose Reliquary": 3.254825482548255,
    "Envoy of Okinec Ahau": 6.648194830164495,
    "Fabrication Foundry": 5.113857374392221,
    "Family Reunion": 8.456416607690493,
    "Get Lost": 2.6903251387787472,
    "Glorifier of Suffering": 5.90200027463725,
    "Guardian of the Great Door": 3.2774513776337115,
    "Helping Hand": 6.23882237260686,
    "Ironpaw Aspirant": 5.229956494717215,
    "Kinjalli's Dawnrunner": 3.522400291385904,
    "Kutzil's Flanker": 2.154677950164551,
    "Malamet War Scribe": 4.503899805009749,
    "Market Gnome": 4.422736002363717,
    "Might of the Ancestors": 6.284269271014998,
    "Miner's Guidewing": 4.335059599583381,
    "Mischievous Pup": 4.731621210023536,
    "Ojer Taq, Deepest Foundation": 1.5477239353891337,
    "Oltec Archaeologists": 7.4338638301327595,
    "Oltec Cloud Guard": 3.4621884846748783,
    "Oteclan Landmark": 7.020970589501787,
    "Petrify": 3.4972393066815766,
    "Quicksand Whirlpool": 5.197695408125417,
    "Resplendent Angel": 1.3686786296900488,
    "Ruin-Lurker Bat": 3.1292410481261093,
    "Sanguine Evangelist": 1.6160053799596503,
    "Soaring Sandwing": 6.000355239786856,
    "Spring-Loaded Sawblades": 2.5926761719150684,
    "Thousand Moons Crackshot": 7.773979012763585,
    "Thousand Moons Infantry": 7.98039683486421,
    "Thousand Moons Smithy": 1.4948224852071006,
    "Tinker's Tote": 4.188325370210998,
    "Unstable Glyphbridge": 1.6331759946055293,
    "Vanguard of the Rose": 4.540436181623168,
    "Warden of the Inner Sky": 1.6950532247964933,
    "Akal Pakal, First Among Equals": 1.7969195664575015,
    "Ancestral Reminiscence": 8.533698769092718,
    "Brackish Blunder": 6.063917388111188,
    "Braided Net": 2.4116321009918846,
    "Chart a Course": 4.4001466813348005,
    "Cogwork Wrestler": 5.923882060520375,
    "Confounding Riddle": 5.3316990382802185,
    "Council of Echoes": 5.111808709591237,
    "Didact Echo": 7.6621288628559885,
    "Eaten by Piranhas": 4.400089941538,
    "The Enigma Jewel": 4.5025171624713956,
    "The Everflowing Well": 2.632411067193676,
    "Frilled Cave-Wurm": 8.646435734174505,
    "Hermitic Nautilus": 4.623319654733267,
    "Hurl into History": 6.979929672707601,
    "Inverted Iceberg": 5.243152972611891,
    "Kitesail Larcenist": 1.6551724137931034,
    "Lodestone Needle": 3.6492111695429967,
    "Malcolm, Alluring Scoundrel": 1.623989218328841,
    "Marauding Brinefang": 7.004293180686909,
    "Merfolk Cave-Diver": 6.183276470940324,
    "Oaken Siren": 4.437411556603774,
    "Ojer Pakpatiq, Deepest Epoch": 1.4207407407407406,
    "Orazca Puzzle-Door": 7.408485755908061,
    "Out of Air": 8.327975990680594,
    "Pirate Hat": 7.863271046815351,
    "Relic's Roar": 9.32714233527523,
    "River Herald Scout": 5.414249363867684,
    "Sage of Days": 8.002800675340152,
    "Self-Reflection": 7.174939403519865,
    "Shipwreck Sentry": 7.047066001809422,
    "Sinuous Benthisaur": 6.634523941169966,
    "Song of Stupefaction": 8.89375,
    "Spyglass Siren": 2.758089928493516,
    "Staunch Crewmate": 3.7144329011762687,
    "Tishana's Tidebinder": 2.2447688564476884,
    "Unlucky Drop": 7.694742736016957,
    "Waterlogged Hulk": 7.262609912944574,
    "Waterwind Scout": 3.3997260375402614,
    "Waylaying Pirates": 6.140057211817816,
    "Zoetic Glyph": 3.0172374166858194,
    "Abyssal Gorestalker": 6.449457773782098,
    "Aclazotz, Deepest Betrayal": 1.2126929674099485,
    "Another Chance": 6.544235749885738,
    "Bitter Triumph": 2.6729692747854212,
    "Bloodthorn Flail": 7.983689595785635,
    "Bringer of the Last Gift": 2.656684943061999,
    "Broodrage Mycoid": 6.4636950875713115,
    "Canonized in Blood": 6.2356045780703315,
    "Chupacabra Echo": 2.4905611585208174,
    "Corpses of the Lost": 2.22106824925816,
    "Dead Weight": 4.4118775616987875,
    "Deathcap Marionette": 5.415793714746172,
    "Deep Goblin Skulltaker": 6.5859443566789535,
    "Deep-Cavern Bat": 2.8647270198214905,
    "Echo of Dusk": 5.92110693323551,
    "Fanatical Offering": 6.643924967715105,
    "Gargantuan Leech": 6.448993517570795,
    "Grasping Shadows": 5.1338937757488035,
    "Greedy Freebooter": 7.022532940103117,
    "Join the Dead": 3.3428875137618164,
    "Malicious Eclipse": 6.575045516613564,
    "Mephitic Draught": 7.216470980792892,
    "Preacher of the Schism": 1.5544147843942504,
    "Primordial Gnawer": 7.790210072989749,
    "Queen's Bay Paladin": 3.1033519553072626,
    "Rampaging Spiketail": 5.944269166629107,
    "Ray of Ruin": 6.316025484493973,
    "Screaming Phantom": 6.7201544637402915,
    "Skullcap Snail": 5.429044198759591,
    "Soulcoil Viper": 4.4402323676174875,
    "Stalactite Stalker": 2.0997402597402597,
    "Starving Revenant": 1.8948571428571428,
    "Stinging Cave Crawler": 3.709313595911534,
    "Synapse Necromage": 4.84611198040683,
    "Tarrian's Journal": 2.2188603126575894,
    "Terror Tide": 2.174041297935103,
    "Tithing Blade": 4.765605668653695,
    "Visage of Dread": 4.24716140769086,
    "Vito's Inquisitor": 7.750356691533162,
    "Abrade": 2.677148548662493,
    "Ancestors' Aid": 7.186699659758738,
    "Belligerent Yearling": 3.0330693493150687,
    "Bonehoard Dracosaur": 1.1329479768786128,
    "Brass's Tunnel-Grinder": 2.3396470081790786,
    "Brazen Blademaster": 6.897897196261682,
    "Breeches, Eager Pillager": 1.3806306306306306,
    "Burning Sun Cavalry": 6.640363338929786,
    "Calamitous Cave-In": 7.122370733265882,
    "Child of the Volcano": 7.8753112279176385,
    "Curator of Sun's Creation": 5.647969415893708,
    "Daring Discovery": 8.507622811970638,
    "Diamond Pick-Axe": 3.669574411842453,
    "Dinotomaton": 5.260191758764546,
    "Dire Flail": 2.0425859415084657,
    "Dowsing Device": 5.412807109252483,
    "Dreadmaw's Ire": 3.625387797311272,
    "Enterprising Scallywag": 3.9084455916754055,
    "Etali's Favor": 5.266554476146766,
    "Geological Appraiser": 2.604378420641126,
    "Goblin Tomb Raider": 5.7240338591403175,
    "Goldfury Strider": 6.142752065180491,
    "Hit the Mother Lode": 5.567771639042357,
    "Hotfoot Gnome": 7.40428774639301,
    "Idol of the Deep King": 5.108810561328417,
    "Inti, Seneschal of the Sun": 1.4563520227111426,
    "Magmatic Galleon": 1.5505084745762712,
    "Ojer Axonil, Deepest Might": 1.5793758480325644,
    "Panicked Altisaur": 5.563795088257867,
    "Plundering Pirate": 4.44885892689396,
    "Poetic Ingenuity": 2.027565982404692,
    "Rampaging Ceratops": 4.572327044025157,
    "Rumbling Rockslide": 4.978668506029021,
    "Saheeli's Lattice": 4.708425110132159,
    "Scytheclaw Raptor": 2.967410517012815,
    "Seismic Monstrosaur": 5.668498295889267,
    "Sunfire Torch": 5.693174658732937,
    "Sunshot Militia": 5.76936284746392,
    "Tectonic Hazard": 9.316884912253753,
    "Triumphant Chomp": 3.217443729903537,
    "Trumpeting Carnosaur": 1.2873949579831934,
    "Volatile Wanderglyph": 5.131240554000149,
    "Zoyowa's Justice": 8.05960197999798,
    "Armored Kincaller": 5.2700356688533585,
    "Basking Capybara": 7.587071399757967,
    "Bedrock Tortoise": 1.8233830845771144,
    "Cavern Stomper": 5.73265374013877,
    "Cenote Scout": 3.8732554365465757,
    "Coati Scavenger": 4.619208562174341,
    "Colossadactyl": 3.0523920406435225,
    "Disturbed Slumber": 9.212498545327593,
    "Earthshaker Dreadmaw": 3.429971576987161,
    "Explorer's Cache": 5.537047353760446,
    "Ghalta, Stampede Tyrant": 2.204479065238559,
    "Glimpse the Core": 6.114210372106651,
    "Glowcap Lantern": 6.143660804168888,
    "Growing Rites of Itlimoc": 3.9230554001119193,