{
    "Putrid Warrior": 6.812316715542522,
    "Krosan Tusker": 4.765807962529274,
    "Mass Hysteria": null,
    "Spell Snare": 6.9666993143976494,
    "Ghost Quarter": 7.018716577540107,
    "Enlisted Wurm": 3.819548872180451,
    "Kuldotha Rebirth": 6.111583421891605,
    "Molten Psyche": null,
    "Leonin Relic-Warder": 4.055954088952654,
    "Gnaw to the Bone": 7.884615384615385,
    "Stromkirk Captain": 6.2558398220244715,
    "Burden of Guilt": 7.071630537229029,
    "Ixidor, Reality Sculptor": null,
    "Duskmantle, House of Shadow": 7.665725047080979,
    "Worldspine Wurm": null,
    "Possibility Storm": null,
    "Millstone": 7.460287081339713,
    "Nyx Weaver": 5.332962138084633,
    "Evolutionary Leap": null,
    "Shard of Broken Glass": 7.918421052631579,
    "Metalspinner's Puzzleknot": 6.6558317399617595,
    "Smuggler's Copter": null,
    "Consign // Oblivion": 5.402122641509434,
    "Bishop of the Bloodstained": 6.69971671388102,
    "Goblin Warchief": 6.792706333973128,
    "High Alert": 6.951690821256038,
    "Jace, Wielder of Mysteries": null,
    "Syr Konrad, the Grim": null,
    "Ranger-Captain of Eos": null,
    "Hard Evidence": 5.013574660633484,
    "Combine Chrysalis": 5.388471177944862,
    "Quintorius, Field Historian": 5.288622754491018,
    "Laid to Rest": 7.453023255813953,
    "Monologue Tax": null,
    "Magmaw": 4.975510204081632,
    "Mistveil Plains": 6.829871414441147,
    "Mentor of the Meek": null,
    "Ghostly Prison": null,
    "Fabricate": null,
    "Show and Tell": null,
    "Tragic Slip": null,
    "Victimize": null,
    "Gamble": null,
    "Crashing Footfalls": null,
    "Tireless Tracker": null,
    "Drown in the Loch": null,
    "Field of the Dead": null,
    "Case of the Shattered Pact": 5.741998927230466,
    "Absolving Lammasu": 5.228009592326139,
    "Assemble the Players": 3.2148664343786293,
    "Aurelia's Vindicator": null,
    "Auspicious Arrival": 5.347794518061354,
    "Call a Surprise Witness": 4.7702469261253935,
    "Case of the Gateway Express": 2.827069061284947,
    "Case of the Pilfered Proof": 4.555321143928738,
    "Case of the Uneaten Feast": 4.72379746835443,
    "Defenestrated Phantom": 6.158902082142016,
    "Delney, Streetwise Lookout": 1.55810147299509,
    "Doorkeeper Thrull": 3.73951101720495,
    "Due Diligence": 6.4521032283646695,
    "Essence of Antiquity": 5.554766079173203,
    "Forum Familiar": 5.151861089792786,
    "Griffnaut Tracker": 5.667005182798711,
    "Haazda Vigilante": 5.7838244032015655,
    "Inside Source": 3.545484168793787,
    "Karlov Watchdog": 3.793035479632063,
    "Krovod Haunch": 5.243870361672147,
    "Make Your Move": 5.708363142080412,
    "Makeshift Binding": 2.758185683912119,
    "Marketwatch Phantom": 3.6309785452642593,
    "Museum Nightwatch": 4.636581696954913,
    "Neighborhood Guardian": 2.8766550522648084,
    "No Witnesses": 2.20636725412166,
    "Not on My Watch": 3.242165242165242,
    "Novice Inspector": 2.937118723603942,
    "On the Job": 6.229826456884327,
    "Perimeter Enforcer": 2.8229015918958034,
    "Sanctuary Wall": 6.288407643312102,
    "Seasoned Consultant": 4.795870916015233,
    "Tenth District Hero": 1.4444444444444444,
    "Unyielding Gatekeeper": 1.6710144927536232,
    "Wrench": 6.1137541415342795,
    "Agency Outfitter": 6.051394351090454,
    "Behind the Mask": 8.168626133691635,
    "Benthic Criminologists": 7.376267556843232,
    "Bubble Smuggler": 6.331195002351045,
    "Burden of Proof": 5.4570728489303555,
    "Candlestick": 6.480566534914361,
    "Case of the Filched Falcon": 4.673777203188968,
    "Case of the Ransacked Lab": 5.698935948257876,
    "Cold Case Cracker": 4.440662493479395,
    "Conspiracy Unraveler": 3.1285289747399703,
    "Coveted Falcon": 3.1045649629340617,
    "Crimestopper Sprite": 4.882821841371064,
    "Cryptic Coat": 1.6405750798722045,
    "Curious Inquiry": 5.803748934961659,
    "Deduce": 5.919742953934271,
    "Dramatic Accusation": 5.193393672159047,
    "Eliminate the Impossible": 5.5127083139372495,
    "Exit Specialist": 3.1632144525774804,
    "Fae Flight": 5.275054934556224,
    "Forensic Gadgeteer": 2.643349753694581,
    "Forensic Researcher": 4.933479386576379,
    "Furtive Courier": 4.812043414735963,
    "Hotshot Investigators": 6.754603365765537,
    "Intrude on the Mind": 1.9863013698630136,
    "Jaded Analyst": 6.738937910081128,
    "Living Conundrum": 6.893370607028754,
    "Lost in the Maze": 2.9983409373703855,
    "Mistway Spy": 4.22696043591566,
    "Out Cold": 5.780348258706468,
    "Proft's Eidetic Memory": 2.5447070914696814,
    "Projektor Inspector": 5.049397828232971,
    "Reasonable Doubt": 6.342337151765743,
    "Reenact the Crime": 5.052911224263892,
    "Steamcore Scholar": 1.9428387925497752,
    "Unauthorized Exit": 6.320428609341826,
    "Agency Coroner": 7.70294446515095,
    "Alley Assailant": 6.314791785702282,
    "Barbed Servitor": 2.394020288307528,
    "Basilica Stalker": 6.112110394068378,
    "Case of the Stashed Skeleton": 2.1375073142188414,
    "Cerebral Confiscation": 7.457980002531325,
    "Deadly Cover-Up": 2.136505948653726,
    "Extract a Confession": 4.799679355422182,
    "Festerleech": 5.545985126612068,
    "Homicide Investigator": 1.9005847953216375,
    "Hunted Bonebrute": 2.1345238095238095,
    "Illicit Masquerade": 4.027324120603015,
    "It Doesn't Add Up": 6.20243965740981,
    "Lead Pipe": 6.6761943319838055,
    "Leering Onlooker": 3.3640512292065363,
    "Long Goodbye": 2.8810060711188203,
    "Macabre Reconstruction": 6.830989125480237,
    "Massacre Girl, Known Killer": 1.3851992409867173,
    "Murder": 3.5759404432914104,
    "Nightdrinker Moroii": 4.4107448385992924,
    "Outrageous Robbery": 2.5390107088220297,
    "Persuasive Interrogators": 5.680862831858407,
    "Polygraph Orb": 6.7821091505949935,
    "Presumed Dead": 5.811762602788702,
    "Repeat Offender": 6.294021960146401,
    "Rot Farm Mortipede": 7.09348603245911,
    "Slice from the Shadows": 4.323462101794215,
    "Slimy Dualleech": 4.881002087682672,
    "Snarling Gorehound": 5.889901773726239,
    "Soul Enervation": 3.417109929078014,
    "Toxin Analysis": 6.743561358382444,
    "Undercity Eliminator": 3.649433231960188,
    "Unscrupulous Agent": 5.148758078330608,
    "Vein Ripper": 1.478688524590164,
    "Anzrag's Rampage": 5.682455783695874,
    "Bolrac-Clan Basher": 3.942919868276619,
    "Case of the Burning Masks": 3.3902293714626155,
    "Case of the Crimson Pulse": 2.9607081174438687,
    "Caught Red-Handed": 7.085752288553321,
    "The Chase Is On": 6.510238126390161,
    "Concealed Weapon": 5.079067508499271,
    "Connecting the Dots": 4.113557358053303,
    "Convenient Target": 5.820809248554913,
    "Cornered Crook": 4.344957264957265,
    "Crime Novelist": 5.296077853140666,
    "Demand Answers": 6.746691748832382,
    "Expedited Inheritance": 5.198604651162791,
    "Expose the Culprit": 7.045039954798612,
    "Felonious Rage": 6.669029569098487,
    "Frantic Scapegoat": 4.6807151979565775,
    "Fugitive Codebreaker": 2.0627666057282146,
    "Galvanize": 3.1497775580820564,
    "Gearbane Orangutan": 5.541692538076628,
    "Goblin Maskmaker": 6.581280290791599,
    "Harried Dronesmith": 3.4137879911045217,
    "Incinerator of the Guilty": null,
    "Innocent Bystander": 6.024515779493431,
    "Knife": 6.331384178431208,
    "Krenko, Baron of Tin Street": 1.7159420289855072,
    "Krenko's Buzzcrusher": 1.8640776699029127,
    "Lamplight Phoenix": 1.736279401282965,
    "Offender at Large": 6.358590045428922,
    "Person of Interest": 4.661561449383639,
    "Pyrotechnic Performer": 1.7816500711237553,
    "Reckless Detective": 3.4329733621310297,
    "Red Herring": 4.856567284448026,
    "Rubblebelt Braggart": 7.037541784520442,
    "Shock": 3.2759693633317375,
    "Suspicious Detonation": 5.6061006536414615,
    "Vengeful Tracker": 4.264800265574859,
    "Aftermath Analyst": 5.597891842346471,
    "Airtight Alibi": 7.161275051286098,