{
    "Putrid Warrior": 6.796197718631179,
    "Krosan Tusker": 4.7227356746765246,
    "Mass Hysteria": 5.565714285714286,
    "Spell Snare": 6.968388589051657,
    "Ghost Quarter": 7.0256410256410255,
    "Enlisted Wurm": 3.692121212121212,
    "Kuldotha Rebirth": 6.152845528455285,
    "Molten Psyche": 5.408759124087592,
    "Leonin Relic-Warder": 4.0481220657277,
    "Gnaw to the Bone": 7.895927601809955,
    "Stromkirk Captain": 6.343434343434343,
    "Burden of Guilt": 7.068094873756695,
    "Ixidor, Reality Sculptor": null,
    "Duskmantle, House of Shadow": 7.6651617757712565,
    "Worldspine Wurm": null,
    "Possibility Storm": 5.7061946902654865,
    "Millstone": 7.47450110864745,
    "Nyx Weaver": 5.297587131367292,
    "Evolutionary Leap": 5.262867647058823,
    "Shard of Broken Glass": 7.89245810055866,
    "Metalspinner's Puzzleknot": 6.704868913857678,
    "Smuggler's Copter": null,
    "Consign // Oblivion": 5.416281221091582,
    "Bishop of the Bloodstained": 6.704266088214028,
    "Goblin Warchief": 6.7663903541823665,
    "High Alert": 6.9903632320237215,
    "Jace, Wielder of Mysteries": null,
    "Syr Konrad, the Grim": 2.9386106623586428,
    "Ranger-Captain of Eos": null,
    "Hard Evidence": 4.954710144927536,
    "Combine Chrysalis": 5.3212890625,
    "Quintorius, Field Historian": 5.288135593220339,
    "Laid to Rest": 7.4398523985239855,
    "Monologue Tax": 5.084313725490196,
    "Magmaw": 4.9258474576271185,
    "Mistveil Plains": 6.827113480578827,
    "Mentor of the Meek": null,
    "Ghostly Prison": null,
    "Fabricate": 4.93956043956044,
    "Show and Tell": null,
    "Tragic Slip": null,
    "Victimize": null,
    "Gamble": null,
    "Crashing Footfalls": null,
    "Tireless Tracker": null,
    "Drown in the Loch": null,
    "Field of the Dead": null,
    "Case of the Shattered Pact": 5.801457445345799,
    "Absolving Lammasu": 5.344794651384909,
    "Assemble the Players": 3.3340230564587645,
    "Aurelia's Vindicator": 1.1443661971830985,
    "Auspicious Arrival": 5.251313235126185,
    "Call a Surprise Witness": 4.838163490313435,
    "Case of the Gateway Express": 2.770186335403727,
    "Case of the Pilfered Proof": 4.654805543138131,
    "Case of the Uneaten Feast": 4.868495742667928,
    "Defenestrated Phantom": 6.195347987260481,
    "Delney, Streetwise Lookout": 1.607843137254902,
    "Doorkeeper Thrull": 3.878418079096045,
    "Due Diligence": 6.459285567222565,
    "Essence of Antiquity": 5.642927585235277,
    "Forum Familiar": 5.249282613494224,
    "Griffnaut Tracker": 5.667148073464494,
    "Haazda Vigilante": 5.754557362733326,
    "Inside Source": 3.445212026416406,
    "Karlov Watchdog": 3.773555919705039,
    "Krovod Haunch": 5.274136563559017,
    "Make Your Move": 5.726969663295922,
    "Makeshift Binding": 2.7128484712230216,
    "Marketwatch Phantom": 3.5457180057961275,
    "Museum Nightwatch": 4.616306420851876,
    "Neighborhood Guardian": 2.7881958978652155,
    "No Witnesses": 2.2058823529411766,
    "Not on My Watch": 3.2771864877371586,
    "Novice Inspector": 2.84990221642764,
    "On the Job": 6.015486725663717,
    "Perimeter Enforcer": 2.7918285138828947,
    "Sanctuary Wall": 6.369412536921562,
    "Seasoned Consultant": 4.667101039316022,
    "Tenth District Hero": 1.444,
    "Unyielding Gatekeeper": 1.6645714285714286,
    "Wrench": 6.224181028811999,
    "Agency Outfitter": 6.134197664947054,
    "Behind the Mask": 8.204283243704248,
    "Benthic Criminologists": 7.426809874489272,
    "Bubble Smuggler": 6.324191353501518,
    "Burden of Proof": 5.540297424737033,
    "Candlestick": 6.5682684973302825,
    "Case of the Filched Falcon": 4.699137281179328,
    "Case of the Ransacked Lab": 5.815555555555555,
    "Cold Case Cracker": 4.4181169272603675,
    "Conspiracy Unraveler": 3.240802675585284,
    "Coveted Falcon": 3.123397913561848,
    "Crimestopper Sprite": 4.8820509629445255,
    "Cryptic Coat": 1.6185372005044136,
    "Curious Inquiry": 5.87463747099768,
    "Deduce": 5.853302611367128,
    "Dramatic Accusation": 5.227763004571394,
    "Eliminate the Impossible": 5.4558429326957905,
    "Exit Specialist": 3.141147741147741,
    "Fae Flight": 5.390660676143478,
    "Forensic Gadgeteer": 2.66616484757245,
    "Forensic Researcher": 4.886224729666196,
    "Furtive Courier": 4.807742355237475,
    "Hotshot Investigators": 6.794143722602571,
    "Intrude on the Mind": 1.9935344827586208,
    "Jaded Analyst": 6.666903427107379,
    "Living Conundrum": 6.978571870935777,
    "Lost in the Maze": 2.985336308575072,
    "Mistway Spy": 4.282427536231884,
    "Out Cold": 5.669878096736139,
    "Proft's Eidetic Memory": 2.4962256654747716,
    "Projektor Inspector": 4.9338242176531155,
    "Reasonable Doubt": 6.311549429657795,
    "Reenact the Crime": 5.155664359277393,
    "Steamcore Scholar": 1.9422784810126583,
    "Unauthorized Exit": 6.269025124584718,
    "Agency Coroner": 7.792532420575616,
    "Alley Assailant": 6.40700104493208,
    "Barbed Servitor": 2.4683645045762037,
    "Basilica Stalker": 6.165401518178186,
    "Case of the Stashed Skeleton": 2.17311971517579,
    "Cerebral Confiscation": 7.555372995242533,
    "Deadly Cover-Up": 2.141847313854854,
    "Extract a Confession": 4.740407635069557,
    "Festerleech": 5.591284204430288,
    "Homicide Investigator": 1.943142144638404,
    "Hunted Bonebrute": 2.1257457549334555,
    "Illicit Masquerade": 4.145370370370371,
    "It Doesn't Add Up": 6.3159267183738965,
    "Lead Pipe": 6.7977556424158365,
    "Leering Onlooker": 3.402615122228539,
    "Long Goodbye": 2.9114569358733564,
    "Macabre Reconstruction": 6.880605678233438,
    "Massacre Girl, Known Killer": 1.4085106382978723,
    "Murder": 3.699820558831069,
    "Nightdrinker Moroii": 4.468717231737155,
    "Outrageous Robbery": 2.5701619121048576,
    "Persuasive Interrogators": 5.7406646354425,
    "Polygraph Orb": 6.8173623985169085,
    "Presumed Dead": 5.864745622501034,
    "Repeat Offender": 6.324281820088069,
    "Rot Farm Mortipede": 7.142902899943332,
    "Slice from the Shadows": 4.372457296760933,
    "Slimy Dualleech": 4.937449621151056,
    "Snarling Gorehound": 5.847504312503478,
    "Soul Enervation": 3.4960691823899372,
    "Toxin Analysis": 6.801041561330772,
    "Undercity Eliminator": 3.7694700819247124,
    "Unscrupulous Agent": 5.1714698708103715,
    "Vein Ripper": 1.4974489795918366,
    "Anzrag's Rampage": 5.781635802469136,
    "Bolrac-Clan Basher": 3.9615092187796996,
    "Case of the Burning Masks": 3.4114488117001827,
    "Case of the Crimson Pulse": 3.0019782393669634,
    "Caught Red-Handed": 7.170230914518979,
    "The Chase Is On": 6.452343149807938,
    "Concealed Weapon": 5.1268947921356745,
    "Connecting the Dots": 4.19743249225321,
    "Convenient Target": 5.929350791052919,
    "Cornered Crook": 4.409122930609369,
    "Crime Novelist": 5.346899816737936,
    "Demand Answers": 6.826106674057091,
    "Expedited Inheritance": 5.311827956989247,
    "Expose the Culprit": 7.146426786606697,
    "Felonious Rage": 6.6602879347687605,
    "Frantic Scapegoat": 4.688397425317709,
    "Fugitive Codebreaker": 2.08983451536643,
    "Galvanize": 3.131384034467735,
    "Gearbane Orangutan": 5.554951588245286,
    "Goblin Maskmaker": 6.566290550070522,
    "Harried Dronesmith": 3.3932117293927497,
    "Incinerator of the Guilty": 1.239460370994941,
    "Innocent Bystander": 5.991705848169476,
    "Knife": 6.43011652610571,
    "Krenko, Baron of Tin Street": 1.7278003482298316,
    "Krenko's Buzzcrusher": 1.9237246161466073,
    "Lamplight Phoenix": 1.7454545454545454,
    "Offender at Large": 6.235844629822732,
    "Person of Interest": 4.582024691358025,
    "Pyrotechnic Performer": 1.7578947368421052,
    "Reckless Detective": 3.3376996438009883,
    "Red Herring": 4.786132315521629,
    "Rubblebelt Braggart": 7.081266977346924,
    "Shock": 3.2669079287493537,
    "Suspicious Detonation": 5.667052852256427,