{
    "Another Round": 6.375204985241063,
    "Archangel of Tithes": null,
    "Armored Armadillo": 7.980160286947262,
    "Aven Interrupter": 2.511353315168029,
    "Bounding Felidar": 3.9536059806508357,
    "Bovine Intervention": 6.481010719754977,
    "Bridled Bighorn": 5.746373090255489,
    "Claim Jumper": 2.7674943566591423,
    "Dust Animus": 1.436335403726708,
    "Eriette's Lullaby": 5.770118627765309,
    "Final Showdown": null,
    "Fortune, Loyal Steed": 1.9416498993963782,
    "Frontier Seeker": 3.7259380097879284,
    "Getaway Glamer": 3.812457531143828,
    "High Noon": 5.809854267869535,
    "Holy Cow": 4.750997895347993,
    "Inventive Wingsmith": 7.712328767123288,
    "Lassoed by the Law": 2.4355322338830585,
    "Mystical Tether": 3.279496591504982,
    "Nurturing Pixie": 5.503454925277198,
    "Omenport Vigilante": 4.7794334069168505,
    "One Last Job": 3.593696275071633,
    "Outlaw Medic": 5.976101568334578,
    "Prairie Dog": 2.978425655976676,
    "Prosperity Tycoon": 3.8608884073672805,
    "Requisition Raid": 5.57643364733102,
    "Rustler Rampage": 7.114241659657976,
    "Shepherd of the Clouds": 2.475,
    "Sheriff of Safe Passage": 5.582554517133956,
    "Stagecoach Security": 6.5476785714285715,
    "Steer Clear": 6.568225419664269,
    "Sterling Keykeeper": 5.961235463298737,
    "Sterling Supplier": 6.367700508844197,
    "Take Up the Shield": 5.217640162747397,
    "Thunder Lasso": 5.9995142487046635,
    "Trained Arynx": 4.1071160423792445,
    "Vengeful Townsfolk": 6.334037034803064,
    "Wanted Griffin": 6.593901430091006,
    "Archmage's Newt": 4.088964511424405,
    "Canyon Crab": 4.889714993804213,
    "Daring Thunder-Thief": 8.07719414161436,
    "Deepmuck Desperado": 4.784408084696824,
    "Djinn of Fool's Fall": 7.453975134025322,
    "Double Down": 3.4941634241245136,
    "Duelist of the Mind": 2.584456780333069,
    "Emergent Haunting": 5.454019073569483,
    "Failed Fording": 7.304986181483187,
    "Fblthp, Lost on the Range": 3.6591166477916195,
    "Fleeting Reflection": 7.767480347538271,
    "Geralf, the Fleshwright": null,
    "Geyser Drake": 6.683792564071712,
    "Harrier Strix": 7.7728755364806865,
    "Jailbreak Scheme": 7.177113744347129,
    "The Key to the Vault": 5.443421557345608,
    "Loan Shark": 5.597556194458965,
    "Marauding Sphinx": 3.3157894736842106,
    "Metamorphic Blast": 5.186342789196535,
    "Nimble Brigand": 3.9697589813551613,
    "Outlaw Stitcher": 3.8393639087347315,
    "Peerless Ropemaster": 8.117903442109968,
    "Phantom Interference": 5.91879631995911,
    "Plan the Heist": 5.744182262001627,
    "Razzle-Dazzler": 7.201265161627299,
    "Seize the Secrets": 7.3245528826924176,
    "Shackle Slinger": 6.665315315315316,
    "Shifting Grift": 7.876929437706726,
    "Slickshot Lockpicker": 3.6860380998312032,
    "Slickshot Vault-Buster": 8.374097149473451,
    "Spring Splasher": 7.748179749715586,
    "Step Between Worlds": 6.408851748684618,
    "Stoic Sphinx": 2.0048426150121066,
    "Stop Cold": 6.522082498025636,
    "Take the Fall": 6.862193747404639,
    "This Town Ain't Big Enough": 5.423083432052801,
    "Three Steps Ahead": 2.5094185094185093,
    "Visage Bandit": 5.006225542511562,
    "Ambush Gigapede": 6.139993908010966,
    "Binding Negotiation": 5.441611583254643,
    "Blacksnag Buzzard": 7.091804411680009,
    "Blood Hustler": 2.7924650860669047,
    "Boneyard Desecrator": 7.290111028015877,
    "Caustic Bronco": 1.8103448275862069,
    "Consuming Ashes": 3.360680127523911,
    "Corrupted Conviction": 7.950044111160124,
    "Desert's Due": 3.6666980333113766,
    "Desperate Bloodseeker": 4.521119441763789,
    "Fake Your Own Death": 7.182861076058277,
    "Forsaken Miner": 4.6190112616911625,
    "Gisa, the Hellraiser": null,
    "Hollow Marauder": 2.844225888324873,
    "Insatiable Avarice": 4.327570518653321,
    "Kaervek, the Punisher": 2.3689052437902482,
    "Lively Dirge": 5.131619537275064,
    "Mourner's Surprise": 5.647934095408392,
    "Neutralize the Guards": 7.38941372603501,
    "Nezumi Linkbreaker": 7.054179476767794,
    "Overzealous Muscle": 7.589117250673854,
    "Pitiless Carnage": 6.280040390440929,
    "Rakish Crew": 5.491264131551901,
    "Rattleback Apothecary": 3.888184698958805,
    "Raven of Fell Omens": 5.0596646942800785,
    "Rictus Robber": 3.9049217002237135,
    "Rooftop Assassin": 5.802267002518891,
    "Rush of Dread": 2.3005836575875485,
    "Servant of the Stinger": 3.5992957746478873,
    "Shoot the Sheriff": 2.9606114050558494,
    "Skulduggery": 6.42012012012012,
    "Tinybones Joins Up": 5.46230598669623,
    "Tinybones, the Pickpocket": null,
    "Treasure Dredger": 4.538008361839605,
    "Unfortunate Accident": 2.972894199941708,
    "Unscrupulous Contractor": 4.345505060527882,
    "Vadmir, New Blood": 1.7352941176470589,
    "Vault Plunderer": 4.043593130779392,
    "Brimstone Roundup": 6.68276473194506,
    "Calamity, Galloping Inferno": 1.6484268125854993,
    "Caught in the Crossfire": 6.977240599378004,
    "Cunning Coyote": 4.433700530395757,
    "Deadeye Duelist": 5.875690607734807,
    "Demonic Ruckus": 5.753066494512589,
    "Discerning Peddler": 6.568108267137394,
    "Explosive Derailment": 4.25569333009158,
    "Ferocification": 6.862470167064439,
    "Gila Courser": 4.423923824637969,
    "Great Train Heist": 3.1033574720210666,
    "Hell to Pay": 3.005121638924456,
    "Hellspur Brute": 4.512180746561886,
    "Hellspur Posse Boss": 1.9386792452830188,
    "Highway Robbery": 7.418242554637074,
    "Irascible Wolverine": 6.098174366616989,
    "Iron-Fist Pulverizer": 7.324551795699545,
    "Longhorn Sharpshooter": 3.098611111111111,
    "Magda, the Hoardmaster": 1.8818076477404404,
    "Magebane Lizard": 7.711562370493162,
    "Mine Raider": 6.5187496250075,
    "Outlaws' Fury": 8.317716362034794,
    "Prickly Pair": 5.193212764471755,
    "Quick Draw": 8.475829117481732,
    "Quilled Charger": 6.975964616190421,
    "Reckless Lackey": 6.999532437171245,
    "Resilient Roadrunner": 5.193598615916955,
    "Return the Favor": 7.296701734432755,
    "Rodeo Pyromancers": 7.835024531668154,
    "Scalestorm Summoner": 3.844303222877894,
    "Scorching Shot": 3.8392735527809307,
    "Slickshot Show-Off": 2.6089693154996065,
    "Stingerback Terror": 1.6469072164948453,
    "Take for a Ride": 6.737719171134618,
    "Terror of the Peaks": null,
    "Thunder Salvo": 5.297138964577656,
    "Trick Shot": 7.413443675054889,
    "Aloe Alchemist": 2.7910537376163314,
    "Ankle Biter": 5.918522204254261,
    "Beastbond Outcaster": 2.9213715637008573,
    "Betrayal at the Vault": 4.543366862782312,
    "Bristlepack Sentry": 5.386530693331568,
    "Bristly Bill, Spine Sower": null,
    "Cactarantula": 3.48074422326698,
    "Colossal Rattlewurm": 1.406855439642325,
    "Dance of the Tumbleweeds": 3.982672639675429,
    "Drover Grizzly": 4.725909752547307,
    "Freestrider Commando": 4.903430042440688,
    "Freestrider Lookout": 1.848623853211009,
    "Full Steam Ahead": 6.5505342188853595,
    "Giant Beaver": 3.8680344258019645,
    "Gold Rush": 5.846257283729269,
    "Goldvein Hydra": null,
    "Hardbristle Bandit": 3.439876874193228,
    "Intrepid Stablemaster": 2.970544480809283,
    "Map the Frontier": 6.50877449546651,
    "Ornery Tumblewagg": 1.3703703703703705,
    "Outcaster Greenblade": 2.3124250898921295,
    "Outcaster Trailblazer": 1.6850605652759085,
    "Patient Naturalist": 4.299306717666746,
    "Railway Brawler": null,
    "Rambling Possum": 3.5543451948680707,
    "Raucous Entertainer": 3.912332838038633,
    "Reach for the Sky": 7.3977589443148855,
    "Rise of the Varmints": 5.415884000659087,
    "Smuggler's Surprise": 2.987886944818304,
    "Snakeskin Veil": 4.549180327868853,
    "Spinewoods Armadillo": 2.168152866242038,
    "Spinewoods Paladin": 3.5260663507109005,
    "Stubborn Burrowfiend": 3.0294203320710746,
    "Throw from the Saddle": 3.045433309974305,