{
    "Abuelo's Awakening": 4.468619246861925,
    "Acrobatic Leap": 8.558766519823788,
    "Adaptive Gemguard": 5.673503122321538,
    "Attentive Sunscribe": 5.736146355857185,
    "Bat Colony": 6.53625619519634,
    "Clay-Fired Bricks": 3.0598896769109536,
    "Cosmium Blast": 5.446924540266329,
    "Dauntless Dismantler": 5.796134376438104,
    "Deconstruction Hammer": 6.923854049116019,
    "Dusk Rose Reliquary": 3.265319341883664,
    "Envoy of Okinec Ahau": 6.576600821218511,
    "Fabrication Foundry": 5.103412073490814,
    "Family Reunion": 8.403121402072406,
    "Get Lost": 2.646379853095488,
    "Glorifier of Suffering": 5.863067316023783,
    "Guardian of the Great Door": 3.2669819997372223,
    "Helping Hand": 6.1972606818520175,
    "Ironpaw Aspirant": 5.277792024618541,
    "Kinjalli's Dawnrunner": 3.526801561945332,
    "Kutzil's Flanker": 2.094006309148265,
    "Malamet War Scribe": 4.449672307541817,
    "Market Gnome": 4.377187864644108,
    "Might of the Ancestors": 6.301398865784499,
    "Miner's Guidewing": 4.4668840208073854,
    "Mischievous Pup": 4.695525380479358,
    "Ojer Taq, Deepest Foundation": 1.5183044315992293,
    "Oltec Archaeologists": 7.417519908987486,
    "Oltec Cloud Guard": 3.5646883871839936,
    "Oteclan Landmark": 7.018070435536658,
    "Petrify": 3.5341975860527493,
    "Quicksand Whirlpool": 5.222782708639295,
    "Resplendent Angel": null,
    "Ruin-Lurker Bat": 3.2088574423480085,
    "Sanguine Evangelist": 1.637137989778535,
    "Soaring Sandwing": 6.007906615680975,
    "Spring-Loaded Sawblades": 2.6221174004192873,
    "Thousand Moons Crackshot": 7.729155327475831,
    "Thousand Moons Infantry": 7.956226784977301,
    "Thousand Moons Smithy": 1.4770992366412214,
    "Tinker's Tote": 4.212663956431695,
    "Unstable Glyphbridge": 1.6163905841325197,
    "Vanguard of the Rose": 4.50668786830044,
    "Warden of the Inner Sky": 1.7107371794871795,
    "Akal Pakal, First Among Equals": 1.7874538745387454,
    "Ancestral Reminiscence": 8.51231026955683,
    "Brackish Blunder": 6.128341630456678,
    "Braided Net": 2.446014697569248,
    "Chart a Course": 4.417801740446462,
    "Cogwork Wrestler": 6.101347803255733,
    "Confounding Riddle": 5.2330456226880395,
    "Council of Echoes": 5.016224318843135,
    "Didact Echo": 7.647608518255284,
    "Eaten by Piranhas": 4.42600679281902,
    "The Enigma Jewel": 4.359211337030191,
    "The Everflowing Well": 2.584366576819407,
    "Frilled Cave-Wurm": 8.617724967834707,
    "Hermitic Nautilus": 4.733165286280158,
    "Hurl into History": 6.80252460419341,
    "Inverted Iceberg": 5.383948719625862,
    "Kitesail Larcenist": 1.6658097686375322,
    "Lodestone Needle": 3.768581081081081,
    "Malcolm, Alluring Scoundrel": 1.6587301587301588,
    "Marauding Brinefang": 6.987718635283956,
    "Merfolk Cave-Diver": 6.1900226403310175,
    "Oaken Siren": 4.61065498324804,
    "Ojer Pakpatiq, Deepest Epoch": 1.4127906976744187,
    "Orazca Puzzle-Door": 7.459920707853073,
    "Out of Air": 8.243515332066362,
    "Pirate Hat": 7.973435225618632,
    "Relic's Roar": 9.300366848843304,
    "River Herald Scout": 5.379429613558469,
    "Sage of Days": 7.998661277450249,
    "Self-Reflection": 7.145757094524615,
    "Shipwreck Sentry": 7.138889641531417,
    "Sinuous Benthisaur": 6.679985729575455,
    "Song of Stupefaction": 8.860616006059075,
    "Spyglass Siren": 2.8327993897787946,
    "Staunch Crewmate": 3.8076923076923075,
    "Tishana's Tidebinder": 2.2432266009852215,
    "Unlucky Drop": 7.709457702906463,
    "Waterlogged Hulk": 7.20893132826348,
    "Waterwind Scout": 3.509125178136349,
    "Waylaying Pirates": 6.296457018871156,
    "Zoetic Glyph": 3.1551359729463155,
    "Abyssal Gorestalker": 6.396461481754515,
    "Aclazotz, Deepest Betrayal": null,
    "Another Chance": 6.682231266726137,
    "Bitter Triumph": 2.6546458739441197,
    "Bloodthorn Flail": 7.9223932077474135,
    "Bringer of the Last Gift": 2.6683087027914616,
    "Broodrage Mycoid": 6.35167068249775,
    "Canonized in Blood": 6.082870334141951,
    "Chupacabra Echo": 2.4965827637939655,
    "Corpses of the Lost": 2.2199870214146658,
    "Dead Weight": 4.407801552736224,
    "Deathcap Marionette": 5.463002445601053,
    "Deep Goblin Skulltaker": 6.507090170964607,
    "Deep-Cavern Bat": 2.943382565884738,
    "Echo of Dusk": 5.966692463388498,
    "Fanatical Offering": 6.592427744015521,
    "Gargantuan Leech": 6.43646613752689,
    "Grasping Shadows": 5.066564147627417,
    "Greedy Freebooter": 6.984189723320158,
    "Join the Dead": 3.3353364787683137,
    "Malicious Eclipse": 6.463932213557289,
    "Mephitic Draught": 7.100392092795295,
    "Preacher of the Schism": 1.5706570657065706,
    "Primordial Gnawer": 7.764581906317509,
    "Queen's Bay Paladin": 2.95417661097852,
    "Rampaging Spiketail": 5.968462166258599,
    "Ray of Ruin": 6.225415992604576,
    "Screaming Phantom": 6.71332955190017,
    "Skullcap Snail": 5.403386900569819,
    "Soulcoil Viper": 4.4438087850286045,
    "Stalactite Stalker": 2.0613793103448277,
    "Starving Revenant": 1.8563988095238095,
    "Stinging Cave Crawler": 3.6466200466200465,
    "Synapse Necromage": 4.738384110721668,
    "Tarrian's Journal": 2.163551401869159,
    "Terror Tide": 2.1433311214333113,
    "Tithing Blade": 4.8603396172111095,
    "Visage of Dread": 4.251179820992677,
    "Vito's Inquisitor": 7.650628280578973,
    "Abrade": 2.694932844932845,
    "Ancestors' Aid": 7.319550872711792,
    "Belligerent Yearling": 3.035131396957123,
    "Bonehoard Dracosaur": null,
    "Brass's Tunnel-Grinder": 2.312,
    "Brazen Blademaster": 6.8614154493138555,
    "Breeches, Eager Pillager": 1.3913461538461538,
    "Burning Sun Cavalry": 6.65968717762846,
    "Calamitous Cave-In": 7.087187263078089,
    "Child of the Volcano": 7.790124408801152,
    "Curator of Sun's Creation": 5.616132487435116,
    "Daring Discovery": 8.516098962007458,
    "Diamond Pick-Axe": 3.723464317976513,
    "Dinotomaton": 5.324922323698334,
    "Dire Flail": 2.0281124497991967,
    "Dowsing Device": 5.483230987246103,
    "Dreadmaw's Ire": 3.6602286602286602,
    "Enterprising Scallywag": 3.885439763488544,
    "Etali's Favor": 5.5387211820150295,
    "Geological Appraiser": 2.638336646785951,
    "Goblin Tomb Raider": 5.787060110618125,
    "Goldfury Strider": 6.093756910149628,
    "Hit the Mother Lode": 5.445992179863148,
    "Hotfoot Gnome": 7.393266760257463,
    "Idol of the Deep King": 5.1199104098415456,
    "Inti, Seneschal of the Sun": 1.4854014598540146,
    "Magmatic Galleon": 1.5739750445632799,
    "Ojer Axonil, Deepest Might": 1.5318021201413428,
    "Panicked Altisaur": 5.696014258934882,
    "Plundering Pirate": 4.554545454545455,
    "Poetic Ingenuity": 2.0759493670886076,
    "Rampaging Ceratops": 4.572683858643744,
    "Rumbling Rockslide": 4.966497999140127,
    "Saheeli's Lattice": 4.704122530775837,
    "Scytheclaw Raptor": 2.978729519977005,
    "Seismic Monstrosaur": 5.671956232619998,
    "Sunfire Torch": 5.768399180920261,
    "Sunshot Militia": 5.853969486161287,
    "Tectonic Hazard": 9.267130460801916,
    "Triumphant Chomp": 3.1907019623337285,
    "Trumpeting Carnosaur": 1.2846068660022147,
    "Volatile Wanderglyph": 5.23593237446379,
    "Zoyowa's Justice": 7.999671937536907,
    "Armored Kincaller": 5.337354048055582,
    "Basking Capybara": 7.536069193963931,
    "Bedrock Tortoise": 1.8325082508250825,
    "Cavern Stomper": 5.803539660143549,
    "Cenote Scout": 3.866870777027027,
    "Coati Scavenger": 4.613193678794561,
    "Colossadactyl": 3.1012090748539602,
    "Disturbed Slumber": 9.17617259369408,
    "Earthshaker Dreadmaw": 3.3846552617936756,
    "Explorer's Cache": 5.507594833888392,
    "Ghalta, Stampede Tyrant": 2.1715039577836412,
    "Glimpse the Core": 5.968968968968969,
    "Glowcap Lantern": 6.059948682062048,
    "Growing Rites of Itlimoc": 3.777439024390244,
    "Huatli, Poet of Unity": null,