{
    "Ajani, Nacatl Pariah": null,
    "Razorgrass Ambush": 4.67724609375,
    "Witch Enchanter": 4.22729715206878,
    "Hydroelectric Specimen": 6.148141122913505,
    "Sink into Stupor": 5.103085867620751,
    "Tamiyo, Inquisitive Student": null,
    "Boggart Trawler": 6.097546379413525,
    "Fell the Profane": 3.0462590506838296,
    "Sorin of House Markov": null,
    "Pinnacle Monk": 4.787834549878346,
    "Ral, Monsoon Mage": 3.1845018450184504,
    "Sundering Eruption": 5.345890410958904,
    "Bridgeworks Battle": 3.1448957189901208,
    "Disciple of Freyalise": 4.597295266716754,
    "Grist, Voracious Larva": null,
    "Bloodsoaked Insight": 5.056184765711747,
    "Drowner of Truth": 3.5231316725978647,
    "Glasswing Grace": 3.8323649041255083,
    "Legion Leadership": 4.429281630623913,
    "Revitalizing Repast": 3.7271630991860114,
    "Rush of Inspiration": 5.163031257027209,
    "Strength of the Harvest": 4.252522639068564,
    "Stump Stomp": 2.883248730964467,
    "Suppression Ray": 4.654139032178826,
    "Waterlogged Teachings": 6.299081851924204,
    "Breaker of Creation": 3.551468106648667,
    "Devourer of Destiny": 2.4651162790697674,
    "Drownyard Lurker": 5.4961832061068705,
    "Echoes of Eternity": 4.194813829787234,
    "Eldrazi Ravager": 3.9731017091622305,
    "Emrakul, the World Anew": null,
    "Glaring Fleshraker": 3.2005189028910306,
    "Herigast, Erupting Nullkite": null,
    "It That Heralds the End": 3.874064837905237,
    "Kozilek, the Broken Reality": null,
    "Kozilek's Command": 2.479654747225647,
    "Null Elemental Blast": 8.004918320744775,
    "Nulldrifter": 1.6152450090744102,
    "Twisted Riddlekeeper": 3.773199023199023,
    "Ulamog, the Defiler": null,
    "Warped Tusker": 5.024721662137284,
    "Wastescape Battlemage": 3.4833168153287084,
    "Aerie Auxiliary": 3.9977978418850473,
    "Ajani Fells the Godsire": 3.9443768996960484,
    "Argent Dais": 5.9810695693327025,
    "Charitable Levy": 8.48198118231848,
    "Dog Umbra": 5.153738399579758,
    "Envoy of the Ancestors": 4.394354148845167,
    "Essence Reliquary": 6.804148384523335,
    "Expel the Unworthy": 6.405810539329315,
    "Flare of Fortitude": 5.843245735361918,
    "Glyph Elemental": 2.7158225011205737,
    "Guardian of the Forgotten": 5.354809843400448,
    "Guide of Souls": 1.615678776290631,
    "Hexgold Slith": 4.927329592493791,
    "Indebted Spirit": 5.731906859660164,
    "Inspired Inventor": 5.578703320361017,
    "Jolted Awake": 7.30244221543829,
    "Mandibular Kite": 5.687259333668173,
    "Metastatic Evangel": 3.2733308742161564,
    "Muster the Departed": 6.403928790669122,
    "Nyxborn Unicorn": 5.872643417752245,
    "Ocelot Pride": null,
    "Pearl-Ear, Imperial Advisor": 3.497071129707113,
    "Phelia, Exuberant Shepherd": 1.8761329305135952,
    "Proud Pack-Rhino": 4.213404374649468,
    "Rosecot Knight": 8.011545598240671,
    "Solstice Zealot": 6.212767632241814,
    "Static Prison": 4.274293785310735,
    "Thraben Charm": 5.388110072689512,
    "Voltstorm Angel": 3.6486668916638543,
    "White Orchid Phantom": 3.993355481727575,
    "Wing It": 7.457022612169199,
    "Wrath of the Skies": 2.6997792494481234,
    "Aether Spike": 6.2653598822344465,
    "Amphibian Downpour": 3.320907617504052,
    "Bespoke Battlewagon": 5.2199370917009436,
    "Brainsurge": 5.2147196261682245,
    "Consign to Memory": 7.666606038559476,
    "Copycrook": 5.13890181479758,
    "Corrupted Shapeshifter": 6.892648688585149,
    "Deem Inferior": 5.996941176470588,
    "Depth Defiler": 3.1470364741641337,
    "Dreamtide Whale": 3.5850877192982455,
    "Electrozoa": 7.55913211048462,
    "Emrakul's Messenger": 3.6488326848249026,
    "Flare of Denial": 4.669862192929898,
    "Harbinger of the Seas": 6.48149861239593,
    "Hope-Ender Coatl": 3.6072007784625364,
    "Kozilek's Unsealing": 4.521586931155192,
    "Petrifying Meddler": 5.039698536499869,
    "Roil Cartographer": 3.82,
    "Sage of the Unknowable": 6.712543683545245,
    "Serum Visionary": 4.9029796511627906,
    "Shadow of the Second Sun": 4.144285714285714,
    "Strix Serenade": 6.023941068139963,
    "Tamiyo Meets the Story Circle": 6.888262910798122,
    "Tempest Harvester": 6.240046029919448,
    "Triton Wavebreaker": 7.350382235165635,
    "Tune the Narrative": 5.963732225595143,
    "Ugin's Binding": null,
    "Unfathomable Truths": 5.366722830665544,
    "Utter Insignificance": 6.075065576299954,
    "Volatile Stormdrake": 3.5019669551534225,
    "Accursed Marauder": 4.9171750785727495,
    "Arcbound Condor": 5.157264957264958,
    "Breathe Your Last": 3.802686714320927,
    "Chthonian Nightmare": 2.639697950377562,
    "Consuming Corruption": 5.774518584863412,
    "Crabomination": 1.7371225577264653,
    "The Creation of Avacyn": 7.830978260869565,
    "Dreadmobile": 7.150507328072154,
    "Dreamdrinker Vampire": 6.194780694859299,
    "Drossclaw": 7.260331781140861,
    "Emperor of Bones": 2.0851063829787235,
    "Etched Slith": 4.456737208679346,
    "Etherium Pteramander": 5.238027836753951,
    "Eviscerator's Insight": 6.424228359248086,
    "Fetid Gargantua": 6.5769956951891855,
    "Flare of Malice": 3.353898886032562,
    "Gravedig": 7.146227106227106,
    "Grim Servant": 5.907025662599916,
    "Kami of Jealous Thirst": 6.759730825112793,
    "Lethal Throwdown": 5.132759823296908,
    "Marionette Apprentice": 3.0741324921135647,
    "Mindless Conscription": 5.836780575539568,
    "Necrodominance": 4.941647597254004,
    "Nethergoyf": null,
    "Quest for the Necropolis": 6.5140167792101495,
    "Refurbished Familiar": 5.217219878965707,
    "Retrofitted Transmogrant": 6.347127856701667,
    "Ripples of Undeath": 6.653350515463917,
    "Scurrilous Sentry": 6.522922416436676,
    "Shilgengar, Sire of Famine": 2.2326589595375723,
    "Warren Soultrader": 3.7038216560509554,
    "Wither and Bloom": 3.7657857811038355,
    "Wurmcoil Larva": 3.4869505494505493,
    "Aether Revolt": 3.22040072859745,
    "Amped Raptor": 2.821953327571305,
    "Ashling, Flame Dancer": 2.9781746031746033,
    "Detective's Phoenix": 1.9760765550239234,
    "Eldrazi Linebreaker": 2.2248875562218893,
    "Fanged Flames": 3.411559798735647,
    "Flare of Duplication": 6.099462365591398,
    "Frogmyr Enforcer": 7.312464959820594,
    "Furnace Hellkite": 6.297096842551388,
    "Galvanic Discharge": 2.7798305084745762,
    "Ghostfire Slice": 2.9231388329979877,
    "Glimpse the Impossible": 5.39330867807689,
    "Infernal Captor": 7.665111095632793,
    "Inventor's Axe": 7.574499787143465,
    "Mogg Mob": 7.836719883889695,
    "Molten Gatekeeper": 5.2742897229042445,
    "Party Thrasher": 2.973811833171678,
    "Phyrexian Ironworks": 4.7113831727012245,
    "Powerbalance": 6.661091549295775,
    "Ral and the Implicit Maze": 4.135911288029571,
    "Reckless Pyrosurfer": 4.349986641731232,
    "Reiterating Bolt": 3.4011997177134794,
    "Sarpadian Simulacrum": 7.173406641105404,
    "Siege Smash": 7.536977720834223,
    "Skittering Precursor": 4.360774193548387,
    "Skoa, Embermage": 6.3522469359963685,
    "Smelted Chargebug": 5.158166904422254,
    "Spawn-Gang Commander": 2.7476475620188197,
    "Thriving Skyclaw": 6.745688350983358,
    "Unstable Amulet": 4.450504499590946,
    "Voidpouncer": 5.903078403078403,
    "Wheel of Potential": 6.388219544846051,
    "Basking Broodscale": 3.595742121722396,
    "Birthing Ritual": 4.5115384615384615,
    "Collective Resistance": 5.155483870967742,
    "Colossal Dreadmask": 5.956577063782408,
    "Eladamri, Korvecdal": null,
    "Eldrazi Repurposer": 3.195910020449898,
    "Evolution Witness": 4.414904131251236,
    "Fanatic of Rhonas": 1.9390862944162437,
    "Fangs of Kalonia": 5.191302336340504,
    "Flare of Cultivation": 4.821736630247268,
    "Fowl Strike": 7.221879483500717,
    "Gift of the Viper": 6.457450030284676,
    "Horrific Assault": 3.4356295149638805,
    "The Hunger Tide Rises": 6.652198962934511,
    "Hydra Trainer": 5.353139770425388,