{
    "Another Round": 6.543034605146406,
    "Archangel of Tithes": null,
    "Armored Armadillo": 8.031893255227402,
    "Aven Interrupter": 2.5652173913043477,
    "Bounding Felidar": 3.854939284542173,
    "Bovine Intervention": 6.486614173228347,
    "Bridled Bighorn": 5.714820709671379,
    "Claim Jumper": 2.746913580246914,
    "Dust Animus": null,
    "Eriette's Lullaby": 5.671945910901176,
    "Final Showdown": null,
    "Fortune, Loyal Steed": 1.9412628487518355,
    "Frontier Seeker": 3.686855241264559,
    "Getaway Glamer": 3.462361755262219,
    "High Noon": 5.989335918565196,
    "Holy Cow": 4.681865609348915,
    "Inventive Wingsmith": 7.900842358604091,
    "Lassoed by the Law": 2.291617473435655,
    "Mystical Tether": 3.1025888406496223,
    "Nurturing Pixie": 5.594304388422035,
    "Omenport Vigilante": 4.954362416107383,
    "One Last Job": 3.6561514195583595,
    "Outlaw Medic": 5.987919463087248,
    "Prairie Dog": 2.9487939060516295,
    "Prosperity Tycoon": 3.785189913820619,
    "Requisition Raid": 5.653729249473931,
    "Rustler Rampage": 7.295071993510444,
    "Shepherd of the Clouds": 2.401419989077007,
    "Sheriff of Safe Passage": 5.801574051991414,
    "Stagecoach Security": 6.5740756626919445,
    "Steer Clear": 6.606934909185713,
    "Sterling Keykeeper": 5.731687612208258,
    "Sterling Supplier": 6.2073829009228625,
    "Take Up the Shield": 5.149474503697937,
    "Thunder Lasso": 6.074040426981603,
    "Trained Arynx": 3.8332221480987325,
    "Vengeful Townsfolk": 6.383399895815246,
    "Wanted Griffin": 6.555220277610139,
    "Archmage's Newt": 4.377688172043011,
    "Canyon Crab": 4.9705052577584,
    "Daring Thunder-Thief": 8.21418152350081,
    "Deepmuck Desperado": 4.701277068295392,
    "Djinn of Fool's Fall": 7.600263852242744,
    "Double Down": 3.4466019417475726,
    "Duelist of the Mind": 2.660205245153934,
    "Emergent Haunting": 5.737806328812753,
    "Failed Fording": 7.345167980091248,
    "Fblthp, Lost on the Range": 4.029500756429652,
    "Fleeting Reflection": 7.869453248811411,
    "Geralf, the Fleshwright": null,
    "Geyser Drake": 6.842359434287685,
    "Harrier Strix": 7.846339501206758,
    "Jailbreak Scheme": 7.191277360339758,
    "The Key to the Vault": 5.610576923076923,
    "Loan Shark": 5.6437982307547525,
    "Marauding Sphinx": 3.207060690202301,
    "Metamorphic Blast": 4.998982188295165,
    "Nimble Brigand": 4.068203650336216,
    "Outlaw Stitcher": 3.9877141933397997,
    "Peerless Ropemaster": 8.073419773095624,
    "Phantom Interference": 5.9621661044762515,
    "Plan the Heist": 5.475939669619344,
    "Razzle-Dazzler": 7.439790139906729,
    "Seize the Secrets": 7.352119870594245,
    "Shackle Slinger": 6.81998295696634,
    "Shifting Grift": 7.967147435897436,
    "Slickshot Lockpicker": 3.723679727427598,
    "Slickshot Vault-Buster": 8.520057420846957,
    "Spring Splasher": 7.7892757887853525,
    "Step Between Worlds": 6.532833020637899,
    "Stoic Sphinx": 1.9773519163763067,
    "Stop Cold": 6.589619741810837,
    "Take the Fall": 6.928929346918323,
    "This Town Ain't Big Enough": 5.273722627737226,
    "Three Steps Ahead": 2.649142857142857,
    "Visage Bandit": 4.877567140600316,
    "Ambush Gigapede": 5.777215647303279,
    "Binding Negotiation": 5.367842953961206,
    "Blacksnag Buzzard": 7.269140755600134,
    "Blood Hustler": 2.615079365079365,
    "Boneyard Desecrator": 7.222312969617772,
    "Caustic Bronco": 1.8006993006993006,
    "Consuming Ashes": 3.1427870461236505,
    "Corrupted Conviction": 7.883087583595198,
    "Desert's Due": 3.410542902163014,
    "Desperate Bloodseeker": 4.487440450411434,
    "Fake Your Own Death": 7.093566768519283,
    "Forsaken Miner": 4.568736141906873,
    "Gisa, the Hellraiser": null,
    "Hollow Marauder": 2.6153086419753087,
    "Insatiable Avarice": 4.383129426915647,
    "Kaervek, the Punisher": 2.426937738246506,
    "Lively Dirge": 4.862961065573771,
    "Mourner's Surprise": 5.409048244790689,
    "Neutralize the Guards": 7.5732184808144085,
    "Nezumi Linkbreaker": 6.899569946875791,
    "Overzealous Muscle": 7.4717573221757325,
    "Pitiless Carnage": 6.345128676470588,
    "Rakish Crew": 5.526798647996137,
    "Rattleback Apothecary": 3.7725165562913907,
    "Raven of Fell Omens": 5.144822737772421,
    "Rictus Robber": 3.8791173648864725,
    "Rooftop Assassin": 5.654816193578409,
    "Rush of Dread": 2.065868263473054,
    "Servant of the Stinger": 3.4799437016185784,
    "Shoot the Sheriff": 2.7402826855123674,
    "Skulduggery": 6.583681473271379,
    "Tinybones Joins Up": 5.630366492146597,
    "Tinybones, the Pickpocket": null,
    "Treasure Dredger": 4.583815028901734,
    "Unfortunate Accident": 2.845775592311131,
    "Unscrupulous Contractor": 4.321256722332295,
    "Vadmir, New Blood": 1.7291666666666667,
    "Vault Plunderer": 3.827364081422314,
    "Brimstone Roundup": 7.020980518090345,
    "Calamity, Galloping Inferno": 1.6272189349112427,
    "Caught in the Crossfire": 7.153372975189666,
    "Cunning Coyote": 4.462189462189462,
    "Deadeye Duelist": 5.94857299170238,
    "Demonic Ruckus": 5.870191226096738,
    "Discerning Peddler": 6.521669069629378,
    "Explosive Derailment": 4.215704603879411,
    "Ferocification": 6.892324093816631,
    "Gila Courser": 4.389140271493213,
    "Great Train Heist": 3.1489776046738074,
    "Hell to Pay": 3.2651880424300868,
    "Hellspur Brute": 4.545628939435462,
    "Hellspur Posse Boss": 1.9463087248322148,
    "Highway Robbery": 7.468550062318238,
    "Irascible Wolverine": 6.209770883480432,
    "Iron-Fist Pulverizer": 7.3427860696517415,
    "Longhorn Sharpshooter": 3.153009708737864,
    "Magda, the Hoardmaster": 1.9452495974235104,
    "Magebane Lizard": 7.9241668329674715,
    "Mine Raider": 6.4350262385484305,
    "Outlaws' Fury": 8.409105508270436,
    "Prickly Pair": 5.246841689696013,
    "Quick Draw": 8.597389158640452,
    "Quilled Charger": 7.07859793814433,
    "Reckless Lackey": 7.090748230535895,
    "Resilient Roadrunner": 5.335683033543996,
    "Return the Favor": 7.482092555331992,
    "Rodeo Pyromancers": 8.061100783965085,
    "Scalestorm Summoner": 3.856425702811245,
    "Scorching Shot": 4.0013089005235605,
    "Slickshot Show-Off": 3.0068694798822375,
    "Stingerback Terror": 1.7766990291262137,
    "Take for a Ride": 6.855978260869565,
    "Terror of the Peaks": null,
    "Thunder Salvo": 5.3645488208926135,
    "Trick Shot": 7.376191272362481,
    "Aloe Alchemist": 2.8689024390243905,
    "Ankle Biter": 5.9407736771898625,
    "Beastbond Outcaster": 2.992156862745098,
    "Betrayal at the Vault": 4.430547550432276,
    "Bristlepack Sentry": 5.326837993033983,
    "Bristly Bill, Spine Sower": null,
    "Cactarantula": 3.3452693316869886,
    "Colossal Rattlewurm": null,
    "Dance of the Tumbleweeds": 3.6315369261477044,
    "Drover Grizzly": 4.639898562975486,
    "Freestrider Commando": 5.091580207501996,
    "Freestrider Lookout": 1.8837209302325582,
    "Full Steam Ahead": 6.461458549761064,
    "Giant Beaver": 3.8343045350899416,
    "Gold Rush": 5.943618881118881,
    "Goldvein Hydra": null,
    "Hardbristle Bandit": 3.335093896713615,
    "Intrepid Stablemaster": 3.0508121615993335,
    "Map the Frontier": 6.336359706009511,
    "Ornery Tumblewagg": null,
    "Outcaster Greenblade": 2.1719706242350063,
    "Outcaster Trailblazer": null,
    "Patient Naturalist": 4.375139229226999,
    "Railway Brawler": null,
    "Rambling Possum": 3.4289703315881326,
    "Raucous Entertainer": 4.037037037037037,
    "Reach for the Sky": 7.36774673499752,
    "Rise of the Varmints": 5.710982658959537,
    "Smuggler's Surprise": 2.9089005235602095,
    "Snakeskin Veil": 4.600946870068385,
    "Spinewoods Armadillo": 2.0790849673202616,
    "Spinewoods Paladin": 3.464726125609406,
    "Stubborn Burrowfiend": 3.045376712328767,
    "Throw from the Saddle": 2.8925367778973805,
    "Trash the Town": 3.2786701531565186,