{
    "Another Round": 5.974713740458015,
    "Archangel of Tithes": null,
    "Armored Armadillo": 7.707655213984328,
    "Aven Interrupter": 2.274125874125874,
    "Bounding Felidar": 4.453746911885808,
    "Bovine Intervention": 6.1263247138618055,
    "Bridled Bighorn": 6.041712590080542,
    "Claim Jumper": 2.3947065592635215,
    "Dust Animus": 1.547808764940239,
    "Eriette's Lullaby": 5.671432240390377,
    "Final Showdown": null,
    "Fortune, Loyal Steed": 2.012987012987013,
    "Frontier Seeker": 3.7041666666666666,
    "Getaway Glamer": 4.585028690662494,
    "High Noon": 5.410635964912281,
    "Holy Cow": 4.726186979931473,
    "Inventive Wingsmith": 7.248286888990407,
    "Lassoed by the Law": 2.791614777916148,
    "Mystical Tether": 3.9261403923422358,
    "Nurturing Pixie": 5.4608213096559375,
    "Omenport Vigilante": 4.554821664464994,
    "One Last Job": 3.3912310286677907,
    "Outlaw Medic": 5.850454467501287,
    "Prairie Dog": 3.1114587407117718,
    "Prosperity Tycoon": 4.170253863134658,
    "Requisition Raid": 5.2288213627992635,
    "Rustler Rampage": 6.690135320651108,
    "Shepherd of the Clouds": 3.1327606403748534,
    "Sheriff of Safe Passage": 4.9453565931246795,
    "Stagecoach Security": 6.757822376738306,
    "Steer Clear": 6.533154192681578,
    "Sterling Keykeeper": 6.327221095334686,
    "Sterling Supplier": 6.760569996868149,
    "Take Up the Shield": 5.94787277984304,
    "Thunder Lasso": 5.920365535248042,
    "Trained Arynx": 5.209861751152074,
    "Vengeful Townsfolk": 6.215622929092114,
    "Wanted Griffin": 6.519203413940256,
    "Archmage's Newt": 3.3254098360655737,
    "Canyon Crab": 5.18336204774797,
    "Daring Thunder-Thief": 7.483745717548534,
    "Deepmuck Desperado": 5.466635115948888,
    "Djinn of Fool's Fall": 7.075324474660074,
    "Double Down": null,
    "Duelist of the Mind": 2.4583333333333335,
    "Emergent Haunting": 5.156748911465892,
    "Failed Fording": 7.216697645600991,
    "Fblthp, Lost on the Range": 2.9535911602209945,
    "Fleeting Reflection": 7.2938333655519045,
    "Geralf, the Fleshwright": null,
    "Geyser Drake": 5.864072587681033,
    "Harrier Strix": 7.0127702914446886,
    "Jailbreak Scheme": 7.111939163498099,
    "The Key to the Vault": 4.428075052119527,
    "Loan Shark": 5.554611095877891,
    "Marauding Sphinx": 3.5191912268677177,
    "Metamorphic Blast": 5.09281507656066,
    "Nimble Brigand": 4.169438073394495,
    "Outlaw Stitcher": 3.622137404580153,
    "Peerless Ropemaster": 7.760071221900734,
    "Phantom Interference": 5.913933011049724,
    "Plan the Heist": 5.829467084639498,
    "Razzle-Dazzler": 6.467908732764281,
    "Seize the Secrets": 6.955139608631758,
    "Shackle Slinger": 5.748791208791209,
    "Shifting Grift": 7.223495702005731,
    "Slickshot Lockpicker": 3.963779052218533,
    "Slickshot Vault-Buster": 7.859897735573411,
    "Spring Splasher": 7.523539768812677,
    "Step Between Worlds": 5.90419447092469,
    "Stoic Sphinx": 1.901759530791789,
    "Stop Cold": 6.678979558989216,
    "Take the Fall": 6.830493904345108,
    "This Town Ain't Big Enough": 5.452629140606903,
    "Three Steps Ahead": 2.4742152466367715,
    "Visage Bandit": 5.0214489990467115,
    "Ambush Gigapede": 7.260569852941177,
    "Binding Negotiation": 6.081654294803817,
    "Blacksnag Buzzard": 6.626778577138289,
    "Blood Hustler": 3.181312569521691,
    "Boneyard Desecrator": 7.0438196953039105,
    "Caustic Bronco": 1.9171686746987953,
    "Consuming Ashes": 4.2987099644128115,
    "Corrupted Conviction": 7.739024028478196,
    "Desert's Due": 4.6614477429849535,
    "Desperate Bloodseeker": 5.23205312275664,
    "Fake Your Own Death": 7.393350110577289,
    "Forsaken Miner": 4.419540229885057,
    "Gisa, the Hellraiser": null,
    "Hollow Marauder": 3.8658463385354143,
    "Insatiable Avarice": 3.9835243553008595,
    "Kaervek, the Punisher": 2.1546666666666665,
    "Lively Dirge": 5.684603558093564,
    "Mourner's Surprise": 6.590533015115354,
    "Neutralize the Guards": 7.040820274714645,
    "Nezumi Linkbreaker": 6.776660907805874,
    "Overzealous Muscle": 7.5606936416184976,
    "Pitiless Carnage": 5.603174603174603,
    "Rakish Crew": 4.980183304433986,
    "Rattleback Apothecary": 3.9261529480443667,
    "Raven of Fell Omens": 5.293288839451242,
    "Rictus Robber": 3.98094688221709,
    "Rooftop Assassin": 5.880310527213786,
    "Rush of Dread": 2.5269804822043627,
    "Servant of the Stinger": 3.8829509148997965,
    "Shoot the Sheriff": 3.344529431326904,
    "Skulduggery": 6.19039856549026,
    "Tinybones Joins Up": 4.694526191877575,
    "Tinybones, the Pickpocket": null,
    "Treasure Dredger": 4.831351613685999,
    "Unfortunate Accident": 3.4166942696257037,
    "Unscrupulous Contractor": 4.331066376496191,
    "Vadmir, New Blood": 1.7993311036789297,
    "Vault Plunderer": 4.774643705463183,
    "Brimstone Roundup": 5.6462723770677545,
    "Calamity, Galloping Inferno": 1.5549019607843138,
    "Caught in the Crossfire": 5.8140122028192724,
    "Cunning Coyote": 4.027648428405122,
    "Deadeye Duelist": 5.628295876835958,
    "Demonic Ruckus": 5.293616040562341,
    "Discerning Peddler": 6.117812992615947,
    "Explosive Derailment": 4.301023214875124,
    "Ferocification": 6.025597630632537,
    "Gila Courser": 4.4535780792764035,
    "Great Train Heist": 2.5590465872156014,
    "Hell to Pay": 2.4471830985915495,
    "Hellspur Brute": 4.345179063360882,
    "Hellspur Posse Boss": 1.780327868852459,
    "Highway Robbery": 7.208535108958838,
    "Irascible Wolverine": 5.742325501629223,
    "Iron-Fist Pulverizer": 7.0547098369523225,
    "Longhorn Sharpshooter": 2.900816802800467,
    "Magda, the Hoardmaster": 1.582375478927203,
    "Magebane Lizard": 6.828315548780488,
    "Mine Raider": 5.990840965861782,
    "Outlaws' Fury": 7.859920751394188,
    "Prickly Pair": 4.669358909641595,
    "Quick Draw": 7.789192795196798,
    "Quilled Charger": 6.924142682180037,
    "Reckless Lackey": 5.957227755921989,
    "Resilient Roadrunner": 4.837678307919331,
    "Return the Favor": 6.324075964876455,
    "Rodeo Pyromancers": 6.93240572377263,
    "Scalestorm Summoner": 3.7362155388471177,
    "Scorching Shot": 3.50417641162713,
    "Slickshot Show-Off": 1.9714285714285715,
    "Stingerback Terror": 1.568840579710145,
    "Take for a Ride": 6.309049398090494,
    "Terror of the Peaks": null,
    "Thunder Salvo": 4.8979041916167665,
    "Trick Shot": 6.938212404685166,
    "Aloe Alchemist": 3.1496919173613627,
    "Ankle Biter": 6.093206432556613,
    "Beastbond Outcaster": 3.317970822281167,
    "Betrayal at the Vault": 5.153262867647059,
    "Bristlepack Sentry": 6.092896174863388,
    "Bristly Bill, Spine Sower": null,
    "Cactarantula": 4.705929407059294,
    "Colossal Rattlewurm": 1.601904761904762,
    "Dance of the Tumbleweeds": 5.123795265275568,
    "Drover Grizzly": 5.653020075392303,
    "Freestrider Commando": 5.242150848069289,
    "Freestrider Lookout": 1.8987341772151898,
    "Full Steam Ahead": 6.410819605450478,
    "Giant Beaver": 4.639531449945861,
    "Gold Rush": 5.871477802554226,
    "Goldvein Hydra": null,
    "Hardbristle Bandit": 3.8532023203504204,
    "Intrepid Stablemaster": 3.065341994650363,
    "Map the Frontier": 6.247179693795326,
    "Ornery Tumblewagg": 1.4856046065259116,
    "Outcaster Greenblade": 3.0603674540682415,
    "Outcaster Trailblazer": 1.775,
    "Patient Naturalist": 5.081490429288237,
    "Railway Brawler": null,
    "Rambling Possum": 3.920323325635104,
    "Raucous Entertainer": 4.113469156762875,
    "Reach for the Sky": 7.6608642540845935,
    "Rise of the Varmints": 5.361060329067642,
    "Smuggler's Surprise": 2.8596491228070176,
    "Snakeskin Veil": 5.8282250490907535,
    "Spinewoods Armadillo": 2.77543720190779,
    "Spinewoods Paladin": 4.58760189191909,
    "Stubborn Burrowfiend": 3.7601823708206688,
    "Throw from the Saddle": 4.161520454798796,
    "Trash the Town": 3.8829885767212104,