{
    "Abuelo's Awakening": 4.661280549383963,
    "Acrobatic Leap": 8.535893214367908,
    "Adaptive Gemguard": 5.6293549981731035,
    "Attentive Sunscribe": 5.649472254154039,
    "Bat Colony": 6.609817101766453,
    "Clay-Fired Bricks": 2.9661477637756364,
    "Cosmium Blast": 5.470836199054866,
    "Dauntless Dismantler": 5.847305389221557,
    "Deconstruction Hammer": 6.82534285605744,
    "Dusk Rose Reliquary": 3.267302452316076,
    "Envoy of Okinec Ahau": 6.663178497374184,
    "Fabrication Foundry": 5.134202313199927,
    "Family Reunion": 8.46076782711367,
    "Get Lost": 2.7040889526542324,
    "Glorifier of Suffering": 5.924964224236265,
    "Guardian of the Great Door": 3.2841179703242354,
    "Helping Hand": 6.257638488548818,
    "Ironpaw Aspirant": 5.216639507514032,
    "Kinjalli's Dawnrunner": 3.51618809821057,
    "Kutzil's Flanker": 2.195596951735817,
    "Malamet War Scribe": 4.524962590123793,
    "Market Gnome": 4.447655833777304,
    "Might of the Ancestors": 6.285539801391323,
    "Miner's Guidewing": 4.299226619183034,
    "Mischievous Pup": 4.751260080645161,
    "Ojer Taq, Deepest Foundation": 1.5651612903225807,
    "Oltec Archaeologists": 7.440852273776334,
    "Oltec Cloud Guard": 3.4245674057503783,
    "Oteclan Landmark": 7.031377151799687,
    "Petrify": 3.4789572764110908,
    "Quicksand Whirlpool": 5.185330536572163,
    "Resplendent Angel": 1.383941605839416,
    "Ruin-Lurker Bat": 3.109216324966469,
    "Sanguine Evangelist": 1.6143552311435523,
    "Soaring Sandwing": 6.0037973660822495,
    "Spring-Loaded Sawblades": 2.59288980125035,
    "Thousand Moons Crackshot": 7.782297946070822,
    "Thousand Moons Infantry": 7.977061813708642,
    "Thousand Moons Smithy": 1.4862323707186031,
    "Tinker's Tote": 4.188426499919141,
    "Unstable Glyphbridge": 1.6303142329020333,
    "Vanguard of the Rose": 4.549233567160301,
    "Warden of the Inner Sky": 1.6963979416809605,
    "Akal Pakal, First Among Equals": 1.7987647967061247,
    "Ancestral Reminiscence": 8.540749680533864,
    "Brackish Blunder": 6.048201803262081,
    "Braided Net": 2.4016528925619833,
    "Chart a Course": 4.38812937645882,
    "Cogwork Wrestler": 5.8810842320023315,
    "Confounding Riddle": 5.375071111616793,
    "Council of Echoes": 5.146440472584065,
    "Didact Echo": 7.669956703603141,
    "Eaten by Piranhas": 4.427562797012899,
    "The Enigma Jewel": 4.5373927257866775,
    "The Everflowing Well": 2.6516129032258067,
    "Frilled Cave-Wurm": 8.658659991478483,
    "Hermitic Nautilus": 4.591337464497805,
    "Hurl into History": 7.046683648476535,
    "Inverted Iceberg": 5.205473022131475,
    "Kitesail Larcenist": 1.6637223974763407,
    "Lodestone Needle": 3.6163667232597625,
    "Malcolm, Alluring Scoundrel": 1.637546468401487,
    "Marauding Brinefang": 7.014533786334466,
    "Merfolk Cave-Diver": 6.1947974041555325,
    "Oaken Siren": 4.388089960534141,
    "Ojer Pakpatiq, Deepest Epoch": 1.4385733157199472,
    "Orazca Puzzle-Door": 7.398048977642239,
    "Out of Air": 8.347128620590766,
    "Pirate Hat": 7.841857224066162,
    "Relic's Roar": 9.338672728862464,
    "River Herald Scout": 5.4354096483695535,
    "Sage of Days": 7.997508485592547,
    "Self-Reflection": 7.205854309687262,
    "Shipwreck Sentry": 7.029165789524046,
    "Sinuous Benthisaur": 6.635383766982503,
    "Song of Stupefaction": 8.904790461408211,
    "Spyglass Siren": 2.746308426779172,
    "Staunch Crewmate": 3.700595984943538,
    "Tishana's Tidebinder": 2.2661934338952974,
    "Unlucky Drop": 7.702055666727306,
    "Waterlogged Hulk": 7.295186230472632,
    "Waterwind Scout": 3.367601884087651,
    "Waylaying Pirates": 6.087357026143791,
    "Zoetic Glyph": 2.9778060953594565,
    "Abyssal Gorestalker": 6.4687691678593335,
    "Aclazotz, Deepest Betrayal": 1.2104454685099846,
    "Another Chance": 6.495535447946704,
    "Bitter Triumph": 2.669782633179412,
    "Bloodthorn Flail": 8.002951348858659,
    "Bringer of the Last Gift": 2.639344262295082,
    "Broodrage Mycoid": 6.500824485199486,
    "Canonized in Blood": 6.2898745039150485,
    "Chupacabra Echo": 2.4847238542890717,
    "Corpses of the Lost": 2.225604297224709,
    "Dead Weight": 4.4120922622189385,
    "Deathcap Marionette": 5.401296156073226,
    "Deep Goblin Skulltaker": 6.59332814899005,
    "Deep-Cavern Bat": 2.839318060735216,
    "Echo of Dusk": 5.892762346646602,
    "Fanatical Offering": 6.6609118903347575,
    "Gargantuan Leech": 6.46046511627907,
    "Grasping Shadows": 5.140466531440162,
    "Greedy Freebooter": 7.031082984429567,
    "Join the Dead": 3.34714704361317,
    "Malicious Eclipse": 6.609482092244267,
    "Mephitic Draught": 7.252623006704291,
    "Preacher of the Schism": 1.5383663366336633,
    "Primordial Gnawer": 7.791597628778674,
    "Queen's Bay Paladin": 3.1382878645343366,
    "Rampaging Spiketail": 5.935492488851442,
    "Ray of Ruin": 6.331048387096774,
    "Screaming Phantom": 6.715255717916137,
    "Skullcap Snail": 5.437594553706505,
    "Soulcoil Viper": 4.4384293052176265,
    "Stalactite Stalker": 2.1132075471698113,
    "Starving Revenant": 1.8935950413223142,
    "Stinging Cave Crawler": 3.735994286621171,
    "Synapse Necromage": 4.869484954772014,
    "Tarrian's Journal": 2.237380627557981,
    "Terror Tide": 2.2248468941382327,
    "Tithing Blade": 4.722968798270003,
    "Visage of Dread": 4.2484751752835885,
    "Vito's Inquisitor": 7.778523365868087,
    "Abrade": 2.678402840933697,
    "Ancestors' Aid": 7.142999492376243,
    "Belligerent Yearling": 3.032767813863306,
    "Bonehoard Dracosaur": 1.1333333333333333,
    "Brass's Tunnel-Grinder": 2.360776699029126,
    "Brazen Blademaster": 6.903557907749363,
    "Breeches, Eager Pillager": 1.3897610921501706,
    "Burning Sun Cavalry": 6.631280214510794,
    "Calamitous Cave-In": 7.14937638982887,
    "Child of the Volcano": 7.901480218892976,
    "Curator of Sun's Creation": 5.653619456366237,
    "Daring Discovery": 8.503270515857583,
    "Diamond Pick-Axe": 3.650032195750161,
    "Dinotomaton": 5.242608811630285,
    "Dire Flail": 2.0563052582596555,
    "Dowsing Device": 5.3923256145689695,
    "Dreadmaw's Ire": 3.624344422700587,
    "Enterprising Scallywag": 3.9304551099422893,
    "Etali's Favor": 5.174902089538238,
    "Geological Appraiser": 2.584639126305793,
    "Goblin Tomb Raider": 5.70423535488314,
    "Goldfury Strider": 6.16132506025332,
    "Hit the Mother Lode": 5.58142259414226,
    "Hotfoot Gnome": 7.401551047604945,
    "Idol of the Deep King": 5.110150023441163,
    "Inti, Seneschal of the Sun": 1.4611842105263158,
    "Magmatic Galleon": 1.5514479359211337,
    "Ojer Axonil, Deepest Might": 1.5824039653035935,
    "Panicked Altisaur": 5.50721359713652,
    "Plundering Pirate": 4.426446364765211,
    "Poetic Ingenuity": 2.0122601279317696,
    "Rampaging Ceratops": 4.562076299348664,
    "Rumbling Rockslide": 4.988887339005905,
    "Saheeli's Lattice": 4.703417861080485,
    "Scytheclaw Raptor": 2.959891978395679,
    "Seismic Monstrosaur": 5.678214481508034,
    "Sunfire Torch": 5.6848045143087464,
    "Sunshot Militia": 5.755211083187261,
    "Tectonic Hazard": 9.32428798435399,
    "Triumphant Chomp": 3.220414470096346,
    "Trumpeting Carnosaur": 1.2886676875957122,
    "Volatile Wanderglyph": 5.105612730652401,
    "Zoyowa's Justice": 8.08930777325342,
    "Armored Kincaller": 5.250619332257552,
    "Basking Capybara": 7.609400830241357,
    "Bedrock Tortoise": 1.8317442512619182,
    "Cavern Stomper": 5.705779334500876,
    "Cenote Scout": 3.880106179029642,
    "Coati Scavenger": 4.6267219387755105,
    "Colossadactyl": 3.046222136446975,
    "Disturbed Slumber": 9.21972999205859,
    "Earthshaker Dreadmaw": 3.451164438147525,
    "Explorer's Cache": 5.566503295588981,
    "Ghalta, Stampede Tyrant": 2.2066609735269003,
    "Glimpse the Core": 6.162529174623383,
    "Glowcap Lantern": 6.161893503841814,
    "Growing Rites of Itlimoc": 3.9797195793690534,