{
    "Archon of the Wild Rose": 1.6531440162271804,
    "Archon's Glory": 6.465423179003244,
    "Armory Mice": 6.588695973402291,
    "Besotted Knight": 5.6405820533548905,
    "Break the Spell": 8.43815556463697,
    "Charmed Clothier": 6.577598828696925,
    "Cheeky House-Mouse": 4.88619957537155,
    "Cooped Up": 3.6125193383315484,
    "Cursed Courtier": 4.057881136950904,
    "Discerning Financier": 5.240767786355101,
    "Dutiful Griffin": 5.859362859362859,
    "Eerie Interference": 7.958687323005164,
    "Expel the Interlopers": 2.0208,
    "Frostbridge Guard": 6.778735201558519,
    "Gallant Pie-Wielder": 4.614318181818182,
    "Glass Casket": 3.8200549450549453,
    "Hopeful Vigil": 3.728448275862069,
    "Kellan's Lightblades": 4.7552190663919,
    "Knight of Doves": 5.725819506272764,
    "Moment of Valor": 6.942417455386171,
    "Moonshaker Cavalry": 2.5191815856777495,
    "Plunge into Winter": 8.467218116482474,
    "The Princess Takes Flight": 3.276843910806175,
    "Protective Parents": 7.135429348993769,
    "Regal Bunnicorn": 1.7769080234833659,
    "Return Triumphant": 6.573225450533284,
    "Rimefur Reindeer": 7.4659630233052345,
    "Savior of the Sleeping": 6.96047664865665,
    "Slumbering Keepguard": 7.44245931283906,
    "Solitary Sanctuary": 6.27861089187056,
    "Spellbook Vendor": 1.515222482435597,
    "Stockpiling Celebrant": 4.88753423447301,
    "Stroke of Midnight": 4.652431498395458,
    "A Tale for the Ages": 3.66900790166813,
    "Three Blind Mice": 2.1626248216833095,
    "Tuinvale Guide": 7.25943838879665,
    "Unassuming Sage": 6.5043199761656485,
    "Virtue of Loyalty": 1.2717391304347827,
    "Werefox Bodyguard": 1.9071310116086235,
    "Aquatic Alchemist": 6.705800293685757,
    "Archive Dragon": 4.26706155034767,
    "Asinine Antics": 2.8898876404494382,
    "Beluna's Gatekeeper": 5.476111479761115,
    "Bitter Chill": 3.8287461773700304,
    "Chancellor of Tales": 5.49365727800473,
    "Diminisher Witch": 7.450955593029792,
    "Disdainful Stroke": 7.131951640759931,
    "Extraordinary Journey": 3.0403825717322,
    "Farsight Ritual": 3.751842751842752,
    "Freeze in Place": 8.224584809950663,
    "Gadwick's First Duel": 5.627327935222672,
    "Galvanic Giant": 6.136023054755043,
    "Horned Loch-Whale": 1.9155405405405406,
    "Ice Out": 6.806900141274444,
    "Icewrought Sentry": 5.1135183931392465,
    "Ingenious Prodigy": 2.076923076923077,
    "Into the Fae Court": 6.248539809406702,
    "Johann's Stopgap": 6.4742343934040045,
    "Living Lectern": 8.235217450953492,
    "Merfolk Coralsmith": 8.976135233675837,
    "Misleading Motes": 8.472412158960125,
    "Mocking Sprite": 6.505952844136643,
    "Obyra's Attendants": 6.312457556779597,
    "Picklock Prankster": 4.259850374064838,
    "Quick Study": 6.672301104349786,
    "Sleep-Cursed Faerie": 2.206060606060606,
    "Sleight of Hand": 7.837081356165325,
    "Snaremaster Sprite": 6.899164677804296,
    "Spell Stutter": 6.071628204104448,
    "Splashy Spellcaster": 5.406216505894962,
    "Stormkeld Prowler": 8.331100020510016,
    "Succumb to the Cold": 7.03991446899501,
    "Talion's Messenger": 1.9791666666666667,
    "Tenacious Tomeseeker": 5.143339666455563,
    "Vantress Transmuter": 6.204301898346602,
    "Virtue of Knowledge": 4.237891737891738,
    "Water Wings": 8.791278520318617,
    "Ashiok, Wicked Manipulator": 1.2473118279569892,
    "Ashiok's Reaper": 5.366378401181185,
    "Back for Seconds": 3.9210596026490068,
    "Barrow Naughty": 4.621611687953689,
    "Beseech the Mirror": 3.495446265938069,
    "Candy Grapple": 2.2818455366098296,
    "Conceited Witch": 4.531738644825019,
    "Dream Spoilers": 5.994543744120414,
    "Ego Drain": 7.115627668659266,
    "The End": 1.967741935483871,
    "Eriette's Whisper": 7.457085690630605,
    "Faerie Dreamthief": 3.7835616438356166,
    "Faerie Fencing": 3.0236220472440944,
    "Feed the Cauldron": 3.7303656246548105,
    "Fell Horseman": 5.893199417311968,
    "Gumdrop Poisoner": 1.5298165137614679,
    "High Fae Negotiator": 2.6385093167701865,
    "Hopeless Nightmare": 4.5442885026489455,
    "Lich-Knights' Conquest": 4.069908814589666,
    "Lord Skitter, Sewer King": 1.3076923076923077,
    "Lord Skitter's Blessing": 1.8306709265175718,
    "Lord Skitter's Butcher": 3.045925414364641,
    "Mintstrosity": 4.560594932060227,
    "Not Dead After All": 6.742626761586518,
    "Rankle's Prank": 2.4930939226519335,
    "Rat Out": 5.610769353678997,
    "Rowan's Grim Search": 6.732737030411449,
    "Scream Puff": 5.257147565296202,
    "Shatter the Oath": 4.492073914266954,
    "Specter of Mortality": 1.8761220825852782,
    "Spiteful Hexmage": 2.35149863760218,
    "Stingblade Assassin": 6.3275199527047,
    "Sugar Rush": 7.816744569700303,
    "Sweettooth Witch": 4.597834839402344,
    "Taken by Nightmares": 2.624047417442845,
    "Tangled Colony": 1.9396551724137931,
    "Twisted Sewer-Witch": 3.1291952363767592,
    "Virtue of Persistence": 1.1720430107526882,
    "Voracious Vermin": 4.352941176470588,
    "Warehouse Tabby": 6.6734245773256236,
    "Wicked Visitor": 6.768276762402089,
    "The Witch's Vanity": 2.5495833333333335,
    "Belligerent of the Ball": 3.9183454203599246,
    "Bellowing Bruiser": 6.4387472905299346,
    "Bespoke Battlegarb": 8.391265840032702,
    "Boundary Lands Ranger": 5.165710774272839,
    "Charming Scoundrel": 2.285507246376812,
    "Cut In": 3.3142048378795677,
    "Edgewall Pack": 4.690298850574712,
    "Embereth Veteran": 3.984418901660281,
    "Flick a Coin": 5.422835735809105,
    "Food Fight": 6.068307383224511,
    "Frantic Firebolt": 4.5363801510660675,
    "Gnawing Crescendo": 6.959991206858651,
    "Goddric, Cloaked Reveler": 1.703187250996016,
    "Grabby Giant": 4.756742648338263,
    "Grand Ball Guest": 5.257029802997137,
    "Harried Spearguard": 5.779868222592681,
    "Hearth Elemental": 3.4770453207769276,
    "Imodane, the Pyrohammer": 2.778985507246377,
    "Kindled Heroism": 8.687335714767137,
    "Korvold and the Noble Thief": 6.661831368993654,
    "Merry Bards": 6.592117793568237,
    "Minecart Daredevil": 5.527835215524098,
    "Monstrous Rage": 3.721405934889081,
    "Raging Battle Mouse": 2.3774069319640563,
    "Ratcatcher Trainee": 3.8118171683389073,
    "Realm-Scorcher Hellkite": 1.391089108910891,
    "Redcap Gutter-Dweller": 1.5326315789473683,
    "Redcap Thief": 5.371414759909765,
    "Rotisserie Elemental": 3.7620253164556963,
    "Skewer Slinger": 7.233316856154226,
    "Song of Totentanz": 1.6725490196078432,
    "Stonesplitter Bolt": 3.226421294774893,
    "Tattered Ratter": 5.249190239689052,
    "Torch the Tower": 2.6681929681112018,
    "Twisted Fealty": 4.75236660929432,
    "Two-Headed Hunter": 3.4723815273166316,
    "Unruly Catapult": 6.939041346505672,
    "Virtue of Courage": 2.4906542056074765,
    "Witch's Mark": 6.237392744242059,
    "Witchstalker Frenzy": 2.453853046594982,
    "Agatha's Champion": 2.492453643811988,
    "Beanstalk Wurm": 5.528886725089257,
    "Bestial Bloodline": 7.957728794642857,
    "Blossoming Tortoise": 2.781472684085511,
    "Bramble Familiar": 2.295250320924262,
    "Brave the Wilds": 5.900467653936087,
    "Commune with Nature": 8.819340838193408,
    "Curse of the Werefox": 4.302438540840603,
    "Elvish Archivist": 2.026315789473684,
    "Feral Encounter": 2.565491183879093,
    "Ferocious Werefox": 4.45424590472604,
    "Graceful Takedown": 3.735144312393888,
    "Gruff Triplets": 1.403755868544601,
    "Hamlet Glutton": 3.393078640535847,
    "Hollow Scavenger": 4.398550033387389,
    "Howling Galefang": 3.7905051062655257,
    "The Huntsman's Redemption": 1.838768115942029,
    "Leaping Ambush": 8.278595773687798,
    "Night of the Sweets' Revenge": 5.937038476486592,
    "Redtooth Genealogist": 5.446593299886713,
    "Redtooth Vanguard": 4.015449070437287,
    "Return from the Wilds": 5.798257320040819,
    "Rootrider Faun": 4.042513285401688,