{
    "Summon: Bahamut": null,
    "Ultima, Origin of Oblivion": 2.303597122302158,
    "Adelbert Steiner": 3.2997472011556517,
    "Aerith Gainsborough": 2.320256776034237,
    "Aerith Rescue Mission": 6.798439103033856,
    "Ambrosia Whiteheart": 3.5608011444921317,
    "Ashe, Princess of Dalmasca": 4.367304778956067,
    "Auron's Inspiration": 7.035267981116356,
    "Battle Menu": 3.245983762307825,
    "Cloud, Midgar Mercenary": 1.9066901408450705,
    "Cloudbound Moogle": 7.11678179020078,
    "Coeurl": 6.838617237376669,
    "Crystal Fragments": 5.213852318259874,
    "The Crystal's Chosen": 4.772658227848101,
    "Delivery Moogle": 3.7609432799013565,
    "Dion, Bahamut's Dominant": 1.386255924170616,
    "Dragoon's Lance": 2.6459796149490376,
    "Dwarven Castle Guard": 6.220332490615184,
    "Fate of the Sun-Cryst": 4.775543377298904,
    "From Father to Son": 6.710887465690759,
    "G'raha Tia": 3.8911042944785277,
    "Gaelicat": 5.335454820972421,
    "Machinist's Arsenal": 2.0996810207336525,
    "Magitek Armor": 4.587657430730479,
    "Magitek Infantry": 5.045589511671463,
    "Minwu, White Mage": 3.057586379569354,
    "Moogles' Valor": 2.5644644002565746,
    "Paladin's Arms": 5.068383891213389,
    "Phoenix Down": 6.140245127586899,
    "Restoration Magic": 4.9574243490499645,
    "Sidequest: Catch a Fish": 6.351515151515152,
    "Slash of Light": 5.230785763411279,
    "Snow Villiers": 5.559307169480377,
    "Stiltzkin, Moogle Merchant": 4.413080311758726,
    "Summon: Choco/Mog": 5.897819784758349,
    "Summon: Knights of Round": null,
    "Summon: Primal Garuda": 3.611797660240567,
    "Ultima": 2.778829095209935,
    "Venat, Heart of Hydaelyn": 1.8832309043020192,
    "Weapons Vendor": 5.620547603195739,
    "White Auracite": 3.2497921286031044,
    "White Mage's Staff": 4.360519044799684,
    "The Wind Crystal": 4.026640926640926,
    "You're Not Alone": 7.042519400830175,
    "Zack Fair": 3.736248666768246,
    "Astrologian's Planisphere": 2.1365814696485623,
    "Cargo Ship": 6.3860651629072684,
    "Combat Tutorial": 4.964619164619164,
    "Dragoon's Wyvern": 4.115916955017301,
    "Dreams of Laguna": 5.4203766416122905,
    "Edgar, King of Figaro": 3.9969616407140145,
    "Eject": 3.78493812254754,
    "Ether": 7.8536967691369854,
    "Gogo, Master of Mimicry": 3.260824742268041,
    "Ice Flan": 6.719261404779146,
    "Ice Magic": 4.467270601987142,
    "Il Mheg Pixie": 3.3123377747015055,
    "Jill, Shiva's Dominant": 1.7343895619757688,
    "Louisoix's Sacrifice": 6.111853501608513,
    "The Lunar Whale": 2.061320754716981,
    "Magic Damper": 7.573010763852836,
    "Matoya, Archon Elder": 4.648539778449144,
    "Memories Returning": 2.7203488372093023,
    "The Prima Vista": 7.016355571982998,
    "Qiqirn Merchant": 7.482959500470924,
    "Quistis Trepe": 3.8066579444686726,
    "Relm's Sketching": 4.193841847445766,
    "Retrieve the Esper": 5.418712039271154,
    "Rook Turret": 6.891742714159553,
    "Sage's Nouliths": 6.8775220336513945,
    "Sahagin": 5.335833260661027,
    "Scorpion Sentinel": 6.071731600046705,
    "Sidequest: Card Collection": 5.620395706167122,
    "Sleep Magic": 3.7225194924323497,
    "Stolen Uniform": 8.604538786780568,
    "Stuck in Summoner's Sanctum": 4.59361249112846,
    "Summon: Leviathan": 2.0152365677626305,
    "Summon: Shiva": 3.548335209908316,
    "Swallowed by Leviathan": 4.84808568262957,
    "Syncopate": 6.137433648742211,
    "Thief's Knife": 4.44627554383652,
    "Travel the Overworld": 5.460790810691407,
    "Ultros, Obnoxious Octopus": 3.85889477668433,
    "Valkyrie Aerial Unit": 5.5013411078717205,
    "The Water Crystal": 5.691723202170963,
    "Y'shtola Rhul": 2.4986301369863013,
    "Ahriman": 5.2750777768435215,
    "Al Bhed Salvagers": 3.8829469492248614,
    "Ardyn, the Usurper": 1.9380610412926391,
    "Black Mage's Rod": 4.6899995376577746,
    "Cecil, Dark Knight": 2.2184466019417477,
    "Circle of Power": 4.414646528747303,
    "Cornered by Black Mages": 4.172676837725382,
    "Dark Confidant": 2.338888888888889,
    "Dark Knight's Greatsword": 4.755504196569761,
    "The Darkness Crystal": 3.7518031395842173,
    "Demon Wall": 4.338640219235287,
    "Evil Reawakened": 3.847018789761799,
    "Fang, Fearless l'Cie": 4.767979987492183,
    "Fight On!": 6.345236314687407,
    "The Final Days": 4.197214484679666,
    "Gaius van Baelsar": 4.097458772641255,
    "Hecteyes": 5.0941048981361075,
    "Jecht, Reluctant Guardian": 1.56187624750499,
    "Kain, Traitorous Dragoon": 4.860514372163389,
    "Malboro": 5.69825485417813,
    "Namazu Trader": 6.67968891300416,
    "Ninja's Blades": 2.3177441540577717,
    "Overkill": 2.2527415143603133,
    "Phantom Train": 6.427280849796485,
    "Poison the Waters": 6.058502185141041,
    "Qutrub Forayer": 7.659648633575014,
    "Reno and Rude": 4.500063930443678,
    "Resentful Revelation": 5.7092313291011285,
    "Sephiroth, Fabled SOLDIER": null,
    "Sephiroth's Intervention": 2.795038535645472,
    "Shambling Cie'th": 5.460546282245827,
    "Shinra Reinforcements": 6.564755130769801,
    "Sidequest: Hunt the Mark": 2.697819987049428,
    "Summon: Anima": 4.297193029133963,
    "Summon: Primal Odin": 1.5810234541577826,
    "Tonberry": 4.752961289534742,
    "Undercity Dire Rat": 5.5125858123569795,
    "Vayne's Treachery": 3.4927446359915666,
    "Vincent Valentine": 1.700193423597679,
    "Vincent's Limit Break": 7.2639846470964535,
    "Zenos yae Galvus": 1.82486388384755,
    "Zodiark, Umbral God": 4.130451127819549,
    "Barret Wallace": 6.046333263290607,
    "Blazing Bomb": 6.739322096684571,
    "Call the Mountain Chocobo": 5.185030917210581,
    "Choco-Comet": 2.8814708299096137,
    "Clive, Ifrit's Dominant": 1.7083333333333333,
    "Coral Sword": 6.017866310709518,
    "The Fire Crystal": 4.939548202354438,
    "Fire Magic": 4.31832489393732,
    "Firion, Wild Rose Warrior": 2.780585870189546,
    "Freya Crescent": 5.739499455930359,
    "Gilgamesh, Master-at-Arms": 3.0573951434878586,
    "Haste Magic": 7.982422145328719,
    "Hill Gigas": 7.031663212064899,
    "Item Shopkeep": 7.693349840820658,
    "Laughing Mad": 7.5721841400187895,
    "Light of Judgment": 5.9636075949367084,
    "Mysidian Elder": 6.28526706346139,
    "Nibelheim Aflame": 1.8785046728971964,
    "Opera Love Song": 6.455580422302228,
    "Prompto Argentum": 4.754822576804001,
    "Queen Brahne": 4.353268239761324,
    "Random Encounter": 8.052911436541144,
    "Raubahn, Bull of Ala Mhigo": 3.330161750713606,
    "Red Mage's Rapier": 6.789939398445924,
    "Sabotender": 6.910578827398079,
    "Samurai's Katana": 3.2767794221282593,
    "Sandworm": 6.213501098462153,
    "Seifer Almasy": 1.8447037701974864,
    "Self-Destruct": 6.955030487804878,
    "Sidequest: Play Blitzball": 6.707274826789838,
    "Sorceress's Schemes": 6.596210888910152,
    "Summon: Brynhildr": 3.160220994475138,
    "Summon: Esper Ramuh": 5.10687376840153,
    "Summon: G.F. Cerberus": 2.719153936545241,
    "Summon: G.F. Ifrit": 6.304610616040295,
    "Suplex": 3.6100418918098476,
    "Thunder Magic": 3.1655196629213482,
    "Triple Triad": 5.61084142394822,
    "Unexpected Request": 7.036436492405182,
    "Vaan, Street Thief": 3.892222660876431,
    "Warrior's Sword": 5.9020079687561635,
    "Zell Dincht": 3.5757303370786517,
    "Airship Crash": 7.382664969234034,
    "Ancient Adamantoise": 2.613138686131387,
    "Balamb T-Rexaur": 4.760710114459238,
    "Bard's Bow": 6.104425525387329,
    "Bartz and Boko": 2.871657754010695,
    "Blitzball Shot": 7.573496503496504,
    "Cactuar": 7.087870105062082,
    "Chocobo Kick": 4.097339493388562,
    "Chocobo Racetrack": 4.46607545045045,
    "Clash of the Eikons": 5.028279746538371,
    "Coliseum Behemoth": 3.949822904368359,
    "Commune with Beavers": 7.5353763592712895,
    "Diamond Weapon": 4.035969084423305,
    "The Earth Crystal": 3.7952787952787954,
    "Esper Origins": 1.978689818468824,