{
    "Archon of the Wild Rose": 1.6743295019157087,
    "Archon's Glory": 6.450412378160998,
    "Armory Mice": 6.580856732937077,
    "Besotted Knight": 5.6528882220555134,
    "Break the Spell": 8.453129924982663,
    "Charmed Clothier": 6.585281326447404,
    "Cheeky House-Mouse": 4.881519385947648,
    "Cooped Up": 3.608130439572546,
    "Cursed Courtier": 4.0546500479386385,
    "Discerning Financier": 5.253627394080093,
    "Dutiful Griffin": 5.847442363112392,
    "Eerie Interference": 7.987741342323016,
    "Expel the Interlopers": 2.0173661360347324,
    "Frostbridge Guard": 6.776208281401468,
    "Gallant Pie-Wielder": 4.615059221658206,
    "Glass Casket": 3.834382079033476,
    "Hopeful Vigil": 3.723265133937988,
    "Kellan's Lightblades": 4.749668104878858,
    "Knight of Doves": 5.7492526158445445,
    "Moment of Valor": 6.949144613739642,
    "Moonshaker Cavalry": 2.5095238095238095,
    "Plunge into Winter": 8.466947606767722,
    "The Princess Takes Flight": 3.249044585987261,
    "Protective Parents": 7.141179575141839,
    "Regal Bunnicorn": 1.7657657657657657,
    "Return Triumphant": 6.5619891008174385,
    "Rimefur Reindeer": 7.471061935314914,
    "Savior of the Sleeping": 6.971129506738729,
    "Slumbering Keepguard": 7.454344919786096,
    "Solitary Sanctuary": 6.299453551912569,
    "Spellbook Vendor": 1.502183406113537,
    "Stockpiling Celebrant": 4.8818472119872265,
    "Stroke of Midnight": 4.6439754935330155,
    "A Tale for the Ages": 3.673218673218673,
    "Three Blind Mice": 2.137150466045273,
    "Tuinvale Guide": 7.258324991658325,
    "Unassuming Sage": 6.505460539872244,
    "Virtue of Loyalty": 1.2814070351758795,
    "Werefox Bodyguard": 1.9173047473200613,
    "Aquatic Alchemist": 6.687198641765705,
    "Archive Dragon": 4.251961017352032,
    "Asinine Antics": 2.8983402489626555,
    "Beluna's Gatekeeper": 5.462845335578174,
    "Bitter Chill": 3.836057068741894,
    "Chancellor of Tales": 5.489429597128042,
    "Diminisher Witch": 7.448185681595293,
    "Disdainful Stroke": 7.1290581806493085,
    "Extraordinary Journey": 3.012,
    "Farsight Ritual": 3.7683573050719152,
    "Freeze in Place": 8.227447462839569,
    "Gadwick's First Duel": 5.62838975126239,
    "Galvanic Giant": 6.158417598013128,
    "Horned Loch-Whale": 1.9095238095238096,
    "Ice Out": 6.783928940301591,
    "Icewrought Sentry": 5.0971155841460885,
    "Ingenious Prodigy": 2.1004784688995217,
    "Into the Fae Court": 6.238210399032648,
    "Johann's Stopgap": 6.467144319344934,
    "Living Lectern": 8.241141483168818,
    "Merfolk Coralsmith": 8.961696642317845,
    "Misleading Motes": 8.468071799362061,
    "Mocking Sprite": 6.527018299246501,
    "Obyra's Attendants": 6.3249286062547885,
    "Picklock Prankster": 4.24383498501959,
    "Quick Study": 6.666851826135259,
    "Sleep-Cursed Faerie": 2.1940509915014164,
    "Sleight of Hand": 7.841286042357744,
    "Snaremaster Sprite": 6.9022203833953935,
    "Spell Stutter": 6.0807669529167905,
    "Splashy Spellcaster": 5.410707230343737,
    "Stormkeld Prowler": 8.337604140368594,
    "Succumb to the Cold": 7.050599638574011,
    "Talion's Messenger": 1.9697885196374623,
    "Tenacious Tomeseeker": 5.131454473787938,
    "Vantress Transmuter": 6.191536116821436,
    "Virtue of Knowledge": 4.283870967741936,
    "Water Wings": 8.781848823419262,
    "Ashiok, Wicked Manipulator": 1.2385786802030456,
    "Ashiok's Reaper": 5.372453928225024,
    "Back for Seconds": 3.9351285189718483,
    "Barrow Naughty": 4.6125276219615845,
    "Beseech the Mirror": 3.4925864909390443,
    "Candy Grapple": 2.270645645645646,
    "Conceited Witch": 4.52876334826042,
    "Dream Spoilers": 6.005738132498696,
    "Ego Drain": 7.132167611846251,
    "The End": 1.9751552795031055,
    "Eriette's Whisper": 7.4645624285532834,
    "Faerie Dreamthief": 3.7651263722236403,
    "Faerie Fencing": 3.0394197414064963,
    "Feed the Cauldron": 3.7368367554380972,
    "Fell Horseman": 5.890174641488002,
    "Gumdrop Poisoner": 1.5481798715203425,
    "High Fae Negotiator": 2.6342024539877302,
    "Hopeless Nightmare": 4.553851426612972,
    "Lich-Knights' Conquest": 4.0762237762237765,
    "Lord Skitter, Sewer King": 1.3014354066985645,
    "Lord Skitter's Blessing": 1.8357988165680474,
    "Lord Skitter's Butcher": 3.0469049138481172,
    "Mintstrosity": 4.546981004070556,
    "Not Dead After All": 6.7520145044319095,
    "Rankle's Prank": 2.5064599483204133,
    "Rat Out": 5.609750684323444,
    "Rowan's Grim Search": 6.733536302865842,
    "Scream Puff": 5.257899166092877,
    "Shatter the Oath": 4.5028606102635225,
    "Specter of Mortality": 1.867430441898527,
    "Spiteful Hexmage": 2.383663366336634,
    "Stingblade Assassin": 6.333948087431694,
    "Sugar Rush": 7.820688778752065,
    "Sweettooth Witch": 4.58843453118546,
    "Taken by Nightmares": 2.6110011871784726,
    "Tangled Colony": 1.9228295819935692,
    "Twisted Sewer-Witch": 3.133821571238349,
    "Virtue of Persistence": 1.202970297029703,
    "Voracious Vermin": 4.346559653710885,
    "Warehouse Tabby": 6.683245364731357,
    "Wicked Visitor": 6.7769148366363146,
    "The Witch's Vanity": 2.546082949308756,
    "Belligerent of the Ball": 3.91180093619118,
    "Bellowing Bruiser": 6.437926989165689,
    "Bespoke Battlegarb": 8.39260984514667,
    "Boundary Lands Ranger": 5.162847945464874,
    "Charming Scoundrel": 2.314814814814815,
    "Cut In": 3.31055900621118,
    "Edgewall Pack": 4.685513266084598,
    "Embereth Veteran": 3.976503759398496,
    "Flick a Coin": 5.417176986467075,
    "Food Fight": 6.085832948777111,
    "Frantic Firebolt": 4.550482258207238,
    "Gnawing Crescendo": 6.957546529004212,
    "Goddric, Cloaked Reveler": 1.7014652014652014,
    "Grabby Giant": 4.755512634798004,
    "Grand Ball Guest": 5.248277481991857,
    "Harried Spearguard": 5.796915167095116,
    "Hearth Elemental": 3.480874316939891,
    "Imodane, the Pyrohammer": 2.803854875283447,
    "Kindled Heroism": 8.701258253394792,
    "Korvold and the Noble Thief": 6.666555295689943,
    "Merry Bards": 6.571641892350506,
    "Minecart Daredevil": 5.515745430521911,
    "Monstrous Rage": 3.721133474576271,
    "Raging Battle Mouse": 2.4,
    "Ratcatcher Trainee": 3.809774203526137,
    "Realm-Scorcher Hellkite": 1.3870967741935485,
    "Redcap Gutter-Dweller": 1.520912547528517,
    "Redcap Thief": 5.370577698163905,
    "Rotisserie Elemental": 3.767550702028081,
    "Skewer Slinger": 7.245153261723867,
    "Song of Totentanz": 1.6805054151624548,
    "Stonesplitter Bolt": 3.2257672439987846,
    "Tattered Ratter": 5.248848848848849,
    "Torch the Tower": 2.6645444899196606,
    "Twisted Fealty": 4.738666129357243,
    "Two-Headed Hunter": 3.453195067264574,
    "Unruly Catapult": 6.965013196183258,
    "Virtue of Courage": 2.5160599571734474,
    "Witch's Mark": 6.231957686686617,
    "Witchstalker Frenzy": 2.4398839137645107,
    "Agatha's Champion": 2.4826624153049024,
    "Beanstalk Wurm": 5.525665043087298,
    "Bestial Bloodline": 7.956985080410773,
    "Blossoming Tortoise": 2.793859649122807,
    "Bramble Familiar": 2.311138014527845,
    "Brave the Wilds": 5.893130321835763,
    "Commune with Nature": 8.811511423550089,
    "Curse of the Werefox": 4.294182418792439,
    "Elvish Archivist": 2.0414012738853504,
    "Feral Encounter": 2.543053960964409,
    "Ferocious Werefox": 4.437619794389266,
    "Graceful Takedown": 3.7239665096807952,
    "Gruff Triplets": 1.3912087912087912,
    "Hamlet Glutton": 3.391114682585237,
    "Hollow Scavenger": 4.39766081871345,
    "Howling Galefang": 3.7928994082840237,
    "The Huntsman's Redemption": 1.8184873949579832,
    "Leaping Ambush": 8.268997727846504,
    "Night of the Sweets' Revenge": 5.939953396666069,
    "Redtooth Genealogist": 5.439311119430925,
    "Redtooth Vanguard": 4.01066925315228,
    "Return from the Wilds": 5.798588372262243,
    "Rootrider Faun": 4.039177844253595,