{
    "Abuelo's Awakening": 4.200348432055749,
    "Acrobatic Leap": 8.735219738910532,
    "Adaptive Gemguard": 5.799769850402762,
    "Attentive Sunscribe": 6.019572815533981,
    "Bat Colony": 6.428419031363346,
    "Clay-Fired Bricks": 3.2515218594355284,
    "Cosmium Blast": 5.422052251632864,
    "Dauntless Dismantler": 5.794037940379404,
    "Deconstruction Hammer": 7.336327345309381,
    "Dusk Rose Reliquary": 3.352013422818792,
    "Envoy of Okinec Ahau": 6.460362357617919,
    "Fabrication Foundry": 5.4376712328767125,
    "Family Reunion": 8.24207275223061,
    "Get Lost": 2.5159817351598175,
    "Glorifier of Suffering": 5.790034393087828,
    "Guardian of the Great Door": 3.3389307745030843,
    "Helping Hand": 6.105338809034907,
    "Ironpaw Aspirant": 5.571150097465887,
    "Kinjalli's Dawnrunner": 3.6230480949406623,
    "Kutzil's Flanker": 1.937269372693727,
    "Malamet War Scribe": 4.43527815468114,
    "Market Gnome": 4.31334214002642,
    "Might of the Ancestors": 6.387438825448613,
    "Miner's Guidewing": 5.118521139218115,
    "Mischievous Pup": 4.623155788947237,
    "Ojer Taq, Deepest Foundation": 1.4064171122994653,
    "Oltec Archaeologists": 7.3312584961007365,
    "Oltec Cloud Guard": 3.895731977001327,
    "Oteclan Landmark": 7.1037927149831015,
    "Petrify": 3.77368243622879,
    "Quicksand Whirlpool": 5.276824583866837,
    "Resplendent Angel": 1.3314917127071824,
    "Ruin-Lurker Bat": 3.603614833281396,
    "Sanguine Evangelist": 1.6605080831408776,
    "Soaring Sandwing": 6.015879254775568,
    "Spring-Loaded Sawblades": 2.6689750692520775,
    "Thousand Moons Crackshot": 7.671249210913937,
    "Thousand Moons Infantry": 7.864254340096214,
    "Thousand Moons Smithy": 1.4666666666666666,
    "Tinker's Tote": 4.394211774002371,
    "Unstable Glyphbridge": 1.6331775700934579,
    "Vanguard of the Rose": 4.637010676156583,
    "Warden of the Inner Sky": 1.7348643006263047,
    "Akal Pakal, First Among Equals": 1.8235294117647058,
    "Ancestral Reminiscence": 8.47865414924964,
    "Brackish Blunder": 6.4787097746627476,
    "Braided Net": 2.5179856115107913,
    "Chart a Course": 4.5908513341804325,
    "Cogwork Wrestler": 6.836654275092937,
    "Confounding Riddle": 5.1271303546752645,
    "Council of Echoes": 4.943661971830986,
    "Didact Echo": 7.6323080201747535,
    "Eaten by Piranhas": 4.56,
    "The Enigma Jewel": 4.078571428571428,
    "The Everflowing Well": 2.5130168453292496,
    "Frilled Cave-Wurm": 8.558251096491228,
    "Hermitic Nautilus": 5.127230590961761,
    "Hurl into History": 6.265751211631664,
    "Inverted Iceberg": 5.927690907586664,
    "Kitesail Larcenist": 1.7201735357917571,
    "Lodestone Needle": 4.2865375749193175,
    "Malcolm, Alluring Scoundrel": 1.6604215456674474,
    "Marauding Brinefang": 6.920525931336742,
    "Merfolk Cave-Diver": 6.280299875052061,
    "Oaken Siren": 5.344497187060478,
    "Ojer Pakpatiq, Deepest Epoch": 1.3820224719101124,
    "Orazca Puzzle-Door": 7.828213560982436,
    "Out of Air": 8.083379463050097,
    "Pirate Hat": 8.468762986563236,
    "Relic's Roar": 9.337881219903691,
    "River Herald Scout": 5.498186113220282,
    "Sage of Days": 8.022840119165839,
    "Self-Reflection": 7.044651339540186,
    "Shipwreck Sentry": 7.537252073566535,
    "Sinuous Benthisaur": 6.771137586471944,
    "Song of Stupefaction": 8.876418318523582,
    "Spyglass Siren": 3.095529920692141,
    "Staunch Crewmate": 4.222340994120791,
    "Tishana's Tidebinder": 2.262479871175523,
    "Unlucky Drop": 8.119316998681196,
    "Waterlogged Hulk": 7.215203591887289,
    "Waterwind Scout": 3.9768692845615923,
    "Waylaying Pirates": 6.791420118343195,
    "Zoetic Glyph": 3.6690975387420237,
    "Abyssal Gorestalker": 5.9989587671803415,
    "Aclazotz, Deepest Betrayal": 1.1476510067114094,
    "Another Chance": 6.907996751089123,
    "Bitter Triumph": 2.558633425669437,
    "Bloodthorn Flail": 7.720989450709349,
    "Bringer of the Last Gift": 2.7889908256880735,
    "Broodrage Mycoid": 5.9141882008776205,
    "Canonized in Blood": 5.607191011235955,
    "Chupacabra Echo": 2.463955637707948,
    "Corpses of the Lost": 2.190305206463196,
    "Dead Weight": 4.39120082815735,
    "Deathcap Marionette": 5.569577137160422,
    "Deep Goblin Skulltaker": 6.131470896063119,
    "Deep-Cavern Bat": 3.0886122299523984,
    "Echo of Dusk": 5.918244544287548,
    "Fanatical Offering": 6.330588980367321,
    "Gargantuan Leech": 6.3743683040226395,
    "Grasping Shadows": 4.821041666666667,
    "Greedy Freebooter": 6.775108670784717,
    "Join the Dead": 3.1882763433356596,
    "Malicious Eclipse": 6.244931733553993,
    "Mephitic Draught": 6.859979179060083,
    "Preacher of the Schism": 1.47,
    "Primordial Gnawer": 7.592504846004738,
    "Queen's Bay Paladin": 2.6521106259097524,
    "Rampaging Spiketail": 5.818671598584754,
    "Ray of Ruin": 5.809547244094488,
    "Screaming Phantom": 6.553026224717373,
    "Skullcap Snail": 5.294340955239693,
    "Soulcoil Viper": 4.348843537414966,
    "Stalactite Stalker": 2.0388548057259714,
    "Starving Revenant": 1.7422907488986785,
    "Stinging Cave Crawler": 3.4827586206896552,
    "Synapse Necromage": 4.397846705972827,
    "Tarrian's Journal": 1.920696324951644,
    "Terror Tide": 1.9534883720930232,
    "Tithing Blade": 4.876096808408061,
    "Visage of Dread": 4.138110307414105,
    "Vito's Inquisitor": 7.283588685916323,
    "Abrade": 2.8051598607154165,
    "Ancestors' Aid": 7.569074958990086,
    "Belligerent Yearling": 3.0329046898638428,
    "Bonehoard Dracosaur": 1.0833333333333333,
    "Brass's Tunnel-Grinder": 2.0396039603960396,
    "Brazen Blademaster": 6.867321867321867,
    "Breeches, Eager Pillager": 1.4625,
    "Burning Sun Cavalry": 6.628974456728936,
    "Calamitous Cave-In": 7.1035381750465545,
    "Child of the Volcano": 7.512942967884828,
    "Curator of Sun's Creation": 5.568320870156356,
    "Daring Discovery": 8.53392943785957,
    "Diamond Pick-Axe": 3.9517898383371826,
    "Dinotomaton": 5.475,
    "Dire Flail": 2.1339285714285716,
    "Dowsing Device": 5.770359763737247,
    "Dreadmaw's Ire": 3.8199767711962833,
    "Enterprising Scallywag": 3.8184471687098656,
    "Etali's Favor": 6.439604572134693,
    "Geological Appraiser": 2.848121502797762,
    "Goblin Tomb Raider": 6.274845570412073,
    "Goldfury Strider": 6.064670658682635,
    "Hit the Mother Lode": 5.140401146131805,
    "Hotfoot Gnome": 7.402035988242885,
    "Idol of the Deep King": 5.228620194035214,
    "Inti, Seneschal of the Sun": 1.498891352549889,
    "Magmatic Galleon": 1.6601941747572815,
    "Ojer Axonil, Deepest Might": 1.536697247706422,
    "Panicked Altisaur": 5.962548678432348,
    "Plundering Pirate": 4.817858121062723,
    "Poetic Ingenuity": 2.2737864077669903,
    "Rampaging Ceratops": 4.540554821664465,
    "Rumbling Rockslide": 4.971172325432415,
    "Saheeli's Lattice": 4.787540857527398,
    "Scytheclaw Raptor": 2.8855445544554454,
    "Seismic Monstrosaur": 5.558112389528097,
    "Sunfire Torch": 6.13765625,
    "Sunshot Militia": 6.303476039328017,
    "Tectonic Hazard": 9.153260063380756,
    "Triumphant Chomp": 3.213448275862069,
    "Trumpeting Carnosaur": 1.2784090909090908,
    "Volatile Wanderglyph": 5.596687773989284,
    "Zoyowa's Justice": 7.765458806562106,
    "Armored Kincaller": 5.402684563758389,
    "Basking Capybara": 7.202226211849192,
    "Bedrock Tortoise": 1.7843601895734598,
    "Cavern Stomper": 5.770610814419226,
    "Cenote Scout": 3.889206167904055,
    "Coati Scavenger": 4.493360572012257,
    "Colossadactyl": 3.0284552845528454,
    "Disturbed Slumber": 8.932898225576178,
    "Earthshaker Dreadmaw": 3.293729372937294,
    "Explorer's Cache": 5.290711141996757,
    "Ghalta, Stampede Tyrant": 1.9090909090909092,
    "Glimpse the Core": 5.594869526758072,
    "Glowcap Lantern": 5.835981107771576,
    "Growing Rites of Itlimoc": 3.1929611650485437,
    "Huatli, Poet of Unity": 1.3372781065088757,