{
    "Air Response Unit": 5.468199462526127,
    "Alacrian Armory": 6.036896602012542,
    "Basri, Tomorrow's Champion": 2.4709302325581395,
    "Brightfield Glider": 7.3239457831325305,
    "Brightfield Mustang": 7.190302477580179,
    "Broadcast Rambler": 6.309735929581222,
    "Bulwark Ox": 2.253497942386831,
    "Canyon Vaulter": 4.055773176646148,
    "Cloudspire Captain": 4.019817997977755,
    "Collision Course": 5.474776928908847,
    "Daring Mechanic": 6.992039443274614,
    "Detention Chariot": 3.571488469601677,
    "Gallant Strike": 3.7065532973869764,
    "Gloryheath Lynx": 3.0099135739705134,
    "Guardian Sunmare": 1.9660842754367933,
    "Guidelight Synergist": 4.6365672927795964,
    "Interface Ace": 6.858957465872556,
    "Leonin Surveyor": 5.905908219641447,
    "Lightshield Parry": 7.902171308057326,
    "Lightwheel Enhancements": 7.997465022181056,
    "Lotusguard Disciple": 6.510535789919525,
    "Nesting Bot": 4.495871862615588,
    "Perilous Snare": 1.5950413223140496,
    "Pride of the Road": 4.576033755274262,
    "Ride's End": 3.975003833767827,
    "Roadside Assistance": 5.6527032903319325,
    "Salvation Engine": null,
    "Skyseer's Chariot": 3.263813651137595,
    "Spectacular Pileup": 2.417000801924619,
    "Spotcycle Scouter": 7.47507686104531,
    "Sundial, Dawn Tyrant": 4.150035637918745,
    "Swiftwing Assailant": 7.218910224188197,
    "Tune Up": 5.892792917415964,
    "Unswerving Sloth": 4.647843408972804,
    "Valor's Flagship": 1.8383233532934131,
    "Voyager Glidecar": 2.543227665706052,
    "Voyager Quickwelder": 6.290101828533888,
    "Aether Syphon": 4.606471816283925,
    "Bounce Off": 5.848432827555654,
    "Caelorna, Coral Tyrant": 6.610558926035885,
    "Diversion Unit": 3.4911083540115797,
    "Flood the Engine": 4.028407839682889,
    "Gearseeker Serpent": 6.326531702366327,
    "Glitch Ghost Surveyor": 7.098072215422277,
    "Guidelight Optimizer": 5.885116047194372,
    "Howler's Heavy": 6.396870189840944,
    "Hulldrifter": 5.539955949624442,
    "Keen Buccaneer": 5.228457851046416,
    "Memory Guardian": 3.731473941368078,
    "Midnight Mangler": 5.958419393412328,
    "Mindspring Merfolk": 2.4653614457831323,
    "Mu Yanling, Wind Rider": null,
    "Nimble Thopterist": 5.4866358921753005,
    "Possession Engine": 1.8218884120171674,
    "Rangers' Refueler": 2.801272779866937,
    "Repurposing Bay": 5.479399552858512,
    "Riverchurn Monument": 3.0257898130238554,
    "Roadside Blowout": 4.061061618411284,
    "Sabotage Strategist": 3.5970274230688717,
    "Scrounging Skyray": 3.95808263136783,
    "Skystreak Engineer": 5.10978978978979,
    "Slick Imitator": 5.44121037463977,
    "Spectral Interference": 6.266527599486521,
    "Spell Pierce": 7.482261116367076,
    "Spikeshell Harrier": 2.6366486178398403,
    "Stall Out": 7.327542309420398,
    "Stock Up": 3.7068930251585193,
    "Thopter Fabricator": 1.9549180327868851,
    "Trade the Helm": 5.625214163335237,
    "Transit Mage": 3.497854997854998,
    "Trip Up": 6.438690691310858,
    "Unstoppable Plan": 5.662559241706161,
    "Vnwxt, Verbose Host": 2.8233749179251477,
    "Waxen Shapethief": 2.777057679844459,
    "Ancient Vendetta": 8.646450033385266,
    "Back on Track": 3.982610287387882,
    "Bloodghast": 3.9004111466423024,
    "Carrion Cruiser": 3.6512738853503186,
    "Chitin Gravestalker": 6.148552645530697,
    "Cryptcaller Chariot": 2.613390928725702,
    "Cursecloth Wrappings": 2.109553023663453,
    "Deathless Pilot": 5.994298745724059,
    "Demonic Junker": 1.8954918032786885,
    "Engine Rat": 5.08065883492794,
    "Gas Guzzler": 2.6167224080267557,
    "Gastal Raider": 4.042549272425861,
    "Gonti, Night Minister": 1.7314814814814814,
    "Grim Bauble": 3.8661501879266704,
    "Grim Javelineer": 6.749730146491904,
    "Hellish Sideswipe": 4.380440262140817,
    "Hour of Victory": 4.602391874180865,
    "Intimidation Tactics": 5.38885754583921,
    "Kalakscion, Hunger Tyrant": 6.266260431845278,
    "The Last Ride": 2.7570621468926553,
    "Locust Spray": 5.930675006515507,
    "Maximum Overdrive": 6.10034213621298,
    "Momentum Breaker": 3.4850989775940833,
    "Mutant Surveyor": 6.171349343378852,
    "Pactdoll Terror": 4.027325713420634,
    "Quag Feast": 2.2469033856317093,
    "Ripclaw Wrangler": 7.299985207829988,
    "Risen Necroregent": 3.4917781188335892,
    "Risky Shortcut": 6.941711094186342,
    "Shefet Archfiend": 5.101705237515225,
    "The Speed Demon": null,
    "Spin Out": 2.936331207437034,
    "Streaking Oilgorger": 6.664937922363665,
    "Syphon Fuel": 5.854405066103766,
    "Wickerfolk Indomitable": 5.914354644149578,
    "Wreckage Wickerfolk": 4.30035946356975,
    "Wretched Doll": 4.208036984352773,
    "Adrenaline Jockey": 4.7470849072097225,
    "Boommobile": 1.8463917525773197,
    "Burner Rocket": 7.145497110978282,
    "Burnout Bashtronaut": 2.13209219858156,
    "Chandra, Spark Hunter": null,
    "Clamorous Ironclad": 6.579455939502153,
    "Count on Luck": 4.980869565217391,
    "Crash and Burn": 4.635614126200987,
    "Daretti, Rocketeer Engineer": 3.8083861530960506,
    "Draconautics Engineer": 1.6019777503090236,
    "Dracosaur Auxiliary": 3.715975145319703,
    "Dynamite Diver": 7.100652714463323,
    "Endrider Catalyzer": 6.150488069414317,
    "Endrider Spikespitter": 3.7719014937424302,
    "Fuel the Flames": 6.0508610332398876,
    "Full Throttle": 5.258910558170814,
    "Gastal Blockbuster": 7.33420247705962,
    "Gastal Thrillroller": 2.283265306122449,
    "Gilded Ghoda": 5.882984581497797,
    "Goblin Surveyor": 6.956629806229076,
    "Greasewrench Goblin": 3.787395448356351,
    "Hazoret, Godseeker": null,
    "Howlsquad Heavy": 1.8517412935323383,
    "Kickoff Celebrations": 7.001825835573363,
    "Lightning Strike": 3.348936556989638,
    "Magmakin Artillerist": 6.859740946338884,
    "Marauding Mako": 4.563086548488008,
    "Outpace Oblivion": 2.850406078071784,
    "Pacesetter Paragon": 4.865859338612017,
    "Pedal to the Metal": 7.812347248020334,
    "Prowcatcher Specialist": 6.053774050320671,
    "Push the Limit": 7.000251857448684,
    "Reckless Velocitaur": 6.029630631849547,
    "Road Rage": 3.387416505063564,
    "Skycrash": 4.400202805475748,
    "Spire Mechcycle": 4.607997377908882,
    "Thunderhead Gunner": 5.074452465434969,
    "Tyrox, Saurid Tyrant": 5.8977640086206895,
    "Afterburner Expert": 1.692390139335477,
    "Agonasaur Rex": 1.503242542153048,
    "Alacrian Jaguar": 6.993962264150944,
    "Autarch Mammoth": 2.51289050652108,
    "Beastrider Vanguard": 4.828300258843831,
    "Bestow Greatness": 6.975571673214466,
    "Broken Wings": 5.752366277790006,
    "Defend the Rider": 4.184215152047812,
    "District Mascot": 2.0396893874029334,
    "Dredger's Insight": 4.994535519125683,
    "Earthrumbler": 3.107908351810791,
    "Elvish Refueler": 2.755068036656484,
    "Fang Guardian": 3.709526711354865,
    "Fang-Druid Summoner": 3.989941477688369,
    "Greenbelt Guardian": 2.6526438796377447,
    "Hazard of the Dunes": 3.3318552036199094,
    "Jibbirik Omnivore": 5.354574498983444,
    "Loxodon Surveyor": 5.873661329657512,
    "Lumbering Worldwagon": 1.5389294403892944,
    "March of the World Ooze": null,
    "Migrating Ketradon": 3.838546135246861,
    "Molt Tender": 3.8341187558906693,
    "Ooze Patrol": 4.754100997105178,
    "Oviya, Automech Artisan": 3.0716034271725827,
    "Plow Through": 3.209819462791722,
    "Point the Way": 7.032157547052225,
    "Pothole Mole": 4.654074265085096,
    "Regal Imperiosaur": 1.9820585457979225,
    "Rise from the Wreck": 5.017557136370516,
    "Run Over": 3.099971327535124,
    "Silken Strength": 7.437984687577179,
    "Stampeding Scurryfoot": 3.4727024955284898,
    "Terrian, World Tyrant": 3.4760244115082823,
    "Thunderous Velocipede": null,
    "Veloheart Bike": 5.093312689811231,
    "Venomsac Lagac": 4.25550030651863,
    "Webstrike Elite": 2.172033898305085,