{
    "Another Round": 6.631415241057542,
    "Archangel of Tithes": null,
    "Armored Armadillo": 8.002201673271687,
    "Aven Interrupter": null,
    "Bounding Felidar": 3.905269058295964,
    "Bovine Intervention": 6.677156177156177,
    "Bridled Bighorn": 5.672473867595818,
    "Claim Jumper": 2.8681732580037664,
    "Dust Animus": null,
    "Eriette's Lullaby": 5.763763763763764,
    "Final Showdown": null,
    "Fortune, Loyal Steed": null,
    "Frontier Seeker": 3.6121437422552662,
    "Getaway Glamer": 3.4446666666666665,
    "High Noon": 6.179195804195804,
    "Holy Cow": 4.654429668477243,
    "Inventive Wingsmith": 7.928489538549727,
    "Lassoed by the Law": 2.310272536687631,
    "Mystical Tether": 3.078859569305429,
    "Nurturing Pixie": 5.303942348452734,
    "Omenport Vigilante": 4.968109339407745,
    "One Last Job": 3.7094240837696337,
    "Outlaw Medic": 6.050295385597956,
    "Prairie Dog": 2.8660508083140877,
    "Prosperity Tycoon": 3.737263880938752,
    "Requisition Raid": 5.7182572614107885,
    "Rustler Rampage": 7.23956043956044,
    "Shepherd of the Clouds": 2.4468718967229393,
    "Sheriff of Safe Passage": 6.056832427914752,
    "Stagecoach Security": 6.422919293820933,
    "Steer Clear": 6.691225924793641,
    "Sterling Keykeeper": 5.708430136076999,
    "Sterling Supplier": 6.193245180818862,
    "Take Up the Shield": 5.183644941464267,
    "Thunder Lasso": 6.028803245436105,
    "Trained Arynx": 3.7073586744639377,
    "Vengeful Townsfolk": 6.3944267515923565,
    "Wanted Griffin": 6.481124747553208,
    "Archmage's Newt": 4.334426229508197,
    "Canyon Crab": 5.015384615384615,
    "Daring Thunder-Thief": 8.27557563392597,
    "Deepmuck Desperado": 4.613965087281795,
    "Djinn of Fool's Fall": 7.526461583321184,
    "Double Down": null,
    "Duelist of the Mind": null,
    "Emergent Haunting": 5.632617273125822,
    "Failed Fording": 7.417230226403999,
    "Fblthp, Lost on the Range": 4.175416133162612,
    "Fleeting Reflection": 7.898796886058032,
    "Geralf, the Fleshwright": null,
    "Geyser Drake": 6.788277699420154,
    "Harrier Strix": 7.856468505679303,
    "Jailbreak Scheme": 7.098399880364887,
    "The Key to the Vault": 5.58952380952381,
    "Loan Shark": 5.550992234685073,
    "Marauding Sphinx": 3.3096774193548386,
    "Metamorphic Blast": 5.013949013949014,
    "Nimble Brigand": 4.066746126340882,
    "Outlaw Stitcher": 4.072041166380789,
    "Peerless Ropemaster": 8.025149004215729,
    "Phantom Interference": 5.840356965790779,
    "Plan the Heist": 5.310991957104558,
    "Razzle-Dazzler": 7.358464384828862,
    "Seize the Secrets": 7.344277385701135,
    "Shackle Slinger": 6.799452697419859,
    "Shifting Grift": 7.970420527441197,
    "Slickshot Lockpicker": 3.744642857142857,
    "Slickshot Vault-Buster": 8.446241134751773,
    "Spring Splasher": 7.744316504281075,
    "Step Between Worlds": 6.74894336432798,
    "Stoic Sphinx": null,
    "Stop Cold": 6.479829814056099,
    "Take the Fall": 6.916905877020698,
    "This Town Ain't Big Enough": 5.352555701179554,
    "Three Steps Ahead": 2.522772277227723,
    "Visage Bandit": 5.01235132662397,
    "Ambush Gigapede": 5.6611923140088685,
    "Binding Negotiation": 5.218681798341335,
    "Blacksnag Buzzard": 7.239589442815249,
    "Blood Hustler": 2.5689964157706093,
    "Boneyard Desecrator": 7.3420785621104505,
    "Caustic Bronco": null,
    "Consuming Ashes": 3.11957796014068,
    "Corrupted Conviction": 7.882404821402322,
    "Desert's Due": 3.4710031347962382,
    "Desperate Bloodseeker": 4.456411258795934,
    "Fake Your Own Death": 7.009718899521531,
    "Forsaken Miner": 4.5531809145129225,
    "Gisa, the Hellraiser": null,
    "Hollow Marauder": 2.5678119349005426,
    "Insatiable Avarice": 4.362068965517241,
    "Kaervek, the Punisher": null,
    "Lively Dirge": 4.758246527777778,
    "Mourner's Surprise": 5.4940486458513025,
    "Neutralize the Guards": 7.497305066475027,
    "Nezumi Linkbreaker": 6.785898017854441,
    "Overzealous Muscle": 7.40811209439528,
    "Pitiless Carnage": 6.499602859412232,
    "Rakish Crew": 5.791228070175438,
    "Rattleback Apothecary": 3.5995130858186246,
    "Raven of Fell Omens": 5.091759308275984,
    "Rictus Robber": 3.919954904171364,
    "Rooftop Assassin": 5.560545575515635,
    "Rush of Dread": null,
    "Servant of the Stinger": 3.5170670037926675,
    "Shoot the Sheriff": 2.68349358974359,
    "Skulduggery": 6.680488937026149,
    "Tinybones Joins Up": 5.8,
    "Tinybones, the Pickpocket": null,
    "Treasure Dredger": 4.4949053857350805,
    "Unfortunate Accident": 2.982829108748978,
    "Unscrupulous Contractor": 4.273972602739726,
    "Vadmir, New Blood": null,
    "Vault Plunderer": 3.7657276995305162,
    "Brimstone Roundup": 7.156141030608292,
    "Calamity, Galloping Inferno": null,
    "Caught in the Crossfire": 7.173672566371682,
    "Cunning Coyote": 4.444659255679072,
    "Deadeye Duelist": 5.9545755968169765,
    "Demonic Ruckus": 5.830594184576485,
    "Discerning Peddler": 6.630090671584448,
    "Explosive Derailment": 4.232421052631579,
    "Ferocification": 6.847009202453988,
    "Gila Courser": 4.343409316154609,
    "Great Train Heist": 3.2983333333333333,
    "Hell to Pay": 3.29,
    "Hellspur Brute": 4.530788804071247,
    "Hellspur Posse Boss": null,
    "Highway Robbery": 7.466527508573132,
    "Irascible Wolverine": 6.26820103334899,
    "Iron-Fist Pulverizer": 7.220885392565171,
    "Longhorn Sharpshooter": 3.138199858256556,
    "Magda, the Hoardmaster": null,
    "Magebane Lizard": 7.910233393177738,
    "Mine Raider": 6.49578495307778,
    "Outlaws' Fury": 8.418634423897581,
    "Prickly Pair": 5.200839109813937,
    "Quick Draw": 8.55928057553957,
    "Quilled Charger": 7.061635598316296,
    "Reckless Lackey": 7.0549019607843135,
    "Resilient Roadrunner": 5.379539415411869,
    "Return the Favor": 7.412286931818182,
    "Rodeo Pyromancers": 8.06730627306273,
    "Scalestorm Summoner": 3.78375219170076,
    "Scorching Shot": 3.9284841075794623,
    "Slickshot Show-Off": 2.9411764705882355,
    "Stingerback Terror": null,
    "Take for a Ride": 6.872511485451761,
    "Terror of the Peaks": null,
    "Thunder Salvo": 5.495054570259208,
    "Trick Shot": 7.329639059457841,
    "Aloe Alchemist": 2.8256450351837374,
    "Ankle Biter": 5.98995855913293,
    "Beastbond Outcaster": 2.9043611323641927,
    "Betrayal at the Vault": 4.4348044132397195,
    "Bristlepack Sentry": 5.376654224635223,
    "Bristly Bill, Spine Sower": null,
    "Cactarantula": 3.315030504714365,
    "Colossal Rattlewurm": null,
    "Dance of the Tumbleweeds": 3.564740307242136,
    "Drover Grizzly": 4.5989075302380025,
    "Freestrider Commando": 5.116880830839641,
    "Freestrider Lookout": null,
    "Full Steam Ahead": 6.586287495130502,
    "Giant Beaver": 3.8387909319899243,
    "Gold Rush": 5.93014853472501,
    "Goldvein Hydra": null,
    "Hardbristle Bandit": 3.3475496688741724,
    "Intrepid Stablemaster": 2.97106824925816,
    "Map the Frontier": 6.538869927948427,
    "Ornery Tumblewagg": null,
    "Outcaster Greenblade": 2.336206896551724,
    "Outcaster Trailblazer": null,
    "Patient Naturalist": 4.5456,
    "Railway Brawler": null,
    "Rambling Possum": 3.485089463220676,
    "Raucous Entertainer": 4.18681917211329,
    "Reach for the Sky": 7.230631970260223,
    "Rise of the Varmints": 5.94896331738437,
    "Smuggler's Surprise": 2.854280510018215,
    "Snakeskin Veil": 4.605356146550121,
    "Spinewoods Armadillo": 2.1163841807909605,
    "Spinewoods Paladin": 3.3900330536486143,
    "Stubborn Burrowfiend": 2.9782608695652173,
    "Throw from the Saddle": 2.8685132123527537,
    "Trash the Town": 3.1078498293515358,
    "Tumbleweed Rising": 6.040868050055441,
    "Voracious Varmint": 5.1092288688900656,
    "Akul the Unrepentant": 3.6901408450704225,
    "Annie Flash, the Veteran": null,
    "Annie Joins Up": 5.31390977443609,
    "Assimilation Aegis": null,