{
    "Ajani, Nacatl Pariah": null,
    "Razorgrass Ambush": 4.547027741083223,
    "Witch Enchanter": 4.406570022609389,
    "Hydroelectric Specimen": 5.7524859489840034,
    "Sink into Stupor": 4.98600403273633,
    "Tamiyo, Inquisitive Student": 1.658252427184466,
    "Boggart Trawler": 5.984050870426352,
    "Fell the Profane": 3.018219895287958,
    "Sorin of House Markov": 1.701657458563536,
    "Pinnacle Monk": 4.801870539010583,
    "Ral, Monsoon Mage": 2.8191964285714284,
    "Sundering Eruption": 5.956893004115226,
    "Bridgeworks Battle": 3.1273219814241484,
    "Disciple of Freyalise": 4.324320633620101,
    "Grist, Voracious Larva": 2.401595744680851,
    "Bloodsoaked Insight": 5.075978688904332,
    "Drowner of Truth": 3.3264167393199653,
    "Glasswing Grace": 4.048829527502513,
    "Legion Leadership": 4.70124891801657,
    "Revitalizing Repast": 3.680090157776108,
    "Rush of Inspiration": 5.163579532299143,
    "Strength of the Harvest": 4.428134556574924,
    "Stump Stomp": 2.93324170430002,
    "Suppression Ray": 4.9893320402473025,
    "Waterlogged Teachings": 6.330848737825482,
    "Breaker of Creation": 3.340719696969697,
    "Devourer of Destiny": 2.19971870604782,
    "Drownyard Lurker": 5.189563224470008,
    "Echoes of Eternity": 3.9828793774319067,
    "Eldrazi Ravager": 3.6525465633756387,
    "Emrakul, the World Anew": null,
    "Glaring Fleshraker": 3.1797625777275296,
    "Herigast, Erupting Nullkite": 1.6820702402957486,
    "It That Heralds the End": 3.5875231209012948,
    "Kozilek, the Broken Reality": null,
    "Kozilek's Command": 2.394419784400761,
    "Null Elemental Blast": 7.51750495423233,
    "Nulldrifter": 1.5731108930323847,
    "Twisted Riddlekeeper": 3.723444673104322,
    "Ulamog, the Defiler": null,
    "Warped Tusker": 4.794508537148131,
    "Wastescape Battlemage": 3.454771195459383,
    "Aerie Auxiliary": 4.721761453396525,
    "Ajani Fells the Godsire": 4.123882896764253,
    "Argent Dais": 5.751264980026631,
    "Charitable Levy": 8.207923522382572,
    "Dog Umbra": 5.391847973277963,
    "Envoy of the Ancestors": 4.2648849294729025,
    "Essence Reliquary": 7.608763237151462,
    "Expel the Unworthy": 6.157901209264193,
    "Flare of Fortitude": 5.3661127758104055,
    "Glyph Elemental": 2.901912260967379,
    "Guardian of the Forgotten": 5.187069813176008,
    "Guide of Souls": 1.733203505355404,
    "Hexgold Slith": 5.156156294690224,
    "Indebted Spirit": 5.366884633348902,
    "Inspired Inventor": 5.7260754297442915,
    "Jolted Awake": 7.592105746282357,
    "Mandibular Kite": 6.074718611122648,
    "Metastatic Evangel": 3.630249172329674,
    "Muster the Departed": 6.240298180223635,
    "Nyxborn Unicorn": 5.923720657768108,
    "Ocelot Pride": 1.652557319223986,
    "Pearl-Ear, Imperial Advisor": 3.2593873517786562,
    "Phelia, Exuberant Shepherd": 2.082043343653251,
    "Proud Pack-Rhino": 4.3386644219977555,
    "Rosecot Knight": 7.827842294950671,
    "Solstice Zealot": 6.784924819371216,
    "Static Prison": 4.98083269865448,
    "Thraben Charm": 5.873266157932459,
    "Voltstorm Angel": 3.6875995046877765,
    "White Orchid Phantom": 3.8167795334838224,
    "Wing It": 7.535298224982544,
    "Wrath of the Skies": 2.7895043731778424,
    "Aether Spike": 6.280600369211012,
    "Amphibian Downpour": 3.141509433962264,
    "Bespoke Battlewagon": 4.98625914986516,
    "Brainsurge": 5.444682115270351,
    "Consign to Memory": 7.616832151300237,
    "Copycrook": 4.869630746043708,
    "Corrupted Shapeshifter": 6.532462908011869,
    "Deem Inferior": 6.382239080279983,
    "Depth Defiler": 3.1380067904933093,
    "Dreamtide Whale": 3.651830282861897,
    "Electrozoa": 7.57109703087011,
    "Emrakul's Messenger": 3.65104078524285,
    "Flare of Denial": 4.223307745987439,
    "Harbinger of the Seas": 5.984251968503937,
    "Hope-Ender Coatl": 3.3928322894919973,
    "Kozilek's Unsealing": 4.230888992682547,
    "Petrifying Meddler": 5.1563079148397595,
    "Roil Cartographer": 4.403445800430725,
    "Sage of the Unknowable": 6.505578553124384,
    "Serum Visionary": 5.272116659301812,
    "Shadow of the Second Sun": 4.393858477970627,
    "Strix Serenade": 5.638541389406441,
    "Tamiyo Meets the Story Circle": 6.78332840673958,
    "Tempest Harvester": 6.438105404657415,
    "Triton Wavebreaker": 6.945645821157218,
    "Tune the Narrative": 6.066038124253778,
    "Ugin's Binding": 2.1235772357723577,
    "Unfathomable Truths": 5.554843943469536,
    "Utter Insignificance": 6.110548898963731,
    "Volatile Stormdrake": 3.6710150835711373,
    "Accursed Marauder": 5.8157972544878564,
    "Arcbound Condor": 4.795096322241681,
    "Breathe Your Last": 3.928835994899508,
    "Chthonian Nightmare": 3.2372558361124346,
    "Consuming Corruption": 5.694179278230501,
    "Crabomination": 1.8819031435853866,
    "The Creation of Avacyn": 7.37883197516492,
    "Dreadmobile": 6.761535361676406,
    "Dreamdrinker Vampire": 6.236442690929587,
    "Drossclaw": 7.053973420124763,
    "Emperor of Bones": 2.133767172812726,
    "Etched Slith": 4.370132648694908,
    "Etherium Pteramander": 5.084771768316072,
    "Eviscerator's Insight": 6.995501038221949,
    "Fetid Gargantua": 6.502603961177306,
    "Flare of Malice": 3.1451378809869377,
    "Gravedig": 6.888236180147612,
    "Grim Servant": 5.958874458874459,
    "Kami of Jealous Thirst": 7.28861557149907,
    "Lethal Throwdown": 5.175071242720852,
    "Marionette Apprentice": 3.5344676372566215,
    "Mindless Conscription": 6.268624014022787,
    "Necrodominance": 4.497713912475506,
    "Nethergoyf": 2.556532663316583,
    "Quest for the Necropolis": 6.505583968270535,
    "Refurbished Familiar": 5.3651840144502145,
    "Retrofitted Transmogrant": 6.470645239441169,
    "Ripples of Undeath": 6.232776863390548,
    "Scurrilous Sentry": 6.845553822152886,
    "Shilgengar, Sire of Famine": 2.154970760233918,
    "Warren Soultrader": 3.693077230892357,
    "Wither and Bloom": 3.9375766423357663,
    "Wurmcoil Larva": 3.4025692057173873,
    "Aether Revolt": 3.412562132851333,
    "Amped Raptor": 3.2712386823348103,
    "Ashling, Flame Dancer": 2.733050847457627,
    "Detective's Phoenix": 2.0297482837528604,
    "Eldrazi Linebreaker": 2.0858623242042933,
    "Fanged Flames": 3.5333246719501106,
    "Flare of Duplication": 5.821904044209997,
    "Frogmyr Enforcer": 6.737412935323383,
    "Furnace Hellkite": 5.832286357710086,
    "Galvanic Discharge": 3.1719487028301887,
    "Ghostfire Slice": 3.05578598092078,
    "Glimpse the Impossible": 6.097064085881588,
    "Infernal Captor": 7.783746305149071,
    "Inventor's Axe": 7.649249049780435,
    "Mogg Mob": 7.597695766204571,
    "Molten Gatekeeper": 5.691730635031402,
    "Party Thrasher": 3.1617301363422663,
    "Phyrexian Ironworks": 4.887909151636607,
    "Powerbalance": 6.09392789373814,
    "Ral and the Implicit Maze": 4.498267017884375,
    "Reckless Pyrosurfer": 4.590405904059041,
    "Reiterating Bolt": 3.44216351303106,
    "Sarpadian Simulacrum": 7.207069943289225,
    "Siege Smash": 7.721158405368931,
    "Skittering Precursor": 4.485843249897415,
    "Skoa, Embermage": 6.265905514987695,
    "Smelted Chargebug": 5.880660719620982,
    "Spawn-Gang Commander": 2.880362671384343,
    "Thriving Skyclaw": 6.6101855507303595,
    "Unstable Amulet": 5.165379428711536,
    "Voidpouncer": 5.723653982707489,
    "Wheel of Potential": 6.17519305019305,
    "Basking Broodscale": 3.6024222304192794,
    "Birthing Ritual": 4.1579754601226995,
    "Collective Resistance": 5.611917326297274,
    "Colossal Dreadmask": 5.717833910619245,
    "Eladamri, Korvecdal": 1.628,
    "Eldrazi Repurposer": 3.333062605752961,
    "Evolution Witness": 4.513215189873418,
    "Fanatic of Rhonas": 1.8299559471365638,
    "Fangs of Kalonia": 5.103820497271073,
    "Flare of Cultivation": 4.271717171717172,
    "Fowl Strike": 7.140356757159349,
    "Gift of the Viper": 6.452522197665853,