{
    "Archon of the Wild Rose": 1.6697530864197532,
    "Archon's Glory": 6.417609638011597,
    "Armory Mice": 6.574642356241235,
    "Besotted Knight": 5.6651142839634785,
    "Break the Spell": 8.467068335135691,
    "Charmed Clothier": 6.580053368912608,
    "Cheeky House-Mouse": 4.915034795274316,
    "Cooped Up": 3.583401065655197,
    "Cursed Courtier": 4.0506629724915895,
    "Discerning Financier": 5.260615627466456,
    "Dutiful Griffin": 5.844860640023596,
    "Eerie Interference": 8.003406940063092,
    "Expel the Interlopers": 2.0244200244200243,
    "Frostbridge Guard": 6.780941640823231,
    "Gallant Pie-Wielder": 4.610812684110206,
    "Glass Casket": 3.8719059405940595,
    "Hopeful Vigil": 3.706403684073334,
    "Kellan's Lightblades": 4.749657815494114,
    "Knight of Doves": 5.7419898819561555,
    "Moment of Valor": 6.971016874863029,
    "Moonshaker Cavalry": 2.5517241379310347,
    "Plunge into Winter": 8.506245823266335,
    "The Princess Takes Flight": 3.2384655261793673,
    "Protective Parents": 7.163925615392884,
    "Regal Bunnicorn": 1.752623688155922,
    "Return Triumphant": 6.568298969072165,
    "Rimefur Reindeer": 7.459309164795209,
    "Savior of the Sleeping": 6.978622460370619,
    "Slumbering Keepguard": 7.463992161558979,
    "Solitary Sanctuary": 6.330197132616488,
    "Spellbook Vendor": 1.5034482758620689,
    "Stockpiling Celebrant": 4.84969656102495,
    "Stroke of Midnight": 4.616084695393759,
    "A Tale for the Ages": 3.7578385590393597,
    "Three Blind Mice": 2.112222222222222,
    "Tuinvale Guide": 7.228233490307743,
    "Unassuming Sage": 6.503578069532879,
    "Virtue of Loyalty": 1.2911392405063291,
    "Werefox Bodyguard": 1.9510664993726474,
    "Aquatic Alchemist": 6.7072938807472875,
    "Archive Dragon": 4.221836419753086,
    "Asinine Antics": 2.9093959731543624,
    "Beluna's Gatekeeper": 5.4845425081027175,
    "Bitter Chill": 3.8146971622193986,
    "Chancellor of Tales": 5.535679845708775,
    "Diminisher Witch": 7.428808834566313,
    "Disdainful Stroke": 7.129962943356273,
    "Extraordinary Journey": 3.015261044176707,
    "Farsight Ritual": 3.820307692307692,
    "Freeze in Place": 8.243148351936279,
    "Gadwick's First Duel": 5.666310486948557,
    "Galvanic Giant": 6.184378629500581,
    "Horned Loch-Whale": 1.8791773778920309,
    "Ice Out": 6.772919128819855,
    "Icewrought Sentry": 5.119477393845625,
    "Ingenious Prodigy": 2.0887417218543045,
    "Into the Fae Court": 6.212373308336751,
    "Johann's Stopgap": 6.4512691771269175,
    "Living Lectern": 8.240899413200395,
    "Merfolk Coralsmith": 8.952440613410845,
    "Misleading Motes": 8.499820558831068,
    "Mocking Sprite": 6.552267780457674,
    "Obyra's Attendants": 6.341356925374849,
    "Picklock Prankster": 4.270467289719626,
    "Quick Study": 6.673448626653102,
    "Sleep-Cursed Faerie": 2.2243958573072495,
    "Sleight of Hand": 7.847560975609756,
    "Snaremaster Sprite": 6.9111862496477885,
    "Spell Stutter": 6.094320116759913,
    "Splashy Spellcaster": 5.422569220862846,
    "Stormkeld Prowler": 8.341730161198361,
    "Succumb to the Cold": 7.083400919167342,
    "Talion's Messenger": 1.9678615574783684,
    "Tenacious Tomeseeker": 5.176042677012609,
    "Vantress Transmuter": 6.195962895980398,
    "Virtue of Knowledge": 4.391906283280085,
    "Water Wings": 8.793225195722254,
    "Ashiok, Wicked Manipulator": 1.2310756972111554,
    "Ashiok's Reaper": 5.386331500392773,
    "Back for Seconds": 3.9501489572989077,
    "Barrow Naughty": 4.619210857702533,
    "Beseech the Mirror": 3.503916449086162,
    "Candy Grapple": 2.2523523060311583,
    "Conceited Witch": 4.531830985915493,
    "Dream Spoilers": 6.061006825938566,
    "Ego Drain": 7.154366783808408,
    "The End": 1.9813664596273293,
    "Eriette's Whisper": 7.445070716559679,
    "Faerie Dreamthief": 3.7506307821698908,
    "Faerie Fencing": 3.036486838676049,
    "Feed the Cauldron": 3.715200539265251,
    "Fell Horseman": 5.891184734254273,
    "Gumdrop Poisoner": 1.5476603119584056,
    "High Fae Negotiator": 2.612527541706012,
    "Hopeless Nightmare": 4.506576608602915,
    "Lich-Knights' Conquest": 4.111174785100286,
    "Lord Skitter, Sewer King": 1.307843137254902,
    "Lord Skitter's Blessing": 1.8545006165228113,
    "Lord Skitter's Butcher": 3.0637627919181316,
    "Mintstrosity": 4.506071179344033,
    "Not Dead After All": 6.74767537826685,
    "Rankle's Prank": 2.526479750778816,
    "Rat Out": 5.588277771091588,
    "Rowan's Grim Search": 6.745761790915019,
    "Scream Puff": 5.239489963388461,
    "Shatter the Oath": 4.4922268758429755,
    "Specter of Mortality": 1.8423180592991915,
    "Spiteful Hexmage": 2.396636993076162,
    "Stingblade Assassin": 6.341611076854083,
    "Sugar Rush": 7.823722285833247,
    "Sweettooth Witch": 4.5705793932768515,
    "Taken by Nightmares": 2.5818298969072164,
    "Tangled Colony": 1.9177545691906006,
    "Twisted Sewer-Witch": 3.1377633711507293,
    "Virtue of Persistence": 1.2278481012658229,
    "Voracious Vermin": 4.330022974875861,
    "Warehouse Tabby": 6.682814494201209,
    "Wicked Visitor": 6.774142364720687,
    "The Witch's Vanity": 2.544479495268139,
    "Belligerent of the Ball": 3.9022312373225154,
    "Bellowing Bruiser": 6.424321266968326,
    "Bespoke Battlegarb": 8.372918287937743,
    "Boundary Lands Ranger": 5.1741885625965995,
    "Charming Scoundrel": 2.3060796645702304,
    "Cut In": 3.294482148126291,
    "Edgewall Pack": 4.6737185267392665,
    "Embereth Veteran": 3.962420504914242,
    "Flick a Coin": 5.415940685820204,
    "Food Fight": 6.091011235955056,
    "Frantic Firebolt": 4.549880633726398,
    "Gnawing Crescendo": 6.950487329434698,
    "Goddric, Cloaked Reveler": 1.6894502228826151,
    "Grabby Giant": 4.740902474526929,
    "Grand Ball Guest": 5.206749418153607,
    "Harried Spearguard": 5.8045500930428,
    "Hearth Elemental": 3.461036036036036,
    "Imodane, the Pyrohammer": 2.811438784629133,
    "Kindled Heroism": 8.695825252628355,
    "Korvold and the Noble Thief": 6.708084644601194,
    "Merry Bards": 6.560441397759572,
    "Minecart Daredevil": 5.497402126631223,
    "Monstrous Rage": 3.6988475755599044,
    "Raging Battle Mouse": 2.450731707317073,
    "Ratcatcher Trainee": 3.8173883853642163,
    "Realm-Scorcher Hellkite": 1.3516483516483517,
    "Redcap Gutter-Dweller": 1.5238095238095237,
    "Redcap Thief": 5.328847099311701,
    "Rotisserie Elemental": 3.7763897564022484,
    "Skewer Slinger": 7.245775894437591,
    "Song of Totentanz": 1.691044776119403,
    "Stonesplitter Bolt": 3.2425962487660414,
    "Tattered Ratter": 5.268272830864398,
    "Torch the Tower": 2.662803879581811,
    "Twisted Fealty": 4.712760633861551,
    "Two-Headed Hunter": 3.4234275296262533,
    "Unruly Catapult": 6.980379115397406,
    "Virtue of Courage": 2.5825932504440496,
    "Witch's Mark": 6.225485145114202,
    "Witchstalker Frenzy": 2.4355849582172704,
    "Agatha's Champion": 2.4525357607282183,
    "Beanstalk Wurm": 5.529473295594388,
    "Bestial Bloodline": 7.9545115982123855,
    "Blossoming Tortoise": 2.945518453427065,
    "Bramble Familiar": 2.316161616161616,
    "Brave the Wilds": 5.867035846135525,
    "Commune with Nature": 8.829054123446646,
    "Curse of the Werefox": 4.279467392949009,
    "Elvish Archivist": 2.0358090185676394,
    "Feral Encounter": 2.566265060240964,
    "Ferocious Werefox": 4.439759897098757,
    "Graceful Takedown": 3.702432667245873,
    "Gruff Triplets": 1.3891891891891892,
    "Hamlet Glutton": 3.372918450851651,
    "Hollow Scavenger": 4.373146263448677,
    "Howling Galefang": 3.7923093175575744,
    "The Huntsman's Redemption": 1.868238557558946,
    "Leaping Ambush": 8.24577191621412,
    "Night of the Sweets' Revenge": 5.922908772952492,
    "Redtooth Genealogist": 5.438506274869911,
    "Redtooth Vanguard": 3.9808879155882937,
    "Return from the Wilds": 5.7670593864003346,