{
    "Abuelo's Awakening": 4.216835016835017,
    "Acrobatic Leap": 8.71286066716722,
    "Adaptive Gemguard": 5.783852304491972,
    "Attentive Sunscribe": 5.942480341774503,
    "Bat Colony": 6.416694546671128,
    "Clay-Fired Bricks": 3.2279804270462633,
    "Cosmium Blast": 5.427164685908319,
    "Dauntless Dismantler": 5.812853812853813,
    "Deconstruction Hammer": 7.2717980573751975,
    "Dusk Rose Reliquary": 3.3160301237224314,
    "Envoy of Okinec Ahau": 6.449494031388232,
    "Fabrication Foundry": 5.537934668071655,
    "Family Reunion": 8.280124088385762,
    "Get Lost": 2.5785714285714287,
    "Glorifier of Suffering": 5.810775295663601,
    "Guardian of the Great Door": 3.308920704845815,
    "Helping Hand": 6.159299148046938,
    "Ironpaw Aspirant": 5.502920443101712,
    "Kinjalli's Dawnrunner": 3.5954556680661893,
    "Kutzil's Flanker": 1.9751461988304093,
    "Malamet War Scribe": 4.372427101200686,
    "Market Gnome": 4.314625495514291,
    "Might of the Ancestors": 6.351848887465984,
    "Miner's Guidewing": 4.974908595598251,
    "Mischievous Pup": 4.615354174910961,
    "Ojer Taq, Deepest Foundation": 1.4336283185840708,
    "Oltec Archaeologists": 7.33566157832479,
    "Oltec Cloud Guard": 3.820112429731418,
    "Oteclan Landmark": 7.087739099441606,
    "Petrify": 3.7229638921243615,
    "Quicksand Whirlpool": 5.272210953346856,
    "Resplendent Angel": 1.317391304347826,
    "Ruin-Lurker Bat": 3.5209851721538077,
    "Sanguine Evangelist": 1.6878504672897197,
    "Soaring Sandwing": 6.000924727205474,
    "Spring-Loaded Sawblades": 2.6547022815804118,
    "Thousand Moons Crackshot": 7.693010127843268,
    "Thousand Moons Infantry": 7.894314344239606,
    "Thousand Moons Smithy": 1.471578947368421,
    "Tinker's Tote": 4.353006416858116,
    "Unstable Glyphbridge": 1.6422018348623852,
    "Vanguard of the Rose": 4.588937524870673,
    "Warden of the Inner Sky": 1.7512437810945274,
    "Akal Pakal, First Among Equals": 1.811178247734139,
    "Ancestral Reminiscence": 8.505363014067806,
    "Brackish Blunder": 6.429284125743824,
    "Braided Net": 2.4831199068684517,
    "Chart a Course": 4.523780733575172,
    "Cogwork Wrestler": 6.686034779512137,
    "Confounding Riddle": 5.113282663771263,
    "Council of Echoes": 4.96287657920311,
    "Didact Echo": 7.632272905795881,
    "Eaten by Piranhas": 4.507534533277522,
    "The Enigma Jewel": 4.126388888888889,
    "The Everflowing Well": 2.503579952267303,
    "Frilled Cave-Wurm": 8.545612228305057,
    "Hermitic Nautilus": 5.06225965940304,
    "Hurl into History": 6.3981220657277,
    "Inverted Iceberg": 5.818596955658505,
    "Kitesail Larcenist": 1.7391304347826086,
    "Lodestone Needle": 4.184259259259259,
    "Malcolm, Alluring Scoundrel": 1.6867924528301887,
    "Marauding Brinefang": 6.937517979402796,
    "Merfolk Cave-Diver": 6.23202776400595,
    "Oaken Siren": 5.1973420977422125,
    "Ojer Pakpatiq, Deepest Epoch": 1.3508771929824561,
    "Orazca Puzzle-Door": 7.7507777777777775,
    "Out of Air": 8.1264525323394,
    "Pirate Hat": 8.362110574813515,
    "Relic's Roar": 9.319830777366473,
    "River Herald Scout": 5.479304139172165,
    "Sage of Days": 8.01338688085676,
    "Self-Reflection": 7.020527419838178,
    "Shipwreck Sentry": 7.465055146008344,
    "Sinuous Benthisaur": 6.762320171411081,
    "Song of Stupefaction": 8.8689446366782,
    "Spyglass Siren": 3.030124040165387,
    "Staunch Crewmate": 4.114249037227214,
    "Tishana's Tidebinder": 2.2627551020408165,
    "Unlucky Drop": 8.046367427568041,
    "Waterlogged Hulk": 7.229734686391979,
    "Waterwind Scout": 3.8725404075895993,
    "Waylaying Pirates": 6.712687006714572,
    "Zoetic Glyph": 3.556823947234906,
    "Abyssal Gorestalker": 6.027590737395303,
    "Aclazotz, Deepest Betrayal": 1.1494845360824741,
    "Another Chance": 6.8774671052631575,
    "Bitter Triumph": 2.546875,
    "Bloodthorn Flail": 7.77212103829055,
    "Bringer of the Last Gift": 2.745583038869258,
    "Broodrage Mycoid": 5.988759763764526,
    "Canonized in Blood": 5.692010535557507,
    "Chupacabra Echo": 2.453211009174312,
    "Corpses of the Lost": 2.2286931818181817,
    "Dead Weight": 4.363047400360833,
    "Deathcap Marionette": 5.548253676470588,
    "Deep Goblin Skulltaker": 6.19679373895481,
    "Deep-Cavern Bat": 3.05,
    "Echo of Dusk": 5.951474123750475,
    "Fanatical Offering": 6.364539716267733,
    "Gargantuan Leech": 6.345584725536993,
    "Grasping Shadows": 4.831011309621373,
    "Greedy Freebooter": 6.803655695597635,
    "Join the Dead": 3.1708157368304066,
    "Malicious Eclipse": 6.275032722513089,
    "Mephitic Draught": 6.878992193044713,
    "Preacher of the Schism": 1.450199203187251,
    "Primordial Gnawer": 7.625883291543196,
    "Queen's Bay Paladin": 2.7070135746606336,
    "Rampaging Spiketail": 5.831786985256736,
    "Ray of Ruin": 5.855836124710126,
    "Screaming Phantom": 6.568905880211178,
    "Skullcap Snail": 5.272676253945984,
    "Soulcoil Viper": 4.329719387755102,
    "Stalactite Stalker": 2.01453957996769,
    "Starving Revenant": 1.721830985915493,
    "Stinging Cave Crawler": 3.452790818988002,
    "Synapse Necromage": 4.419635627530364,
    "Tarrian's Journal": 1.9394856278366113,
    "Terror Tide": 1.9970059880239521,
    "Tithing Blade": 4.89832181638697,
    "Visage of Dread": 4.142374688944188,
    "Vito's Inquisitor": 7.346251295635149,
    "Abrade": 2.762044353810859,
    "Ancestors' Aid": 7.557915604644577,
    "Belligerent Yearling": 3.0354483169496573,
    "Bonehoard Dracosaur": 1.1,
    "Brass's Tunnel-Grinder": 2.1014120667522467,
    "Brazen Blademaster": 6.87770752839246,
    "Breeches, Eager Pillager": 1.4326923076923077,
    "Burning Sun Cavalry": 6.672691125971444,
    "Calamitous Cave-In": 7.108403485452666,
    "Child of the Volcano": 7.571725344412858,
    "Curator of Sun's Creation": 5.558379242935845,
    "Daring Discovery": 8.518934461805555,
    "Diamond Pick-Axe": 3.892783974504894,
    "Dinotomaton": 5.453329749344802,
    "Dire Flail": 2.127808988764045,
    "Dowsing Device": 5.711535719378298,
    "Dreadmaw's Ire": 3.7585174953959486,
    "Enterprising Scallywag": 3.849965588437715,
    "Etali's Favor": 6.2940158259149355,
    "Geological Appraiser": 2.8005164622336993,
    "Goblin Tomb Raider": 6.1902707434502595,
    "Goldfury Strider": 6.0543356307100495,
    "Hit the Mother Lode": 5.241071428571429,
    "Hotfoot Gnome": 7.396127652389261,
    "Idol of the Deep King": 5.18600670422937,
    "Inti, Seneschal of the Sun": 1.4817518248175183,
    "Magmatic Galleon": 1.6102661596958174,
    "Ojer Axonil, Deepest Might": 1.5232974910394266,
    "Panicked Altisaur": 5.925482499182205,
    "Plundering Pirate": 4.749836375536325,
    "Poetic Ingenuity": 2.1904761904761907,
    "Rampaging Ceratops": 4.561793045664014,
    "Rumbling Rockslide": 4.951376811594203,
    "Saheeli's Lattice": 4.773593605902244,
    "Scytheclaw Raptor": 2.945179584120983,
    "Seismic Monstrosaur": 5.587575439517187,
    "Sunfire Torch": 6.066042996096896,
    "Sunshot Militia": 6.1929034248688675,
    "Tectonic Hazard": 9.204299354563396,
    "Triumphant Chomp": 3.239502762430939,
    "Trumpeting Carnosaur": 1.2685185185185186,
    "Volatile Wanderglyph": 5.539910372150419,
    "Zoyowa's Justice": 7.825383304940375,
    "Armored Kincaller": 5.393119549543363,
    "Basking Capybara": 7.24278900749489,
    "Bedrock Tortoise": 1.8026565464895636,
    "Cavern Stomper": 5.794494448459365,
    "Cenote Scout": 3.8767060964513194,
    "Coati Scavenger": 4.52012882447665,
    "Colossadactyl": 3.063026430438571,
    "Disturbed Slumber": 8.991775520077407,
    "Earthshaker Dreadmaw": 3.3013816925734023,
    "Explorer's Cache": 5.376432664756447,
    "Ghalta, Stampede Tyrant": 1.9818731117824773,
    "Glimpse the Core": 5.676546613820438,
    "Glowcap Lantern": 5.906682618355837,
    "Growing Rites of Itlimoc": 3.3625678119349005,
    "Huatli, Poet of Unity": 1.3495145631067962,