{
    "Another Round": 6.3074367492972145,
    "Archangel of Tithes": 2.2429284525790347,
    "Armored Armadillo": 7.957884598546537,
    "Aven Interrupter": 2.4237410071942445,
    "Bounding Felidar": 4.056259503294475,
    "Bovine Intervention": 6.382173095014111,
    "Bridled Bighorn": 5.8070281124497996,
    "Claim Jumper": 2.669626998223801,
    "Dust Animus": 1.4275449101796407,
    "Eriette's Lullaby": 5.757767087592704,
    "Final Showdown": null,
    "Fortune, Loyal Steed": 2.0095162569389373,
    "Frontier Seeker": 3.7553640198056115,
    "Getaway Glamer": 3.9276494565217392,
    "High Noon": 5.762806236080178,
    "Holy Cow": 4.777090131652976,
    "Inventive Wingsmith": 7.633418955984153,
    "Lassoed by the Law": 2.4869515342701463,
    "Mystical Tether": 3.3686621386826725,
    "Nurturing Pixie": 5.506780962128966,
    "Omenport Vigilante": 4.780168115116114,
    "One Last Job": 3.603211009174312,
    "Outlaw Medic": 5.9508332521196765,
    "Prairie Dog": 2.992457142857143,
    "Prosperity Tycoon": 3.938376753507014,
    "Requisition Raid": 5.5198386886952,
    "Rustler Rampage": 7.027867214388809,
    "Shepherd of the Clouds": 2.555466879489226,
    "Sheriff of Safe Passage": 5.4774159663865545,
    "Stagecoach Security": 6.593719650372289,
    "Steer Clear": 6.551000419756541,
    "Sterling Keykeeper": 6.045426019792421,
    "Sterling Supplier": 6.456047803557257,
    "Take Up the Shield": 5.310089413258558,
    "Thunder Lasso": 5.933721961728551,
    "Trained Arynx": 4.253501310993157,
    "Vengeful Townsfolk": 6.3634149768182455,
    "Wanted Griffin": 6.606263676148797,
    "Archmage's Newt": 3.9437060203283814,
    "Canyon Crab": 4.934861111111111,
    "Daring Thunder-Thief": 8.002258709060898,
    "Deepmuck Desperado": 4.989347536617843,
    "Djinn of Fool's Fall": 7.355388113602925,
    "Double Down": 3.4510869565217392,
    "Duelist of the Mind": 2.5284499672988883,
    "Emergent Haunting": 5.280207056259365,
    "Failed Fording": 7.290266200591557,
    "Fblthp, Lost on the Range": 3.5075258701787395,
    "Fleeting Reflection": 7.711091816800521,
    "Geralf, the Fleshwright": null,
    "Geyser Drake": 6.538101319710515,
    "Harrier Strix": 7.658823529411765,
    "Jailbreak Scheme": 7.214783696818019,
    "The Key to the Vault": 5.258732612055641,
    "Loan Shark": 5.58831639687484,
    "Marauding Sphinx": 3.333752093802345,
    "Metamorphic Blast": 5.233848592944907,
    "Nimble Brigand": 3.9744227353463586,
    "Outlaw Stitcher": 3.7626244010320677,
    "Peerless Ropemaster": 8.054283475535435,
    "Phantom Interference": 5.946492271105827,
    "Plan the Heist": 5.836936380481779,
    "Razzle-Dazzler": 7.076489867516041,
    "Seize the Secrets": 7.287721631205674,
    "Shackle Slinger": 6.445361071257771,
    "Shifting Grift": 7.781659858095034,
    "Slickshot Lockpicker": 3.691783345615328,
    "Slickshot Vault-Buster": 8.284788115581126,
    "Spring Splasher": 7.69051404345522,
    "Step Between Worlds": 6.336609336609337,
    "Stoic Sphinx": 2.022301516503122,
    "Stop Cold": 6.573233282674772,
    "Take the Fall": 6.8243607624360765,
    "This Town Ain't Big Enough": 5.406051797040169,
    "Three Steps Ahead": 2.5816636308439587,
    "Visage Bandit": 4.998190926802115,
    "Ambush Gigapede": 6.372935758477928,
    "Binding Negotiation": 5.684444979532868,
    "Blacksnag Buzzard": 7.010659921405664,
    "Blood Hustler": 2.8490519576459,
    "Boneyard Desecrator": 7.288311111111111,
    "Caustic Bronco": 1.8509259259259259,
    "Consuming Ashes": 3.496175380490498,
    "Corrupted Conviction": 7.972206709910219,
    "Desert's Due": 3.804041554005977,
    "Desperate Bloodseeker": 4.630856683509417,
    "Fake Your Own Death": 7.232406038614881,
    "Forsaken Miner": 4.628993369499699,
    "Gisa, the Hellraiser": null,
    "Hollow Marauder": 3.017448447767958,
    "Insatiable Avarice": 4.240343347639485,
    "Kaervek, the Punisher": 2.3671354552183566,
    "Lively Dirge": 5.259313660034717,
    "Mourner's Surprise": 5.800833537631773,
    "Neutralize the Guards": 7.31420137750082,
    "Nezumi Linkbreaker": 7.059612518628912,
    "Overzealous Muscle": 7.653770405707033,
    "Pitiless Carnage": 6.199479166666666,
    "Rakish Crew": 5.3788701792504074,
    "Rattleback Apothecary": 3.8717904532138547,
    "Raven of Fell Omens": 5.1373729562527615,
    "Rictus Robber": 3.9673950153636053,
    "Rooftop Assassin": 5.899698707357372,
    "Rush of Dread": 2.3800904977375565,
    "Servant of the Stinger": 3.6517216642754664,
    "Shoot the Sheriff": 3.0473200269118634,
    "Skulduggery": 6.382266056794359,
    "Tinybones Joins Up": 5.299463647199047,
    "Tinybones, the Pickpocket": 2.0232172470978442,
    "Treasure Dredger": 4.592729422195951,
    "Unfortunate Accident": 3.08039430449069,
    "Unscrupulous Contractor": 4.369268897149938,
    "Vadmir, New Blood": 1.7612732095490715,
    "Vault Plunderer": 4.197076644387532,
    "Brimstone Roundup": 6.470616057703677,
    "Calamity, Galloping Inferno": 1.6709870388833499,
    "Caught in the Crossfire": 6.7950949367088604,
    "Cunning Coyote": 4.408102143757882,
    "Deadeye Duelist": 5.85325784764697,
    "Demonic Ruckus": 5.684950595388903,
    "Discerning Peddler": 6.534105713753955,
    "Explosive Derailment": 4.250823618854536,
    "Ferocification": 6.641380958069526,
    "Gila Courser": 4.343343653250774,
    "Great Train Heist": 3.0247660979636763,
    "Hell to Pay": 2.9534518828451883,
    "Hellspur Brute": 4.505324733763312,
    "Hellspur Posse Boss": 1.893177737881508,
    "Highway Robbery": 7.386643546307412,
    "Irascible Wolverine": 6.043944265809218,
    "Iron-Fist Pulverizer": 7.347532236549577,
    "Longhorn Sharpshooter": 3.051525873507298,
    "Magda, the Hoardmaster": 1.8566037735849057,
    "Magebane Lizard": 7.563516862407068,
    "Mine Raider": 6.501599096980529,
    "Outlaws' Fury": 8.310102274198421,
    "Prickly Pair": 5.095797485109199,
    "Quick Draw": 8.373522870971962,
    "Quilled Charger": 7.03704708915728,
    "Reckless Lackey": 6.881219019643841,
    "Resilient Roadrunner": 5.1354656632173095,
    "Return the Favor": 7.176602420439265,
    "Rodeo Pyromancers": 7.736373602280202,
    "Scalestorm Summoner": 3.7849538679914834,
    "Scorching Shot": 3.8110418521816563,
    "Slickshot Show-Off": 2.491424802110818,
    "Stingerback Terror": 1.6584158415841583,
    "Take for a Ride": 6.650344905575031,
    "Terror of the Peaks": null,
    "Thunder Salvo": 5.230894308943089,
    "Trick Shot": 7.374730354391371,
    "Aloe Alchemist": 2.8218215874502457,
    "Ankle Biter": 5.9097689382860485,
    "Beastbond Outcaster": 2.9558689717925386,
    "Betrayal at the Vault": 4.599045346062052,
    "Bristlepack Sentry": 5.44573802441276,
    "Bristly Bill, Spine Sower": null,
    "Cactarantula": 3.577691369319915,
    "Colossal Rattlewurm": 1.4368600682593857,
    "Dance of the Tumbleweeds": 4.112152532580086,
    "Drover Grizzly": 4.828468767274737,
    "Freestrider Commando": 4.934095093685692,
    "Freestrider Lookout": 1.8537258509659613,
    "Full Steam Ahead": 6.5181204984566135,
    "Giant Beaver": 3.9739611081513053,
    "Gold Rush": 5.806788818416726,
    "Goldvein Hydra": null,
    "Hardbristle Bandit": 3.4333643988816402,
    "Intrepid Stablemaster": 2.933146983461449,
    "Map the Frontier": 6.486702127659575,
    "Ornery Tumblewagg": 1.4027954256670903,
    "Outcaster Greenblade": 2.350965824665676,
    "Outcaster Trailblazer": 1.66,
    "Patient Naturalist": 4.270126660488106,
    "Railway Brawler": null,
    "Rambling Possum": 3.5899558498896247,
    "Raucous Entertainer": 3.8990887613904825,
    "Reach for the Sky": 7.468708565367277,
    "Rise of the Varmints": 5.377089542568355,
    "Smuggler's Surprise": 3.010886469673406,
    "Snakeskin Veil": 4.619332019018903,
    "Spinewoods Armadillo": 2.213617295901904,
    "Spinewoods Paladin": 3.6410091480846196,
    "Stubborn Burrowfiend": 3.0544456641053785,
    "Throw from the Saddle": 3.168512865242041,