{
    "Putrid Warrior": 6.85024154589372,
    "Krosan Tusker": 4.7309833024118735,
    "Mass Hysteria": null,
    "Spell Snare": 6.9264,
    "Ghost Quarter": 7.081081081081081,
    "Enlisted Wurm": null,
    "Kuldotha Rebirth": 6.030252100840336,
    "Molten Psyche": null,
    "Leonin Relic-Warder": null,
    "Gnaw to the Bone": 7.882089552238806,
    "Stromkirk Captain": 6.109259259259259,
    "Burden of Guilt": 6.943164362519202,
    "Ixidor, Reality Sculptor": null,
    "Duskmantle, House of Shadow": 7.600609756097561,
    "Worldspine Wurm": null,
    "Possibility Storm": null,
    "Millstone": 7.38796992481203,
    "Nyx Weaver": 5.411552346570397,
    "Evolutionary Leap": null,
    "Shard of Broken Glass": 8.008784773060029,
    "Metalspinner's Puzzleknot": 6.654028436018957,
    "Smuggler's Copter": null,
    "Consign // Oblivion": 5.2745098039215685,
    "Bishop of the Bloodstained": 6.761973875181423,
    "Goblin Warchief": 6.736593059936909,
    "High Alert": 6.969135802469136,
    "Jace, Wielder of Mysteries": null,
    "Syr Konrad, the Grim": null,
    "Ranger-Captain of Eos": null,
    "Hard Evidence": 5.182608695652174,
    "Combine Chrysalis": null,
    "Quintorius, Field Historian": 5.269662921348314,
    "Laid to Rest": 7.4985337243401755,
    "Monologue Tax": null,
    "Magmaw": null,
    "Mistveil Plains": 6.817901234567901,
    "Mentor of the Meek": null,
    "Ghostly Prison": null,
    "Fabricate": null,
    "Show and Tell": null,
    "Tragic Slip": null,
    "Victimize": null,
    "Gamble": null,
    "Crashing Footfalls": null,
    "Tireless Tracker": null,
    "Drown in the Loch": null,
    "Field of the Dead": null,
    "Case of the Shattered Pact": 5.653301886792453,
    "Absolving Lammasu": 5.046763754045307,
    "Assemble the Players": 3.0829931972789115,
    "Aurelia's Vindicator": null,
    "Auspicious Arrival": 5.53851898661458,
    "Call a Surprise Witness": 4.679845222072679,
    "Case of the Gateway Express": 2.959718309859155,
    "Case of the Pilfered Proof": 4.430264180264181,
    "Case of the Uneaten Feast": 4.467913302167446,
    "Defenestrated Phantom": 6.074361088211047,
    "Delney, Streetwise Lookout": null,
    "Doorkeeper Thrull": 3.595625635808749,
    "Due Diligence": 6.4790196606517645,
    "Essence of Antiquity": 5.414784078684494,
    "Forum Familiar": 5.0873709293089755,
    "Griffnaut Tracker": 5.671725465768164,
    "Haazda Vigilante": 5.8718827229835995,
    "Inside Source": 3.7167064242823065,
    "Karlov Watchdog": 3.827882599580713,
    "Krovod Haunch": 5.204418170504045,
    "Make Your Move": 5.709439268764282,
    "Makeshift Binding": 2.8312869984652487,
    "Marketwatch Phantom": 3.8036983204134365,
    "Museum Nightwatch": 4.7383092943535345,
    "Neighborhood Guardian": 3.0743823146944083,
    "No Witnesses": 2.143815915627996,
    "Not on My Watch": 3.219392752203722,
    "Novice Inspector": 3.0895719212822073,
    "On the Job": 6.55151451075752,
    "Perimeter Enforcer": 2.9020385050962627,
    "Sanctuary Wall": 6.224301675977654,
    "Seasoned Consultant": 5.031018746916626,
    "Tenth District Hero": 1.47248322147651,
    "Unyielding Gatekeeper": 1.698090692124105,
    "Wrench": 5.99677645409951,
    "Agency Outfitter": 5.9174271415955255,
    "Behind the Mask": 8.090035835158272,
    "Benthic Criminologists": 7.292503346720214,
    "Bubble Smuggler": 6.298072170044488,
    "Burden of Proof": 5.2972017220172205,
    "Candlestick": 6.2916835152985575,
    "Case of the Filched Falcon": 4.551477014507953,
    "Case of the Ransacked Lab": 5.413586765223513,
    "Cold Case Cracker": 4.477067456957381,
    "Conspiracy Unraveler": 3.006527415143603,
    "Coveted Falcon": 2.9455872594558725,
    "Crimestopper Sprite": 4.867688294750571,
    "Cryptic Coat": 1.724304715840387,
    "Curious Inquiry": 5.6925129493015225,
    "Deduce": 5.974656454156341,
    "Dramatic Accusation": 5.166217486681291,
    "Eliminate the Impossible": 5.564913844325609,
    "Exit Specialist": 3.1964285714285716,
    "Fae Flight": 5.107086113759136,
    "Forensic Gadgeteer": 2.5380794701986753,
    "Forensic Researcher": 5.005408845052497,
    "Furtive Courier": 4.827008547008547,
    "Hotshot Investigators": 6.680382676679354,
    "Intrude on the Mind": null,
    "Jaded Analyst": 6.8254230293025175,
    "Living Conundrum": 6.772253725438481,
    "Lost in the Maze": 3.001346801346801,
    "Mistway Spy": 4.115795724465558,
    "Out Cold": 5.869451548735436,
    "Proft's Eidetic Memory": 2.5911692559280457,
    "Projektor Inspector": 5.234497198103331,
    "Reasonable Doubt": 6.403984323971261,
    "Reenact the Crime": 4.896156688839616,
    "Steamcore Scholar": 1.9330499468650373,
    "Unauthorized Exit": 6.377527362915836,
    "Agency Coroner": 7.530133872189947,
    "Alley Assailant": 6.164179104477612,
    "Barbed Servitor": 2.1710654936461387,
    "Basilica Stalker": 5.9593897240296165,
    "Case of the Stashed Skeleton": 2.0795454545454546,
    "Cerebral Confiscation": 7.285398116218024,
    "Deadly Cover-Up": 2.08125,
    "Extract a Confession": 4.87064611347983,
    "Festerleech": 5.4697996918335905,
    "Homicide Investigator": 1.8708288482238966,
    "Hunted Bonebrute": 2.181286549707602,
    "Illicit Masquerade": 3.7195853791598474,
    "It Doesn't Add Up": 5.938746640260291,
    "Lead Pipe": 6.502875484820115,
    "Leering Onlooker": 3.3392943450942485,
    "Long Goodbye": 2.8350987689665046,
    "Macabre Reconstruction": 6.721186035389765,
    "Massacre Girl, Known Killer": null,
    "Murder": 3.3752034466251795,
    "Nightdrinker Moroii": 4.277429169043544,
    "Outrageous Robbery": 2.4158757549611733,
    "Persuasive Interrogators": 5.517998779743746,
    "Polygraph Orb": 6.641988507283175,
    "Presumed Dead": 5.716178418960695,
    "Repeat Offender": 6.2227013877370485,
    "Rot Farm Mortipede": 6.960931862694568,
    "Slice from the Shadows": 4.259625547335045,
    "Slimy Dualleech": 4.835072366206664,
    "Snarling Gorehound": 5.934327681052572,
    "Soul Enervation": 3.3190321776003993,
    "Toxin Analysis": 6.61687898089172,
    "Undercity Eliminator": 3.4829852147383242,
    "Unscrupulous Agent": 5.143247537337147,
    "Vein Ripper": null,
    "Anzrag's Rampage": 5.531929347826087,
    "Bolrac-Clan Basher": 3.9600077654824304,
    "Case of the Burning Masks": 3.328072692491631,
    "Case of the Crimson Pulse": 2.954160789844852,
    "Caught Red-Handed": 7.00484323222024,
    "The Chase Is On": 6.646059782608695,
    "Concealed Weapon": 5.083838855187432,
    "Connecting the Dots": 4.004398826979473,
    "Convenient Target": 5.719597989949749,
    "Cornered Crook": 4.283333333333333,
    "Crime Novelist": 5.279777070063695,
    "Demand Answers": 6.679603981252304,
    "Expedited Inheritance": 5.076863950807072,
    "Expose the Culprit": 6.8671347198304415,
    "Felonious Rage": 6.706319106885316,
    "Frantic Scapegoat": 4.76974358974359,
    "Fugitive Codebreaker": 2.049407114624506,
    "Galvanize": 3.1893931870096335,
    "Gearbane Orangutan": 5.534207123545316,
    "Goblin Maskmaker": 6.594924300185165,
    "Harried Dronesmith": 3.397803247373448,
    "Incinerator of the Guilty": null,
    "Innocent Bystander": 6.150431900907264,
    "Knife": 6.228825136612022,
    "Krenko, Baron of Tin Street": 1.7006960556844548,
    "Krenko's Buzzcrusher": 1.8359908883826879,
    "Lamplight Phoenix": 1.6854190585533868,
    "Offender at Large": 6.49290705060343,
    "Person of Interest": 4.831599479843953,
    "Pyrotechnic Performer": 1.7853170189099,
    "Reckless Detective": 3.616946931644464,
    "Red Herring": 5.038792557904062,
    "Rubblebelt Braggart": 6.997647796769641,
    "Shock": 3.3074225045027963,
    "Suspicious Detonation": 5.4708935417281035,
    "Vengeful Tracker": 4.3377541998231655,
    "Aftermath Analyst": 5.706717400848822,
    "Airtight Alibi": 7.210491536623799,
    "Analyze the Pollen": 3.6518924302788847,
    "Archdruid's Charm": 3.1623376623376624,