{
    "Putrid Warrior": 6.871010638297872,
    "Krosan Tusker": 4.779365079365079,
    "Mass Hysteria": null,
    "Spell Snare": 6.949384404924761,
    "Ghost Quarter": 7.049757281553398,
    "Enlisted Wurm": null,
    "Kuldotha Rebirth": 6.008510638297873,
    "Molten Psyche": null,
    "Leonin Relic-Warder": 4.130996309963099,
    "Gnaw to the Bone": 7.885057471264368,
    "Stromkirk Captain": 6.110047846889952,
    "Burden of Guilt": 6.963011889035667,
    "Ixidor, Reality Sculptor": null,
    "Duskmantle, House of Shadow": 7.599479843953186,
    "Worldspine Wurm": null,
    "Possibility Storm": null,
    "Millstone": 7.456996148908858,
    "Nyx Weaver": 5.351351351351352,
    "Evolutionary Leap": null,
    "Shard of Broken Glass": 7.971916971916972,
    "Metalspinner's Puzzleknot": 6.6005256241787125,
    "Smuggler's Copter": null,
    "Consign // Oblivion": 5.316412859560067,
    "Bishop of the Bloodstained": 6.699115044247788,
    "Goblin Warchief": 6.705962059620596,
    "High Alert": 6.8978779840848805,
    "Jace, Wielder of Mysteries": null,
    "Syr Konrad, the Grim": null,
    "Ranger-Captain of Eos": null,
    "Hard Evidence": 5.153030303030303,
    "Combine Chrysalis": 5.256055363321799,
    "Quintorius, Field Historian": 5.273905996758509,
    "Laid to Rest": 7.4367245657568235,
    "Monologue Tax": null,
    "Magmaw": 4.985428051001821,
    "Mistveil Plains": 6.808959156785244,
    "Mentor of the Meek": null,
    "Ghostly Prison": null,
    "Fabricate": null,
    "Show and Tell": null,
    "Tragic Slip": null,
    "Victimize": null,
    "Gamble": null,
    "Crashing Footfalls": null,
    "Tireless Tracker": null,
    "Drown in the Loch": null,
    "Field of the Dead": null,
    "Case of the Shattered Pact": 5.67495004995005,
    "Absolving Lammasu": 5.091303169872663,
    "Assemble the Players": 3.1272935779816513,
    "Aurelia's Vindicator": null,
    "Auspicious Arrival": 5.48635381896721,
    "Call a Surprise Witness": 4.703256078487132,
    "Case of the Gateway Express": 2.917234664070107,
    "Case of the Pilfered Proof": 4.473960900279284,
    "Case of the Uneaten Feast": 4.542464763281532,
    "Defenestrated Phantom": 6.097724729578515,
    "Delney, Streetwise Lookout": null,
    "Doorkeeper Thrull": 3.5878839590443685,
    "Due Diligence": 6.472655713697313,
    "Essence of Antiquity": 5.443450064850843,
    "Forum Familiar": 5.125705076551168,
    "Griffnaut Tracker": 5.669957143545047,
    "Haazda Vigilante": 5.83457711442786,
    "Inside Source": 3.6620561813774417,
    "Karlov Watchdog": 3.7974091399784093,
    "Krovod Haunch": 5.202853029708153,
    "Make Your Move": 5.709890869586687,
    "Makeshift Binding": 2.81375601471837,
    "Marketwatch Phantom": 3.7444089456869007,
    "Museum Nightwatch": 4.7195135373101476,
    "Neighborhood Guardian": 3.0126639529624604,
    "No Witnesses": 2.178513731825525,
    "Not on My Watch": 3.2230290456431536,
    "Novice Inspector": 3.050026329647183,
    "On the Job": 6.4597147788173315,
    "Perimeter Enforcer": 2.8800679776644817,
    "Sanctuary Wall": 6.251038082809349,
    "Seasoned Consultant": 4.95619856649854,
    "Tenth District Hero": 1.4621559633027523,
    "Unyielding Gatekeeper": 1.6884422110552764,
    "Wrench": 6.019390911253867,
    "Agency Outfitter": 5.990251218597676,
    "Behind the Mask": 8.110039753023766,
    "Benthic Criminologists": 7.324719394413991,
    "Bubble Smuggler": 6.317318850670752,
    "Burden of Proof": 5.340609070709712,
    "Candlestick": 6.3448236371965185,
    "Case of the Filched Falcon": 4.6028516263181345,
    "Case of the Ransacked Lab": 5.54250295159386,
    "Cold Case Cracker": 4.473143948436381,
    "Conspiracy Unraveler": 3.0159914712153517,
    "Coveted Falcon": 3.002217294900222,
    "Crimestopper Sprite": 4.874393471548302,
    "Cryptic Coat": 1.6983122362869199,
    "Curious Inquiry": 5.747450668785591,
    "Deduce": 5.960237901098374,
    "Dramatic Accusation": 5.1713172917889345,
    "Eliminate the Impossible": 5.561341571050309,
    "Exit Specialist": 3.1928374655647382,
    "Fae Flight": 5.165375367352391,
    "Forensic Gadgeteer": 2.572030920590302,
    "Forensic Researcher": 4.997980885718132,
    "Furtive Courier": 4.829098301147089,
    "Hotshot Investigators": 6.704997173052668,
    "Intrude on the Mind": 1.9576427255985267,
    "Jaded Analyst": 6.804356470640216,
    "Living Conundrum": 6.827881619937695,
    "Lost in the Maze": 2.9988419224088014,
    "Mistway Spy": 4.163309472282338,
    "Out Cold": 5.8651131309224525,
    "Proft's Eidetic Memory": 2.586303284416492,
    "Projektor Inspector": 5.183273926690429,
    "Reasonable Doubt": 6.404317548746518,
    "Reenact the Crime": 4.930015552099533,
    "Steamcore Scholar": 1.9439501779359432,
    "Unauthorized Exit": 6.3687894592368925,
    "Agency Coroner": 7.587521960834726,
    "Alley Assailant": 6.208072503036532,
    "Barbed Servitor": 2.233278955954323,
    "Basilica Stalker": 6.0153100038037275,
    "Case of the Stashed Skeleton": 2.0913500404203718,
    "Cerebral Confiscation": 7.323535834388784,
    "Deadly Cover-Up": 2.0984182776801408,
    "Extract a Confession": 4.847552447552448,
    "Festerleech": 5.510960334029227,
    "Homicide Investigator": 1.8774954627949183,
    "Hunted Bonebrute": 2.1698268755152514,
    "Illicit Masquerade": 3.8099816849816848,
    "It Doesn't Add Up": 6.014484007242004,
    "Lead Pipe": 6.5395788762526745,
    "Leering Onlooker": 3.339695431472081,
    "Long Goodbye": 2.8574176484731906,
    "Macabre Reconstruction": 6.766062455132807,
    "Massacre Girl, Known Killer": null,
    "Murder": 3.4234415167095116,
    "Nightdrinker Moroii": 4.322910019144863,
    "Outrageous Robbery": 2.4156226971260133,
    "Persuasive Interrogators": 5.566735112936345,
    "Polygraph Orb": 6.691514670896114,
    "Presumed Dead": 5.754686530105524,
    "Repeat Offender": 6.242883983090653,
    "Rot Farm Mortipede": 7.001356733336251,
    "Slice from the Shadows": 4.271637221761592,
    "Slimy Dualleech": 4.842150910667823,
    "Snarling Gorehound": 5.9155894269727956,
    "Soul Enervation": 3.3379310344827586,
    "Toxin Analysis": 6.660733597692862,
    "Undercity Eliminator": 3.5386734894705767,
    "Unscrupulous Agent": 5.142941492216854,
    "Vein Ripper": null,
    "Anzrag's Rampage": 5.5736677115987465,
    "Bolrac-Clan Basher": 3.948880721683929,
    "Case of the Burning Masks": 3.3408903544929927,
    "Case of the Crimson Pulse": 2.968452380952381,
    "Caught Red-Handed": 7.01609071274298,
    "The Chase Is On": 6.603113708346345,
    "Concealed Weapon": 5.082434412038887,
    "Connecting the Dots": 4.040650406504065,
    "Convenient Target": 5.75116736298845,
    "Cornered Crook": 4.302905223051278,
    "Crime Novelist": 5.269804666304938,
    "Demand Answers": 6.690641014114897,
    "Expedited Inheritance": 5.085808580858086,
    "Expose the Culprit": 6.916247906197655,
    "Felonious Rage": 6.714827523929926,
    "Frantic Scapegoat": 4.716870986573263,
    "Fugitive Codebreaker": 2.0588235294117645,
    "Galvanize": 3.191150292447232,
    "Gearbane Orangutan": 5.53186802182947,
    "Goblin Maskmaker": 6.584949321978988,
    "Harried Dronesmith": 3.40964098426785,
    "Incinerator of the Guilty": null,
    "Innocent Bystander": 6.111886173603732,
    "Knife": 6.252200092635479,
    "Krenko, Baron of Tin Street": 1.6984282907662083,
    "Krenko's Buzzcrusher": 1.8180094786729857,
    "Lamplight Phoenix": 1.688953488372093,
    "Offender at Large": 6.454537241971182,
    "Person of Interest": 4.776778733385457,
    "Pyrotechnic Performer": 1.7767354596622889,
    "Reckless Detective": 3.554912215166231,
    "Red Herring": 4.976363046300303,
    "Rubblebelt Braggart": 7.008476080589332,
    "Shock": 3.29967585089141,
    "Suspicious Detonation": 5.503366415640118,
    "Vengeful Tracker": 4.323574029126213,
    "Aftermath Analyst": 5.68949543007387,
    "Airtight Alibi": 7.182388305004109,
    "Analyze the Pollen": 3.6449031171019377,