{
    "Archon of the Wild Rose": 1.6557734204793029,
    "Archon's Glory": 6.4826013918886485,
    "Armory Mice": 6.596659674035823,
    "Besotted Knight": 5.643020393811533,
    "Break the Spell": 8.427966101694915,
    "Charmed Clothier": 6.583067602040816,
    "Cheeky House-Mouse": 4.894639981596503,
    "Cooped Up": 3.614575214341387,
    "Cursed Courtier": 4.0889138998311765,
    "Discerning Financier": 5.219246482069905,
    "Dutiful Griffin": 5.845537033129352,
    "Eerie Interference": 7.948403391665163,
    "Expel the Interlopers": 2.0141342756183747,
    "Frostbridge Guard": 6.75997714845344,
    "Gallant Pie-Wielder": 4.617668893838159,
    "Glass Casket": 3.8200415060776756,
    "Hopeful Vigil": 3.745664739884393,
    "Kellan's Lightblades": 4.759210654223778,
    "Knight of Doves": 5.716335540838852,
    "Moment of Valor": 6.9539231792224045,
    "Moonshaker Cavalry": 2.5183098591549298,
    "Plunge into Winter": 8.454867256637169,
    "The Princess Takes Flight": 3.2767295597484276,
    "Protective Parents": 7.131263616557734,
    "Regal Bunnicorn": 1.7660944206008584,
    "Return Triumphant": 6.568925514041124,
    "Rimefur Reindeer": 7.463566010267413,
    "Savior of the Sleeping": 6.941209768720686,
    "Slumbering Keepguard": 7.425934690014198,
    "Solitary Sanctuary": 6.26228107646305,
    "Spellbook Vendor": 1.4937027707808563,
    "Stockpiling Celebrant": 4.905207835642618,
    "Stroke of Midnight": 4.635048231511254,
    "A Tale for the Ages": 3.675312199807877,
    "Three Blind Mice": 2.17774343122102,
    "Tuinvale Guide": 7.257848768589189,
    "Unassuming Sage": 6.501583949313622,
    "Virtue of Loyalty": 1.2705882352941176,
    "Werefox Bodyguard": 1.8926654740608229,
    "Aquatic Alchemist": 6.729508196721311,
    "Archive Dragon": 4.265208858985142,
    "Asinine Antics": 2.8771498771498774,
    "Beluna's Gatekeeper": 5.482253571749483,
    "Bitter Chill": 3.8096246973365617,
    "Chancellor of Tales": 5.492927864214993,
    "Diminisher Witch": 7.4582473832989535,
    "Disdainful Stroke": 7.139451951951952,
    "Extraordinary Journey": 3.0626506024096387,
    "Farsight Ritual": 3.7208888888888887,
    "Freeze in Place": 8.212693615413675,
    "Gadwick's First Duel": 5.6218949219608705,
    "Galvanic Giant": 6.1198234181206645,
    "Horned Loch-Whale": 1.9183673469387754,
    "Ice Out": 6.830112395892294,
    "Icewrought Sentry": 5.128098159509203,
    "Ingenious Prodigy": 2.0796296296296295,
    "Into the Fae Court": 6.270593149540518,
    "Johann's Stopgap": 6.495921957460419,
    "Living Lectern": 8.233616957754888,
    "Merfolk Coralsmith": 8.983576906381131,
    "Misleading Motes": 8.473869900771776,
    "Mocking Sprite": 6.503687378146987,
    "Obyra's Attendants": 6.319520800853368,
    "Picklock Prankster": 4.268339241887102,
    "Quick Study": 6.672946741701329,
    "Sleep-Cursed Faerie": 2.23240589198036,
    "Sleight of Hand": 7.84471398622342,
    "Snaremaster Sprite": 6.892654451110751,
    "Spell Stutter": 6.081981510552939,
    "Splashy Spellcaster": 5.3879490150637315,
    "Stormkeld Prowler": 8.332338679597166,
    "Succumb to the Cold": 7.024801395078473,
    "Talion's Messenger": 1.9964664310954063,
    "Tenacious Tomeseeker": 5.169945105215005,
    "Vantress Transmuter": 6.198316806932755,
    "Virtue of Knowledge": 4.236476043276662,
    "Water Wings": 8.78854204921043,
    "Ashiok, Wicked Manipulator": 1.24,
    "Ashiok's Reaper": 5.3717652495378925,
    "Back for Seconds": 3.9282006920415227,
    "Barrow Naughty": 4.638285144566301,
    "Beseech the Mirror": 3.439842209072978,
    "Candy Grapple": 2.288246881155614,
    "Conceited Witch": 4.526650514839491,
    "Dream Spoilers": 5.980765295682422,
    "Ego Drain": 7.0931181598961235,
    "The End": 1.9744058500914077,
    "Eriette's Whisper": 7.44407796101949,
    "Faerie Dreamthief": 3.799051570835803,
    "Faerie Fencing": 3.0030041306796846,
    "Feed the Cauldron": 3.7423099940155597,
    "Fell Horseman": 5.885028533064787,
    "Gumdrop Poisoner": 1.5353535353535352,
    "High Fae Negotiator": 2.6364452423698386,
    "Hopeless Nightmare": 4.554648114539222,
    "Lich-Knights' Conquest": 4.039363484087102,
    "Lord Skitter, Sewer King": 1.3011363636363635,
    "Lord Skitter's Blessing": 1.8114186851211074,
    "Lord Skitter's Butcher": 3.043989381873341,
    "Mintstrosity": 4.567079257336794,
    "Not Dead After All": 6.7441329343203655,
    "Rankle's Prank": 2.4773413897280965,
    "Rat Out": 5.62286556297131,
    "Rowan's Grim Search": 6.723572815533981,
    "Scream Puff": 5.275118124275653,
    "Shatter the Oath": 4.486368260427263,
    "Specter of Mortality": 1.8877952755905512,
    "Spiteful Hexmage": 2.320839580209895,
    "Stingblade Assassin": 6.329572925060435,
    "Sugar Rush": 7.807801524435809,
    "Sweettooth Witch": 4.598039215686274,
    "Taken by Nightmares": 2.6314102564102564,
    "Tangled Colony": 1.918406072106262,
    "Twisted Sewer-Witch": 3.127194693718299,
    "Virtue of Persistence": 1.155688622754491,
    "Voracious Vermin": 4.351385523127173,
    "Warehouse Tabby": 6.662280701754386,
    "Wicked Visitor": 6.751543942992874,
    "The Witch's Vanity": 2.565884476534296,
    "Belligerent of the Ball": 3.914687774846086,
    "Bellowing Bruiser": 6.447718553587462,
    "Bespoke Battlegarb": 8.38091688408498,
    "Boundary Lands Ranger": 5.159600443951166,
    "Charming Scoundrel": 2.2610759493670884,
    "Cut In": 3.3250347705146037,
    "Edgewall Pack": 4.695194140664192,
    "Embereth Veteran": 3.985579589572934,
    "Flick a Coin": 5.445998583569405,
    "Food Fight": 6.040305010893246,
    "Frantic Firebolt": 4.5397862848843245,
    "Gnawing Crescendo": 6.964700270313245,
    "Goddric, Cloaked Reveler": 1.6982758620689655,
    "Grabby Giant": 4.763937200338441,
    "Grand Ball Guest": 5.285453549917868,
    "Harried Spearguard": 5.780055353745027,
    "Hearth Elemental": 3.4854956965253425,
    "Imodane, the Pyrohammer": 2.766013071895425,
    "Kindled Heroism": 8.68963000802744,
    "Korvold and the Noble Thief": 6.6711924439197166,
    "Merry Bards": 6.597930760047752,
    "Minecart Daredevil": 5.528852798894264,
    "Monstrous Rage": 3.7147777082028806,
    "Raging Battle Mouse": 2.350901525658807,
    "Ratcatcher Trainee": 3.8066077695752147,
    "Realm-Scorcher Hellkite": 1.3945945945945946,
    "Redcap Gutter-Dweller": 1.5462753950338601,
    "Redcap Thief": 5.3815674637807644,
    "Rotisserie Elemental": 3.7153488372093024,
    "Skewer Slinger": 7.247252324955807,
    "Song of Totentanz": 1.6911447084233262,
    "Stonesplitter Bolt": 3.2200357781753133,
    "Tattered Ratter": 5.260179924242424,
    "Torch the Tower": 2.6872457102423493,
    "Twisted Fealty": 4.766985757646509,
    "Two-Headed Hunter": 3.464756258234519,
    "Unruly Catapult": 6.946429992836106,
    "Virtue of Courage": 2.5063291139240507,
    "Witch's Mark": 6.245644171779141,
    "Witchstalker Frenzy": 2.4509232264334306,
    "Agatha's Champion": 2.4972014925373136,
    "Beanstalk Wurm": 5.526758071649713,
    "Bestial Bloodline": 7.961497488966672,
    "Blossoming Tortoise": 2.707692307692308,
    "Bramble Familiar": 2.251412429378531,
    "Brave the Wilds": 5.901060963287303,
    "Commune with Nature": 8.818907531968364,
    "Curse of the Werefox": 4.32684238838085,
    "Elvish Archivist": 2.0131826741996233,
    "Feral Encounter": 2.548431105047749,
    "Ferocious Werefox": 4.4583033419023135,
    "Graceful Takedown": 3.741368680641184,
    "Gruff Triplets": 1.3921052631578947,
    "Hamlet Glutton": 3.40010662401706,
    "Hollow Scavenger": 4.425160888519826,
    "Howling Galefang": 3.7922545782047434,
    "The Huntsman's Redemption": 1.7841584158415842,
    "Leaping Ambush": 8.27597450718838,
    "Night of the Sweets' Revenge": 5.95561632309634,
    "Redtooth Genealogist": 5.455543841152697,
    "Redtooth Vanguard": 4.0206681766704415,
    "Return from the Wilds": 5.807235054347826,
    "Rootrider Faun": 4.055398849148144,