{
    "Ajani, Nacatl Pariah": null,
    "Razorgrass Ambush": 4.499095431931253,
    "Witch Enchanter": 4.511076650420913,
    "Hydroelectric Specimen": 5.627203562813138,
    "Sink into Stupor": 4.965566133279319,
    "Tamiyo, Inquisitive Student": null,
    "Boggart Trawler": 5.9576512455516015,
    "Fell the Profane": 2.98598634567014,
    "Sorin of House Markov": null,
    "Pinnacle Monk": 4.784411276948591,
    "Ral, Monsoon Mage": null,
    "Sundering Eruption": 6.238500851788756,
    "Bridgeworks Battle": 3.1259283177268324,
    "Disciple of Freyalise": 4.24906629318394,
    "Grist, Voracious Larva": null,
    "Bloodsoaked Insight": 5.063566804002354,
    "Drowner of Truth": 3.2897642494777677,
    "Glasswing Grace": 4.079689018464529,
    "Legion Leadership": 4.822464513474594,
    "Revitalizing Repast": 3.6550931835588463,
    "Rush of Inspiration": 5.195724003887269,
    "Strength of the Harvest": 4.412759242560866,
    "Stump Stomp": 3.0023094688221708,
    "Suppression Ray": 5.086672117743254,
    "Waterlogged Teachings": 6.2886088881321305,
    "Breaker of Creation": 3.3287128712871286,
    "Devourer of Destiny": 2.1531966224366705,
    "Drownyard Lurker": 5.110006776598148,
    "Echoes of Eternity": 3.8374149659863948,
    "Eldrazi Ravager": 3.5,
    "Emrakul, the World Anew": null,
    "Glaring Fleshraker": 3.223521972810623,
    "Herigast, Erupting Nullkite": null,
    "It That Heralds the End": 3.5014484356894555,
    "Kozilek, the Broken Reality": null,
    "Kozilek's Command": 2.3815648445873525,
    "Null Elemental Blast": 7.31338199513382,
    "Nulldrifter": 1.5657894736842106,
    "Twisted Riddlekeeper": 3.763747997864389,
    "Ulamog, the Defiler": null,
    "Warped Tusker": 4.769938650306749,
    "Wastescape Battlemage": 3.5092925659472423,
    "Aerie Auxiliary": 4.969875677398789,
    "Ajani Fells the Godsire": 4.166282346912631,
    "Argent Dais": 5.570700046360686,
    "Charitable Levy": 8.106887992553522,
    "Dog Umbra": 5.49217036084424,
    "Envoy of the Ancestors": 4.205246913580247,
    "Essence Reliquary": 7.888169606732481,
    "Expel the Unworthy": 6.063738278220405,
    "Flare of Fortitude": 5.184729064039409,
    "Glyph Elemental": 2.988734509951183,
    "Guardian of the Forgotten": 5.081435324452084,
    "Guide of Souls": 1.755980861244019,
    "Hexgold Slith": 5.283976283976284,
    "Indebted Spirit": 5.228367346938776,
    "Inspired Inventor": 5.772904342807676,
    "Jolted Awake": 7.65758730555382,
    "Mandibular Kite": 6.207265984479088,
    "Metastatic Evangel": 3.7585121602288982,
    "Muster the Departed": 6.1374907475943745,
    "Nyxborn Unicorn": 5.941868708351056,
    "Ocelot Pride": null,
    "Pearl-Ear, Imperial Advisor": 3.1588235294117646,
    "Phelia, Exuberant Shepherd": 2.100508905852417,
    "Proud Pack-Rhino": 4.361137897782064,
    "Rosecot Knight": 7.742507150851884,
    "Solstice Zealot": 6.991261249510891,
    "Static Prison": 5.26726604004904,
    "Thraben Charm": 6.064412012349144,
    "Voltstorm Angel": 3.69137981759341,
    "White Orchid Phantom": 3.779264214046823,
    "Wing It": 7.557721327967807,
    "Wrath of the Skies": 2.7941176470588234,
    "Aether Spike": 6.2953148476984016,
    "Amphibian Downpour": 3.172684458398744,
    "Bespoke Battlewagon": 5.0,
    "Brainsurge": 5.542654028436019,
    "Consign to Memory": 7.565577766942955,
    "Copycrook": 4.819400127632418,
    "Corrupted Shapeshifter": 6.400527811611855,
    "Deem Inferior": 6.496194225721784,
    "Depth Defiler": 3.208695652173913,
    "Dreamtide Whale": 3.689245810055866,
    "Electrozoa": 7.577801547851255,
    "Emrakul's Messenger": 3.6374709976798143,
    "Flare of Denial": 4.074969021065676,
    "Harbinger of the Seas": 5.783712784588442,
    "Hope-Ender Coatl": 3.3333333333333335,
    "Kozilek's Unsealing": 4.2062184427318625,
    "Petrifying Meddler": 5.222239112259634,
    "Roil Cartographer": 4.595495072735805,
    "Sage of the Unknowable": 6.506842944459208,
    "Serum Visionary": 5.340562071254702,
    "Shadow of the Second Sun": 4.322763306908267,
    "Strix Serenade": 5.4039179104477615,
    "Tamiyo Meets the Story Circle": 6.786950732356858,
    "Tempest Harvester": 6.491632079260945,
    "Triton Wavebreaker": 6.795196797865244,
    "Tune the Narrative": 6.057411928845483,
    "Ugin's Binding": null,
    "Unfathomable Truths": 5.608879948272146,
    "Utter Insignificance": 6.106056396721767,
    "Volatile Stormdrake": 3.6806056236481615,
    "Accursed Marauder": 6.021449600448619,
    "Arcbound Condor": 4.708264657405227,
    "Breathe Your Last": 3.92642798013245,
    "Chthonian Nightmare": 3.3905882352941177,
    "Consuming Corruption": 5.5686155095412095,
    "Crabomination": 1.9226519337016574,
    "The Creation of Avacyn": 7.212911858170263,
    "Dreadmobile": 6.587820402546018,
    "Dreamdrinker Vampire": 6.236894265600437,
    "Drossclaw": 6.932595440084835,
    "Emperor of Bones": 2.07,
    "Etched Slith": 4.362725940400586,
    "Etherium Pteramander": 5.017501107665042,
    "Eviscerator's Insight": 7.163209571493595,
    "Fetid Gargantua": 6.4565027835535584,
    "Flare of Malice": 3.027250206440958,
    "Gravedig": 6.739601939270222,
    "Grim Servant": 5.975369458128079,
    "Kami of Jealous Thirst": 7.385576557148294,
    "Lethal Throwdown": 5.156887486855941,
    "Marionette Apprentice": 3.680418197230856,
    "Mindless Conscription": 6.409640729373533,
    "Necrodominance": 4.452764976958525,
    "Nethergoyf": null,
    "Quest for the Necropolis": 6.498591053187742,
    "Refurbished Familiar": 5.405646699732927,
    "Retrofitted Transmogrant": 6.4651035986913845,
    "Ripples of Undeath": 6.036408771203972,
    "Scurrilous Sentry": 6.89194887336935,
    "Shilgengar, Sire of Famine": 2.0899873257287704,
    "Warren Soultrader": 3.669432918395574,
    "Wither and Bloom": 3.934020210025758,
    "Wurmcoil Larva": 3.407305095150399,
    "Aether Revolt": 3.500769230769231,
    "Amped Raptor": 3.4385644768856447,
    "Ashling, Flame Dancer": 2.758490566037736,
    "Detective's Phoenix": 2.0383631713554986,
    "Eldrazi Linebreaker": 2.056603773584906,
    "Fanged Flames": 3.6136438176451295,
    "Flare of Duplication": 5.673348519362187,
    "Frogmyr Enforcer": 6.575862068965518,
    "Furnace Hellkite": 5.672562731386261,
    "Galvanic Discharge": 3.31349765258216,
    "Ghostfire Slice": 3.1088317107093184,
    "Glimpse the Impossible": 6.3530591775325975,
    "Infernal Captor": 7.854088128051418,
    "Inventor's Axe": 7.677142140258437,
    "Mogg Mob": 7.54155367682246,
    "Molten Gatekeeper": 5.836977985811453,
    "Party Thrasher": 3.256895193065406,
    "Phyrexian Ironworks": 4.9471526195899775,
    "Powerbalance": 5.8930194134655105,
    "Ral and the Implicit Maze": 4.675881133379406,
    "Reckless Pyrosurfer": 4.72632944228275,
    "Reiterating Bolt": 3.4949193066347877,
    "Sarpadian Simulacrum": 7.197733638910109,
    "Siege Smash": 7.749463223115146,
    "Skittering Precursor": 4.54179138844117,
    "Skoa, Embermage": 6.2585912413745985,
    "Smelted Chargebug": 6.111417852339492,
    "Spawn-Gang Commander": 2.9661764705882354,
    "Thriving Skyclaw": 6.565036280569739,
    "Unstable Amulet": 5.3743693239152375,
    "Voidpouncer": 5.6958250497017895,
    "Wheel of Potential": 6.036054703688355,
    "Basking Broodscale": 3.6347249559722368,
    "Birthing Ritual": 4.029216467463479,
    "Collective Resistance": 5.731425426527243,
    "Colossal Dreadmask": 5.625812978754155,
    "Eladamri, Korvecdal": null,
    "Eldrazi Repurposer": 3.408850354689787,
    "Evolution Witness": 4.534096649267553,
    "Fanatic of Rhonas": 1.7965023847376789,
    "Fangs of Kalonia": 5.121728292480266,
    "Flare of Cultivation": 4.081429408318688,
    "Fowl Strike": 7.118263853584138,
    "Gift of the Viper": 6.456571918485788,
    "Horrific Assault": 3.6435123157786253,
    "The Hunger Tide Rises": 6.1838772962368465,
    "Hydra Trainer": 4.810371013234975,
    "Lion Umbra": 6.100503416037396,