{
    "Abuelo's Awakening": 4.5514829997588615,
    "Acrobatic Leap": 8.54294694181382,
    "Adaptive Gemguard": 5.643153631355186,
    "Attentive Sunscribe": 5.681768332805303,
    "Bat Colony": 6.579463459759482,
    "Clay-Fired Bricks": 2.997726411519515,
    "Cosmium Blast": 5.455419058255201,
    "Dauntless Dismantler": 5.810842995926042,
    "Deconstruction Hammer": 6.863446538657003,
    "Dusk Rose Reliquary": 3.2569385140905207,
    "Envoy of Okinec Ahau": 6.632662802591203,
    "Fabrication Foundry": 5.09576307825335,
    "Family Reunion": 8.435011819836404,
    "Get Lost": 2.6686567164179102,
    "Glorifier of Suffering": 5.892585736554949,
    "Guardian of the Great Door": 3.276762682717111,
    "Helping Hand": 6.233065653160057,
    "Ironpaw Aspirant": 5.244882346734198,
    "Kinjalli's Dawnrunner": 3.522870128614254,
    "Kutzil's Flanker": 2.130105900151286,
    "Malamet War Scribe": 4.484947696238921,
    "Market Gnome": 4.405806198509219,
    "Might of the Ancestors": 6.270696695953471,
    "Miner's Guidewing": 4.365222439501345,
    "Mischievous Pup": 4.720109297688501,
    "Ojer Taq, Deepest Foundation": 1.5339652448657188,
    "Oltec Archaeologists": 7.423800889349393,
    "Oltec Cloud Guard": 3.48710775047259,
    "Oteclan Landmark": 7.015213307061357,
    "Petrify": 3.507435631843741,
    "Quicksand Whirlpool": 5.206489520761745,
    "Resplendent Angel": 1.3519163763066202,
    "Ruin-Lurker Bat": 3.140391380826737,
    "Sanguine Evangelist": 1.6185053380782919,
    "Soaring Sandwing": 6.005242030696576,
    "Spring-Loaded Sawblades": 2.5994139353158237,
    "Thousand Moons Crackshot": 7.76271258143667,
    "Thousand Moons Infantry": 7.978024764400119,
    "Thousand Moons Smithy": 1.4929022082018928,
    "Tinker's Tote": 4.191537518468454,
    "Unstable Glyphbridge": 1.6193548387096774,
    "Vanguard of the Rose": 4.523110840808879,
    "Warden of the Inner Sky": 1.6872920825016633,
    "Akal Pakal, First Among Equals": 1.8015873015873016,
    "Ancestral Reminiscence": 8.527970651024933,
    "Brackish Blunder": 6.079519383145297,
    "Braided Net": 2.4102321174798673,
    "Chart a Course": 4.40743904332971,
    "Cogwork Wrestler": 5.963736077891329,
    "Confounding Riddle": 5.316694546671127,
    "Council of Echoes": 5.085869023017174,
    "Didact Echo": 7.663245367288656,
    "Eaten by Piranhas": 4.397106748271202,
    "The Enigma Jewel": 4.457142857142857,
    "The Everflowing Well": 2.6313131313131315,
    "Frilled Cave-Wurm": 8.636305363715314,
    "Hermitic Nautilus": 4.654803738317757,
    "Hurl into History": 6.939938724781779,
    "Inverted Iceberg": 5.275040091326683,
    "Kitesail Larcenist": 1.6598689002184996,
    "Lodestone Needle": 3.681409001956947,
    "Malcolm, Alluring Scoundrel": 1.62339514978602,
    "Marauding Brinefang": 7.002732481269281,
    "Merfolk Cave-Diver": 6.1828513056247205,
    "Oaken Siren": 4.477066500932256,
    "Ojer Pakpatiq, Deepest Epoch": 1.4258675078864353,
    "Orazca Puzzle-Door": 7.42045527826143,
    "Out of Air": 8.305138737530388,
    "Pirate Hat": 7.885420225486847,
    "Relic's Roar": 9.320435777941297,
    "River Herald Scout": 5.401182759600237,
    "Sage of Days": 7.998754959061365,
    "Self-Reflection": 7.161080231317725,
    "Shipwreck Sentry": 7.068160493275546,
    "Sinuous Benthisaur": 6.645627644569816,
    "Song of Stupefaction": 8.88451850016518,
    "Spyglass Siren": 2.7783604041437524,
    "Staunch Crewmate": 3.7361663652802894,
    "Tishana's Tidebinder": 2.2466598150051387,
    "Unlucky Drop": 7.70208523366072,
    "Waterlogged Hulk": 7.2396105106224375,
    "Waterwind Scout": 3.427002181364911,
    "Waylaying Pirates": 6.181658975269199,
    "Zoetic Glyph": 3.050769971126083,
    "Abyssal Gorestalker": 6.426905506131281,
    "Aclazotz, Deepest Betrayal": 1.192883895131086,
    "Another Chance": 6.576446949050765,
    "Bitter Triumph": 2.674878145171914,
    "Bloodthorn Flail": 7.964490016189962,
    "Bringer of the Last Gift": 2.6568100358422937,
    "Broodrage Mycoid": 6.431744606441551,
    "Canonized in Blood": 6.195731784316202,
    "Chupacabra Echo": 2.4866464757709252,
    "Corpses of the Lost": 2.220125786163522,
    "Dead Weight": 4.417760307044695,
    "Deathcap Marionette": 5.430131173837675,
    "Deep Goblin Skulltaker": 6.566656551273373,
    "Deep-Cavern Bat": 2.8892416656490414,
    "Echo of Dusk": 5.930315373545696,
    "Fanatical Offering": 6.63718440954043,
    "Gargantuan Leech": 6.452465960665658,
    "Grasping Shadows": 5.116035886162439,
    "Greedy Freebooter": 7.012586148457801,
    "Join the Dead": 3.3409936882990774,
    "Malicious Eclipse": 6.5541049307748365,
    "Mephitic Draught": 7.196175433147725,
    "Preacher of the Schism": 1.5564399421128798,
    "Primordial Gnawer": 7.785414920368818,
    "Queen's Bay Paladin": 3.0773809523809526,
    "Rampaging Spiketail": 5.962369838420107,
    "Ray of Ruin": 6.304970394659244,
    "Screaming Phantom": 6.718681267798023,
    "Skullcap Snail": 5.423151142171691,
    "Soulcoil Viper": 4.449273072060683,
    "Stalactite Stalker": 2.0826901874310915,
    "Starving Revenant": 1.8882211538461537,
    "Stinging Cave Crawler": 3.6940544615094697,
    "Synapse Necromage": 4.8315248842592595,
    "Tarrian's Journal": 2.209554831704669,
    "Terror Tide": 2.1567282321899737,
    "Tithing Blade": 4.786277719898794,
    "Visage of Dread": 4.2509318423855165,
    "Vito's Inquisitor": 7.7250844960568505,
    "Abrade": 2.682358845671267,
    "Ancestors' Aid": 7.222531323928853,
    "Belligerent Yearling": 3.0288701977722208,
    "Bonehoard Dracosaur": null,
    "Brass's Tunnel-Grinder": 2.346685082872928,
    "Brazen Blademaster": 6.896068430080347,
    "Breeches, Eager Pillager": 1.3817891373801916,
    "Burning Sun Cavalry": 6.648483879806375,
    "Calamitous Cave-In": 7.114251727653789,
    "Child of the Volcano": 7.852749281473556,
    "Curator of Sun's Creation": 5.630010003334445,
    "Daring Discovery": 8.503322912569098,
    "Diamond Pick-Axe": 3.6839737582005623,
    "Dinotomaton": 5.274071580255866,
    "Dire Flail": 2.0366120218579233,
    "Dowsing Device": 5.432208571905053,
    "Dreadmaw's Ire": 3.630569758948137,
    "Enterprising Scallywag": 3.906156091697433,
    "Etali's Favor": 5.326891116710449,
    "Geological Appraiser": 2.610484314804623,
    "Goblin Tomb Raider": 5.737856051306461,
    "Goldfury Strider": 6.124909790714457,
    "Hit the Mother Lode": 5.521491658488714,
    "Hotfoot Gnome": 7.406819949866021,
    "Idol of the Deep King": 5.121586867305061,
    "Inti, Seneschal of the Sun": 1.4610778443113772,
    "Magmatic Galleon": 1.5579710144927537,
    "Ojer Axonil, Deepest Might": 1.5755813953488371,
    "Panicked Altisaur": 5.600716590857114,
    "Plundering Pirate": 4.4753171016183115,
    "Poetic Ingenuity": 2.0296296296296297,
    "Rampaging Ceratops": 4.573919161910719,
    "Rumbling Rockslide": 4.9773300431163054,
    "Saheeli's Lattice": 4.707429707137429,
    "Scytheclaw Raptor": 2.9647514980613323,
    "Seismic Monstrosaur": 5.667226517153654,
    "Sunfire Torch": 5.715668077313337,
    "Sunshot Militia": 5.792544172216352,
    "Tectonic Hazard": 9.299852802878522,
    "Triumphant Chomp": 3.206137068320325,
    "Trumpeting Carnosaur": 1.28584229390681,
    "Volatile Wanderglyph": 5.160207530854493,
    "Zoyowa's Justice": 8.049201484110341,
    "Armored Kincaller": 5.2915651805570265,
    "Basking Capybara": 7.575301915528003,
    "Bedrock Tortoise": 1.8181818181818181,
    "Cavern Stomper": 5.750333207594618,
    "Cenote Scout": 3.8696213425129087,
    "Coati Scavenger": 4.612283064033513,
    "Colossadactyl": 3.066337411606241,
    "Disturbed Slumber": 9.198545664883179,
    "Earthshaker Dreadmaw": 3.4231735398785847,
    "Explorer's Cache": 5.533425724279021,
    "Ghalta, Stampede Tyrant": 2.18522372528616,
    "Glimpse the Core": 6.07754846779237,
    "Glowcap Lantern": 6.123035161921596,
    "Growing Rites of Itlimoc": 3.884040645546922,