{
    "Another Round": 6.0732974220854175,
    "Archangel of Tithes": 2.050314465408805,
    "Armored Armadillo": 7.790183421742187,
    "Aven Interrupter": 2.2839372633856136,
    "Bounding Felidar": 4.299928588431326,
    "Bovine Intervention": 6.1554779806659505,
    "Bridled Bighorn": 5.944191426299429,
    "Claim Jumper": 2.5361702127659576,
    "Dust Animus": 1.460559796437659,
    "Eriette's Lullaby": 5.668961201501878,
    "Final Showdown": 1.751891074130106,
    "Fortune, Loyal Steed": 2.048514251061249,
    "Frontier Seeker": 3.715850600501518,
    "Getaway Glamer": 4.314368147720716,
    "High Noon": 5.5338378378378374,
    "Holy Cow": 4.755046100174433,
    "Inventive Wingsmith": 7.405251472149821,
    "Lassoed by the Law": 2.6714752837084053,
    "Mystical Tether": 3.6736292428198434,
    "Nurturing Pixie": 5.4944001518602885,
    "Omenport Vigilante": 4.6507420647817135,
    "One Last Job": 3.532690246516613,
    "Outlaw Medic": 5.87260288926895,
    "Prairie Dog": 3.0441400304414,
    "Prosperity Tycoon": 4.080941515551819,
    "Requisition Raid": 5.341320864991233,
    "Rustler Rampage": 6.810592160133445,
    "Shepherd of the Clouds": 2.870383522727273,
    "Sheriff of Safe Passage": 5.1436142575080535,
    "Stagecoach Security": 6.688925575283852,
    "Steer Clear": 6.54482711956154,
    "Sterling Keykeeper": 6.1924398625429555,
    "Sterling Supplier": 6.635711870138654,
    "Take Up the Shield": 5.710858677505988,
    "Thunder Lasso": 5.929227941176471,
    "Trained Arynx": 4.817348318404597,
    "Vengeful Townsfolk": 6.266396002498438,
    "Wanted Griffin": 6.571851055249361,
    "Archmage's Newt": 3.5777994791666665,
    "Canyon Crab": 5.08649264553553,
    "Daring Thunder-Thief": 7.683439511043559,
    "Deepmuck Desperado": 5.311113425684825,
    "Djinn of Fool's Fall": 7.184009193892629,
    "Double Down": 3.1823681936041486,
    "Duelist of the Mind": 2.5237173281703775,
    "Emergent Haunting": 5.181993896236012,
    "Failed Fording": 7.263214812387351,
    "Fblthp, Lost on the Range": 3.18052738336714,
    "Fleeting Reflection": 7.5049932092354394,
    "Geralf, the Fleshwright": 1.6914191419141915,
    "Geyser Drake": 6.1249864184564125,
    "Harrier Strix": 7.285761306036469,
    "Jailbreak Scheme": 7.172730529950164,
    "The Key to the Vault": 4.734416622269579,
    "Loan Shark": 5.589314194577352,
    "Marauding Sphinx": 3.467580861529289,
    "Metamorphic Blast": 5.187536800785083,
    "Nimble Brigand": 4.081959020489755,
    "Outlaw Stitcher": 3.689138576779026,
    "Peerless Ropemaster": 7.884410214324043,
    "Phantom Interference": 5.993891286853464,
    "Plan the Heist": 5.924937744574884,
    "Razzle-Dazzler": 6.685043724724344,
    "Seize the Secrets": 7.123287671232877,
    "Shackle Slinger": 5.959886954143495,
    "Shifting Grift": 7.443835398792501,
    "Slickshot Lockpicker": 3.863784346920172,
    "Slickshot Vault-Buster": 8.045759455799452,
    "Spring Splasher": 7.582615707144009,
    "Step Between Worlds": 6.1073667711598745,
    "Stoic Sphinx": 1.9697923222152296,
    "Stop Cold": 6.665274854204769,
    "Take the Fall": 6.840583133668545,
    "This Town Ain't Big Enough": 5.39541041482789,
    "Three Steps Ahead": 2.6132723112128144,
    "Visage Bandit": 5.04263168682107,
    "Ambush Gigapede": 6.940266808256455,
    "Binding Negotiation": 6.00634026065516,
    "Blacksnag Buzzard": 6.775590155700653,
    "Blood Hustler": 3.017851184517851,
    "Boneyard Desecrator": 7.147763157894737,
    "Caustic Bronco": 1.9124513618677044,
    "Consuming Ashes": 3.971424189755649,
    "Corrupted Conviction": 7.836665515834405,
    "Desert's Due": 4.280437435464188,
    "Desperate Bloodseeker": 4.997724823374446,
    "Fake Your Own Death": 7.335427094579122,
    "Forsaken Miner": 4.548694665153235,
    "Gisa, the Hellraiser": 1.2846975088967971,
    "Hollow Marauder": 3.5538094569945278,
    "Insatiable Avarice": 4.0528571428571425,
    "Kaervek, the Punisher": 2.2883087400681044,
    "Lively Dirge": 5.525510204081633,
    "Mourner's Surprise": 6.293819971578108,
    "Neutralize the Guards": 7.160723049239326,
    "Nezumi Linkbreaker": 6.886557420730083,
    "Overzealous Muscle": 7.643107402216843,
    "Pitiless Carnage": 5.872615262321145,
    "Rakish Crew": 5.149586776859504,
    "Rattleback Apothecary": 3.8824706176544135,
    "Raven of Fell Omens": 5.26776780751211,
    "Rictus Robber": 3.9997521992318177,
    "Rooftop Assassin": 5.941170155662909,
    "Rush of Dread": 2.472469847928684,
    "Servant of the Stinger": 3.7993917120770497,
    "Shoot the Sheriff": 3.17390646284244,
    "Skulduggery": 6.259464385866517,
    "Tinybones Joins Up": 4.929211892402076,
    "Tinybones, the Pickpocket": 1.857687420584498,
    "Treasure Dredger": 4.775959723096287,
    "Unfortunate Accident": 3.2910784019224995,
    "Unscrupulous Contractor": 4.361939449123605,
    "Vadmir, New Blood": 1.7918882978723405,
    "Vault Plunderer": 4.578268163634017,
    "Brimstone Roundup": 5.9766372332597495,
    "Calamity, Galloping Inferno": 1.621875,
    "Caught in the Crossfire": 6.215555750197074,
    "Cunning Coyote": 4.191072920396229,
    "Deadeye Duelist": 5.684827094206436,
    "Demonic Ruckus": 5.471383376473971,
    "Discerning Peddler": 6.30849328381521,
    "Explosive Derailment": 4.26700098420584,
    "Ferocification": 6.213579136690647,
    "Gila Courser": 4.37632183908046,
    "Great Train Heist": 2.7848158131177,
    "Hell to Pay": 2.6564685314685317,
    "Hellspur Brute": 4.428278221208666,
    "Hellspur Posse Boss": 1.8101788170563962,
    "Highway Robbery": 7.308143871825641,
    "Irascible Wolverine": 5.865717486358545,
    "Iron-Fist Pulverizer": 7.188256737403984,
    "Longhorn Sharpshooter": 2.927058823529412,
    "Magda, the Hoardmaster": 1.7251289609432572,
    "Magebane Lizard": 7.149079803905811,
    "Mine Raider": 6.210736701847891,
    "Outlaws' Fury": 8.083427601809955,
    "Prickly Pair": 4.830632667587824,
    "Quick Draw": 8.04010104199558,
    "Quilled Charger": 6.9918701852155385,
    "Reckless Lackey": 6.341704347826087,
    "Resilient Roadrunner": 4.945538585209003,
    "Return the Favor": 6.690350128095645,
    "Rodeo Pyromancers": 7.268287037037037,
    "Scalestorm Summoner": 3.690622495324606,
    "Scorching Shot": 3.6682798672566372,
    "Slickshot Show-Off": 2.1605293440736477,
    "Stingerback Terror": 1.6476484194294525,
    "Take for a Ride": 6.406982714359062,
    "Terror of the Peaks": 1.249500998003992,
    "Thunder Salvo": 5.019649297351076,
    "Trick Shot": 7.131742669931829,
    "Aloe Alchemist": 3.016118528166721,
    "Ankle Biter": 6.018438062943732,
    "Beastbond Outcaster": 3.1391251518833534,
    "Betrayal at the Vault": 4.896705346042271,
    "Bristlepack Sentry": 5.796875561142036,
    "Bristly Bill, Spine Sower": 1.332737030411449,
    "Cactarantula": 4.237180709111704,
    "Colossal Rattlewurm": 1.5536912751677852,
    "Dance of the Tumbleweeds": 4.697723798199423,
    "Drover Grizzly": 5.290168604203557,
    "Freestrider Commando": 5.096673677650541,
    "Freestrider Lookout": 1.8925353925353925,
    "Full Steam Ahead": 6.46906425771263,
    "Giant Beaver": 4.358386882339907,
    "Gold Rush": 5.8571802021610315,
    "Goldvein Hydra": 1.3689655172413793,
    "Hardbristle Bandit": 3.639820070686516,
    "Intrepid Stablemaster": 2.9965556831228475,
    "Map the Frontier": 6.354037267080745,
    "Ornery Tumblewagg": 1.449525452976704,
    "Outcaster Greenblade": 2.7322474377745243,
    "Outcaster Trailblazer": 1.706761565836299,
    "Patient Naturalist": 4.685974210240788,
    "Railway Brawler": null,
    "Rambling Possum": 3.790378006872852,
    "Raucous Entertainer": 4.016828399459526,
    "Reach for the Sky": 7.60949404180504,
    "Rise of the Varmints": 5.336429608127721,
    "Smuggler's Surprise": 2.9931781701444624,
    "Snakeskin Veil": 5.321530399938353,
    "Spinewoods Armadillo": 2.569363032434545,
    "Spinewoods Paladin": 4.177339901477833,