{
    "Another Round": 6.32279848730416,
    "Archangel of Tithes": 2.2318339100346023,
    "Armored Armadillo": 7.965128631471988,
    "Aven Interrupter": 2.456752655538695,
    "Bounding Felidar": 4.0452755905511815,
    "Bovine Intervention": 6.4309701492537314,
    "Bridled Bighorn": 5.791668874874132,
    "Claim Jumper": 2.680719156850589,
    "Dust Animus": 1.4366373902132998,
    "Eriette's Lullaby": 5.767784740140066,
    "Final Showdown": null,
    "Fortune, Loyal Steed": 1.9894050529747351,
    "Frontier Seeker": 3.7522140931844437,
    "Getaway Glamer": 3.905558553696708,
    "High Noon": 5.781485780615206,
    "Holy Cow": 4.771816881258942,
    "Inventive Wingsmith": 7.646606914212548,
    "Lassoed by the Law": 2.4861153494049435,
    "Mystical Tether": 3.3495697217812683,
    "Nurturing Pixie": 5.512861952861953,
    "Omenport Vigilante": 4.780863265922125,
    "One Last Job": 3.6264367816091956,
    "Outlaw Medic": 5.9471109280049435,
    "Prairie Dog": 2.983855421686747,
    "Prosperity Tycoon": 3.924448367166814,
    "Requisition Raid": 5.509666803784451,
    "Rustler Rampage": 7.0443538998835855,
    "Shepherd of the Clouds": 2.5285674078243736,
    "Sheriff of Safe Passage": 5.512845171039978,
    "Stagecoach Security": 6.580593385214008,
    "Steer Clear": 6.568126163189342,
    "Sterling Keykeeper": 6.01828489708361,
    "Sterling Supplier": 6.444312971453927,
    "Take Up the Shield": 5.282900626678604,
    "Thunder Lasso": 5.9222548757681,
    "Trained Arynx": 4.211685758828713,
    "Vengeful Townsfolk": 6.368663594470046,
    "Wanted Griffin": 6.611616380347432,
    "Archmage's Newt": 3.949693251533742,
    "Canyon Crab": 4.920690664325432,
    "Daring Thunder-Thief": 8.021718257052719,
    "Deepmuck Desperado": 4.942597239648682,
    "Djinn of Fool's Fall": 7.370741577263316,
    "Double Down": 3.4609375,
    "Duelist of the Mind": 2.5306122448979593,
    "Emergent Haunting": 5.321753986332574,
    "Failed Fording": 7.291548897682306,
    "Fblthp, Lost on the Range": 3.538761579717211,
    "Fleeting Reflection": 7.720113636363636,
    "Geralf, the Fleshwright": null,
    "Geyser Drake": 6.573179847510839,
    "Harrier Strix": 7.679283430505924,
    "Jailbreak Scheme": 7.199622285174693,
    "The Key to the Vault": 5.315806246016571,
    "Loan Shark": 5.5839909808342725,
    "Marauding Sphinx": 3.3222173144876326,
    "Metamorphic Blast": 5.236970797820316,
    "Nimble Brigand": 3.969951474430758,
    "Outlaw Stitcher": 3.7610961018911615,
    "Peerless Ropemaster": 8.058287962666423,
    "Phantom Interference": 5.922815635451505,
    "Plan the Heist": 5.812868562442668,
    "Razzle-Dazzler": 7.105224893369523,
    "Seize the Secrets": 7.275167785234899,
    "Shackle Slinger": 6.502566028288897,
    "Shifting Grift": 7.803481190342504,
    "Slickshot Lockpicker": 3.677048861203037,
    "Slickshot Vault-Buster": 8.305424954792043,
    "Spring Splasher": 7.692250337853581,
    "Step Between Worlds": 6.374773374773374,
    "Stoic Sphinx": 2.0321969696969697,
    "Stop Cold": 6.541096919609316,
    "Take the Fall": 6.831830212724243,
    "This Town Ain't Big Enough": 5.419251634441508,
    "Three Steps Ahead": 2.5538559592096877,
    "Visage Bandit": 5.0086688216279756,
    "Ambush Gigapede": 6.310365281004399,
    "Binding Negotiation": 5.623729674796748,
    "Blacksnag Buzzard": 7.039942802669208,
    "Blood Hustler": 2.8234059302020467,
    "Boneyard Desecrator": 7.2896522675153275,
    "Caustic Bronco": 1.8492610837438423,
    "Consuming Ashes": 3.4775606073315997,
    "Corrupted Conviction": 7.964862298195632,
    "Desert's Due": 3.7662278710848844,
    "Desperate Bloodseeker": 4.6000120678211545,
    "Fake Your Own Death": 7.221382697393276,
    "Forsaken Miner": 4.6559055118110235,
    "Gisa, the Hellraiser": null,
    "Hollow Marauder": 2.978408539543911,
    "Insatiable Avarice": 4.261342332208474,
    "Kaervek, the Punisher": 2.360031104199067,
    "Lively Dirge": 5.2312350373186876,
    "Mourner's Surprise": 5.760321576763485,
    "Neutralize the Guards": 7.337245426303072,
    "Nezumi Linkbreaker": 7.063455038796592,
    "Overzealous Muscle": 7.641345932242452,
    "Pitiless Carnage": 6.247001090512541,
    "Rakish Crew": 5.403368541250357,
    "Rattleback Apothecary": 3.87582056892779,
    "Raven of Fell Omens": 5.116870986573264,
    "Rictus Robber": 3.961634994621728,
    "Rooftop Assassin": 5.886607965598444,
    "Rush of Dread": 2.3375494071146243,
    "Servant of the Stinger": 3.631469194312796,
    "Shoot the Sheriff": 3.027315914489311,
    "Skulduggery": 6.385805869978964,
    "Tinybones Joins Up": 5.362015018773467,
    "Tinybones, the Pickpocket": 2.0310880829015545,
    "Treasure Dredger": 4.59453125,
    "Unfortunate Accident": 3.0656235404016816,
    "Unscrupulous Contractor": 4.376780743409203,
    "Vadmir, New Blood": 1.773283160865475,
    "Vault Plunderer": 4.174033696729435,
    "Brimstone Roundup": 6.534746180384426,
    "Calamity, Galloping Inferno": 1.6789473684210525,
    "Caught in the Crossfire": 6.847320042974812,
    "Cunning Coyote": 4.432539682539683,
    "Deadeye Duelist": 5.852458145096997,
    "Demonic Ruckus": 5.7185461323392355,
    "Discerning Peddler": 6.554644942827698,
    "Explosive Derailment": 4.250749250749251,
    "Ferocification": 6.679910044977511,
    "Gila Courser": 4.351302638046862,
    "Great Train Heist": 3.078510028653295,
    "Hell to Pay": 2.959804454101032,
    "Hellspur Brute": 4.525975051318491,
    "Hellspur Posse Boss": 1.9029217719132894,
    "Highway Robbery": 7.405431891362173,
    "Irascible Wolverine": 6.057382102126785,
    "Iron-Fist Pulverizer": 7.351519984987803,
    "Longhorn Sharpshooter": 3.0556325023084026,
    "Magda, the Hoardmaster": 1.862475442043222,
    "Magebane Lizard": 7.587384128419624,
    "Mine Raider": 6.5165393147646045,
    "Outlaws' Fury": 8.320805308125795,
    "Prickly Pair": 5.117045388504678,
    "Quick Draw": 8.390088186661767,
    "Quilled Charger": 7.02474088933467,
    "Reckless Lackey": 6.909482133359122,
    "Resilient Roadrunner": 5.148398927916491,
    "Return the Favor": 7.223636149404972,
    "Rodeo Pyromancers": 7.777096774193549,
    "Scalestorm Summoner": 3.781168101834519,
    "Scorching Shot": 3.8348504551365408,
    "Slickshot Show-Off": 2.5579019073569484,
    "Stingerback Terror": 1.664876476906552,
    "Take for a Ride": 6.6797432239657635,
    "Terror of the Peaks": null,
    "Thunder Salvo": 5.254166194309035,
    "Trick Shot": 7.389215459384402,
    "Aloe Alchemist": 2.8318407960199004,
    "Ankle Biter": 5.900283870967742,
    "Beastbond Outcaster": 2.957960860111138,
    "Betrayal at the Vault": 4.5741061584501495,
    "Bristlepack Sentry": 5.428138855845139,
    "Bristly Bill, Spine Sower": null,
    "Cactarantula": 3.5427212639045624,
    "Colossal Rattlewurm": 1.4390532544378698,
    "Dance of the Tumbleweeds": 4.066252729257642,
    "Drover Grizzly": 4.783431257344301,
    "Freestrider Commando": 4.922287810189696,
    "Freestrider Lookout": 1.871745419479267,
    "Full Steam Ahead": 6.545160129543001,
    "Giant Beaver": 3.9650492264416317,
    "Gold Rush": 5.801259103814344,
    "Goldvein Hydra": null,
    "Hardbristle Bandit": 3.436541598694943,
    "Intrepid Stablemaster": 2.942497532082922,
    "Map the Frontier": 6.465811965811966,
    "Ornery Tumblewagg": 1.3991935483870968,
    "Outcaster Greenblade": 2.3534619032564024,
    "Outcaster Trailblazer": 1.6631578947368422,
    "Patient Naturalist": 4.253757794552018,
    "Railway Brawler": null,
    "Rambling Possum": 3.5853897375636508,
    "Raucous Entertainer": 3.896816881258941,
    "Reach for the Sky": 7.451503462378584,
    "Rise of the Varmints": 5.3737304419434535,
    "Smuggler's Surprise": 3.0110987791342954,
    "Snakeskin Veil": 4.571314151931489,
    "Spinewoods Armadillo": 2.217140921409214,
    "Spinewoods Paladin": 3.6075236064575082,
    "Stubborn Burrowfiend": 3.0439663236669783,
    "Throw from the Saddle": 3.1358609794628753,