{
    "Summon: Bahamut": null,
    "Ultima, Origin of Oblivion": 2.1133217993079585,
    "Adelbert Steiner": 3.2942519194853705,
    "Aerith Gainsborough": 2.212121212121212,
    "Aerith Rescue Mission": 6.6249788171496355,
    "Ambrosia Whiteheart": 3.458504672897196,
    "Ashe, Princess of Dalmasca": 4.2218840115347644,
    "Auron's Inspiration": 6.961013854580604,
    "Battle Menu": 3.2391867649990034,
    "Cloud, Midgar Mercenary": null,
    "Cloudbound Moogle": 6.954832363308468,
    "Coeurl": 6.766623961648138,
    "Crystal Fragments": 5.061182868796737,
    "The Crystal's Chosen": 4.725867052023121,
    "Delivery Moogle": 3.8018172466998115,
    "Dion, Bahamut's Dominant": 1.4501312335958005,
    "Dragoon's Lance": 2.7496979946847064,
    "Dwarven Castle Guard": 6.157189170244458,
    "Fate of the Sun-Cryst": 4.771625563511005,
    "From Father to Son": 6.522177954847278,
    "G'raha Tia": 3.7787737540337036,
    "Gaelicat": 5.484874634450357,
    "Machinist's Arsenal": 2.066420664206642,
    "Magitek Armor": 4.607910576096303,
    "Magitek Infantry": 5.253036843690393,
    "Minwu, White Mage": 2.86333129957291,
    "Moogles' Valor": 2.46545178435839,
    "Paladin's Arms": 5.171418773270625,
    "Phoenix Down": 6.012210574818569,
    "Restoration Magic": 4.9939686369119425,
    "Sidequest: Catch a Fish": 5.991206938087208,
    "Slash of Light": 5.332848202590598,
    "Snow Villiers": 5.377157689811811,
    "Stiltzkin, Moogle Merchant": 4.238486842105263,
    "Summon: Choco/Mog": 5.709905880160283,
    "Summon: Knights of Round": null,
    "Summon: Primal Garuda": 3.4853677319984597,
    "Ultima": 2.5714285714285716,
    "Venat, Heart of Hydaelyn": 1.894575230296827,
    "Weapons Vendor": 5.592958879477594,
    "White Auracite": 3.3449338544798555,
    "White Mage's Staff": 4.518922696484249,
    "The Wind Crystal": 3.799905168326221,
    "You're Not Alone": 7.132681620898065,
    "Zack Fair": 3.7356796552343328,
    "Astrologian's Planisphere": 2.1842105263157894,
    "Cargo Ship": 6.282362459546926,
    "Combat Tutorial": 5.362485670615208,
    "Dragoon's Wyvern": 4.410833567218636,
    "Dreams of Laguna": 5.8588261548761436,
    "Edgar, King of Figaro": 3.787766450417053,
    "Eject": 3.9963774082002304,
    "Ether": 7.81105577689243,
    "Gogo, Master of Mimicry": 3.093270365997639,
    "Ice Flan": 6.744469117526112,
    "Ice Magic": 4.800354924578527,
    "Il Mheg Pixie": 3.471367282223466,
    "Jill, Shiva's Dominant": 1.8097713097713097,
    "Louisoix's Sacrifice": 5.869137232194557,
    "The Lunar Whale": 2.084055459272097,
    "Magic Damper": 7.622755436283989,
    "Matoya, Archon Elder": 4.432664756446991,
    "Memories Returning": 2.7701587301587303,
    "The Prima Vista": 6.983056265984655,
    "Qiqirn Merchant": 7.537720897059989,
    "Quistis Trepe": 3.904591338326278,
    "Relm's Sketching": 4.360176586999543,
    "Retrieve the Esper": 5.626846261031119,
    "Rook Turret": 6.86111926220918,
    "Sage's Nouliths": 6.895595025165343,
    "Sahagin": 5.942364577555925,
    "Scorpion Sentinel": 6.392191468296673,
    "Sidequest: Card Collection": 6.007537979821408,
    "Sleep Magic": 3.91228931435117,
    "Stolen Uniform": 8.523941159048277,
    "Stuck in Summoner's Sanctum": 4.691330462977728,
    "Summon: Leviathan": 2.011173184357542,
    "Summon: Shiva": 3.609258246765081,
    "Swallowed by Leviathan": 5.117795484727756,
    "Syncopate": 6.336213567191127,
    "Thief's Knife": 4.406454559293652,
    "Travel the Overworld": 5.6781063648533525,
    "Ultros, Obnoxious Octopus": 4.107822748360262,
    "Valkyrie Aerial Unit": 5.400888769189335,
    "The Water Crystal": 5.386211512717537,
    "Y'shtola Rhul": 2.452861952861953,
    "Ahriman": 5.257733952049497,
    "Al Bhed Salvagers": 3.873434410019776,
    "Ardyn, the Usurper": 2.0173243503368625,
    "Black Mage's Rod": 4.7564035546262415,
    "Cecil, Dark Knight": 2.1215334420880914,
    "Circle of Power": 4.528559249786872,
    "Cornered by Black Mages": 4.345873857084619,
    "Dark Confidant": 2.3889739663093414,
    "Dark Knight's Greatsword": 4.797911801071575,
    "The Darkness Crystal": 3.6393692777212614,
    "Demon Wall": 4.4177289377289375,
    "Evil Reawakened": 4.067910090865615,
    "Fang, Fearless l'Cie": 4.640704614936672,
    "Fight On!": 6.502048920620168,
    "The Final Days": 4.20416,
    "Gaius van Baelsar": 4.030288689067676,
    "Hecteyes": 5.168062288820332,
    "Jecht, Reluctant Guardian": 1.5765661252900232,
    "Kain, Traitorous Dragoon": 4.645894428152492,
    "Malboro": 5.825838211814795,
    "Namazu Trader": 6.760662130766677,
    "Ninja's Blades": 2.241001564945227,
    "Overkill": 2.314835787089468,
    "Phantom Train": 6.516582914572864,
    "Poison the Waters": 5.967910708057203,
    "Qutrub Forayer": 7.4998014612452355,
    "Reno and Rude": 4.367297865945296,
    "Resentful Revelation": 6.0423254574524785,
    "Sephiroth, Fabled SOLDIER": null,
    "Sephiroth's Intervention": 2.965092576864277,
    "Shambling Cie'th": 5.278133232969514,
    "Shinra Reinforcements": 6.806716758686537,
    "Sidequest: Hunt the Mark": 2.8685489470030086,
    "Summon: Anima": 4.124429762466573,
    "Summon: Primal Odin": 1.6120481927710844,
    "Tonberry": 4.7170349251603705,
    "Undercity Dire Rat": 5.534403775854889,
    "Vayne's Treachery": 3.6814730192863383,
    "Vincent Valentine": 1.721476510067114,
    "Vincent's Limit Break": 7.133845778428502,
    "Zenos yae Galvus": 1.7685950413223142,
    "Zodiark, Umbral God": 4.003581020590868,
    "Barret Wallace": 5.819509202453988,
    "Blazing Bomb": 6.8477639159447925,
    "Call the Mountain Chocobo": 5.310368086336481,
    "Choco-Comet": 3.1246736292428197,
    "Clive, Ifrit's Dominant": null,
    "Coral Sword": 5.832635482713243,
    "The Fire Crystal": 4.620864149474504,
    "Fire Magic": 4.503849056603774,
    "Firion, Wild Rose Warrior": 2.667380442541042,
    "Freya Crescent": 5.584276809566213,
    "Gilgamesh, Master-at-Arms": 2.936058009228741,
    "Haste Magic": 7.814020537124803,
    "Hill Gigas": 6.945421666940654,
    "Item Shopkeep": 7.5925504691498436,
    "Laughing Mad": 7.60515873015873,
    "Light of Judgment": 5.9549932218707635,
    "Mysidian Elder": 6.183705357142857,
    "Nibelheim Aflame": null,
    "Opera Love Song": 6.4104803493449785,
    "Prompto Argentum": 4.748162529468867,
    "Queen Brahne": 4.195537004334565,
    "Random Encounter": 7.994261552401087,
    "Raubahn, Bull of Ala Mhigo": 3.0899007589025103,
    "Red Mage's Rapier": 6.57600787468972,
    "Sabotender": 6.694099106986517,
    "Samurai's Katana": 3.358177254296196,
    "Sandworm": 5.996482588814632,
    "Seifer Almasy": 1.797752808988764,
    "Self-Destruct": 6.826824198665354,
    "Sidequest: Play Blitzball": 6.478236163200363,
    "Sorceress's Schemes": 6.877643345607575,
    "Summon: Brynhildr": 3.0142150803461063,
    "Summon: Esper Ramuh": 4.94425606944256,
    "Summon: G.F. Cerberus": 2.623478883321403,
    "Summon: G.F. Ifrit": 6.116831946166106,
    "Suplex": 3.67196590447842,
    "Thunder Magic": 3.303032612008534,
    "Triple Triad": 5.53024,
    "Unexpected Request": 6.947667684531957,
    "Vaan, Street Thief": 3.5828313253012047,
    "Warrior's Sword": 6.00355745286375,
    "Zell Dincht": 3.3168654173764907,
    "Airship Crash": 7.333156844377469,
    "Ancient Adamantoise": 2.5230998509687033,
    "Balamb T-Rexaur": 4.736137975499678,
    "Bard's Bow": 6.1216251868789024,
    "Bartz and Boko": 2.6286370597243494,
    "Blitzball Shot": 7.505275684252281,
    "Cactuar": 6.9138329481677125,
    "Chocobo Kick": 4.148927294398093,
    "Chocobo Racetrack": 4.161993243243243,
    "Clash of the Eikons": 4.92698718831795,
    "Coliseum Behemoth": 4.0742631318952744,
    "Commune with Beavers": 7.4262726977950715,
    "Diamond Weapon": 3.9365107281041154,
    "The Earth Crystal": 3.5701030927835053,
    "Esper Origins": 2.007867132867133,
    "Galuf's Final Act": 6.976630434782609,
    "Gigantoad": 6.518942433585336,