{
    "Banishing Light": 3.1546354635463545,
    "Beza, the Bounding Spring": null,
    "Brave-Kin Duo": 5.879213483146067,
    "Brightblade Stoat": 2.9342105263157894,
    "Builder's Talent": 5.4741136747326955,
    "Caretaker's Talent": 2.7729805013927575,
    "Carrot Cake": 5.25085682697623,
    "Crumb and Get It": 5.4636460554371,
    "Dawn's Truce": 3.867686768676868,
    "Dewdrop Cure": 5.496174863387978,
    "Driftgloom Coyote": 2.9520417853751186,
    "Essence Channeler": 2.1981651376146787,
    "Feather of Flight": 4.622502305564095,
    "Flowerfoot Swordmaster": 4.282571330354074,
    "Harvestrite Host": 3.740508806262231,
    "Hop to It": 3.783835303088067,
    "Intrepid Rabbit": 4.2249329758713134,
    "Jackdaw Savior": 2.044660194174757,
    "Jolly Gerbils": 4.618176080782582,
    "Lifecreed Duo": 4.7630735076467685,
    "Mabel's Mettle": 4.428346951602766,
    "Mouse Trapper": 4.530086848635236,
    "Nettle Guard": 5.200894805761676,
    "Parting Gust": 4.051639916259595,
    "Pileated Provisioner": 6.062581095917756,
    "Rabbit Response": 6.2701616854483095,
    "Repel Calamity": 3.7382697947214076,
    "Salvation Swan": 1.8262548262548262,
    "Season of the Burrow": null,
    "Seasoned Warrenguard": 5.058205565019875,
    "Shrike Force": 3.632911392405063,
    "Sonar Strike": 4.531520240631658,
    "Star Charter": 3.9273201639955273,
    "Starfall Invocation": 1.9386973180076628,
    "Thistledown Players": 5.901067323481117,
    "Valley Questcaller": null,
    "Warren Elder": 4.974921992372588,
    "Warren Warleader": null,
    "Wax-Wane Witness": 5.901753666290637,
    "Whiskervale Forerunner": 1.9465346534653465,
    "Azure Beastbinder": 2.720416124837451,
    "Bellowing Crier": 6.790500666285932,
    "Calamitous Tide": 5.825995807127883,
    "Daring Waverider": 4.994284081166048,
    "Dazzling Denial": 6.321439432336543,
    "Dire Downdraft": 6.2020841449162445,
    "Dour Port-Mage": 2.650340136054422,
    "Eddymurk Crab": 4.863227354529094,
    "Eluge, the Shoreless Sea": null,
    "Finch Formation": 6.559458398744113,
    "Gossip's Talent": 5.877492130115425,
    "Into the Flood Maw": 5.736052631578947,
    "Kitnap": 2.629577464788732,
    "Kitsa, Otterball Elite": null,
    "Knightfisher": 4.800554016620499,
    "Lightshell Duo": 6.781918960244648,
    "Long River Lurker": 4.430594900849858,
    "Long River's Pull": 6.073507275464125,
    "Mind Spiral": 7.208960739030023,
    "Mindwhisker": 4.923281990521327,
    "Mockingbird": 2.4818523153942427,
    "Nightwhorl Hermit": 7.63302834589164,
    "Otterball Antics": 5.503070910106086,
    "Pearl of Wisdom": 6.644538788112698,
    "Plumecreed Escort": 4.169415807560138,
    "Portent of Calamity": 4.69136690647482,
    "Run Away Together": 6.764186633039092,
    "Season of Weaving": null,
    "Shore Up": 6.551776990133154,
    "Shoreline Looter": 4.206332637439109,
    "Skyskipper Duo": 6.623420796890184,
    "Spellgyre": 5.6721871713985275,
    "Splash Lasher": 4.222183708838822,
    "Splash Portal": 5.4095843261848024,
    "Stormchaser's Talent": 3.0012269938650307,
    "Sugar Coat": 4.751995089011664,
    "Thought Shucker": 7.338107041219131,
    "Thundertrap Trainer": 3.222595078299776,
    "Valley Floodcaller": 2.753481894150418,
    "Waterspout Warden": 7.275612733590008,
    "Wishing Well": 5.3213820078226854,
    "Agate-Blade Assassin": 5.673597114670627,
    "Bandit's Talent": 4.703252032520325,
    "Bonebind Orator": 5.599786780383796,
    "Bonecache Overseer": 5.371993586317477,
    "Coiling Rebirth": 3.173098125689085,
    "Consumed by Greed": 3.462422997946612,
    "Cruelclaw's Heist": 3.3333333333333335,
    "Daggerfang Duo": 5.64436471084846,
    "Darkstar Augur": 2.272887323943662,
    "Diresight": 6.5597334602570205,
    "Downwind Ambusher": 3.8840425531914895,
    "Early Winter": 5.639306113814259,
    "Feed the Cycle": 2.748815165876777,
    "Fell": 2.3602446483180426,
    "Glidedive Duo": 5.453329085696081,
    "Hazel's Nocturne": 4.83377308707124,
    "Huskburster Swarm": 4.378913738019169,
    "Iridescent Vinelasher": 2.1529209621993126,
    "Maha, Its Feathers Night": null,
    "Moonstone Harbinger": 4.091032148900169,
    "Nocturnal Hunger": 3.6758790112083526,
    "Osteomancer Adept": 2.1214285714285714,
    "Persistent Marshstalker": 4.736699729486023,
    "Psychic Whorl": 7.10139603232917,
    "Ravine Raider": 6.639529275585994,
    "Rottenmouth Viper": null,
    "Ruthless Negotiation": 5.732670744138634,
    "Savor": 3.9726557105372184,
    "Scales of Shale": 6.672260044107777,
    "Scavenger's Talent": 3.550646551724138,
    "Season of Loss": null,
    "Sinister Monolith": 4.784837323511357,
    "Stargaze": 6.337621359223301,
    "Starlit Soothsayer": 6.125663362371083,
    "Starscape Cleric": 3.8941740412979353,
    "Thornplate Intimidator": 5.8456847545219635,
    "Thought-Stalker Warlock": 3.1051924798567594,
    "Valley Rotcaller": 1.9349005424954793,
    "Wick, the Whorled Mind": 2.7490494296577945,
    "Wick's Patrol": 3.625685199686766,
    "Agate Assault": 4.4098276305634165,
    "Alania's Pathmaker": 6.24484920871902,
    "Artist's Talent": 4.594694178334562,
    "Blacksmith's Talent": 5.053005626295529,
    "Blooming Blast": 3.868799424874191,
    "Brambleguard Captain": 4.3440163654960795,
    "Brazen Collector": 3.943283582089552,
    "Byway Barterer": 2.4920174165457185,
    "Coruscation Mage": 4.281377899045021,
    "Conduct Electricity": 6.386454183266932,
    "Emberheart Challenger": 2.204379562043796,
    "Festival of Embers": 5.107333333333333,
    "Flamecache Gecko": 4.774048546598741,
    "Dragonhawk, Fate's Tempest": null,
    "Frilled Sparkshooter": 6.592509944697778,
    "Harnesser of Storms": 5.385106974159489,
    "Heartfire Hero": 3.9755830903790086,
    "Hearthborn Battler": 2.4364161849710984,
    "Hired Claw": 2.5349500713266764,
    "Hoarder's Overflow": 6.890678941311853,
    "Kindlespark Duo": 6.2649767303693435,
    "Manifold Mouse": 2.248299319727891,
    "Might of the Meek": 6.470205020118796,
    "Playful Shove": 5.150241408690713,
    "Quaketusk Boar": 3.604258738449176,
    "Rabid Gnaw": 3.3323746918652426,
    "Raccoon Rallier": 6.289984164687253,
    "Reptilian Recruiter": 5.445852852025351,
    "Roughshod Duo": 5.917911216397157,
    "Sazacap's Brew": 6.861727229825389,
    "Season of the Bold": null,
    "Steampath Charger": 6.131841548231025,
    "Stormsplitter": null,
    "Sunspine Lynx": 2.878238341968912,
    "Take Out the Trash": 3.9462708182476467,
    "Teapot Slinger": 4.544519447123111,
    "Valley Flamecaller": 2.074675324675325,
    "War Squeak": 7.112835765405707,
    "Whiskerquill Scribe": 6.777172354459421,
    "Wildfire Howl": 5.711198945981555,
    "Bakersbane Duo": 4.452224653537564,
    "Valley Rally": 6.0285277636271015,
    "Bark-Knuckle Boxer": 4.1453526697429135,
    "Brambleguard Veteran": 3.9950825430277486,
    "Bushy Bodyguard": 3.7076811066618127,
    "Cache Grab": 6.01234815781548,
    "Clifftop Lookout": 3.972829922371207,
    "Curious Forager": 4.071821305841924,
    "Druid of the Spade": 6.364017134697763,
    "Fecund Greenshell": null,
    "For the Common Good": 4.314597970335675,
    "Galewind Moose": 2.9231856738925543,
    "Hazardroot Herbalist": 5.218142548596112,
    "Heaped Harvest": 5.628056492411467,
    "High Stride": 6.915005641218503,
    "Hivespine Wolverine": 3.1878402903811254,
    "Honored Dreyleader": 4.5745489078822414,
    "Hunter's Talent": 2.391577624135764,
    "Innkeeper's Talent": null,
    "Keen-Eyed Curator": 2.0018939393939394,
    "Longstalk Brawl": 4.210456299055474,
    "Lumra, Bellow of the Woods": null,
    "Mistbreath Elder": 2.6841339155749635,
    "Overprotect": 3.797486535008977,
    "Pawpatch Formation": 4.968453378001117,
    "Pawpatch Recruit": 1.891588785046729,
    "Peerless Recycling": 5.7881588808393705,
    "Polliwallop": 4.467951188182402,
    "Rust-Shield Rampager": 5.500307188203973,
    "Scrapshooter": 2.0094876660341554,