{
    "Putrid Warrior": 6.775236593059937,
    "Krosan Tusker": 4.747348119575699,
    "Mass Hysteria": null,
    "Spell Snare": 6.932793522267207,
    "Ghost Quarter": 7.008094186902134,
    "Enlisted Wurm": 3.712140175219024,
    "Kuldotha Rebirth": 6.103595890410959,
    "Molten Psyche": 5.396946564885496,
    "Leonin Relic-Warder": 4.089133089133089,
    "Gnaw to the Bone": 7.905928853754941,
    "Stromkirk Captain": 6.320108205590622,
    "Burden of Guilt": 7.085531574740208,
    "Ixidor, Reality Sculptor": null,
    "Duskmantle, House of Shadow": 7.66510172143975,
    "Worldspine Wurm": null,
    "Possibility Storm": 5.644230769230769,
    "Millstone": 7.5062111801242235,
    "Nyx Weaver": 5.298882681564246,
    "Evolutionary Leap": 5.269230769230769,
    "Shard of Broken Glass": 7.9273255813953485,
    "Metalspinner's Puzzleknot": 6.6761904761904765,
    "Smuggler's Copter": null,
    "Consign // Oblivion": 5.419607843137255,
    "Bishop of the Bloodstained": 6.705521472392638,
    "Goblin Warchief": 6.79047619047619,
    "High Alert": 6.967264224473889,
    "Jace, Wielder of Mysteries": null,
    "Syr Konrad, the Grim": 2.9507640067911716,
    "Ranger-Captain of Eos": null,
    "Hard Evidence": 4.960038058991437,
    "Combine Chrysalis": 5.3517382413087935,
    "Quintorius, Field Historian": 5.292899408284024,
    "Laid to Rest": 7.423312883435583,
    "Monologue Tax": null,
    "Magmaw": 4.943207126948775,
    "Mistveil Plains": 6.8644338118022326,
    "Mentor of the Meek": null,
    "Ghostly Prison": null,
    "Fabricate": 4.934865900383142,
    "Show and Tell": null,
    "Tragic Slip": null,
    "Victimize": null,
    "Gamble": null,
    "Crashing Footfalls": null,
    "Tireless Tracker": null,
    "Drown in the Loch": null,
    "Field of the Dead": null,
    "Case of the Shattered Pact": 5.793723273175328,
    "Absolving Lammasu": 5.324368314989924,
    "Assemble the Players": 3.3138548539114043,
    "Aurelia's Vindicator": 1.1486988847583643,
    "Auspicious Arrival": 5.267898867653226,
    "Call a Surprise Witness": 4.834366989167287,
    "Case of the Gateway Express": 2.7823055469476294,
    "Case of the Pilfered Proof": 4.645024500565397,
    "Case of the Uneaten Feast": 4.83587786259542,
    "Defenestrated Phantom": 6.183804132776435,
    "Delney, Streetwise Lookout": 1.6090909090909091,
    "Doorkeeper Thrull": 3.8639293387443305,
    "Due Diligence": 6.462181690255189,
    "Essence of Antiquity": 5.637658580013354,
    "Forum Familiar": 5.234864948773673,
    "Griffnaut Tracker": 5.66931642082305,
    "Haazda Vigilante": 5.761903396875448,
    "Inside Source": 3.4634689702205046,
    "Karlov Watchdog": 3.7711233408870184,
    "Krovod Haunch": 5.261306532663316,
    "Make Your Move": 5.725152692948362,
    "Makeshift Binding": 2.7208495117072595,
    "Marketwatch Phantom": 3.5657328532537105,
    "Museum Nightwatch": 4.6200293568187885,
    "Neighborhood Guardian": 2.798891643575908,
    "No Witnesses": 2.2142857142857144,
    "Not on My Watch": 3.2765983258522384,
    "Novice Inspector": 2.8622978723404255,
    "On the Job": 6.053267125606591,
    "Perimeter Enforcer": 2.800481492627144,
    "Sanctuary Wall": 6.351118166758697,
    "Seasoned Consultant": 4.691362137313035,
    "Tenth District Hero": 1.448637316561845,
    "Unyielding Gatekeeper": 1.6763990267639903,
    "Wrench": 6.204222914503289,
    "Agency Outfitter": 6.1148541876167215,
    "Behind the Mask": 8.199083870646518,
    "Benthic Criminologists": 7.421101365775868,
    "Bubble Smuggler": 6.325235239090959,
    "Burden of Proof": 5.520290964777948,
    "Candlestick": 6.551936325329409,
    "Case of the Filched Falcon": 4.688843669822171,
    "Case of the Ransacked Lab": 5.790230846436936,
    "Cold Case Cracker": 4.417080578881544,
    "Conspiracy Unraveler": 3.2313084112149535,
    "Coveted Falcon": 3.1180928323334385,
    "Crimestopper Sprite": 4.881218905472637,
    "Cryptic Coat": 1.6188579017264275,
    "Curious Inquiry": 5.870271507016473,
    "Deduce": 5.863974923072499,
    "Dramatic Accusation": 5.2125527758522905,
    "Eliminate the Impossible": 5.462917747596521,
    "Exit Specialist": 3.1440102498398463,
    "Fae Flight": 5.3697949036668735,
    "Forensic Gadgeteer": 2.6498397435897436,
    "Forensic Researcher": 4.898364965902555,
    "Furtive Courier": 4.800273714823368,
    "Hotshot Investigators": 6.786188475701468,
    "Intrude on the Mind": 1.9898762654668167,
    "Jaded Analyst": 6.677762982689747,
    "Living Conundrum": 6.956897115573288,
    "Lost in the Maze": 3.012137559002023,
    "Mistway Spy": 4.274513544448684,
    "Out Cold": 5.690401930206556,
    "Proft's Eidetic Memory": 2.495798319327731,
    "Projektor Inspector": 4.9548490603103925,
    "Reasonable Doubt": 6.311925841636369,
    "Reenact the Crime": 5.137661876884867,
    "Steamcore Scholar": 1.9426447158789166,
    "Unauthorized Exit": 6.2704227655572815,
    "Agency Coroner": 7.777546935569688,
    "Alley Assailant": 6.39183068434489,
    "Barbed Servitor": 2.466213344666383,
    "Basilica Stalker": 6.155568006723631,
    "Case of the Stashed Skeleton": 2.1719414265470003,
    "Cerebral Confiscation": 7.535200371344577,
    "Deadly Cover-Up": 2.1356608478802994,
    "Extract a Confession": 4.751474076584209,
    "Festerleech": 5.579960287154422,
    "Homicide Investigator": 1.9265477439664218,
    "Hunted Bonebrute": 2.1375121477162295,
    "Illicit Masquerade": 4.106346483704974,
    "It Doesn't Add Up": 6.301922670610606,
    "Lead Pipe": 6.776554833576449,
    "Leering Onlooker": 3.3932664756446993,
    "Long Goodbye": 2.906457538505016,
    "Macabre Reconstruction": 6.871286602540256,
    "Massacre Girl, Known Killer": 1.4044776119402984,
    "Murder": 3.671585883202455,
    "Nightdrinker Moroii": 4.461056895599337,
    "Outrageous Robbery": 2.566951566951567,
    "Persuasive Interrogators": 5.731303179579042,
    "Polygraph Orb": 6.811890510457999,
    "Presumed Dead": 5.8459308645554025,
    "Repeat Offender": 6.3199668828480755,
    "Rot Farm Mortipede": 7.1351960809724995,
    "Slice from the Shadows": 4.3609392471114425,
    "Slimy Dualleech": 4.933769767046421,
    "Snarling Gorehound": 5.8522289648733805,
    "Soul Enervation": 3.477852986581166,
    "Toxin Analysis": 6.791484716157205,
    "Undercity Eliminator": 3.7389346512904997,
    "Unscrupulous Agent": 5.1564483371414065,
    "Vein Ripper": 1.50199203187251,
    "Anzrag's Rampage": 5.76153091265947,
    "Bolrac-Clan Basher": 3.952104789521048,
    "Case of the Burning Masks": 3.41152362584378,
    "Case of the Crimson Pulse": 2.9822113707708406,
    "Caught Red-Handed": 7.146974247555755,
    "The Chase Is On": 6.461271396275164,
    "Concealed Weapon": 5.1074921135646685,
    "Connecting the Dots": 4.181520467836258,
    "Convenient Target": 5.91489820876196,
    "Cornered Crook": 4.393998332870241,
    "Crime Novelist": 5.347615979381444,
    "Demand Answers": 6.81264562592671,
    "Expedited Inheritance": 5.295321637426901,
    "Expose the Culprit": 7.129034374180005,
    "Felonious Rage": 6.664478619654914,
    "Frantic Scapegoat": 4.687635386881553,
    "Fugitive Codebreaker": 2.0740375123395856,
    "Galvanize": 3.1353949443059865,
    "Gearbane Orangutan": 5.551879206623385,
    "Goblin Maskmaker": 6.56550074245174,
    "Harried Dronesmith": 3.4019978072846877,
    "Incinerator of the Guilty": 1.2366548042704626,
    "Innocent Bystander": 5.994090719933417,
    "Knife": 6.4018147345612135,
    "Krenko, Baron of Tin Street": 1.7322404371584699,
    "Krenko's Buzzcrusher": 1.9063317634746206,
    "Lamplight Phoenix": 1.7479191438763377,
    "Offender at Large": 6.259550531116027,
    "Person of Interest": 4.594359787630146,
    "Pyrotechnic Performer": 1.7716948165404776,
    "Reckless Detective": 3.347977433681431,
    "Red Herring": 4.799959905108757,
    "Rubblebelt Braggart": 7.079256462692046,
    "Shock": 3.267970297029703,
    "Suspicious Detonation": 5.655386579986069,