{
    "Another Round": 5.928313253012048,
    "Archangel of Tithes": null,
    "Armored Armadillo": 7.698368036015757,
    "Aven Interrupter": 2.2622673434856178,
    "Bounding Felidar": 4.5111864406779665,
    "Bovine Intervention": 6.153198210055278,
    "Bridled Bighorn": 6.062334076669853,
    "Claim Jumper": 2.382147838214784,
    "Dust Animus": null,
    "Eriette's Lullaby": 5.670883384713512,
    "Final Showdown": null,
    "Fortune, Loyal Steed": 2.0249110320284696,
    "Frontier Seeker": 3.763894069377098,
    "Getaway Glamer": 4.631613112625771,
    "High Noon": 5.299371946964411,
    "Holy Cow": 4.713251267197683,
    "Inventive Wingsmith": 7.218360408009067,
    "Lassoed by the Law": 2.8366615463389655,
    "Mystical Tether": 3.975358747644586,
    "Nurturing Pixie": 5.437137330754352,
    "Omenport Vigilante": 4.540282801709964,
    "One Last Job": 3.4328042328042327,
    "Outlaw Medic": 5.821245186136072,
    "Prairie Dog": 3.134852801519468,
    "Prosperity Tycoon": 4.177506775067751,
    "Requisition Raid": 5.211203200914547,
    "Rustler Rampage": 6.650158575262259,
    "Shepherd of the Clouds": 3.1827242524916945,
    "Sheriff of Safe Passage": 4.9082421120412105,
    "Stagecoach Security": 6.7517709563164106,
    "Steer Clear": 6.522238586156112,
    "Sterling Keykeeper": 6.347218029982896,
    "Sterling Supplier": 6.804156597390043,
    "Take Up the Shield": 5.957282552753474,
    "Thunder Lasso": 5.936281241417193,
    "Trained Arynx": 5.304799548277809,
    "Vengeful Townsfolk": 6.187295751633987,
    "Wanted Griffin": 6.523954746679784,
    "Archmage's Newt": 3.2741116751269037,
    "Canyon Crab": 5.195262678408746,
    "Daring Thunder-Thief": 7.442745917204709,
    "Deepmuck Desperado": 5.442470142732304,
    "Djinn of Fool's Fall": 7.040465205690119,
    "Double Down": null,
    "Duelist of the Mind": 2.4486404833836857,
    "Emergent Haunting": 5.156529516994634,
    "Failed Fording": 7.211954952353451,
    "Fblthp, Lost on the Range": 2.9273972602739726,
    "Fleeting Reflection": 7.267616007856617,
    "Geralf, the Fleshwright": null,
    "Geyser Drake": 5.844731977818854,
    "Harrier Strix": 6.965782803665432,
    "Jailbreak Scheme": 7.11129016968433,
    "The Key to the Vault": 4.3451251078515964,
    "Loan Shark": 5.58090395480226,
    "Marauding Sphinx": 3.525409491810164,
    "Metamorphic Blast": 5.113991163475699,
    "Nimble Brigand": 4.211801896733403,
    "Outlaw Stitcher": 3.6127641224665803,
    "Peerless Ropemaster": 7.748527788001472,
    "Phantom Interference": 5.904487667065087,
    "Plan the Heist": 5.8586508753862,
    "Razzle-Dazzler": 6.4285860237024925,
    "Seize the Secrets": 6.91955670201586,
    "Shackle Slinger": 5.713700873362446,
    "Shifting Grift": 7.1635491606714625,
    "Slickshot Lockpicker": 3.957863054928518,
    "Slickshot Vault-Buster": 7.8431372549019605,
    "Spring Splasher": 7.526335841508715,
    "Step Between Worlds": 5.774468085106383,
    "Stoic Sphinx": 1.8926553672316384,
    "Stop Cold": 6.6836011578001795,
    "Take the Fall": 6.826863653920433,
    "This Town Ain't Big Enough": 5.453067047075606,
    "Three Steps Ahead": 2.443328550932568,
    "Visage Bandit": 5.03781388478582,
    "Ambush Gigapede": 7.298253938128677,
    "Binding Negotiation": 6.063508864779042,
    "Blacksnag Buzzard": 6.58099330468672,
    "Blood Hustler": 3.2338530066815143,
    "Boneyard Desecrator": 7.040739307141474,
    "Caustic Bronco": 1.911275415896488,
    "Consuming Ashes": 4.349604581401691,
    "Corrupted Conviction": 7.707682351853564,
    "Desert's Due": 4.723224281627068,
    "Desperate Bloodseeker": 5.283633533466755,
    "Fake Your Own Death": 7.393377483443708,
    "Forsaken Miner": 4.393836776159837,
    "Gisa, the Hellraiser": null,
    "Hollow Marauder": 3.921496698459281,
    "Insatiable Avarice": 3.907775768535262,
    "Kaervek, the Punisher": 2.1887417218543046,
    "Lively Dirge": 5.676167209554832,
    "Mourner's Surprise": 6.6331146577890925,
    "Neutralize the Guards": 7.01793400286944,
    "Nezumi Linkbreaker": 6.7625864251631125,
    "Overzealous Muscle": 7.542398206948076,
    "Pitiless Carnage": 5.503052503052503,
    "Rakish Crew": 4.932861102556206,
    "Rattleback Apothecary": 3.9778101127682794,
    "Raven of Fell Omens": 5.29691844300278,
    "Rictus Robber": 4.047196593328602,
    "Rooftop Assassin": 5.887009829827714,
    "Rush of Dread": 2.5888111888111887,
    "Servant of the Stinger": 3.9071351738974545,
    "Shoot the Sheriff": 3.3771784232365145,
    "Skulduggery": 6.1837358605930905,
    "Tinybones Joins Up": 4.6208425720620845,
    "Tinybones, the Pickpocket": null,
    "Treasure Dredger": 4.820877458396369,
    "Unfortunate Accident": 3.459983831851253,
    "Unscrupulous Contractor": 4.355805243445693,
    "Vadmir, New Blood": null,
    "Vault Plunderer": 4.805216967333008,
    "Brimstone Roundup": 5.578767123287672,
    "Calamity, Galloping Inferno": null,
    "Caught in the Crossfire": 5.767974716881748,
    "Cunning Coyote": 3.9853361945636623,
    "Deadeye Duelist": 5.626269315673289,
    "Demonic Ruckus": 5.29036867676479,
    "Discerning Peddler": 6.089906175894422,
    "Explosive Derailment": 4.292593597395551,
    "Ferocification": 6.015096304008329,
    "Gila Courser": 4.484147952443857,
    "Great Train Heist": 2.519718309859155,
    "Hell to Pay": 2.4635258358662613,
    "Hellspur Brute": 4.329479768786127,
    "Hellspur Posse Boss": null,
    "Highway Robbery": 7.149081265391173,
    "Irascible Wolverine": 5.732469756985333,
    "Iron-Fist Pulverizer": 7.03638801110792,
    "Longhorn Sharpshooter": 2.965004793863854,
    "Magda, the Hoardmaster": null,
    "Magebane Lizard": 6.7575394925801815,
    "Mine Raider": 5.935674945443209,
    "Outlaws' Fury": 7.8367680435769405,
    "Prickly Pair": 4.676369207200306,
    "Quick Draw": 7.755148951820522,
    "Quilled Charger": 6.9194415621167815,
    "Reckless Lackey": 5.88873826903024,
    "Resilient Roadrunner": 4.838162762022195,
    "Return the Favor": 6.252602183295252,
    "Rodeo Pyromancers": 6.864822134387352,
    "Scalestorm Summoner": 3.761773940345369,
    "Scorching Shot": 3.5146935348446684,
    "Slickshot Show-Off": 1.927433628318584,
    "Stingerback Terror": null,
    "Take for a Ride": 6.322820512820512,
    "Terror of the Peaks": null,
    "Thunder Salvo": 4.898729446935725,
    "Trick Shot": 6.882163742690058,
    "Aloe Alchemist": 3.202042628774423,
    "Ankle Biter": 6.11532980456026,
    "Beastbond Outcaster": 3.3637469586374698,
    "Betrayal at the Vault": 5.245860230143138,
    "Bristlepack Sentry": 6.142942882864859,
    "Bristly Bill, Spine Sower": null,
    "Cactarantula": 4.8014098201263975,
    "Colossal Rattlewurm": null,
    "Dance of the Tumbleweeds": 5.197138869504536,
    "Drover Grizzly": 5.696890911060557,
    "Freestrider Commando": 5.287249524235979,
    "Freestrider Lookout": 1.9160958904109588,
    "Full Steam Ahead": 6.373855544252289,
    "Giant Beaver": 4.704646952323476,
    "Gold Rush": 5.910060975609756,
    "Goldvein Hydra": null,
    "Hardbristle Bandit": 3.89413823272091,
    "Intrepid Stablemaster": 3.068276823037622,
    "Map the Frontier": 6.24703207880778,
    "Ornery Tumblewagg": null,
    "Outcaster Greenblade": 3.150703586019065,
    "Outcaster Trailblazer": 1.8031809145129225,
    "Patient Naturalist": 5.143085349155637,
    "Railway Brawler": null,
    "Rambling Possum": 3.9900884955752214,
    "Raucous Entertainer": 4.152677029360968,
    "Reach for the Sky": 7.649255853635416,
    "Rise of the Varmints": 5.33955223880597,
    "Smuggler's Surprise": 2.8284313725490198,
    "Snakeskin Veil": 5.926101124776621,
    "Spinewoods Armadillo": 2.8200980392156865,
    "Spinewoods Paladin": 4.669098553233585,
    "Stubborn Burrowfiend": 3.836471022517534,
    "Throw from the Saddle": 4.251391339758382,
    "Trash the Town": 3.9078095238095236,
    "Tumbleweed Rising": 6.522911317400751,
    "Voracious Varmint": 5.731351179769336,