{
    "Abuelo's Awakening": 4.441905374959768,
    "Acrobatic Leap": 8.562334718549302,
    "Adaptive Gemguard": 5.689052528227786,
    "Attentive Sunscribe": 5.756327214129988,
    "Bat Colony": 6.522474664923178,
    "Clay-Fired Bricks": 3.0680753992075878,
    "Cosmium Blast": 5.443130056428037,
    "Dauntless Dismantler": 5.796141215106732,
    "Deconstruction Hammer": 6.94985735281404,
    "Dusk Rose Reliquary": 3.262669620603711,
    "Envoy of Okinec Ahau": 6.555972594578493,
    "Fabrication Foundry": 5.118428490672696,
    "Family Reunion": 8.391718698652646,
    "Get Lost": 2.633011911514464,
    "Glorifier of Suffering": 5.845814977973569,
    "Guardian of the Great Door": 3.2682040531097134,
    "Helping Hand": 6.188243750499161,
    "Ironpaw Aspirant": 5.288915497776257,
    "Kinjalli's Dawnrunner": 3.5282375236891976,
    "Kutzil's Flanker": 2.0743012951601907,
    "Malamet War Scribe": 4.425142135186355,
    "Market Gnome": 4.364911546111169,
    "Might of the Ancestors": 6.303559870550162,
    "Miner's Guidewing": 4.509038491506935,
    "Mischievous Pup": 4.685588235294118,
    "Ojer Taq, Deepest Foundation": null,
    "Oltec Archaeologists": 7.40532334496751,
    "Oltec Cloud Guard": 3.5839370532073116,
    "Oteclan Landmark": 7.0216655179647,
    "Petrify": 3.547352899205632,
    "Quicksand Whirlpool": 5.225323209521855,
    "Resplendent Angel": null,
    "Ruin-Lurker Bat": 3.2297486033519553,
    "Sanguine Evangelist": 1.6354545454545455,
    "Soaring Sandwing": 6.00338190985673,
    "Spring-Loaded Sawblades": 2.616085189855682,
    "Thousand Moons Crackshot": 7.727219739654167,
    "Thousand Moons Infantry": 7.943019943019943,
    "Thousand Moons Smithy": 1.4867886178861789,
    "Tinker's Tote": 4.219190429367421,
    "Unstable Glyphbridge": 1.6131117266851338,
    "Vanguard of the Rose": 4.491644150905634,
    "Warden of the Inner Sky": 1.711587982832618,
    "Akal Pakal, First Among Equals": 1.794140934283452,
    "Ancestral Reminiscence": 8.510398260160391,
    "Brackish Blunder": 6.154719309068477,
    "Braided Net": 2.469338190649666,
    "Chart a Course": 4.416253916910947,
    "Cogwork Wrestler": 6.146664176084181,
    "Confounding Riddle": 5.226008100017609,
    "Council of Echoes": 4.997050147492625,
    "Didact Echo": 7.649827946070965,
    "Eaten by Piranhas": 4.446573630493647,
    "The Enigma Jewel": 4.291862811028917,
    "The Everflowing Well": 2.5744803695150114,
    "Frilled Cave-Wurm": 8.604633539027823,
    "Hermitic Nautilus": 4.762046173005077,
    "Hurl into History": 6.760024581348902,
    "Inverted Iceberg": 5.424323759063022,
    "Kitesail Larcenist": 1.6718606782768102,
    "Lodestone Needle": 3.810762152430486,
    "Malcolm, Alluring Scoundrel": 1.6619318181818181,
    "Marauding Brinefang": 6.98448470139551,
    "Merfolk Cave-Diver": 6.193694449102801,
    "Oaken Siren": 4.661035464866763,
    "Ojer Pakpatiq, Deepest Epoch": null,
    "Orazca Puzzle-Door": 7.475769933905218,
    "Out of Air": 8.227589243938018,
    "Pirate Hat": 8.001310944996096,
    "Relic's Roar": 9.290383742355862,
    "River Herald Scout": 5.387473496449366,
    "Sage of Days": 8.00240192153723,
    "Self-Reflection": 7.125965537730243,
    "Shipwreck Sentry": 7.163394902427002,
    "Sinuous Benthisaur": 6.688880397401605,
    "Song of Stupefaction": 8.86297778018057,
    "Spyglass Siren": 2.848288171345124,
    "Staunch Crewmate": 3.8406845853434413,
    "Tishana's Tidebinder": 2.256258234519104,
    "Unlucky Drop": 7.727774064171123,
    "Waterlogged Hulk": 7.210403631456263,
    "Waterwind Scout": 3.5484972677595628,
    "Waylaying Pirates": 6.33592941892303,
    "Zoetic Glyph": 3.1845602508585933,
    "Abyssal Gorestalker": 6.376250198444198,
    "Aclazotz, Deepest Betrayal": null,
    "Another Chance": 6.720296587457566,
    "Bitter Triumph": 2.647263855001743,
    "Bloodthorn Flail": 7.9094283063307405,
    "Bringer of the Last Gift": 2.6798373038930854,
    "Broodrage Mycoid": 6.315971572844585,
    "Canonized in Blood": 6.046257359125315,
    "Chupacabra Echo": 2.4955420827389445,
    "Corpses of the Lost": 2.232230823363828,
    "Dead Weight": 4.411901081916538,
    "Deathcap Marionette": 5.474667648930114,
    "Deep Goblin Skulltaker": 6.48659509202454,
    "Deep-Cavern Bat": 2.961178456344944,
    "Echo of Dusk": 5.979240957717779,
    "Fanatical Offering": 6.57213747472891,
    "Gargantuan Leech": 6.437907457465416,
    "Grasping Shadows": 5.055030703826169,
    "Greedy Freebooter": 6.962850959115301,
    "Join the Dead": 3.3225496476617553,
    "Malicious Eclipse": 6.443636363636363,
    "Mephitic Draught": 7.074013541909876,
    "Preacher of the Schism": 1.5447470817120623,
    "Primordial Gnawer": 7.762495408696635,
    "Queen's Bay Paladin": 2.9004127966976263,
    "Rampaging Spiketail": 5.964040668662674,
    "Ray of Ruin": 6.205122625967486,
    "Screaming Phantom": 6.705928805734419,
    "Skullcap Snail": 5.391611994641569,
    "Soulcoil Viper": 4.4332393778056165,
    "Stalactite Stalker": 2.055886736214605,
    "Starving Revenant": 1.8451043338683788,
    "Stinging Cave Crawler": 3.626588587091951,
    "Synapse Necromage": 4.7168936540133295,
    "Tarrian's Journal": 2.119065010956903,
    "Terror Tide": 2.143884892086331,
    "Tithing Blade": 4.8836726853630426,
    "Visage of Dread": 4.258204927309132,
    "Vito's Inquisitor": 7.618397474187217,
    "Abrade": 2.701614484606837,
    "Ancestors' Aid": 7.34728487409353,
    "Belligerent Yearling": 3.0401950642825475,
    "Bonehoard Dracosaur": null,
    "Brass's Tunnel-Grinder": 2.2979368932038833,
    "Brazen Blademaster": 6.872700842529963,
    "Breeches, Eager Pillager": 1.4030927835051545,
    "Burning Sun Cavalry": 6.666109386195367,
    "Calamitous Cave-In": 7.088987435328899,
    "Child of the Volcano": 7.761408155382663,
    "Curator of Sun's Creation": 5.606648936170213,
    "Daring Discovery": 8.515287139390672,
    "Diamond Pick-Axe": 3.7398753894080996,
    "Dinotomaton": 5.336477143048936,
    "Dire Flail": 2.0382671480144405,
    "Dowsing Device": 5.5030723631894745,
    "Dreadmaw's Ire": 3.6672209026128266,
    "Enterprising Scallywag": 3.8783170787026537,
    "Etali's Favor": 5.614233477789816,
    "Geological Appraiser": 2.6613784593689407,
    "Goblin Tomb Raider": 5.813192526401299,
    "Goldfury Strider": 6.07737111373475,
    "Hit the Mother Lode": 5.4229249011857705,
    "Hotfoot Gnome": 7.398948116560057,
    "Idol of the Deep King": 5.124315815833721,
    "Inti, Seneschal of the Sun": 1.487229862475442,
    "Magmatic Galleon": 1.571705426356589,
    "Ojer Axonil, Deepest Might": 1.5327102803738317,
    "Panicked Altisaur": 5.727535755383856,
    "Plundering Pirate": 4.576344729557866,
    "Poetic Ingenuity": 2.096825396825397,
    "Rampaging Ceratops": 4.565511584990773,
    "Rumbling Rockslide": 4.95981397990699,
    "Saheeli's Lattice": 4.693683321820554,
    "Scytheclaw Raptor": 2.982137357560825,
    "Seismic Monstrosaur": 5.680685307903669,
    "Sunfire Torch": 5.787121065842827,
    "Sunshot Militia": 5.8911542886360735,
    "Tectonic Hazard": 9.257695808126773,
    "Triumphant Chomp": 3.204950495049505,
    "Trumpeting Carnosaur": 1.272076372315036,
    "Volatile Wanderglyph": 5.267444212229488,
    "Zoyowa's Justice": 7.991197802971621,
    "Armored Kincaller": 5.354473503097041,
    "Basking Capybara": 7.517167442516575,
    "Bedrock Tortoise": 1.8365724381625441,
    "Cavern Stomper": 5.818047434465541,
    "Cenote Scout": 3.855784469096672,
    "Coati Scavenger": 4.60511811023622,
    "Colossadactyl": 3.105683965692688,
    "Disturbed Slumber": 9.16124164690666,
    "Earthshaker Dreadmaw": 3.3613020906412236,
    "Explorer's Cache": 5.493773404162675,
    "Ghalta, Stampede Tyrant": 2.1513437057991514,
    "Glimpse the Core": 5.912960504480584,
    "Glowcap Lantern": 6.04198250728863,
    "Growing Rites of Itlimoc": 3.7268211920529803,
    "Huatli, Poet of Unity": null,
    "Huatli's Final Strike": 4.432820472254083,