{
    "Abuelo's Awakening": 4.6352965835254665,
    "Acrobatic Leap": 8.541566783171994,
    "Adaptive Gemguard": 5.629322822722515,
    "Attentive Sunscribe": 5.659934627789683,
    "Bat Colony": 6.590331476774996,
    "Clay-Fired Bricks": 2.971898152090607,
    "Cosmium Blast": 5.463767115406743,
    "Dauntless Dismantler": 5.83915115248227,
    "Deconstruction Hammer": 6.833605027987823,
    "Dusk Rose Reliquary": 3.256017299736743,
    "Envoy of Okinec Ahau": 6.658711025393764,
    "Fabrication Foundry": 5.118993135011442,
    "Family Reunion": 8.464267190278601,
    "Get Lost": 2.692910447761194,
    "Glorifier of Suffering": 5.915992947449901,
    "Guardian of the Great Door": 3.2759931571944496,
    "Helping Hand": 6.251673287261251,
    "Ironpaw Aspirant": 5.223863103609939,
    "Kinjalli's Dawnrunner": 3.5179707652622527,
    "Kutzil's Flanker": 2.186067019400353,
    "Malamet War Scribe": 4.514978501444985,
    "Market Gnome": 4.435782039742436,
    "Might of the Ancestors": 6.284741668039312,
    "Miner's Guidewing": 4.3112134418770385,
    "Mischievous Pup": 4.747428720218721,
    "Ojer Taq, Deepest Foundation": 1.5464333781965007,
    "Oltec Archaeologists": 7.442153822594847,
    "Oltec Cloud Guard": 3.4397614852961107,
    "Oteclan Landmark": 7.034832326345241,
    "Petrify": 3.4819181611017536,
    "Quicksand Whirlpool": 5.191042474650717,
    "Resplendent Angel": 1.373846153846154,
    "Ruin-Lurker Bat": 3.117588736862978,
    "Sanguine Evangelist": 1.6126582278481012,
    "Soaring Sandwing": 6.001316559391457,
    "Spring-Loaded Sawblades": 2.5918840579710145,
    "Thousand Moons Crackshot": 7.781516534490498,
    "Thousand Moons Infantry": 7.9769307171904575,
    "Thousand Moons Smithy": 1.4933890048712595,
    "Tinker's Tote": 4.188443897527688,
    "Unstable Glyphbridge": 1.6346276257161043,
    "Vanguard of the Rose": 4.553185763304851,
    "Warden of the Inner Sky": 1.6937685459940652,
    "Akal Pakal, First Among Equals": 1.8,
    "Ancestral Reminiscence": 8.537932049913499,
    "Brackish Blunder": 6.053031415919918,
    "Braided Net": 2.4062233589087807,
    "Chart a Course": 4.3917098445595855,
    "Cogwork Wrestler": 5.897007819736757,
    "Confounding Riddle": 5.360216955547695,
    "Council of Echoes": 5.128995792250204,
    "Didact Echo": 7.662460267610728,
    "Eaten by Piranhas": 4.418916061737966,
    "The Enigma Jewel": 4.525201185938162,
    "The Everflowing Well": 2.6498141263940522,
    "Frilled Cave-Wurm": 8.654916001101626,
    "Hermitic Nautilus": 4.603822762814944,
    "Hurl into History": 7.017442156114925,
    "Inverted Iceberg": 5.223235950693972,
    "Kitesail Larcenist": 1.6618892508143321,
    "Lodestone Needle": 3.6300582088505506,
    "Malcolm, Alluring Scoundrel": 1.6292278238672624,
    "Marauding Brinefang": 7.009507447826172,
    "Merfolk Cave-Diver": 6.194082105144277,
    "Oaken Siren": 4.405771216476432,
    "Ojer Pakpatiq, Deepest Epoch": 1.4244505494505495,
    "Orazca Puzzle-Door": 7.400141035659151,
    "Out of Air": 8.340304994706242,
    "Pirate Hat": 7.851276212164342,
    "Relic's Roar": 9.337093707559982,
    "River Herald Scout": 5.430472631147167,
    "Sage of Days": 7.999195359281437,
    "Self-Reflection": 7.1916197252692955,
    "Shipwreck Sentry": 7.037137645239323,
    "Sinuous Benthisaur": 6.62660072878709,
    "Song of Stupefaction": 8.898254008839537,
    "Spyglass Siren": 2.7431024613623354,
    "Staunch Crewmate": 3.710605444941081,
    "Tishana's Tidebinder": 2.259853345554537,
    "Unlucky Drop": 7.701361556279543,
    "Waterlogged Hulk": 7.2779744750926305,
    "Waterwind Scout": 3.3778638043286997,
    "Waylaying Pirates": 6.10775406718783,
    "Zoetic Glyph": 2.989279072311563,
    "Abyssal Gorestalker": 6.453886449018467,
    "Aclazotz, Deepest Betrayal": 1.2124600638977636,
    "Another Chance": 6.51523625447218,
    "Bitter Triumph": 2.668763835488757,
    "Bloodthorn Flail": 8.00310306965198,
    "Bringer of the Last Gift": 2.652019002375297,
    "Broodrage Mycoid": 6.487789618568955,
    "Canonized in Blood": 6.270133199576437,
    "Chupacabra Echo": 2.484944147644488,
    "Corpses of the Lost": 2.218241042345277,
    "Dead Weight": 4.40829939039392,
    "Deathcap Marionette": 5.409390406856195,
    "Deep Goblin Skulltaker": 6.589286821385025,
    "Deep-Cavern Bat": 2.8454845814977974,
    "Echo of Dusk": 5.900479357401969,
    "Fanatical Offering": 6.652305600197799,
    "Gargantuan Leech": 6.449156626506024,
    "Grasping Shadows": 5.133756958302699,
    "Greedy Freebooter": 7.025075987841945,
    "Join the Dead": 3.345103359634403,
    "Malicious Eclipse": 6.587122628907293,
    "Mephitic Draught": 7.238470897601947,
    "Preacher of the Schism": 1.5420680796403339,
    "Primordial Gnawer": 7.794549785612197,
    "Queen's Bay Paladin": 3.12626098275301,
    "Rampaging Spiketail": 5.937299206399864,
    "Ray of Ruin": 6.326440670885812,
    "Screaming Phantom": 6.718371543127377,
    "Skullcap Snail": 5.434844846693757,
    "Soulcoil Viper": 4.435980096713155,
    "Stalactite Stalker": 2.0945347119645494,
    "Starving Revenant": 1.890499194847021,
    "Stinging Cave Crawler": 3.7251317523056655,
    "Synapse Necromage": 4.863488416618801,
    "Tarrian's Journal": 2.2371280113367975,
    "Terror Tide": 2.215489749430524,
    "Tithing Blade": 4.740709212311457,
    "Visage of Dread": 4.247548730064973,
    "Vito's Inquisitor": 7.768405319434331,
    "Abrade": 2.678598595015437,
    "Ancestors' Aid": 7.159427049929062,
    "Belligerent Yearling": 3.0287066881547138,
    "Bonehoard Dracosaur": 1.1306715063520871,
    "Brass's Tunnel-Grinder": 2.3517994338859682,
    "Brazen Blademaster": 6.900483883867872,
    "Breeches, Eager Pillager": 1.3791637136782424,
    "Burning Sun Cavalry": 6.636767299933092,
    "Calamitous Cave-In": 7.1375081343545075,
    "Child of the Volcano": 7.891589793185537,
    "Curator of Sun's Creation": 5.651831686098124,
    "Daring Discovery": 8.506101359522152,
    "Diamond Pick-Axe": 3.65859342488556,
    "Dinotomaton": 5.248765020793603,
    "Dire Flail": 2.0579075425790756,
    "Dowsing Device": 5.399694776743957,
    "Dreadmaw's Ire": 3.628031470516668,
    "Enterprising Scallywag": 3.9209408194233686,
    "Etali's Favor": 5.209870268176977,
    "Geological Appraiser": 2.590161923454367,
    "Goblin Tomb Raider": 5.710833184974185,
    "Goldfury Strider": 6.149749707104058,
    "Hit the Mother Lode": 5.57930200414651,
    "Hotfoot Gnome": 7.3999885033244555,
    "Idol of the Deep King": 5.105971200310823,
    "Inti, Seneschal of the Sun": 1.4604996623902768,
    "Magmatic Galleon": 1.5544174135723432,
    "Ojer Axonil, Deepest Might": 1.5825864276568502,
    "Panicked Altisaur": 5.532274532047646,
    "Plundering Pirate": 4.438294533089197,
    "Poetic Ingenuity": 2.0172222222222222,
    "Rampaging Ceratops": 4.570525158097333,
    "Rumbling Rockslide": 4.984833529935723,
    "Saheeli's Lattice": 4.701265035255081,
    "Scytheclaw Raptor": 2.961490554286901,
    "Seismic Monstrosaur": 5.6715563036967405,
    "Sunfire Torch": 5.684608619173263,
    "Sunshot Militia": 5.76016349012065,
    "Tectonic Hazard": 9.326191509365733,
    "Triumphant Chomp": 3.219006316583388,
    "Trumpeting Carnosaur": 1.2893081761006289,
    "Volatile Wanderglyph": 5.11210510292499,
    "Zoyowa's Justice": 8.082155393226449,
    "Armored Kincaller": 5.262868036432959,
    "Basking Capybara": 7.597402103421388,
    "Bedrock Tortoise": 1.8288707799767172,
    "Cavern Stomper": 5.717366476318442,
    "Cenote Scout": 3.880244554833779,
    "Coati Scavenger": 4.623983067663206,
    "Colossadactyl": 3.049043062200957,
    "Disturbed Slumber": 9.218728289882629,
    "Earthshaker Dreadmaw": 3.4445258147198827,
    "Explorer's Cache": 5.548931449258437,
    "Ghalta, Stampede Tyrant": 2.213143872113677,
    "Glimpse the Core": 6.1437912087912085,
    "Glowcap Lantern": 6.163031959395393,
    "Growing Rites of Itlimoc": 3.954699297058058,