{
    "Another Round": 6.620018975332068,
    "Archangel of Tithes": null,
    "Armored Armadillo": 8.035511239394735,
    "Aven Interrupter": 2.6,
    "Bounding Felidar": 3.9195441988950277,
    "Bovine Intervention": 6.514258327342439,
    "Bridled Bighorn": 5.71760391198044,
    "Claim Jumper": 2.773218142548596,
    "Dust Animus": null,
    "Eriette's Lullaby": 5.70827127395492,
    "Final Showdown": null,
    "Fortune, Loyal Steed": 1.9760765550239234,
    "Frontier Seeker": 3.6601235914213013,
    "Getaway Glamer": 3.48953488372093,
    "High Noon": 6.044967880085653,
    "Holy Cow": 4.671864557807975,
    "Inventive Wingsmith": 7.941551175002152,
    "Lassoed by the Law": 2.274920634920635,
    "Mystical Tether": 3.0768156424581004,
    "Nurturing Pixie": 5.595107338991513,
    "Omenport Vigilante": 4.95,
    "One Last Job": 3.6451876019575855,
    "Outlaw Medic": 6.020408163265306,
    "Prairie Dog": 2.940127970749543,
    "Prosperity Tycoon": 3.790729379686435,
    "Requisition Raid": 5.704186512910504,
    "Rustler Rampage": 7.298585418933624,
    "Shepherd of the Clouds": 2.4075829383886256,
    "Sheriff of Safe Passage": 5.861847182917417,
    "Stagecoach Security": 6.548817802503477,
    "Steer Clear": 6.61646511627907,
    "Sterling Keykeeper": 5.715601667797925,
    "Sterling Supplier": 6.22720464332522,
    "Take Up the Shield": 5.148051405286804,
    "Thunder Lasso": 6.063019052271617,
    "Trained Arynx": 3.799884576540182,
    "Vengeful Townsfolk": 6.386219147344802,
    "Wanted Griffin": 6.540029651593773,
    "Archmage's Newt": 4.451408450704226,
    "Canyon Crab": 4.992263056092844,
    "Daring Thunder-Thief": 8.245128025867343,
    "Deepmuck Desperado": 4.695252225519288,
    "Djinn of Fool's Fall": 7.5919159827023215,
    "Double Down": null,
    "Duelist of the Mind": 2.655860349127182,
    "Emergent Haunting": 5.783657587548638,
    "Failed Fording": 7.361944883271898,
    "Fblthp, Lost on the Range": 4.113328012769354,
    "Fleeting Reflection": 7.906757912745936,
    "Geralf, the Fleshwright": null,
    "Geyser Drake": 6.840193704600484,
    "Harrier Strix": 7.85022102799688,
    "Jailbreak Scheme": 7.1890206411945545,
    "The Key to the Vault": 5.625140291806958,
    "Loan Shark": 5.61852417302799,
    "Marauding Sphinx": 3.22137079608344,
    "Metamorphic Blast": 4.978869374313941,
    "Nimble Brigand": 4.050619834710743,
    "Outlaw Stitcher": 4.017586206896552,
    "Peerless Ropemaster": 8.058968926553673,
    "Phantom Interference": 5.941332286863534,
    "Plan the Heist": 5.438948190575371,
    "Razzle-Dazzler": 7.449927823890293,
    "Seize the Secrets": 7.323233247894544,
    "Shackle Slinger": 6.810531156587722,
    "Shifting Grift": 8.006046210321745,
    "Slickshot Lockpicker": 3.734042553191489,
    "Slickshot Vault-Buster": 8.499013468302307,
    "Spring Splasher": 7.785393357413444,
    "Step Between Worlds": 6.614888337468982,
    "Stoic Sphinx": 1.9678638941398865,
    "Stop Cold": 6.5708384189278,
    "Take the Fall": 6.9186046511627906,
    "This Town Ain't Big Enough": 5.270099842354178,
    "Three Steps Ahead": 2.6305882352941174,
    "Visage Bandit": 4.840794627867935,
    "Ambush Gigapede": 5.751723468297893,
    "Binding Negotiation": 5.302337398373984,
    "Blacksnag Buzzard": 7.297760328366199,
    "Blood Hustler": 2.574200314630309,
    "Boneyard Desecrator": 7.256034407092074,
    "Caustic Bronco": 1.7685009487666035,
    "Consuming Ashes": 3.1220238095238093,
    "Corrupted Conviction": 7.878708779256939,
    "Desert's Due": 3.4164619164619165,
    "Desperate Bloodseeker": 4.499007820707366,
    "Fake Your Own Death": 7.086999022482893,
    "Forsaken Miner": 4.550512445095168,
    "Gisa, the Hellraiser": null,
    "Hollow Marauder": 2.560276155071694,
    "Insatiable Avarice": 4.3742071881606766,
    "Kaervek, the Punisher": 2.396383866481224,
    "Lively Dirge": 4.852118526723899,
    "Mourner's Surprise": 5.412290502793296,
    "Neutralize the Guards": 7.57947301317467,
    "Nezumi Linkbreaker": 6.876360310928212,
    "Overzealous Muscle": 7.4638371589432655,
    "Pitiless Carnage": 6.351042701092354,
    "Rakish Crew": 5.5530563641174915,
    "Rattleback Apothecary": 3.7545293072824157,
    "Raven of Fell Omens": 5.111723988751892,
    "Rictus Robber": 3.8855380397532557,
    "Rooftop Assassin": 5.636171071212427,
    "Rush of Dread": 2.0470219435736676,
    "Servant of the Stinger": 3.4822104466313397,
    "Shoot the Sheriff": 2.7394230769230767,
    "Skulduggery": 6.596693756926487,
    "Tinybones Joins Up": 5.655486071631609,
    "Tinybones, the Pickpocket": null,
    "Treasure Dredger": 4.552221907727144,
    "Unfortunate Accident": 2.841008240426563,
    "Unscrupulous Contractor": 4.299205378973105,
    "Vadmir, New Blood": 1.7296296296296296,
    "Vault Plunderer": 3.810889443059019,
    "Brimstone Roundup": 7.006602914389799,
    "Calamity, Galloping Inferno": null,
    "Caught in the Crossfire": 7.148139847601972,
    "Cunning Coyote": 4.458419042021745,
    "Deadeye Duelist": 5.943822431742291,
    "Demonic Ruckus": 5.8362842590346835,
    "Discerning Peddler": 6.511104992657856,
    "Explosive Derailment": 4.196453451551615,
    "Ferocification": 6.861556064073227,
    "Gila Courser": 4.35596275157705,
    "Great Train Heist": 3.2140608604407137,
    "Hell to Pay": 3.335067637877211,
    "Hellspur Brute": 4.541826780963642,
    "Hellspur Posse Boss": 1.9741219963031422,
    "Highway Robbery": 7.464917741218319,
    "Irascible Wolverine": 6.235926993275696,
    "Iron-Fist Pulverizer": 7.331846565566458,
    "Longhorn Sharpshooter": 3.14214463840399,
    "Magda, the Hoardmaster": 1.9589041095890412,
    "Magebane Lizard": 7.9234205488194,
    "Mine Raider": 6.427533460803059,
    "Outlaws' Fury": 8.399723971362029,
    "Prickly Pair": 5.232294317217981,
    "Quick Draw": 8.584269662921349,
    "Quilled Charger": 7.086809870406533,
    "Reckless Lackey": 7.101160559261628,
    "Resilient Roadrunner": 5.328292046936115,
    "Return the Favor": 7.469693724566288,
    "Rodeo Pyromancers": 8.106937923839332,
    "Scalestorm Summoner": 3.8416905444126073,
    "Scorching Shot": 4.012468827930174,
    "Slickshot Show-Off": 3.0,
    "Stingerback Terror": null,
    "Take for a Ride": 6.8449125952487675,
    "Terror of the Peaks": null,
    "Thunder Salvo": 5.3657083115525355,
    "Trick Shot": 7.369201725997843,
    "Aloe Alchemist": 2.8654477262072198,
    "Ankle Biter": 5.956910647302107,
    "Beastbond Outcaster": 3.005655042412818,
    "Betrayal at the Vault": 4.411691542288557,
    "Bristlepack Sentry": 5.325844991320331,
    "Bristly Bill, Spine Sower": null,
    "Cactarantula": 3.325012481278083,
    "Colossal Rattlewurm": null,
    "Dance of the Tumbleweeds": 3.5798661623508874,
    "Drover Grizzly": 4.627049643786045,
    "Freestrider Commando": 5.094764957264958,
    "Freestrider Lookout": null,
    "Full Steam Ahead": 6.523491427299042,
    "Giant Beaver": 3.866693899782135,
    "Gold Rush": 5.936985657183165,
    "Goldvein Hydra": null,
    "Hardbristle Bandit": 3.320874247703516,
    "Intrepid Stablemaster": 3.059135039717564,
    "Map the Frontier": 6.32080723729993,
    "Ornery Tumblewagg": null,
    "Outcaster Greenblade": 2.227272727272727,
    "Outcaster Trailblazer": null,
    "Patient Naturalist": 4.379360115467885,
    "Railway Brawler": null,
    "Rambling Possum": 3.4559155990957047,
    "Raucous Entertainer": 4.066077854105332,
    "Reach for the Sky": 7.3634029745042495,
    "Rise of the Varmints": 5.77120315581854,
    "Smuggler's Surprise": 2.8734602463605823,
    "Snakeskin Veil": 4.592440801457195,
    "Spinewoods Armadillo": 2.0698478561549103,
    "Spinewoods Paladin": 3.438245777157911,
    "Stubborn Burrowfiend": 3.0648872526461113,
    "Throw from the Saddle": 2.886199492484872,
    "Trash the Town": 3.251004016064257,
    "Tumbleweed Rising": 5.955318946667934,
    "Voracious Varmint": 5.143381603100143,
    "Akul the Unrepentant": 3.6145648312611014,