{
    "Abuelo's Awakening": 4.46883230904302,
    "Acrobatic Leap": 8.558748860023169,
    "Adaptive Gemguard": 5.671112576429684,
    "Attentive Sunscribe": 5.729226319595083,
    "Bat Colony": 6.544809029075417,
    "Clay-Fired Bricks": 3.053295002211411,
    "Cosmium Blast": 5.445228254451661,
    "Dauntless Dismantler": 5.7948756480577055,
    "Deconstruction Hammer": 6.913995473445971,
    "Dusk Rose Reliquary": 3.263880066065303,
    "Envoy of Okinec Ahau": 6.5786426765960915,
    "Fabrication Foundry": 5.094772083440638,
    "Family Reunion": 8.40925364913247,
    "Get Lost": 2.642747309072271,
    "Glorifier of Suffering": 5.867128979400749,
    "Guardian of the Great Door": 3.267464299498263,
    "Helping Hand": 6.204100992410975,
    "Ironpaw Aspirant": 5.276773645993776,
    "Kinjalli's Dawnrunner": 3.52546699153034,
    "Kutzil's Flanker": 2.0960591133004924,
    "Malamet War Scribe": 4.452617500955292,
    "Market Gnome": 4.381932532875929,
    "Might of the Ancestors": 6.296986342042755,
    "Miner's Guidewing": 4.459470132107984,
    "Mischievous Pup": 4.696369636963697,
    "Ojer Taq, Deepest Foundation": 1.509433962264151,
    "Oltec Archaeologists": 7.417489056388738,
    "Oltec Cloud Guard": 3.558017157513045,
    "Oteclan Landmark": 7.016557471421914,
    "Petrify": 3.5297162156234925,
    "Quicksand Whirlpool": 5.221097046413502,
    "Resplendent Angel": null,
    "Ruin-Lurker Bat": 3.20192431045542,
    "Sanguine Evangelist": 1.6364392678868553,
    "Soaring Sandwing": 6.004486582578515,
    "Spring-Loaded Sawblades": 2.6193771626297577,
    "Thousand Moons Crackshot": 7.732985089765696,
    "Thousand Moons Infantry": 7.955873071971323,
    "Thousand Moons Smithy": 1.4770813844714688,
    "Tinker's Tote": 4.212448849344896,
    "Unstable Glyphbridge": 1.620954003407155,
    "Vanguard of the Rose": 4.503297911322829,
    "Warden of the Inner Sky": 1.706855791962175,
    "Akal Pakal, First Among Equals": 1.7801879971077368,
    "Ancestral Reminiscence": 8.513338803112802,
    "Brackish Blunder": 6.125454904505318,
    "Braided Net": 2.437603993344426,
    "Chart a Course": 4.418587429417754,
    "Cogwork Wrestler": 6.089205504534661,
    "Confounding Riddle": 5.238206407985832,
    "Council of Echoes": 5.026570048309178,
    "Didact Echo": 7.649345293329209,
    "Eaten by Piranhas": 4.425540013321915,
    "The Enigma Jewel": 4.356197352587245,
    "The Everflowing Well": 2.588204318062138,
    "Frilled Cave-Wurm": 8.620157721687969,
    "Hermitic Nautilus": 4.7286547640091925,
    "Hurl into History": 6.824099240365182,
    "Inverted Iceberg": 5.378916647958693,
    "Kitesail Larcenist": 1.6703111858704793,
    "Lodestone Needle": 3.758550751359823,
    "Malcolm, Alluring Scoundrel": 1.6496980155306298,
    "Marauding Brinefang": 6.993579751116278,
    "Merfolk Cave-Diver": 6.187921004286589,
    "Oaken Siren": 4.600086811835347,
    "Ojer Pakpatiq, Deepest Epoch": 1.411764705882353,
    "Orazca Puzzle-Door": 7.460127427808036,
    "Out of Air": 8.24638957379359,
    "Pirate Hat": 7.965267359963386,
    "Relic's Roar": 9.30237670680769,
    "River Herald Scout": 5.381987577639752,
    "Sage of Days": 8.003753621362891,
    "Self-Reflection": 7.13982050070855,
    "Shipwreck Sentry": 7.130878096704814,
    "Sinuous Benthisaur": 6.673317056156261,
    "Song of Stupefaction": 8.864578694770175,
    "Spyglass Siren": 2.827142001198322,
    "Staunch Crewmate": 3.7979840848806368,
    "Tishana's Tidebinder": 2.247115968427444,
    "Unlucky Drop": 7.7096306471306475,
    "Waterlogged Hulk": 7.208454647256439,
    "Waterwind Scout": 3.5005417607223475,
    "Waylaying Pirates": 6.284773593364717,
    "Zoetic Glyph": 3.1513850415512463,
    "Abyssal Gorestalker": 6.388981034109757,
    "Aclazotz, Deepest Betrayal": null,
    "Another Chance": 6.67149177910089,
    "Bitter Triumph": 2.655654383735705,
    "Bloodthorn Flail": 7.92400208035366,
    "Bringer of the Last Gift": 2.6738197424892705,
    "Broodrage Mycoid": 6.357084008068411,
    "Canonized in Blood": 6.086850152905199,
    "Chupacabra Echo": 2.4924885695623775,
    "Corpses of the Lost": 2.218135700697527,
    "Dead Weight": 4.410687136129344,
    "Deathcap Marionette": 5.458873793569804,
    "Deep Goblin Skulltaker": 6.50931450822198,
    "Deep-Cavern Bat": 2.9382821387940843,
    "Echo of Dusk": 5.9636782682265075,
    "Fanatical Offering": 6.5903014709994965,
    "Gargantuan Leech": 6.42662984228505,
    "Grasping Shadows": 5.074397935779817,
    "Greedy Freebooter": 6.985853394644306,
    "Join the Dead": 3.3383853104051298,
    "Malicious Eclipse": 6.471575091575091,
    "Mephitic Draught": 7.111552722131825,
    "Preacher of the Schism": 1.5621716287215412,
    "Primordial Gnawer": 7.763733994217265,
    "Queen's Bay Paladin": 2.9596474953617813,
    "Rampaging Spiketail": 5.96628315299626,
    "Ray of Ruin": 6.234366165328509,
    "Screaming Phantom": 6.7133620091577635,
    "Skullcap Snail": 5.408686666249139,
    "Soulcoil Viper": 4.446788383312837,
    "Stalactite Stalker": 2.0731211916046037,
    "Starving Revenant": 1.8636693255982597,
    "Stinging Cave Crawler": 3.652685714285714,
    "Synapse Necromage": 4.745749342681858,
    "Tarrian's Journal": 2.1758530183727034,
    "Terror Tide": 2.1422107304460245,
    "Tithing Blade": 4.8494411339515535,
    "Visage of Dread": 4.251675175494576,
    "Vito's Inquisitor": 7.654523753924392,
    "Abrade": 2.6961094842526743,
    "Ancestors' Aid": 7.313380373369438,
    "Belligerent Yearling": 3.0367308213608024,
    "Bonehoard Dracosaur": null,
    "Brass's Tunnel-Grinder": 2.3229916897506926,
    "Brazen Blademaster": 6.871529564722771,
    "Breeches, Eager Pillager": 1.3890977443609023,
    "Burning Sun Cavalry": 6.660835630270447,
    "Calamitous Cave-In": 7.098731272776353,
    "Child of the Volcano": 7.799904416943354,
    "Curator of Sun's Creation": 5.611317403939296,
    "Daring Discovery": 8.514765117256037,
    "Diamond Pick-Axe": 3.7238632592100895,
    "Dinotomaton": 5.322122640056669,
    "Dire Flail": 2.0233614536015576,
    "Dowsing Device": 5.477140591966173,
    "Dreadmaw's Ire": 3.6549777440017372,
    "Enterprising Scallywag": 3.8941273779983456,
    "Etali's Favor": 5.519288483181193,
    "Geological Appraiser": 2.640025990903184,
    "Goblin Tomb Raider": 5.780563983580225,
    "Goldfury Strider": 6.102212931593743,
    "Hit the Mother Lode": 5.457586618876942,
    "Hotfoot Gnome": 7.39929979253112,
    "Idol of the Deep King": 5.120716179503126,
    "Inti, Seneschal of the Sun": 1.4817127564674397,
    "Magmatic Galleon": 1.5719267654751525,
    "Ojer Axonil, Deepest Might": 1.530541012216405,
    "Panicked Altisaur": 5.686426375745886,
    "Plundering Pirate": 4.545517146398567,
    "Poetic Ingenuity": 2.0745069393718043,
    "Rampaging Ceratops": 4.572776532137519,
    "Rumbling Rockslide": 4.970769330481561,
    "Saheeli's Lattice": 4.702435951280974,
    "Scytheclaw Raptor": 2.9787174066243836,
    "Seismic Monstrosaur": 5.676070096501095,
    "Sunfire Torch": 5.763976070491852,
    "Sunshot Militia": 5.850193072782588,
    "Tectonic Hazard": 9.270387733177069,
    "Triumphant Chomp": 3.1958285052143687,
    "Trumpeting Carnosaur": 1.2843137254901962,
    "Volatile Wanderglyph": 5.227907551600544,
    "Zoyowa's Justice": 8.006944891003794,
    "Armored Kincaller": 5.330831572640409,
    "Basking Capybara": 7.535917286078033,
    "Bedrock Tortoise": 1.8300970873786409,
    "Cavern Stomper": 5.807347724129637,
    "Cenote Scout": 3.869151138716356,
    "Coati Scavenger": 4.6111810174366346,
    "Colossadactyl": 3.100732844770153,
    "Disturbed Slumber": 9.1785581981181,
    "Earthshaker Dreadmaw": 3.3901821862348176,
    "Explorer's Cache": 5.513431886822445,
    "Ghalta, Stampede Tyrant": 2.170951156812339,
    "Glimpse the Core": 5.9804423047991575,
    "Glowcap Lantern": 6.057171132764921,
    "Growing Rites of Itlimoc": 3.78725782414307,
    "Huatli, Poet of Unity": null,