{
    "Another Round": 6.387755102040816,
    "Archangel of Tithes": null,
    "Armored Armadillo": 7.9858226371061845,
    "Aven Interrupter": 2.5091407678244972,
    "Bounding Felidar": 3.9491408934707906,
    "Bovine Intervention": 6.515598056121649,
    "Bridled Bighorn": 5.748721015214936,
    "Claim Jumper": 2.7616459627329193,
    "Dust Animus": 1.4297124600638977,
    "Eriette's Lullaby": 5.766142990280922,
    "Final Showdown": null,
    "Fortune, Loyal Steed": 1.9450777202072538,
    "Frontier Seeker": 3.730732177263969,
    "Getaway Glamer": 3.7655107336636,
    "High Noon": 5.806060606060606,
    "Holy Cow": 4.738745554967088,
    "Inventive Wingsmith": 7.726014018154659,
    "Lassoed by the Law": 2.43312101910828,
    "Mystical Tether": 3.2779960707269153,
    "Nurturing Pixie": 5.513338856669428,
    "Omenport Vigilante": 4.8017094017094015,
    "One Last Job": 3.5913915094339623,
    "Outlaw Medic": 5.988988344387919,
    "Prairie Dog": 2.988915518274416,
    "Prosperity Tycoon": 3.840634778721502,
    "Requisition Raid": 5.57865072587532,
    "Rustler Rampage": 7.109708315193731,
    "Shepherd of the Clouds": 2.4736646884273,
    "Sheriff of Safe Passage": 5.599864819195674,
    "Stagecoach Security": 6.556802846276531,
    "Steer Clear": 6.580083348883498,
    "Sterling Keykeeper": 5.948531306364339,
    "Sterling Supplier": 6.345960863020572,
    "Take Up the Shield": 5.208488405382193,
    "Thunder Lasso": 6.01195020746888,
    "Trained Arynx": 4.059917896759543,
    "Vengeful Townsfolk": 6.342937853107345,
    "Wanted Griffin": 6.596359611363916,
    "Archmage's Newt": 4.088445807770961,
    "Canyon Crab": 4.878776780809376,
    "Daring Thunder-Thief": 8.096362804529338,
    "Deepmuck Desperado": 4.77589681580008,
    "Djinn of Fool's Fall": 7.477233702409853,
    "Double Down": 3.477272727272727,
    "Duelist of the Mind": 2.591093117408907,
    "Emergent Haunting": 5.4761736674902926,
    "Failed Fording": 7.292520247737017,
    "Fblthp, Lost on the Range": 3.6682270333528377,
    "Fleeting Reflection": 7.777443824245027,
    "Geralf, the Fleshwright": null,
    "Geyser Drake": 6.698770491803279,
    "Harrier Strix": 7.787316728493199,
    "Jailbreak Scheme": 7.166105896936426,
    "The Key to the Vault": 5.4802038416307335,
    "Loan Shark": 5.597952125856106,
    "Marauding Sphinx": 3.302876480541455,
    "Metamorphic Blast": 5.136540502299257,
    "Nimble Brigand": 3.981629769194536,
    "Outlaw Stitcher": 3.8422179914326513,
    "Peerless Ropemaster": 8.110456383593299,
    "Phantom Interference": 5.904323221688491,
    "Plan the Heist": 5.683936080740118,
    "Razzle-Dazzler": 7.23996625286248,
    "Seize the Secrets": 7.3285222143026845,
    "Shackle Slinger": 6.686562548322251,
    "Shifting Grift": 7.896098327854795,
    "Slickshot Lockpicker": 3.6933997509339975,
    "Slickshot Vault-Buster": 8.392254163814739,
    "Spring Splasher": 7.7495441444620905,
    "Step Between Worlds": 6.4007670182166825,
    "Stoic Sphinx": 1.993734335839599,
    "Stop Cold": 6.519276956137024,
    "Take the Fall": 6.859738012852199,
    "This Town Ain't Big Enough": 5.417826316716575,
    "Three Steps Ahead": 2.483760683760684,
    "Visage Bandit": 5.000184501845019,
    "Ambush Gigapede": 6.080868849344563,
    "Binding Negotiation": 5.423114593535749,
    "Blacksnag Buzzard": 7.106743253754562,
    "Blood Hustler": 2.794347974123255,
    "Boneyard Desecrator": 7.2880570409982175,
    "Caustic Bronco": 1.822538860103627,
    "Consuming Ashes": 3.3244543928371573,
    "Corrupted Conviction": 7.960503720663995,
    "Desert's Due": 3.624237054538295,
    "Desperate Bloodseeker": 4.493604561565727,
    "Fake Your Own Death": 7.1807164498306895,
    "Forsaken Miner": 4.616881827209533,
    "Gisa, the Hellraiser": null,
    "Hollow Marauder": 2.810477143810477,
    "Insatiable Avarice": 4.3615528531337695,
    "Kaervek, the Punisher": 2.3764044943820224,
    "Lively Dirge": 5.095221112696148,
    "Mourner's Surprise": 5.605068148736271,
    "Neutralize the Guards": 7.412904144708731,
    "Nezumi Linkbreaker": 7.03967250617061,
    "Overzealous Muscle": 7.579727050040826,
    "Pitiless Carnage": 6.335859455735446,
    "Rakish Crew": 5.505253940455342,
    "Rattleback Apothecary": 3.892147587511826,
    "Raven of Fell Omens": 5.06024976265245,
    "Rictus Robber": 3.88366735775167,
    "Rooftop Assassin": 5.792878144397256,
    "Rush of Dread": 2.308008213552361,
    "Servant of the Stinger": 3.588991270611057,
    "Shoot the Sheriff": 2.9445974900520353,
    "Skulduggery": 6.439175003087564,
    "Tinybones Joins Up": 5.502080968596292,
    "Tinybones, the Pickpocket": null,
    "Treasure Dredger": 4.523688332028191,
    "Unfortunate Accident": 2.956810631229236,
    "Unscrupulous Contractor": 4.325288778877888,
    "Vadmir, New Blood": 1.7488038277511961,
    "Vault Plunderer": 4.000432713111207,
    "Brimstone Roundup": 6.728067484662577,
    "Calamity, Galloping Inferno": 1.6746478873239437,
    "Caught in the Crossfire": 7.0066928561035935,
    "Cunning Coyote": 4.460080050558247,
    "Deadeye Duelist": 5.887413701540096,
    "Demonic Ruckus": 5.791847644503842,
    "Discerning Peddler": 6.580489885449671,
    "Explosive Derailment": 4.250861996467917,
    "Ferocification": 6.9057358142395815,
    "Gila Courser": 4.44633346988939,
    "Great Train Heist": 3.0852660300136425,
    "Hell to Pay": 3.02593085106383,
    "Hellspur Brute": 4.52918524523713,
    "Hellspur Posse Boss": 1.9240963855421687,
    "Highway Robbery": 7.409883549092629,
    "Irascible Wolverine": 6.0890146642655,
    "Iron-Fist Pulverizer": 7.318754854513951,
    "Longhorn Sharpshooter": 3.104239256678281,
    "Magda, the Hoardmaster": 1.8748481166464155,
    "Magebane Lizard": 7.744528679731083,
    "Mine Raider": 6.520765978612285,
    "Outlaws' Fury": 8.3268331622762,
    "Prickly Pair": 5.214280546914563,
    "Quick Draw": 8.504487810527534,
    "Quilled Charger": 6.984984083128116,
    "Reckless Lackey": 7.024428399518652,
    "Resilient Roadrunner": 5.2390681003584225,
    "Return the Favor": 7.346290274903931,
    "Rodeo Pyromancers": 7.845424591016822,
    "Scalestorm Summoner": 3.873179896665101,
    "Scorching Shot": 3.84881560613098,
    "Slickshot Show-Off": 2.689048760991207,
    "Stingerback Terror": 1.6442953020134228,
    "Take for a Ride": 6.758166017380881,
    "Terror of the Peaks": null,
    "Thunder Salvo": 5.293595434369055,
    "Trick Shot": 7.431185687558465,
    "Aloe Alchemist": 2.802249297094658,
    "Ankle Biter": 5.909242618741977,
    "Beastbond Outcaster": 2.9170746634026927,
    "Betrayal at the Vault": 4.515612648221344,
    "Bristlepack Sentry": 5.368247649117991,
    "Bristly Bill, Spine Sower": null,
    "Cactarantula": 3.459586958800713,
    "Colossal Rattlewurm": 1.3904761904761904,
    "Dance of the Tumbleweeds": 3.9611032531824613,
    "Drover Grizzly": 4.718497850840811,
    "Freestrider Commando": 4.917476077415642,
    "Freestrider Lookout": 1.8288393903868698,
    "Full Steam Ahead": 6.546501196172249,
    "Giant Beaver": 3.8586661847099224,
    "Gold Rush": 5.849714550223731,
    "Goldvein Hydra": null,
    "Hardbristle Bandit": 3.428600801891642,
    "Intrepid Stablemaster": 2.961851156973108,
    "Map the Frontier": 6.500915750915751,
    "Ornery Tumblewagg": 1.3451957295373667,
    "Outcaster Greenblade": 2.2848206839032525,
    "Outcaster Trailblazer": 1.6685314685314685,
    "Patient Naturalist": 4.295781637717122,
    "Railway Brawler": null,
    "Rambling Possum": 3.5202601300650325,
    "Raucous Entertainer": 3.8940397350993377,
    "Reach for the Sky": 7.380207718635666,
    "Rise of the Varmints": 5.4341722307824005,
    "Smuggler's Surprise": 2.9993136582017845,
    "Snakeskin Veil": 4.5411362930766845,
    "Spinewoods Armadillo": 2.1334511710119313,
    "Spinewoods Paladin": 3.5426150359641344,
    "Stubborn Burrowfiend": 3.012824427480916,
    "Throw from the Saddle": 3.010119483052914,