{
    "Putrid Warrior": 6.796396396396396,
    "Krosan Tusker": 4.7882736156351795,
    "Mass Hysteria": null,
    "Spell Snare": 6.981916817359855,
    "Ghost Quarter": 7.022350993377484,
    "Enlisted Wurm": 3.7834036568213785,
    "Kuldotha Rebirth": 6.1156862745098035,
    "Molten Psyche": null,
    "Leonin Relic-Warder": 4.060565275908479,
    "Gnaw to the Bone": 7.887399463806971,
    "Stromkirk Captain": 6.25643666323378,
    "Burden of Guilt": 7.097690941385435,
    "Ixidor, Reality Sculptor": null,
    "Duskmantle, House of Shadow": 7.680628272251309,
    "Worldspine Wurm": null,
    "Possibility Storm": null,
    "Millstone": 7.5022143489814,
    "Nyx Weaver": 5.3485952133194585,
    "Evolutionary Leap": null,
    "Shard of Broken Glass": 7.886639676113361,
    "Metalspinner's Puzzleknot": 6.721441124780316,
    "Smuggler's Copter": null,
    "Consign // Oblivion": 5.406352683461117,
    "Bishop of the Bloodstained": 6.703315881326352,
    "Goblin Warchief": 6.764336917562724,
    "High Alert": 6.976909413854352,
    "Jace, Wielder of Mysteries": null,
    "Syr Konrad, the Grim": 2.9029126213592233,
    "Ranger-Captain of Eos": null,
    "Hard Evidence": 5.0190677966101696,
    "Combine Chrysalis": 5.358885017421603,
    "Quintorius, Field Historian": 5.279642058165548,
    "Laid to Rest": 7.447619047619048,
    "Monologue Tax": null,
    "Magmaw": 4.925972396486825,
    "Mistveil Plains": 6.823204419889502,
    "Mentor of the Meek": null,
    "Ghostly Prison": null,
    "Fabricate": null,
    "Show and Tell": null,
    "Tragic Slip": null,
    "Victimize": null,
    "Gamble": null,
    "Crashing Footfalls": null,
    "Tireless Tracker": null,
    "Drown in the Loch": null,
    "Field of the Dead": null,
    "Case of the Shattered Pact": 5.758532563891179,
    "Absolving Lammasu": 5.258227176220807,
    "Assemble the Players": 3.2587687902648534,
    "Aurelia's Vindicator": null,
    "Auspicious Arrival": 5.313084901516943,
    "Call a Surprise Witness": 4.803309514855209,
    "Case of the Gateway Express": 2.8045698459408,
    "Case of the Pilfered Proof": 4.58945325137496,
    "Case of the Uneaten Feast": 4.7582110412299095,
    "Defenestrated Phantom": 6.160401784321677,
    "Delney, Streetwise Lookout": 1.5769805680119582,
    "Doorkeeper Thrull": 3.7791242082071053,
    "Due Diligence": 6.449970922224603,
    "Essence of Antiquity": 5.578453933350379,
    "Forum Familiar": 5.185195035460993,
    "Griffnaut Tracker": 5.66176183979731,
    "Haazda Vigilante": 5.766336056009335,
    "Inside Source": 3.5135327273650536,
    "Karlov Watchdog": 3.7800439667806547,
    "Krovod Haunch": 5.251924906998875,
    "Make Your Move": 5.713571830426581,
    "Makeshift Binding": 2.7425892916088994,
    "Marketwatch Phantom": 3.6076821580413427,
    "Museum Nightwatch": 4.626893867835418,
    "Neighborhood Guardian": 2.843108504398827,
    "No Witnesses": 2.2098701298701298,
    "Not on My Watch": 3.252551724137931,
    "Novice Inspector": 2.906492034506643,
    "On the Job": 6.163051349053931,
    "Perimeter Enforcer": 2.817936614969656,
    "Sanctuary Wall": 6.309853643265242,
    "Seasoned Consultant": 4.755111958431461,
    "Tenth District Hero": 1.4390243902439024,
    "Unyielding Gatekeeper": 1.6775067750677506,
    "Wrench": 6.141573387986757,
    "Agency Outfitter": 6.068077049720118,
    "Behind the Mask": 8.178085286642192,
    "Benthic Criminologists": 7.396346445663593,
    "Bubble Smuggler": 6.33230644759771,
    "Burden of Proof": 5.473022524882137,
    "Candlestick": 6.50212249848393,
    "Case of the Filched Falcon": 4.691617661716336,
    "Case of the Ransacked Lab": 5.732822966507177,
    "Cold Case Cracker": 4.4346288332462525,
    "Conspiracy Unraveler": 3.177971793149765,
    "Coveted Falcon": 3.1137660485021397,
    "Crimestopper Sprite": 4.883896238267682,
    "Cryptic Coat": 1.6371027346637104,
    "Curious Inquiry": 5.833871389931071,
    "Deduce": 5.899675745784696,
    "Dramatic Accusation": 5.202265314168967,
    "Eliminate the Impossible": 5.492178722668741,
    "Exit Specialist": 3.1545494122768827,
    "Fae Flight": 5.303046310970241,
    "Forensic Gadgeteer": 2.635864592863678,
    "Forensic Researcher": 4.911257418397626,
    "Furtive Courier": 4.804392187348168,
    "Hotshot Investigators": 6.770193801858856,
    "Intrude on the Mind": 1.9770114942528736,
    "Jaded Analyst": 6.7096358072838544,
    "Living Conundrum": 6.921317542561066,
    "Lost in the Maze": 3.01414373088685,
    "Mistway Spy": 4.237084063047285,
    "Out Cold": 5.755289605924359,
    "Proft's Eidetic Memory": 2.523764258555133,
    "Projektor Inspector": 5.016828336272781,
    "Reasonable Doubt": 6.3307022233403565,
    "Reenact the Crime": 5.091483292583537,
    "Steamcore Scholar": 1.9363363363363364,
    "Unauthorized Exit": 6.297430036449002,
    "Agency Coroner": 7.727657369829894,
    "Alley Assailant": 6.3409692178405805,
    "Barbed Servitor": 2.42133726647001,
    "Basilica Stalker": 6.129448398576512,
    "Case of the Stashed Skeleton": 2.1559978483055406,
    "Cerebral Confiscation": 7.488899938576735,
    "Deadly Cover-Up": 2.134747706422018,
    "Extract a Confession": 4.787439429203709,
    "Festerleech": 5.56049404192398,
    "Homicide Investigator": 1.91442250149611,
    "Hunted Bonebrute": 2.1292629262926295,
    "Illicit Masquerade": 4.058283089290841,
    "It Doesn't Add Up": 6.256783798927399,
    "Lead Pipe": 6.708386515504167,
    "Leering Onlooker": 3.3857394127993508,
    "Long Goodbye": 2.884794103509053,
    "Macabre Reconstruction": 6.852351418076714,
    "Massacre Girl, Known Killer": 1.3910806174957118,
    "Murder": 3.6142271571628704,
    "Nightdrinker Moroii": 4.4321909167367535,
    "Outrageous Robbery": 2.5379924953095685,
    "Persuasive Interrogators": 5.7003570214212855,
    "Polygraph Orb": 6.79325602685383,
    "Presumed Dead": 5.825586178527355,
    "Repeat Offender": 6.302441626914386,
    "Rot Farm Mortipede": 7.112903225806452,
    "Slice from the Shadows": 4.336252856054836,
    "Slimy Dualleech": 4.899604590606616,
    "Snarling Gorehound": 5.882289275172187,
    "Soul Enervation": 3.4432417805439046,
    "Toxin Analysis": 6.760679890106572,
    "Undercity Eliminator": 3.6832870487250693,
    "Unscrupulous Agent": 5.148978270254713,
    "Vein Ripper": 1.5105105105105106,
    "Anzrag's Rampage": 5.706531910911473,
    "Bolrac-Clan Basher": 3.9514574118180787,
    "Case of the Burning Masks": 3.3917158140172816,
    "Case of the Crimson Pulse": 2.9721891140246326,
    "Caught Red-Handed": 7.11870060184178,
    "The Chase Is On": 6.487850807921273,
    "Concealed Weapon": 5.092868690497575,
    "Connecting the Dots": 4.136096256684492,
    "Convenient Target": 5.855847762169225,
    "Cornered Crook": 4.362125542500265,
    "Crime Novelist": 5.302842565597667,
    "Demand Answers": 6.771335876716033,
    "Expedited Inheritance": 5.2557943531394855,
    "Expose the Culprit": 7.080523926471683,
    "Felonious Rage": 6.668708493798708,
    "Frantic Scapegoat": 4.676974591294071,
    "Fugitive Codebreaker": 2.069367369589345,
    "Galvanize": 3.140463026952315,
    "Gearbane Orangutan": 5.5377815410668925,
    "Goblin Maskmaker": 6.576461044026335,
    "Harried Dronesmith": 3.4144168836508153,
    "Incinerator of the Guilty": null,
    "Innocent Bystander": 6.01948846697003,
    "Knife": 6.3588285033438385,
    "Krenko, Baron of Tin Street": 1.721467391304348,
    "Krenko's Buzzcrusher": 1.863855421686747,
    "Lamplight Phoenix": 1.7297658862876255,
    "Offender at Large": 6.325834743806739,
    "Person of Interest": 4.63781268179174,
    "Pyrotechnic Performer": 1.7836601307189544,
    "Reckless Detective": 3.407576571735626,
    "Red Herring": 4.831091460901495,
    "Rubblebelt Braggart": 7.050212311072839,
    "Shock": 3.2734049062691217,
    "Suspicious Detonation": 5.621774991751897,
    "Vengeful Tracker": 4.279282051282051,
    "Aftermath Analyst": 5.584359344485013,