{
    "Archon of the Wild Rose": 1.625916870415648,
    "Archon's Glory": 6.495967741935484,
    "Armory Mice": 6.592967032967033,
    "Besotted Knight": 5.633740502067904,
    "Break the Spell": 8.40828353933044,
    "Charmed Clothier": 6.586702683861973,
    "Cheeky House-Mouse": 4.9142138364779875,
    "Cooped Up": 3.6207533759772565,
    "Cursed Courtier": 4.081089445991953,
    "Discerning Financier": 5.206810837683321,
    "Dutiful Griffin": 5.8360961942563625,
    "Eerie Interference": 7.962867864902232,
    "Expel the Interlopers": 2.0215264187866926,
    "Frostbridge Guard": 6.7502925555855615,
    "Gallant Pie-Wielder": 4.599891862665586,
    "Glass Casket": 3.8374878601489155,
    "Hopeful Vigil": 3.762582203731043,
    "Kellan's Lightblades": 4.7652692062140884,
    "Knight of Doves": 5.705296404275996,
    "Moment of Valor": 6.963528705054492,
    "Moonshaker Cavalry": 2.473015873015873,
    "Plunge into Winter": 8.448404040404041,
    "The Princess Takes Flight": 3.2889518413597734,
    "Protective Parents": 7.118328083766068,
    "Regal Bunnicorn": 1.7529137529137528,
    "Return Triumphant": 6.568965517241379,
    "Rimefur Reindeer": 7.459311621644366,
    "Savior of the Sleeping": 6.926258672834015,
    "Slumbering Keepguard": 7.440755829071683,
    "Solitary Sanctuary": 6.260828625235405,
    "Spellbook Vendor": 1.5054945054945055,
    "Stockpiling Celebrant": 4.930015715034049,
    "Stroke of Midnight": 4.604774535809018,
    "A Tale for the Ages": 3.653361344537815,
    "Three Blind Mice": 2.1904761904761907,
    "Tuinvale Guide": 7.2721453287197235,
    "Unassuming Sage": 6.499955456570156,
    "Virtue of Loyalty": 1.2745098039215685,
    "Werefox Bodyguard": 1.879611650485437,
    "Aquatic Alchemist": 6.756078499478986,
    "Archive Dragon": 4.256236526024022,
    "Asinine Antics": 2.844875346260388,
    "Beluna's Gatekeeper": 5.470013809429868,
    "Bitter Chill": 3.8215118215118213,
    "Chancellor of Tales": 5.474027669015923,
    "Diminisher Witch": 7.4667337020278195,
    "Disdainful Stroke": 7.133223003723624,
    "Extraordinary Journey": 3.0664928292046936,
    "Farsight Ritual": 3.7280701754385963,
    "Freeze in Place": 8.206262425447315,
    "Gadwick's First Duel": 5.601114071203681,
    "Galvanic Giant": 6.102111060119321,
    "Horned Loch-Whale": 1.8909090909090909,
    "Ice Out": 6.864577801380776,
    "Icewrought Sentry": 5.14201023982754,
    "Ingenious Prodigy": 2.076767676767677,
    "Into the Fae Court": 6.267448250595347,
    "Johann's Stopgap": 6.514443761524277,
    "Living Lectern": 8.217185330392878,
    "Merfolk Coralsmith": 9.001352103714309,
    "Misleading Motes": 8.456949371170591,
    "Mocking Sprite": 6.472990654205607,
    "Obyra's Attendants": 6.312314739962274,
    "Picklock Prankster": 4.257977122215533,
    "Quick Study": 6.681270634424913,
    "Sleep-Cursed Faerie": 2.255813953488372,
    "Sleight of Hand": 7.8563585709603405,
    "Snaremaster Sprite": 6.874977832949105,
    "Spell Stutter": 6.086728865194211,
    "Splashy Spellcaster": 5.3951898734177215,
    "Stormkeld Prowler": 8.325665165779778,
    "Succumb to the Cold": 7.025553662691652,
    "Talion's Messenger": 1.9885057471264367,
    "Tenacious Tomeseeker": 5.17940365823102,
    "Vantress Transmuter": 6.200292397660819,
    "Virtue of Knowledge": 4.204152249134948,
    "Water Wings": 8.781305114638448,
    "Ashiok, Wicked Manipulator": 1.2611464968152866,
    "Ashiok's Reaper": 5.343426696946757,
    "Back for Seconds": 3.9280075781496686,
    "Barrow Naughty": 4.6445248273594215,
    "Beseech the Mirror": 3.41324200913242,
    "Candy Grapple": 2.285164703053619,
    "Conceited Witch": 4.520814880425155,
    "Dream Spoilers": 5.9573704285393765,
    "Ego Drain": 7.081744421906694,
    "The End": 1.951219512195122,
    "Eriette's Whisper": 7.430650332977062,
    "Faerie Dreamthief": 3.7738905085843863,
    "Faerie Fencing": 3.027363184079602,
    "Feed the Cauldron": 3.7467727213456774,
    "Fell Horseman": 5.890922468499954,
    "Gumdrop Poisoner": 1.5223463687150838,
    "High Fae Negotiator": 2.645965770171149,
    "Hopeless Nightmare": 4.556519828627925,
    "Lich-Knights' Conquest": 4.031865042174321,
    "Lord Skitter, Sewer King": 1.3076923076923077,
    "Lord Skitter's Blessing": 1.8275862068965518,
    "Lord Skitter's Butcher": 3.0079133694294042,
    "Mintstrosity": 4.593151733945958,
    "Not Dead After All": 6.736482394670819,
    "Rankle's Prank": 2.4503311258278146,
    "Rat Out": 5.642469793549615,
    "Rowan's Grim Search": 6.7202482148928935,
    "Scream Puff": 5.277658745617452,
    "Shatter the Oath": 4.485199198753617,
    "Specter of Mortality": 1.858974358974359,
    "Spiteful Hexmage": 2.3311148086522464,
    "Stingblade Assassin": 6.3306444464143246,
    "Sugar Rush": 7.7972719104794574,
    "Sweettooth Witch": 4.598685605257579,
    "Taken by Nightmares": 2.6192364898363905,
    "Tangled Colony": 1.9272349272349272,
    "Twisted Sewer-Witch": 3.1431633090441493,
    "Virtue of Persistence": 1.1513157894736843,
    "Voracious Vermin": 4.360614105967909,
    "Warehouse Tabby": 6.658368273934312,
    "Wicked Visitor": 6.751301631377994,
    "The Witch's Vanity": 2.5857988165680474,
    "Belligerent of the Ball": 3.9169082125603865,
    "Bellowing Bruiser": 6.457601290785227,
    "Bespoke Battlegarb": 8.367431979736907,
    "Boundary Lands Ranger": 5.1536034942975,
    "Charming Scoundrel": 2.2640545144804087,
    "Cut In": 3.3411621168217174,
    "Edgewall Pack": 4.702279202279202,
    "Embereth Veteran": 3.973876063183475,
    "Flick a Coin": 5.455725634566944,
    "Food Fight": 6.015015015015015,
    "Frantic Firebolt": 4.537393284006829,
    "Gnawing Crescendo": 6.982152140010397,
    "Goddric, Cloaked Reveler": 1.7086247086247086,
    "Grabby Giant": 4.775730753396459,
    "Grand Ball Guest": 5.2959315627175965,
    "Harried Spearguard": 5.785579106737321,
    "Hearth Elemental": 3.508339124391939,
    "Imodane, the Pyrohammer": 2.741279069767442,
    "Kindled Heroism": 8.692190993292877,
    "Korvold and the Noble Thief": 6.674176776429809,
    "Merry Bards": 6.597859194151945,
    "Minecart Daredevil": 5.540018921475875,
    "Monstrous Rage": 3.7117768595041323,
    "Raging Battle Mouse": 2.32375189107413,
    "Ratcatcher Trainee": 3.8360026472534745,
    "Realm-Scorcher Hellkite": 1.4023668639053255,
    "Redcap Gutter-Dweller": 1.5626535626535627,
    "Redcap Thief": 5.391868677228478,
    "Rotisserie Elemental": 3.7421638018200203,
    "Skewer Slinger": 7.262657695542472,
    "Song of Totentanz": 1.7028301886792452,
    "Stonesplitter Bolt": 3.220594059405941,
    "Tattered Ratter": 5.263418447107869,
    "Torch the Tower": 2.70681031165833,
    "Twisted Fealty": 4.767459708365311,
    "Two-Headed Hunter": 3.4470162748643762,
    "Unruly Catapult": 6.953419399860433,
    "Virtue of Courage": 2.5264623955431755,
    "Witch's Mark": 6.2508078994614005,
    "Witchstalker Frenzy": 2.455020920502092,
    "Agatha's Champion": 2.5045362903225805,
    "Beanstalk Wurm": 5.5156553870089455,
    "Bestial Bloodline": 7.941333111425481,
    "Blossoming Tortoise": 2.6553672316384183,
    "Bramble Familiar": 2.2222222222222223,
    "Brave the Wilds": 5.909393183707398,
    "Commune with Nature": 8.801509985387238,
    "Curse of the Werefox": 4.336097618765549,
    "Elvish Archivist": 2.0353430353430353,
    "Feral Encounter": 2.554559043348281,
    "Ferocious Werefox": 4.46207517443169,
    "Graceful Takedown": 3.7448322602507624,
    "Gruff Triplets": 1.3948126801152738,
    "Hamlet Glutton": 3.405712620227339,
    "Hollow Scavenger": 4.444406625822555,
    "Howling Galefang": 3.79021667760998,
    "The Huntsman's Redemption": 1.8034934497816595,
    "Leaping Ambush": 8.281055272315287,
    "Night of the Sweets' Revenge": 5.9716262975778545,
    "Redtooth Genealogist": 5.437997506473578,
    "Redtooth Vanguard": 4.026151930261519,
    "Return from the Wilds": 5.829082107614969,