{
    "Abuelo's Awakening": 4.357669902912622,
    "Acrobatic Leap": 8.592963541832797,
    "Adaptive Gemguard": 5.717909926684511,
    "Attentive Sunscribe": 5.807748075993605,
    "Bat Colony": 6.514003133568351,
    "Clay-Fired Bricks": 3.1148752265439845,
    "Cosmium Blast": 5.443753533069531,
    "Dauntless Dismantler": 5.806118472330476,
    "Deconstruction Hammer": 7.01853993740645,
    "Dusk Rose Reliquary": 3.2555158987670345,
    "Envoy of Okinec Ahau": 6.533234337434592,
    "Fabrication Foundry": 5.182059800664452,
    "Family Reunion": 8.350307742144476,
    "Get Lost": 2.608425414364641,
    "Glorifier of Suffering": 5.834661886418246,
    "Guardian of the Great Door": 3.281013491280026,
    "Helping Hand": 6.157049149158666,
    "Ironpaw Aspirant": 5.332218281476705,
    "Kinjalli's Dawnrunner": 3.534487906837862,
    "Kutzil's Flanker": 2.0495934959349595,
    "Malamet War Scribe": 4.378558830939784,
    "Market Gnome": 4.3344978165938866,
    "Might of the Ancestors": 6.331031175059952,
    "Miner's Guidewing": 4.619375594725633,
    "Mischievous Pup": 4.66374474053296,
    "Ojer Taq, Deepest Foundation": 1.4815724815724816,
    "Oltec Archaeologists": 7.378848413631022,
    "Oltec Cloud Guard": 3.6448707256046706,
    "Oteclan Landmark": 7.030504261363636,
    "Petrify": 3.5867324318332963,
    "Quicksand Whirlpool": 5.245932667525773,
    "Resplendent Angel": 1.3532467532467531,
    "Ruin-Lurker Bat": 3.310173299101412,
    "Sanguine Evangelist": 1.664543524416136,
    "Soaring Sandwing": 5.998431515593653,
    "Spring-Loaded Sawblades": 2.6235489220563846,
    "Thousand Moons Crackshot": 7.7052454916414375,
    "Thousand Moons Infantry": 7.929235706333094,
    "Thousand Moons Smithy": 1.4606879606879606,
    "Tinker's Tote": 4.247185063997691,
    "Unstable Glyphbridge": 1.6176142697881828,
    "Vanguard of the Rose": 4.522166903745851,
    "Warden of the Inner Sky": 1.7228315054835492,
    "Akal Pakal, First Among Equals": 1.791360294117647,
    "Ancestral Reminiscence": 8.504504794388314,
    "Brackish Blunder": 6.229628021421335,
    "Braided Net": 2.4939068100358424,
    "Chart a Course": 4.444497097500296,
    "Cogwork Wrestler": 6.278998578768995,
    "Confounding Riddle": 5.195695748496677,
    "Council of Echoes": 4.97500282773442,
    "Didact Echo": 7.632561862202361,
    "Eaten by Piranhas": 4.475551176253233,
    "The Enigma Jewel": 4.2161943319838056,
    "The Everflowing Well": 2.5494809688581315,
    "Frilled Cave-Wurm": 8.582462997372973,
    "Hermitic Nautilus": 4.856374635895138,
    "Hurl into History": 6.656160722514054,
    "Inverted Iceberg": 5.521019367991845,
    "Kitesail Larcenist": 1.689545934530095,
    "Lodestone Needle": 3.9180914972273566,
    "Malcolm, Alluring Scoundrel": 1.67003367003367,
    "Marauding Brinefang": 6.983816334211517,
    "Merfolk Cave-Diver": 6.206681205392545,
    "Oaken Siren": 4.798136505495499,
    "Ojer Pakpatiq, Deepest Epoch": 1.4049382716049383,
    "Orazca Puzzle-Door": 7.540622098421541,
    "Out of Air": 8.194524213549146,
    "Pirate Hat": 8.086360498372727,
    "Relic's Roar": 9.283160687215766,
    "River Herald Scout": 5.414302788844622,
    "Sage of Days": 8.002693558453503,
    "Self-Reflection": 7.0838602037232175,
    "Shipwreck Sentry": 7.253295442873283,
    "Sinuous Benthisaur": 6.716757246376812,
    "Song of Stupefaction": 8.864417650076962,
    "Spyglass Siren": 2.8982797307404637,
    "Staunch Crewmate": 3.910124381436405,
    "Tishana's Tidebinder": 2.2837423312883436,
    "Unlucky Drop": 7.801080404492901,
    "Waterlogged Hulk": 7.207249745750399,
    "Waterwind Scout": 3.6337531486146095,
    "Waylaying Pirates": 6.441376850365614,
    "Zoetic Glyph": 3.2762001352265044,
    "Abyssal Gorestalker": 6.291162169892268,
    "Aclazotz, Deepest Betrayal": 1.150887573964497,
    "Another Chance": 6.789814717523029,
    "Bitter Triumph": 2.6339544513457556,
    "Bloodthorn Flail": 7.886170574243969,
    "Bringer of the Last Gift": 2.6936050597329584,
    "Broodrage Mycoid": 6.231145717463849,
    "Canonized in Blood": 5.925959504381988,
    "Chupacabra Echo": 2.5074404761904763,
    "Corpses of the Lost": 2.2267441860465116,
    "Dead Weight": 4.406317924938414,
    "Deathcap Marionette": 5.506885323080544,
    "Deep Goblin Skulltaker": 6.418851412944393,
    "Deep-Cavern Bat": 2.994313133108228,
    "Echo of Dusk": 5.979015973477999,
    "Fanatical Offering": 6.525746241557121,
    "Gargantuan Leech": 6.4111694152923535,
    "Grasping Shadows": 5.017699115044247,
    "Greedy Freebooter": 6.918586627210597,
    "Join the Dead": 3.2901006497643013,
    "Malicious Eclipse": 6.388535031847134,
    "Mephitic Draught": 6.998085758039816,
    "Preacher of the Schism": 1.5248868778280542,
    "Primordial Gnawer": 7.719778560644187,
    "Queen's Bay Paladin": 2.806026365348399,
    "Rampaging Spiketail": 5.960623796117943,
    "Ray of Ruin": 6.118592592592592,
    "Screaming Phantom": 6.681099384027953,
    "Skullcap Snail": 5.355076340590148,
    "Soulcoil Viper": 4.4086710185983495,
    "Stalactite Stalker": 2.0463215258855585,
    "Starving Revenant": 1.770413064361191,
    "Stinging Cave Crawler": 3.591538805303143,
    "Synapse Necromage": 4.653846153846154,
    "Tarrian's Journal": 2.093124456048738,
    "Terror Tide": 2.0916030534351147,
    "Tithing Blade": 4.920264277310164,
    "Visage of Dread": 4.248366690863839,
    "Vito's Inquisitor": 7.53913249264681,
    "Abrade": 2.7244498964962047,
    "Ancestors' Aid": 7.412769541778975,
    "Belligerent Yearling": 3.053602506091194,
    "Bonehoard Dracosaur": 1.1246105919003115,
    "Brass's Tunnel-Grinder": 2.2793462109955422,
    "Brazen Blademaster": 6.876641157059608,
    "Breeches, Eager Pillager": 1.4014251781472684,
    "Burning Sun Cavalry": 6.694288041361238,
    "Calamitous Cave-In": 7.094606388549485,
    "Child of the Volcano": 7.721912584335582,
    "Curator of Sun's Creation": 5.5896573470674795,
    "Daring Discovery": 8.509703616075711,
    "Diamond Pick-Axe": 3.776765695067265,
    "Dinotomaton": 5.366883890963999,
    "Dire Flail": 2.0924229808492925,
    "Dowsing Device": 5.557857934680651,
    "Dreadmaw's Ire": 3.7016713091922004,
    "Enterprising Scallywag": 3.8759919300605246,
    "Etali's Favor": 5.791484375,
    "Geological Appraiser": 2.7145190933224423,
    "Goblin Tomb Raider": 5.912734594635666,
    "Goldfury Strider": 6.0689365671641795,
    "Hit the Mother Lode": 5.366000634316524,
    "Hotfoot Gnome": 7.405636265805757,
    "Idol of the Deep King": 5.143897687812315,
    "Inti, Seneschal of the Sun": 1.498861047835991,
    "Magmatic Galleon": 1.5761741122565864,
    "Ojer Axonil, Deepest Might": 1.5243362831858407,
    "Panicked Altisaur": 5.795252685878292,
    "Plundering Pirate": 4.637719835506169,
    "Poetic Ingenuity": 2.115052732502397,
    "Rampaging Ceratops": 4.5698145646567605,
    "Rumbling Rockslide": 4.955594124370317,
    "Saheeli's Lattice": 4.710598073077622,
    "Scytheclaw Raptor": 2.9717514124293785,
    "Seismic Monstrosaur": 5.66502671330284,
    "Sunfire Torch": 5.866558331128831,
    "Sunshot Militia": 5.9638622035424795,
    "Tectonic Hazard": 9.2320608268652,
    "Triumphant Chomp": 3.2187707641196015,
    "Trumpeting Carnosaur": 1.2863187588152327,
    "Volatile Wanderglyph": 5.345903514654254,
    "Zoyowa's Justice": 7.938086461126005,
    "Armored Kincaller": 5.38084045872675,
    "Basking Capybara": 7.455675422138837,
    "Bedrock Tortoise": 1.820403825717322,
    "Cavern Stomper": 5.828860759493671,
    "Cenote Scout": 3.8526400862068964,
    "Coati Scavenger": 4.595344462732189,
    "Colossadactyl": 3.0840846047156725,
    "Disturbed Slumber": 9.11071201525747,
    "Earthshaker Dreadmaw": 3.322274881516588,
    "Explorer's Cache": 5.455625,
    "Ghalta, Stampede Tyrant": 2.065857885615251,
    "Glimpse the Core": 5.826229183187946,
    "Glowcap Lantern": 5.982871287128713,
    "Growing Rites of Itlimoc": 3.6383838383838385,