{
    "Abuelo's Awakening": 4.564186810607839,
    "Acrobatic Leap": 8.542258939780504,
    "Adaptive Gemguard": 5.639106255229096,
    "Attentive Sunscribe": 5.675918192014891,
    "Bat Colony": 6.5850602409638554,
    "Clay-Fired Bricks": 2.9899460063302925,
    "Cosmium Blast": 5.451250508336722,
    "Dauntless Dismantler": 5.813185466576803,
    "Deconstruction Hammer": 6.8542162419417645,
    "Dusk Rose Reliquary": 3.2577879991637047,
    "Envoy of Okinec Ahau": 6.6420800213153335,
    "Fabrication Foundry": 5.103652100485539,
    "Family Reunion": 8.443402408059628,
    "Get Lost": 2.670279283034598,
    "Glorifier of Suffering": 5.894482298565779,
    "Guardian of the Great Door": 3.274915895710681,
    "Helping Hand": 6.234927110204572,
    "Ironpaw Aspirant": 5.241817571232983,
    "Kinjalli's Dawnrunner": 3.5195827406353724,
    "Kutzil's Flanker": 2.148441365660564,
    "Malamet War Scribe": 4.49007036747459,
    "Market Gnome": 4.414742997845491,
    "Might of the Ancestors": 6.275267646525132,
    "Miner's Guidewing": 4.354653079574405,
    "Mischievous Pup": 4.723854204258391,
    "Ojer Taq, Deepest Foundation": 1.5526315789473684,
    "Oltec Archaeologists": 7.426575052854123,
    "Oltec Cloud Guard": 3.474884151992586,
    "Oteclan Landmark": 7.013402362222371,
    "Petrify": 3.502644735888704,
    "Quicksand Whirlpool": 5.204176512894278,
    "Resplendent Angel": 1.352233676975945,
    "Ruin-Lurker Bat": 3.136717062634989,
    "Sanguine Evangelist": 1.6183844011142061,
    "Soaring Sandwing": 6.002562977672078,
    "Spring-Loaded Sawblades": 2.5979370480646535,
    "Thousand Moons Crackshot": 7.765159822075101,
    "Thousand Moons Infantry": 7.982343333264416,
    "Thousand Moons Smithy": 1.4953917050691243,
    "Tinker's Tote": 4.188795466444916,
    "Unstable Glyphbridge": 1.6267605633802817,
    "Vanguard of the Rose": 4.528711692948527,
    "Warden of the Inner Sky": 1.6930564568462039,
    "Akal Pakal, First Among Equals": 1.8005988023952095,
    "Ancestral Reminiscence": 8.531364714949197,
    "Brackish Blunder": 6.071464950458376,
    "Braided Net": 2.4069767441860463,
    "Chart a Course": 4.402830619388221,
    "Cogwork Wrestler": 5.945886420688675,
    "Confounding Riddle": 5.317794945659291,
    "Council of Echoes": 5.097501565870973,
    "Didact Echo": 7.661540723934371,
    "Eaten by Piranhas": 4.397137745974955,
    "The Enigma Jewel": 4.464680442095147,
    "The Everflowing Well": 2.6299794661190967,
    "Frilled Cave-Wurm": 8.637197158297408,
    "Hermitic Nautilus": 4.640419754898364,
    "Hurl into History": 6.949376375641966,
    "Inverted Iceberg": 5.265162613536478,
    "Kitesail Larcenist": 1.6552462526766596,
    "Lodestone Needle": 3.669176398279041,
    "Malcolm, Alluring Scoundrel": 1.6184486373165619,
    "Marauding Brinefang": 7.001466876631361,
    "Merfolk Cave-Diver": 6.1814953271028035,
    "Oaken Siren": 4.4622304900734955,
    "Ojer Pakpatiq, Deepest Epoch": 1.4228395061728396,
    "Orazca Puzzle-Door": 7.4157743041676305,
    "Out of Air": 8.31174429823661,
    "Pirate Hat": 7.874736116046234,
    "Relic's Roar": 9.32180712771489,
    "River Herald Scout": 5.404891235693894,
    "Sage of Days": 7.998782098918339,
    "Self-Reflection": 7.16883401920439,
    "Shipwreck Sentry": 7.061582872263652,
    "Sinuous Benthisaur": 6.638850574712643,
    "Song of Stupefaction": 8.88820465191407,
    "Spyglass Siren": 2.7697030447312367,
    "Staunch Crewmate": 3.730561219966309,
    "Tishana's Tidebinder": 2.2434343434343433,
    "Unlucky Drop": 7.7008465432816005,
    "Waterlogged Hulk": 7.248097689889279,
    "Waterwind Scout": 3.4170996332518335,
    "Waylaying Pirates": 6.16742480505013,
    "Zoetic Glyph": 3.0386707663197727,
    "Abyssal Gorestalker": 6.435516978476335,
    "Aclazotz, Deepest Betrayal": 1.2036036036036035,
    "Another Chance": 6.5639743966706625,
    "Bitter Triumph": 2.6737113402061854,
    "Bloodthorn Flail": 7.971942408100839,
    "Bringer of the Last Gift": 2.6546888694127957,
    "Broodrage Mycoid": 6.440575286718461,
    "Canonized in Blood": 6.212759387351778,
    "Chupacabra Echo": 2.496505376344086,
    "Corpses of the Lost": 2.2130390143737166,
    "Dead Weight": 4.415496792932349,
    "Deathcap Marionette": 5.426997594023047,
    "Deep Goblin Skulltaker": 6.575376253225843,
    "Deep-Cavern Bat": 2.879111644657863,
    "Echo of Dusk": 5.928624216272916,
    "Fanatical Offering": 6.639848922663876,
    "Gargantuan Leech": 6.447154952927941,
    "Grasping Shadows": 5.1244851789546955,
    "Greedy Freebooter": 7.0198343456653785,
    "Join the Dead": 3.3424950495049504,
    "Malicious Eclipse": 6.567607638477049,
    "Mephitic Draught": 7.202218893158775,
    "Preacher of the Schism": 1.5522388059701493,
    "Primordial Gnawer": 7.789021108401312,
    "Queen's Bay Paladin": 3.0919331395348837,
    "Rampaging Spiketail": 5.9538548114800225,
    "Ray of Ruin": 6.31194036739592,
    "Screaming Phantom": 6.720185877819336,
    "Skullcap Snail": 5.4275761751645994,
    "Soulcoil Viper": 4.443868070610096,
    "Stalactite Stalker": 2.0905172413793105,
    "Starving Revenant": 1.8887573964497042,
    "Stinging Cave Crawler": 3.7055632183908047,
    "Synapse Necromage": 4.8430775764439415,
    "Tarrian's Journal": 2.212473572938689,
    "Terror Tide": 2.1683831101956748,
    "Tithing Blade": 4.777826340326341,
    "Visage of Dread": 4.248858149549784,
    "Vito's Inquisitor": 7.7372107832731905,
    "Abrade": 2.6803185997345,
    "Ancestors' Aid": 7.21358016755587,
    "Belligerent Yearling": 3.029955456570156,
    "Bonehoard Dracosaur": 1.1287128712871286,
    "Brass's Tunnel-Grinder": 2.343036274070757,
    "Brazen Blademaster": 6.89238439816449,
    "Breeches, Eager Pillager": 1.3793638479441428,
    "Burning Sun Cavalry": 6.6451800362084,
    "Calamitous Cave-In": 7.108622123648462,
    "Child of the Volcano": 7.856949208240054,
    "Curator of Sun's Creation": 5.633083197389886,
    "Daring Discovery": 8.504973562123944,
    "Diamond Pick-Axe": 3.6798534798534797,
    "Dinotomaton": 5.2671722808441555,
    "Dire Flail": 2.0376857749469215,
    "Dowsing Device": 5.427367161581552,
    "Dreadmaw's Ire": 3.6222999014071884,
    "Enterprising Scallywag": 3.9100058710056196,
    "Etali's Favor": 5.303846761037731,
    "Geological Appraiser": 2.607456436579765,
    "Goblin Tomb Raider": 5.732306635931139,
    "Goldfury Strider": 6.131715362865221,
    "Hit the Mother Lode": 5.531070195627158,
    "Hotfoot Gnome": 7.405987694779796,
    "Idol of the Deep King": 5.114307140178906,
    "Inti, Seneschal of the Sun": 1.4576271186440677,
    "Magmatic Galleon": 1.5586158192090396,
    "Ojer Axonil, Deepest Might": 1.5738636363636365,
    "Panicked Altisaur": 5.584488637777833,
    "Plundering Pirate": 4.464613799616519,
    "Poetic Ingenuity": 2.027223230490018,
    "Rampaging Ceratops": 4.579876231950493,
    "Rumbling Rockslide": 4.979521912350598,
    "Saheeli's Lattice": 4.708383336190639,
    "Scytheclaw Raptor": 2.9631930066712675,
    "Seismic Monstrosaur": 5.668718914481627,
    "Sunfire Torch": 5.7063684389085445,
    "Sunshot Militia": 5.7853593825373855,
    "Tectonic Hazard": 9.306562780940965,
    "Triumphant Chomp": 3.2079021636876766,
    "Trumpeting Carnosaur": 1.2838312829525482,
    "Volatile Wanderglyph": 5.149178222907037,
    "Zoyowa's Justice": 8.049626747976028,
    "Armored Kincaller": 5.281689411399125,
    "Basking Capybara": 7.582560141063857,
    "Bedrock Tortoise": 1.8267614738202973,
    "Cavern Stomper": 5.746770535450153,
    "Cenote Scout": 3.874305906108026,
    "Coati Scavenger": 4.617670741526974,
    "Colossadactyl": 3.0610812589099683,
    "Disturbed Slumber": 9.206994729721544,
    "Earthshaker Dreadmaw": 3.427812404209666,
    "Explorer's Cache": 5.530406714009038,
    "Ghalta, Stampede Tyrant": 2.198776758409786,
    "Glimpse the Core": 6.092720493857343,
    "Glowcap Lantern": 6.126636206470733,
    "Growing Rites of Itlimoc": 3.9022183304144775,