{
    "Abuelo's Awakening": 4.462855395903394,
    "Acrobatic Leap": 8.558660365728375,
    "Adaptive Gemguard": 5.677231989507542,
    "Attentive Sunscribe": 5.741937422980975,
    "Bat Colony": 6.5365037359900375,
    "Clay-Fired Bricks": 3.064475492441594,
    "Cosmium Blast": 5.449925600051756,
    "Dauntless Dismantler": 5.797554667293675,
    "Deconstruction Hammer": 6.929551567045392,
    "Dusk Rose Reliquary": 3.2656621728786677,
    "Envoy of Okinec Ahau": 6.567629631729652,
    "Fabrication Foundry": 5.113520749665328,
    "Family Reunion": 8.399968650399707,
    "Get Lost": 2.6514254975793436,
    "Glorifier of Suffering": 5.86347539382098,
    "Guardian of the Great Door": 3.2677902621722845,
    "Helping Hand": 6.19455193869034,
    "Ironpaw Aspirant": 5.281945670295185,
    "Kinjalli's Dawnrunner": 3.5264805007221955,
    "Kutzil's Flanker": 2.084516129032258,
    "Malamet War Scribe": 4.441414444111477,
    "Market Gnome": 4.366785785189597,
    "Might of the Ancestors": 6.301956555230319,
    "Miner's Guidewing": 4.480279114892347,
    "Mischievous Pup": 4.685336806847785,
    "Ojer Taq, Deepest Foundation": 1.5265225933202358,
    "Oltec Archaeologists": 7.412468598903325,
    "Oltec Cloud Guard": 3.5694775435380386,
    "Oteclan Landmark": 7.015666913988928,
    "Petrify": 3.5396030589949015,
    "Quicksand Whirlpool": 5.224367531664116,
    "Resplendent Angel": null,
    "Ruin-Lurker Bat": 3.215877251501001,
    "Sanguine Evangelist": 1.6455256298870546,
    "Soaring Sandwing": 6.001172126824122,
    "Spring-Loaded Sawblades": 2.622127204703367,
    "Thousand Moons Crackshot": 7.727678689390936,
    "Thousand Moons Infantry": 7.947940518489275,
    "Thousand Moons Smithy": 1.478640776699029,
    "Tinker's Tote": 4.214956195244055,
    "Unstable Glyphbridge": 1.615180935569285,
    "Vanguard of the Rose": 4.499952203422235,
    "Warden of the Inner Sky": 1.7025472473294987,
    "Akal Pakal, First Among Equals": 1.7891566265060241,
    "Ancestral Reminiscence": 8.513565991818982,
    "Brackish Blunder": 6.13632355534654,
    "Braided Net": 2.450201496833621,
    "Chart a Course": 4.414782608695652,
    "Cogwork Wrestler": 6.112677732167291,
    "Confounding Riddle": 5.230259293446337,
    "Council of Echoes": 5.005329719963866,
    "Didact Echo": 7.646170384305294,
    "Eaten by Piranhas": 4.435196195005945,
    "The Enigma Jewel": 4.341555977229602,
    "The Everflowing Well": 2.5788028555738607,
    "Frilled Cave-Wurm": 8.611484658783523,
    "Hermitic Nautilus": 4.737652341244387,
    "Hurl into History": 6.783675549730596,
    "Inverted Iceberg": 5.3960887526652455,
    "Kitesail Larcenist": 1.667832167832168,
    "Lodestone Needle": 3.7811991967103378,
    "Malcolm, Alluring Scoundrel": 1.6569872958257714,
    "Marauding Brinefang": 6.981822688589606,
    "Merfolk Cave-Diver": 6.185894367320887,
    "Oaken Siren": 4.626231596298655,
    "Ojer Pakpatiq, Deepest Epoch": 1.4206349206349207,
    "Orazca Puzzle-Door": 7.4619923823829195,
    "Out of Air": 8.238977234025832,
    "Pirate Hat": 7.979658409802154,
    "Relic's Roar": 9.297539377592305,
    "River Herald Scout": 5.381200038524511,
    "Sage of Days": 8.00044652237865,
    "Self-Reflection": 7.1382131020379385,
    "Shipwreck Sentry": 7.1487411660777385,
    "Sinuous Benthisaur": 6.682281059063136,
    "Song of Stupefaction": 8.863028522841462,
    "Spyglass Siren": 2.8388647642679903,
    "Staunch Crewmate": 3.8154965281604762,
    "Tishana's Tidebinder": 2.2451288497800124,
    "Unlucky Drop": 7.709127595178676,
    "Waterlogged Hulk": 7.2120858609426035,
    "Waterwind Scout": 3.5225431902242614,
    "Waylaying Pirates": 6.304787945779277,
    "Zoetic Glyph": 3.1623674405273716,
    "Abyssal Gorestalker": 6.3982948543835825,
    "Aclazotz, Deepest Betrayal": null,
    "Another Chance": 6.692867498649686,
    "Bitter Triumph": 2.6527938981926713,
    "Bloodthorn Flail": 7.9192193006234755,
    "Bringer of the Last Gift": 2.677814938684504,
    "Broodrage Mycoid": 6.34598392978919,
    "Canonized in Blood": 6.083472986992259,
    "Chupacabra Echo": 2.497872340425532,
    "Corpses of the Lost": 2.2082777036048062,
    "Dead Weight": 4.408662390850784,
    "Deathcap Marionette": 5.464686152371826,
    "Deep Goblin Skulltaker": 6.502610927973395,
    "Deep-Cavern Bat": 2.9489180038274694,
    "Echo of Dusk": 5.973148457174065,
    "Fanatical Offering": 6.587363085527849,
    "Gargantuan Leech": 6.437708144111414,
    "Grasping Shadows": 5.065902793379765,
    "Greedy Freebooter": 6.9764778880866425,
    "Join the Dead": 3.3303381053914105,
    "Malicious Eclipse": 6.457516840171464,
    "Mephitic Draught": 7.0968198861269265,
    "Preacher of the Schism": 1.555350553505535,
    "Primordial Gnawer": 7.76551872462833,
    "Queen's Bay Paladin": 2.9361287176986837,
    "Rampaging Spiketail": 5.967678688134989,
    "Ray of Ruin": 6.220152113672543,
    "Screaming Phantom": 6.71481063565084,
    "Skullcap Snail": 5.395853092193478,
    "Soulcoil Viper": 4.4374069294152685,
    "Stalactite Stalker": 2.059071729957806,
    "Starving Revenant": 1.8427051671732524,
    "Stinging Cave Crawler": 3.6371408216575634,
    "Synapse Necromage": 4.733633275181343,
    "Tarrian's Journal": 2.14149008885851,
    "Terror Tide": 2.144308943089431,
    "Tithing Blade": 4.865412127214702,
    "Visage of Dread": 4.251744765702892,
    "Vito's Inquisitor": 7.647644829453167,
    "Abrade": 2.696352999751058,
    "Ancestors' Aid": 7.3259516887210285,
    "Belligerent Yearling": 3.040632054176072,
    "Bonehoard Dracosaur": null,
    "Brass's Tunnel-Grinder": 2.308584686774942,
    "Brazen Blademaster": 6.864134116053285,
    "Breeches, Eager Pillager": 1.3919449901768173,
    "Burning Sun Cavalry": 6.660643141718839,
    "Calamitous Cave-In": 7.087866403607666,
    "Child of the Volcano": 7.7825664715609335,
    "Curator of Sun's Creation": 5.614427442407937,
    "Daring Discovery": 8.516227675703457,
    "Diamond Pick-Axe": 3.7274601901706954,
    "Dinotomaton": 5.326525385748127,
    "Dire Flail": 2.037697052775874,
    "Dowsing Device": 5.490398513318191,
    "Dreadmaw's Ire": 3.667195287720888,
    "Enterprising Scallywag": 3.8853998057623826,
    "Etali's Favor": 5.558010691722015,
    "Geological Appraiser": 2.6460162052667116,
    "Goblin Tomb Raider": 5.7949330191019595,
    "Goldfury Strider": 6.08984375,
    "Hit the Mother Lode": 5.444805194805195,
    "Hotfoot Gnome": 7.392109609812894,
    "Idol of the Deep King": 5.117123264303504,
    "Inti, Seneschal of the Sun": 1.4897388059701493,
    "Magmatic Galleon": 1.570127504553734,
    "Ojer Axonil, Deepest Might": 1.5342960288808665,
    "Panicked Altisaur": 5.704529093242355,
    "Plundering Pirate": 4.561275561275561,
    "Poetic Ingenuity": 2.0807311500380807,
    "Rampaging Ceratops": 4.570062451209992,
    "Rumbling Rockslide": 4.967716881099517,
    "Saheeli's Lattice": 4.699678409589241,
    "Scytheclaw Raptor": 2.977643771142815,
    "Seismic Monstrosaur": 5.6732523733201825,
    "Sunfire Torch": 5.775211890431151,
    "Sunshot Militia": 5.862927304856498,
    "Tectonic Hazard": 9.265478161212275,
    "Triumphant Chomp": 3.190994623655914,
    "Trumpeting Carnosaur": 1.2747747747747749,
    "Volatile Wanderglyph": 5.244718140013506,
    "Zoyowa's Justice": 8.000534938147776,
    "Armored Kincaller": 5.339563250049183,
    "Basking Capybara": 7.5328088922300385,
    "Bedrock Tortoise": 1.8301093355761144,
    "Cavern Stomper": 5.806112224448897,
    "Cenote Scout": 3.8609492988133765,
    "Coati Scavenger": 4.603165683244357,
    "Colossadactyl": 3.1045706371191137,
    "Disturbed Slumber": 9.176124389617065,
    "Earthshaker Dreadmaw": 3.3752659574468087,
    "Explorer's Cache": 5.505225613802256,
    "Ghalta, Stampede Tyrant": 2.1536388140161726,
    "Glimpse the Core": 5.951676373366913,
    "Glowcap Lantern": 6.0556303986052775,
    "Growing Rites of Itlimoc": 3.7539184952978055,
    "Huatli, Poet of Unity": null,