{
    "Another Round": 6.490623637156563,
    "Archangel of Tithes": null,
    "Armored Armadillo": 7.997565381292704,
    "Aven Interrupter": 2.540420819490587,
    "Bounding Felidar": 3.819527559055118,
    "Bovine Intervention": 6.467108167770419,
    "Bridled Bighorn": 5.689380210221095,
    "Claim Jumper": 2.726809378185525,
    "Dust Animus": null,
    "Eriette's Lullaby": 5.659390221901497,
    "Final Showdown": null,
    "Fortune, Loyal Steed": 1.9444444444444444,
    "Frontier Seeker": 3.6793125810635536,
    "Getaway Glamer": 3.491982258614807,
    "High Noon": 5.925943396226415,
    "Holy Cow": 4.661452513966481,
    "Inventive Wingsmith": 7.881511027686532,
    "Lassoed by the Law": 2.2829324169530354,
    "Mystical Tether": 3.112743581812558,
    "Nurturing Pixie": 5.596201673072575,
    "Omenport Vigilante": 4.960302951162183,
    "One Last Job": 3.62007722007722,
    "Outlaw Medic": 5.976078225947267,
    "Prairie Dog": 2.957060280759703,
    "Prosperity Tycoon": 3.7747831474597273,
    "Requisition Raid": 5.677846224047456,
    "Rustler Rampage": 7.247841444270016,
    "Shepherd of the Clouds": 2.411544628540887,
    "Sheriff of Safe Passage": 5.7797316057380845,
    "Stagecoach Security": 6.550653458753017,
    "Steer Clear": 6.578401618614062,
    "Sterling Keykeeper": 5.723098492814581,
    "Sterling Supplier": 6.210260363138061,
    "Take Up the Shield": 5.133389734912577,
    "Thunder Lasso": 6.050498338870432,
    "Trained Arynx": 3.837003841229193,
    "Vengeful Townsfolk": 6.32194458609553,
    "Wanted Griffin": 6.525582955879886,
    "Archmage's Newt": 4.328052805280528,
    "Canyon Crab": 4.975694444444445,
    "Daring Thunder-Thief": 8.183499843896348,
    "Deepmuck Desperado": 4.734639119935605,
    "Djinn of Fool's Fall": 7.608466031847644,
    "Double Down": 3.4801512287334595,
    "Duelist of the Mind": 2.6859592711682745,
    "Emergent Haunting": 5.759250693802035,
    "Failed Fording": 7.35772227130351,
    "Fblthp, Lost on the Range": 3.978939724037763,
    "Fleeting Reflection": 7.855961538461538,
    "Geralf, the Fleshwright": null,
    "Geyser Drake": 6.859176155391829,
    "Harrier Strix": 7.85774450163781,
    "Jailbreak Scheme": 7.188845634384682,
    "The Key to the Vault": 5.5405982905982905,
    "Loan Shark": 5.675535307517085,
    "Marauding Sphinx": 3.253445635528331,
    "Metamorphic Blast": 4.996824621397167,
    "Nimble Brigand": 4.0926270136307314,
    "Outlaw Stitcher": 3.9993732372297086,
    "Peerless Ropemaster": 8.088449367088607,
    "Phantom Interference": 5.998139617292701,
    "Plan the Heist": 5.53345596688894,
    "Razzle-Dazzler": 7.436787187575831,
    "Seize the Secrets": 7.393872728754176,
    "Shackle Slinger": 6.825499168053245,
    "Shifting Grift": 7.963707317073171,
    "Slickshot Lockpicker": 3.732933732933733,
    "Slickshot Vault-Buster": 8.524554608830364,
    "Spring Splasher": 7.794890105530429,
    "Step Between Worlds": 6.462821090581343,
    "Stoic Sphinx": 1.9681208053691275,
    "Stop Cold": 6.613464640461839,
    "Take the Fall": 6.9268154617499595,
    "This Town Ain't Big Enough": 5.290407045941443,
    "Three Steps Ahead": 2.6386363636363637,
    "Visage Bandit": 4.904255319148936,
    "Ambush Gigapede": 5.809153637872304,
    "Binding Negotiation": 5.360607434270173,
    "Blacksnag Buzzard": 7.266134880348078,
    "Blood Hustler": 2.6231608922638823,
    "Boneyard Desecrator": 7.237070324818669,
    "Caustic Bronco": 1.7906574394463668,
    "Consuming Ashes": 3.15748031496063,
    "Corrupted Conviction": 7.878610460577674,
    "Desert's Due": 3.4265966270389825,
    "Desperate Bloodseeker": 4.496521922428331,
    "Fake Your Own Death": 7.110406804140255,
    "Forsaken Miner": 4.57085020242915,
    "Gisa, the Hellraiser": null,
    "Hollow Marauder": 2.639501438159156,
    "Insatiable Avarice": 4.374611076540137,
    "Kaervek, the Punisher": 2.4287469287469285,
    "Lively Dirge": 4.9013076733283985,
    "Mourner's Surprise": 5.434731513288736,
    "Neutralize the Guards": 7.602277039848198,
    "Nezumi Linkbreaker": 6.8962108731466225,
    "Overzealous Muscle": 7.464861078683166,
    "Pitiless Carnage": 6.353581142339075,
    "Rakish Crew": 5.504924953095685,
    "Rattleback Apothecary": 3.81416212752323,
    "Raven of Fell Omens": 5.1380794054371215,
    "Rictus Robber": 3.875704445835942,
    "Rooftop Assassin": 5.677961507183519,
    "Rush of Dread": 2.065714285714286,
    "Servant of the Stinger": 3.4916239316239315,
    "Shoot the Sheriff": 2.7605150214592276,
    "Skulduggery": 6.574112389307291,
    "Tinybones Joins Up": 5.584685598377282,
    "Tinybones, the Pickpocket": null,
    "Treasure Dredger": 4.604487017897656,
    "Unfortunate Accident": 2.850383631713555,
    "Unscrupulous Contractor": 4.300901885761137,
    "Vadmir, New Blood": 1.7606112054329373,
    "Vault Plunderer": 3.863170882171499,
    "Brimstone Roundup": 6.978914405010438,
    "Calamity, Galloping Inferno": 1.6540642722117203,
    "Caught in the Crossfire": 7.146085232903865,
    "Cunning Coyote": 4.477972399150743,
    "Deadeye Duelist": 5.914250133428216,
    "Demonic Ruckus": 5.851900393184797,
    "Discerning Peddler": 6.525134131242262,
    "Explosive Derailment": 4.218047673098751,
    "Ferocification": 6.934054503848555,
    "Gila Courser": 4.456599614218793,
    "Great Train Heist": 3.156862745098039,
    "Hell to Pay": 3.2594296228150874,
    "Hellspur Brute": 4.555228670767585,
    "Hellspur Posse Boss": 1.9582664526484752,
    "Highway Robbery": 7.460377358490566,
    "Irascible Wolverine": 6.193534445500908,
    "Iron-Fist Pulverizer": 7.341092139175258,
    "Longhorn Sharpshooter": 3.130301872372946,
    "Magda, the Hoardmaster": 1.9646153846153847,
    "Magebane Lizard": 7.877574815390594,
    "Mine Raider": 6.416982431966931,
    "Outlaws' Fury": 8.381676413255361,
    "Prickly Pair": 5.270182478265023,
    "Quick Draw": 8.578951450286954,
    "Quilled Charger": 7.070710320971764,
    "Reckless Lackey": 7.0860029571217344,
    "Resilient Roadrunner": 5.349195075757576,
    "Return the Favor": 7.4831127789847915,
    "Rodeo Pyromancers": 8.02293542074364,
    "Scalestorm Summoner": 3.860078277886497,
    "Scorching Shot": 4.00952078705173,
    "Slickshot Show-Off": 3.0048076923076925,
    "Stingerback Terror": 1.7685185185185186,
    "Take for a Ride": 6.8453016003282725,
    "Terror of the Peaks": null,
    "Thunder Salvo": 5.367527814444654,
    "Trick Shot": 7.377315751152819,
    "Aloe Alchemist": 2.8698224852071004,
    "Ankle Biter": 5.920667877844104,
    "Beastbond Outcaster": 2.974174428450466,
    "Betrayal at the Vault": 4.412396694214876,
    "Bristlepack Sentry": 5.334460385634652,
    "Bristly Bill, Spine Sower": null,
    "Cactarantula": 3.3433412604042805,
    "Colossal Rattlewurm": null,
    "Dance of the Tumbleweeds": 3.68356058657062,
    "Drover Grizzly": 4.640931372549019,
    "Freestrider Commando": 5.073657927590512,
    "Freestrider Lookout": 1.9114139693356047,
    "Full Steam Ahead": 6.503813729425933,
    "Giant Beaver": 3.861785626686289,
    "Gold Rush": 5.9292054099746405,
    "Goldvein Hydra": null,
    "Hardbristle Bandit": 3.365594445231685,
    "Intrepid Stablemaster": 3.0466237942122185,
    "Map the Frontier": 6.334933222036728,
    "Ornery Tumblewagg": null,
    "Outcaster Greenblade": 2.17538644470868,
    "Outcaster Trailblazer": null,
    "Patient Naturalist": 4.357769355711965,
    "Railway Brawler": null,
    "Rambling Possum": 3.419235924932976,
    "Raucous Entertainer": 3.985268120212139,
    "Reach for the Sky": 7.368547418967587,
    "Rise of the Varmints": 5.708691715708466,
    "Smuggler's Surprise": 2.9292730844793713,
    "Snakeskin Veil": 4.589959880670713,
    "Spinewoods Armadillo": 2.0798240100565684,
    "Spinewoods Paladin": 3.4775685405704793,
    "Stubborn Burrowfiend": 3.0165425971877586,
    "Throw from the Saddle": 2.8955405170917925,
    "Trash the Town": 3.319056261343013,