{
    "Abuelo's Awakening": 4.468489892984542,
    "Acrobatic Leap": 8.556966772507938,
    "Adaptive Gemguard": 5.673634565647345,
    "Attentive Sunscribe": 5.734980051631073,
    "Bat Colony": 6.538105710169106,
    "Clay-Fired Bricks": 3.058217644424541,
    "Cosmium Blast": 5.445964259825396,
    "Dauntless Dismantler": 5.795549798064467,
    "Deconstruction Hammer": 6.919865283866139,
    "Dusk Rose Reliquary": 3.2649638802889576,
    "Envoy of Okinec Ahau": 6.5754259249048905,
    "Fabrication Foundry": 5.10464509394572,
    "Family Reunion": 8.406504891373396,
    "Get Lost": 2.643935450286309,
    "Glorifier of Suffering": 5.862687453600594,
    "Guardian of the Great Door": 3.2664576802507836,
    "Helping Hand": 6.2,
    "Ironpaw Aspirant": 5.275915946557826,
    "Kinjalli's Dawnrunner": 3.5279313183582266,
    "Kutzil's Flanker": 2.095118898623279,
    "Malamet War Scribe": 4.45104146388943,
    "Market Gnome": 4.377285479346038,
    "Might of the Ancestors": 6.300112824370064,
    "Miner's Guidewing": 4.465178116121512,
    "Mischievous Pup": 4.692851318293014,
    "Ojer Taq, Deepest Foundation": 1.5143403441682601,
    "Oltec Archaeologists": 7.417941439310309,
    "Oltec Cloud Guard": 3.563332884641271,
    "Oteclan Landmark": 7.018465474568258,
    "Petrify": 3.532313983465197,
    "Quicksand Whirlpool": 5.2229693298233375,
    "Resplendent Angel": null,
    "Ruin-Lurker Bat": 3.20546875,
    "Sanguine Evangelist": 1.6344359626802374,
    "Soaring Sandwing": 6.008349059301195,
    "Spring-Loaded Sawblades": 2.621385777546236,
    "Thousand Moons Crackshot": 7.730355900316986,
    "Thousand Moons Infantry": 7.955249128562641,
    "Thousand Moons Smithy": 1.476280834914611,
    "Tinker's Tote": 4.214201363757571,
    "Unstable Glyphbridge": 1.6212251941328732,
    "Vanguard of the Rose": 4.507942405945193,
    "Warden of the Inner Sky": 1.710295291300878,
    "Akal Pakal, First Among Equals": 1.783982365907421,
    "Ancestral Reminiscence": 8.512738371506407,
    "Brackish Blunder": 6.129500314807395,
    "Braided Net": 2.4423833614390107,
    "Chart a Course": 4.415601503759398,
    "Cogwork Wrestler": 6.095849888344306,
    "Confounding Riddle": 5.235673996566664,
    "Council of Echoes": 5.020250723240116,
    "Didact Echo": 7.647668122727629,
    "Eaten by Piranhas": 4.4247197526091995,
    "The Enigma Jewel": 4.360635696821516,
    "The Everflowing Well": 2.5928495197438632,
    "Frilled Cave-Wurm": 8.616426672018465,
    "Hermitic Nautilus": 4.731757543199929,
    "Hurl into History": 6.809746423006091,
    "Inverted Iceberg": 5.382781500032524,
    "Kitesail Larcenist": 1.6683716965046889,
    "Lodestone Needle": 3.767585240541803,
    "Malcolm, Alluring Scoundrel": 1.6558669001751314,
    "Marauding Brinefang": 6.987686777369423,
    "Merfolk Cave-Diver": 6.191677664777579,
    "Oaken Siren": 4.607466021907169,
    "Ojer Pakpatiq, Deepest Epoch": 1.4115384615384616,
    "Orazca Puzzle-Door": 7.460932198966543,
    "Out of Air": 8.243125239371889,
    "Pirate Hat": 7.970794996381681,
    "Relic's Roar": 9.301213489837954,
    "River Herald Scout": 5.378019436892597,
    "Sage of Days": 7.9981578139392075,
    "Self-Reflection": 7.143679736769948,
    "Shipwreck Sentry": 7.134871435502129,
    "Sinuous Benthisaur": 6.679985830676586,
    "Song of Stupefaction": 8.860276035131744,
    "Spyglass Siren": 2.8305213558291533,
    "Staunch Crewmate": 3.805913978494624,
    "Tishana's Tidebinder": 2.245861434702636,
    "Unlucky Drop": 7.710723514211886,
    "Waterlogged Hulk": 7.207002387177447,
    "Waterwind Scout": 3.5063117453347967,
    "Waylaying Pirates": 6.293136753593545,
    "Zoetic Glyph": 3.1537813946962254,
    "Abyssal Gorestalker": 6.394844756883421,
    "Aclazotz, Deepest Betrayal": null,
    "Another Chance": 6.6801386001386005,
    "Bitter Triumph": 2.6531007751937983,
    "Bloodthorn Flail": 7.924571805006588,
    "Bringer of the Last Gift": 2.6688453159041394,
    "Broodrage Mycoid": 6.353117782909931,
    "Canonized in Blood": 6.083048211508554,
    "Chupacabra Echo": 2.495026525198939,
    "Corpses of the Lost": 2.2162685603615238,
    "Dead Weight": 4.40832078313253,
    "Deathcap Marionette": 5.461814102763842,
    "Deep Goblin Skulltaker": 6.50855065053122,
    "Deep-Cavern Bat": 2.9381666186220814,
    "Echo of Dusk": 5.96399195218652,
    "Fanatical Offering": 6.59287640130552,
    "Gargantuan Leech": 6.43245037998967,
    "Grasping Shadows": 5.068724519510774,
    "Greedy Freebooter": 6.986214850615114,
    "Join the Dead": 3.334057577403585,
    "Malicious Eclipse": 6.463636363636364,
    "Mephitic Draught": 7.102625169147497,
    "Preacher of the Schism": 1.569767441860465,
    "Primordial Gnawer": 7.763754977992035,
    "Queen's Bay Paladin": 2.954180444024563,
    "Rampaging Spiketail": 5.969701358514613,
    "Ray of Ruin": 6.225919439579685,
    "Screaming Phantom": 6.710764544967427,
    "Skullcap Snail": 5.4033715012722645,
    "Soulcoil Viper": 4.442883264363392,
    "Stalactite Stalker": 2.064295485636115,
    "Starving Revenant": 1.8597785977859778,
    "Stinging Cave Crawler": 3.6495766152418514,
    "Synapse Necromage": 4.738235294117647,
    "Tarrian's Journal": 2.1624500665778963,
    "Terror Tide": 2.1415343915343916,
    "Tithing Blade": 4.855793991416309,
    "Visage of Dread": 4.251799724985845,
    "Vito's Inquisitor": 7.6515415019762845,
    "Abrade": 2.695807801977795,
    "Ancestors' Aid": 7.31785241999471,
    "Belligerent Yearling": 3.035483427313987,
    "Bonehoard Dracosaur": null,
    "Brass's Tunnel-Grinder": 2.318053197509904,
    "Brazen Blademaster": 6.864861890612963,
    "Breeches, Eager Pillager": 1.390267175572519,
    "Burning Sun Cavalry": 6.658791924003656,
    "Calamitous Cave-In": 7.09004317138354,
    "Child of the Volcano": 7.794672727737058,
    "Curator of Sun's Creation": 5.615706205426674,
    "Daring Discovery": 8.516728904037492,
    "Diamond Pick-Axe": 3.7238437359676695,
    "Dinotomaton": 5.325779567375222,
    "Dire Flail": 2.0324288550628724,
    "Dowsing Device": 5.481014356634912,
    "Dreadmaw's Ire": 3.6629151495089927,
    "Enterprising Scallywag": 3.8892268960453165,
    "Etali's Favor": 5.532465475737996,
    "Geological Appraiser": 2.639236339697169,
    "Goblin Tomb Raider": 5.785151414510431,
    "Goldfury Strider": 6.096712790101765,
    "Hit the Mother Lode": 5.444498421180471,
    "Hotfoot Gnome": 7.39405184892749,
    "Idol of the Deep King": 5.120380218027121,
    "Inti, Seneschal of the Sun": 1.4846014492753623,
    "Magmatic Galleon": 1.5720601237842617,
    "Ojer Axonil, Deepest Might": 1.5308641975308641,
    "Panicked Altisaur": 5.69342664181157,
    "Plundering Pirate": 4.55142797290692,
    "Poetic Ingenuity": 2.0748148148148147,
    "Rampaging Ceratops": 4.575291773413038,
    "Rumbling Rockslide": 4.9676337083086635,
    "Saheeli's Lattice": 4.705141881800725,
    "Scytheclaw Raptor": 2.9801400200028576,
    "Seismic Monstrosaur": 5.673768669050696,
    "Sunfire Torch": 5.7685913345094635,
    "Sunshot Militia": 5.855184283933765,
    "Tectonic Hazard": 9.269490013381573,
    "Triumphant Chomp": 3.1922825376062787,
    "Trumpeting Carnosaur": 1.2847682119205297,
    "Volatile Wanderglyph": 5.233539320555852,
    "Zoyowa's Justice": 8.003325942350333,
    "Armored Kincaller": 5.335891286970424,
    "Basking Capybara": 7.5361228647547405,
    "Bedrock Tortoise": 1.831275720164609,
    "Cavern Stomper": 5.803958644667419,
    "Cenote Scout": 3.86836584854206,
    "Coati Scavenger": 4.609036969420356,
    "Colossadactyl": 3.101676581936182,
    "Disturbed Slumber": 9.175330860236615,
    "Earthshaker Dreadmaw": 3.387146529562982,
    "Explorer's Cache": 5.511783696529459,
    "Ghalta, Stampede Tyrant": 2.1699346405228757,
    "Glimpse the Core": 5.969618121986684,
    "Glowcap Lantern": 6.0547383090740166,
    "Growing Rites of Itlimoc": 3.773692191053829,
    "Huatli, Poet of Unity": null,