{
    "Archon of the Wild Rose": 1.6591375770020533,
    "Archon's Glory": 6.46566328845863,
    "Armory Mice": 6.589652028567087,
    "Besotted Knight": 5.634688796680498,
    "Break the Spell": 8.438417447224941,
    "Charmed Clothier": 6.5725569848792595,
    "Cheeky House-Mouse": 4.886117136659436,
    "Cooped Up": 3.6054496578690127,
    "Cursed Courtier": 4.074014909478168,
    "Discerning Financier": 5.228693790149893,
    "Dutiful Griffin": 5.849113015746462,
    "Eerie Interference": 7.959044368600683,
    "Expel the Interlopers": 2.018181818181818,
    "Frostbridge Guard": 6.766692307692308,
    "Gallant Pie-Wielder": 4.608360579168613,
    "Glass Casket": 3.8066329398538503,
    "Hopeful Vigil": 3.733705772811918,
    "Kellan's Lightblades": 4.759264367816092,
    "Knight of Doves": 5.7278770253427504,
    "Moment of Valor": 6.9435848078773965,
    "Moonshaker Cavalry": 2.50531914893617,
    "Plunge into Winter": 8.462270705947748,
    "The Princess Takes Flight": 3.270336605890603,
    "Protective Parents": 7.127164660992075,
    "Regal Bunnicorn": 1.7715430861723447,
    "Return Triumphant": 6.570845613239628,
    "Rimefur Reindeer": 7.471077970028234,
    "Savior of the Sleeping": 6.957702548497528,
    "Slumbering Keepguard": 7.441803461338483,
    "Solitary Sanctuary": 6.278383838383839,
    "Spellbook Vendor": 1.4928571428571429,
    "Stockpiling Celebrant": 4.892111683383031,
    "Stroke of Midnight": 4.65016501650165,
    "A Tale for the Ages": 3.6681654676258995,
    "Three Blind Mice": 2.16398243045388,
    "Tuinvale Guide": 7.261400651465798,
    "Unassuming Sage": 6.503211991434689,
    "Virtue of Loyalty": 1.276243093922652,
    "Werefox Bodyguard": 1.8949152542372882,
    "Aquatic Alchemist": 6.708386515504167,
    "Archive Dragon": 4.259505450678011,
    "Asinine Antics": 2.860091743119266,
    "Beluna's Gatekeeper": 5.475212224108659,
    "Bitter Chill": 3.8211335801765878,
    "Chancellor of Tales": 5.501327433628319,
    "Diminisher Witch": 7.449679417909373,
    "Disdainful Stroke": 7.1313506815365555,
    "Extraordinary Journey": 3.0221483942414173,
    "Farsight Ritual": 3.741554054054054,
    "Freeze in Place": 8.219383761474418,
    "Gadwick's First Duel": 5.6244577566618466,
    "Galvanic Giant": 6.122647117099267,
    "Horned Loch-Whale": 1.9035087719298245,
    "Ice Out": 6.806394993894994,
    "Icewrought Sentry": 5.1153757225433525,
    "Ingenious Prodigy": 2.0805604203152366,
    "Into the Fae Court": 6.25947268708557,
    "Johann's Stopgap": 6.483052766664151,
    "Living Lectern": 8.233577155718104,
    "Merfolk Coralsmith": 8.976840814658402,
    "Misleading Motes": 8.46650468587296,
    "Mocking Sprite": 6.495127017095383,
    "Obyra's Attendants": 6.306823456599102,
    "Picklock Prankster": 4.260097761770003,
    "Quick Study": 6.672648848494185,
    "Sleep-Cursed Faerie": 2.218604651162791,
    "Sleight of Hand": 7.833686440677966,
    "Snaremaster Sprite": 6.89522789843989,
    "Spell Stutter": 6.069569487641185,
    "Splashy Spellcaster": 5.402412280701754,
    "Stormkeld Prowler": 8.328162291169452,
    "Succumb to the Cold": 7.030003658982803,
    "Talion's Messenger": 1.9850746268656716,
    "Tenacious Tomeseeker": 5.157735522904062,
    "Vantress Transmuter": 6.191479327149819,
    "Virtue of Knowledge": 4.238653001464129,
    "Water Wings": 8.78869625520111,
    "Ashiok, Wicked Manipulator": 1.25,
    "Ashiok's Reaper": 5.372748969407681,
    "Back for Seconds": 3.9138820972561805,
    "Barrow Naughty": 4.629685439819175,
    "Beseech the Mirror": 3.5018587360594795,
    "Candy Grapple": 2.2779381443298967,
    "Conceited Witch": 4.532020646147964,
    "Dream Spoilers": 5.995166279969064,
    "Ego Drain": 7.100332109771019,
    "The End": 1.9773913043478262,
    "Eriette's Whisper": 7.457181246022205,
    "Faerie Dreamthief": 3.780810354530107,
    "Faerie Fencing": 3.025378921395841,
    "Feed the Cauldron": 3.7349835358237766,
    "Fell Horseman": 5.8949689000866075,
    "Gumdrop Poisoner": 1.5368171021377672,
    "High Fae Negotiator": 2.6370967741935485,
    "Hopeless Nightmare": 4.545046764649742,
    "Lich-Knights' Conquest": 4.069182389937107,
    "Lord Skitter, Sewer King": 1.3156498673740054,
    "Lord Skitter's Blessing": 1.8341463414634147,
    "Lord Skitter's Butcher": 3.0477888730385163,
    "Mintstrosity": 4.5640591170102605,
    "Not Dead After All": 6.752385923053981,
    "Rankle's Prank": 2.48567335243553,
    "Rat Out": 5.618735669832951,
    "Rowan's Grim Search": 6.721196970810969,
    "Scream Puff": 5.266013182355923,
    "Shatter the Oath": 4.487144920558498,
    "Specter of Mortality": 1.875925925925926,
    "Spiteful Hexmage": 2.3417015341701535,
    "Stingblade Assassin": 6.333989849253844,
    "Sugar Rush": 7.822729514549426,
    "Sweettooth Witch": 4.606701455644054,
    "Taken by Nightmares": 2.6141493055555554,
    "Tangled Colony": 1.9166666666666667,
    "Twisted Sewer-Witch": 3.1318316100443133,
    "Virtue of Persistence": 1.1777777777777778,
    "Voracious Vermin": 4.3560334528076465,
    "Warehouse Tabby": 6.673048048048048,
    "Wicked Visitor": 6.767622461170848,
    "The Witch's Vanity": 2.558159352364721,
    "Belligerent of the Ball": 3.9178837145219068,
    "Bellowing Bruiser": 6.448667741687784,
    "Bespoke Battlegarb": 8.385294736104296,
    "Boundary Lands Ranger": 5.158690176322418,
    "Charming Scoundrel": 2.2600896860986546,
    "Cut In": 3.3157269246005545,
    "Edgewall Pack": 4.701472809667674,
    "Embereth Veteran": 3.9926547743966423,
    "Flick a Coin": 5.427664020058504,
    "Food Fight": 6.054928131416838,
    "Frantic Firebolt": 4.535013730874853,
    "Gnawing Crescendo": 6.964041738608213,
    "Goddric, Cloaked Reveler": 1.7073170731707317,
    "Grabby Giant": 4.758445945945946,
    "Grand Ball Guest": 5.262027935851009,
    "Harried Spearguard": 5.784630445423397,
    "Hearth Elemental": 3.4876058041112454,
    "Imodane, the Pyrohammer": 2.7669543773119605,
    "Kindled Heroism": 8.688284807506555,
    "Korvold and the Noble Thief": 6.663077779840356,
    "Merry Bards": 6.598768676327052,
    "Minecart Daredevil": 5.534239882745704,
    "Monstrous Rage": 3.710658399763803,
    "Raging Battle Mouse": 2.380392156862745,
    "Ratcatcher Trainee": 3.807310108509423,
    "Realm-Scorcher Hellkite": 1.395,
    "Redcap Gutter-Dweller": 1.536480686695279,
    "Redcap Thief": 5.380417733014117,
    "Rotisserie Elemental": 3.7613636363636362,
    "Skewer Slinger": 7.239950660281527,
    "Song of Totentanz": 1.676056338028169,
    "Stonesplitter Bolt": 3.2155607948804312,
    "Tattered Ratter": 5.254501000222271,
    "Torch the Tower": 2.6697860962566846,
    "Twisted Fealty": 4.765535478184222,
    "Two-Headed Hunter": 3.4743193069306932,
    "Unruly Catapult": 6.945201377451714,
    "Virtue of Courage": 2.4940047961630696,
    "Witch's Mark": 6.235616649934358,
    "Witchstalker Frenzy": 2.454628780934922,
    "Agatha's Champion": 2.49889819303658,
    "Beanstalk Wurm": 5.532523706538013,
    "Bestial Bloodline": 7.953139576605669,
    "Blossoming Tortoise": 2.7878048780487803,
    "Bramble Familiar": 2.2757255936675462,
    "Brave the Wilds": 5.901648527528809,
    "Commune with Nature": 8.820425472747496,
    "Curse of the Werefox": 4.304440605629509,
    "Elvish Archivist": 2.0178890876565294,
    "Feral Encounter": 2.56426735218509,
    "Ferocious Werefox": 4.457415990730012,
    "Graceful Takedown": 3.7285173317797846,
    "Gruff Triplets": 1.3990384615384615,
    "Hamlet Glutton": 3.3978984681605264,
    "Hollow Scavenger": 4.40287558685446,
    "Howling Galefang": 3.78987556561086,
    "The Huntsman's Redemption": 1.8003731343283582,
    "Leaping Ambush": 8.282824748040314,
    "Night of the Sweets' Revenge": 5.928599761999207,
    "Redtooth Genealogist": 5.447545477199103,
    "Redtooth Vanguard": 4.017962466487936,
    "Return from the Wilds": 5.802394728383157,
    "Rootrider Faun": 4.04736448198439,