{
    "Ajani, Nacatl Pariah": null,
    "Razorgrass Ambush": 4.449878934624698,
    "Witch Enchanter": 4.546738072054528,
    "Hydroelectric Specimen": 5.623892100192678,
    "Sink into Stupor": 4.941125913192952,
    "Tamiyo, Inquisitive Student": null,
    "Boggart Trawler": 5.801081498648126,
    "Fell the Profane": 2.928341384863124,
    "Sorin of House Markov": null,
    "Pinnacle Monk": 4.835640911121036,
    "Ral, Monsoon Mage": null,
    "Sundering Eruption": 6.445606694560669,
    "Bridgeworks Battle": 3.1139502762430937,
    "Disciple of Freyalise": 4.318383440118285,
    "Grist, Voracious Larva": null,
    "Bloodsoaked Insight": 5.059948979591836,
    "Drowner of Truth": 3.3570032573289903,
    "Glasswing Grace": 4.0995285489785225,
    "Legion Leadership": 4.907956989247312,
    "Revitalizing Repast": 3.672796106003245,
    "Rush of Inspiration": 5.234447735928904,
    "Strength of the Harvest": 4.453359110681489,
    "Stump Stomp": 3.0505190311418686,
    "Suppression Ray": 5.153344917463076,
    "Waterlogged Teachings": 6.235080058224163,
    "Breaker of Creation": 3.3314917127071824,
    "Devourer of Destiny": null,
    "Drownyard Lurker": 5.161565721649485,
    "Echoes of Eternity": 3.6682242990654204,
    "Eldrazi Ravager": 3.534375,
    "Emrakul, the World Anew": null,
    "Glaring Fleshraker": 3.2716535433070866,
    "Herigast, Erupting Nullkite": null,
    "It That Heralds the End": 3.4876728803367407,
    "Kozilek, the Broken Reality": null,
    "Kozilek's Command": null,
    "Null Elemental Blast": 7.199083861874559,
    "Nulldrifter": null,
    "Twisted Riddlekeeper": 3.89342904472667,
    "Ulamog, the Defiler": null,
    "Warped Tusker": 4.864511916421809,
    "Wastescape Battlemage": 3.623023402909551,
    "Aerie Auxiliary": 5.086920936323457,
    "Ajani Fells the Godsire": 4.07427341227126,
    "Argent Dais": 5.39564787339268,
    "Charitable Levy": 7.967202141900937,
    "Dog Umbra": 5.5627657898881715,
    "Envoy of the Ancestors": 4.1014254385964914,
    "Essence Reliquary": 7.95186070331171,
    "Expel the Unworthy": 5.938903863432166,
    "Flare of Fortitude": 4.803986710963455,
    "Glyph Elemental": 3.079377431906615,
    "Guardian of the Forgotten": 4.9909566872917654,
    "Guide of Souls": null,
    "Hexgold Slith": 5.492063492063492,
    "Indebted Spirit": 4.984091913389306,
    "Inspired Inventor": 5.7809968847352025,
    "Jolted Awake": 7.593467870419543,
    "Mandibular Kite": 6.2352,
    "Metastatic Evangel": 3.9201430274135878,
    "Muster the Departed": 6.0268292682926825,
    "Nyxborn Unicorn": 5.906874621441551,
    "Ocelot Pride": null,
    "Pearl-Ear, Imperial Advisor": 3.047258979206049,
    "Phelia, Exuberant Shepherd": null,
    "Proud Pack-Rhino": 4.381763527054108,
    "Rosecot Knight": 7.618619412853742,
    "Solstice Zealot": 7.083148558758315,
    "Static Prison": 5.44253859348199,
    "Thraben Charm": 6.224888226527571,
    "Voltstorm Angel": 3.69390402075227,
    "White Orchid Phantom": 3.6778625954198474,
    "Wing It": 7.540058949624866,
    "Wrath of the Skies": null,
    "Aether Spike": 6.293964394268346,
    "Amphibian Downpour": 3.3214285714285716,
    "Bespoke Battlewagon": 4.919675090252707,
    "Brainsurge": 5.54653130287648,
    "Consign to Memory": 7.444100447196423,
    "Copycrook": 4.859090909090909,
    "Corrupted Shapeshifter": 6.341114677560548,
    "Deem Inferior": 6.676785962957806,
    "Depth Defiler": 3.2947443181818183,
    "Dreamtide Whale": 3.6417910447761193,
    "Electrozoa": 7.601837060702875,
    "Emrakul's Messenger": 3.731242312423124,
    "Flare of Denial": 3.7234957020057307,
    "Harbinger of the Seas": 5.447761194029851,
    "Hope-Ender Coatl": 3.3374035989717226,
    "Kozilek's Unsealing": 4.195530726256983,
    "Petrifying Meddler": 5.343218980442449,
    "Roil Cartographer": 4.670108161258604,
    "Sage of the Unknowable": 6.492303346984889,
    "Serum Visionary": 5.449791118675538,
    "Shadow of the Second Sun": null,
    "Strix Serenade": 5.194135490394338,
    "Tamiyo Meets the Story Circle": 6.683924692251991,
    "Tempest Harvester": 6.603495201260564,
    "Triton Wavebreaker": 6.685171658144631,
    "Tune the Narrative": 6.008844251236696,
    "Ugin's Binding": null,
    "Unfathomable Truths": 5.711141678129298,
    "Utter Insignificance": 6.182689472132115,
    "Volatile Stormdrake": 3.6236559139784945,
    "Accursed Marauder": 6.110007304601899,
    "Arcbound Condor": 4.604842864502833,
    "Breathe Your Last": 3.88,
    "Chthonian Nightmare": 3.418918918918919,
    "Consuming Corruption": 5.596795149415331,
    "Crabomination": null,
    "The Creation of Avacyn": 6.9981884057971016,
    "Dreadmobile": 6.459077380952381,
    "Dreamdrinker Vampire": 6.231425267418329,
    "Drossclaw": 6.825644699140401,
    "Emperor of Bones": null,
    "Etched Slith": 4.318491356731273,
    "Etherium Pteramander": 5.082021936099189,
    "Eviscerator's Insight": 7.1860983423875195,
    "Fetid Gargantua": 6.391709695926563,
    "Flare of Malice": 2.8438661710037176,
    "Gravedig": 6.6367420563341195,
    "Grim Servant": 5.862928348909658,
    "Kami of Jealous Thirst": 7.3660630449362845,
    "Lethal Throwdown": 5.158730158730159,
    "Marionette Apprentice": 3.6736401673640167,
    "Mindless Conscription": 6.428131021194605,
    "Necrodominance": null,
    "Nethergoyf": null,
    "Quest for the Necropolis": 6.313262195121951,
    "Refurbished Familiar": 5.477232502011263,
    "Retrofitted Transmogrant": 6.362308254200146,
    "Ripples of Undeath": 5.817028985507246,
    "Scurrilous Sentry": 6.933739106377092,
    "Shilgengar, Sire of Famine": null,
    "Warren Soultrader": 3.5255255255255253,
    "Wither and Bloom": 3.9817912343849247,
    "Wurmcoil Larva": 3.3196223870532706,
    "Aether Revolt": 3.536741214057508,
    "Amped Raptor": 3.5684887459807073,
    "Ashling, Flame Dancer": null,
    "Detective's Phoenix": null,
    "Eldrazi Linebreaker": null,
    "Fanged Flames": 3.7468325791855204,
    "Flare of Duplication": 5.455911823647295,
    "Frogmyr Enforcer": 6.363569048500556,
    "Furnace Hellkite": 5.524800708591674,
    "Galvanic Discharge": 3.435419126328217,
    "Ghostfire Slice": 3.2106398274622574,
    "Glimpse the Impossible": 6.624229135261066,
    "Infernal Captor": 7.8788557869760085,
    "Inventor's Axe": 7.673578595317726,
    "Mogg Mob": 7.462398373983739,
    "Molten Gatekeeper": 5.984253172297814,
    "Party Thrasher": 3.2181208053691277,
    "Phyrexian Ironworks": 4.966745843230404,
    "Powerbalance": 5.674187725631769,
    "Ral and the Implicit Maze": 4.852161785216179,
    "Reckless Pyrosurfer": 4.890993071593534,
    "Reiterating Bolt": 3.493212669683258,
    "Sarpadian Simulacrum": 7.203239858426355,
    "Siege Smash": 7.780449759521643,
    "Skittering Precursor": 4.686246418338109,
    "Skoa, Embermage": 6.240320232896652,
    "Smelted Chargebug": 6.255366395262769,
    "Spawn-Gang Commander": 3.163596168017686,
    "Thriving Skyclaw": 6.523732786404922,
    "Unstable Amulet": 5.4952182952182955,
    "Voidpouncer": 5.731404958677686,
    "Wheel of Potential": 5.927111111111111,
    "Basking Broodscale": 3.744048918977943,
    "Birthing Ritual": null,
    "Collective Resistance": 5.916764821358461,
    "Colossal Dreadmask": 5.66993769470405,
    "Eladamri, Korvecdal": null,
    "Eldrazi Repurposer": 3.5161887141535617,
    "Evolution Witness": 4.610905240868184,
    "Fanatic of Rhonas": null,
    "Fangs of Kalonia": 5.152905198776758,
    "Flare of Cultivation": 3.85503355704698,
    "Fowl Strike": 7.146562204511684,
    "Gift of the Viper": 6.50623511279249,
    "Horrific Assault": 3.7701149425287355,
    "The Hunger Tide Rises": 6.08854961832061,
    "Hydra Trainer": 4.839351851851852,
    "Lion Umbra": 6.015571591340676,
    "Malevolent Rumble": 5.561512240471026,
    "Monstrous Vortex": 7.0066200809121,
    "Nightshade Dryad": 3.442249593306995,
    "Nyxborn Hydra": 4.663086783301576,
    "Path of Annihilation": 3.375968992248062,