{
    "Another Round": 6.199781181619256,
    "Archangel of Tithes": 2.2091690544412605,
    "Armored Armadillo": 7.885794187672423,
    "Aven Interrupter": 2.3531211750305996,
    "Bounding Felidar": 4.139942112879885,
    "Bovine Intervention": 6.292371134020619,
    "Bridled Bighorn": 5.828612142672079,
    "Claim Jumper": 2.6412868632707776,
    "Dust Animus": 1.4149797570850202,
    "Eriette's Lullaby": 5.721979938944614,
    "Final Showdown": 1.7233273056057865,
    "Fortune, Loyal Steed": 2.0455501051156273,
    "Frontier Seeker": 3.7383057386272305,
    "Getaway Glamer": 4.030268088786394,
    "High Noon": 5.67027417027417,
    "Holy Cow": 4.774446404076033,
    "Inventive Wingsmith": 7.563734562072742,
    "Lassoed by the Law": 2.546523016650343,
    "Mystical Tether": 3.4309410741756405,
    "Nurturing Pixie": 5.507654759263368,
    "Omenport Vigilante": 4.727959385834572,
    "One Last Job": 3.6186721991701245,
    "Outlaw Medic": 5.902537510094785,
    "Prairie Dog": 2.9890065960423744,
    "Prosperity Tycoon": 3.966532025389498,
    "Requisition Raid": 5.4550593555681175,
    "Rustler Rampage": 6.9494546162835995,
    "Shepherd of the Clouds": 2.5999548736462095,
    "Sheriff of Safe Passage": 5.3647331786542924,
    "Stagecoach Security": 6.615123567692738,
    "Steer Clear": 6.561226540208175,
    "Sterling Keykeeper": 6.065057317379299,
    "Sterling Supplier": 6.493623890234059,
    "Take Up the Shield": 5.437876472174773,
    "Thunder Lasso": 5.938775510204081,
    "Trained Arynx": 4.377512427058569,
    "Vengeful Townsfolk": 6.3240684302490955,
    "Wanted Griffin": 6.6067073170731705,
    "Archmage's Newt": 3.8455777460770326,
    "Canyon Crab": 4.990729593065254,
    "Daring Thunder-Thief": 7.916232343832616,
    "Deepmuck Desperado": 5.09766670916741,
    "Djinn of Fool's Fall": 7.314873417721519,
    "Double Down": 3.335564053537285,
    "Duelist of the Mind": 2.5240761478163494,
    "Emergent Haunting": 5.258555581779561,
    "Failed Fording": 7.283475180036199,
    "Fblthp, Lost on the Range": 3.4105621805792166,
    "Fleeting Reflection": 7.6839947829327375,
    "Geralf, the Fleshwright": 1.7307692307692308,
    "Geyser Drake": 6.413168176905811,
    "Harrier Strix": 7.565498403416305,
    "Jailbreak Scheme": 7.209871310780612,
    "The Key to the Vault": 5.14037545530961,
    "Loan Shark": 5.58654696621263,
    "Marauding Sphinx": 3.389748201438849,
    "Metamorphic Blast": 5.228839766349788,
    "Nimble Brigand": 3.983076688519591,
    "Outlaw Stitcher": 3.759487432232627,
    "Peerless Ropemaster": 8.002468304723438,
    "Phantom Interference": 5.994616477884491,
    "Plan the Heist": 5.917316199705077,
    "Razzle-Dazzler": 6.948439130085868,
    "Seize the Secrets": 7.247993240388678,
    "Shackle Slinger": 6.2550047164867415,
    "Shifting Grift": 7.703683087484924,
    "Slickshot Lockpicker": 3.7517198248905568,
    "Slickshot Vault-Buster": 8.229033711239582,
    "Spring Splasher": 7.656648278485829,
    "Step Between Worlds": 6.294821583986075,
    "Stoic Sphinx": 2.0182370820668694,
    "Stop Cold": 6.618615536212843,
    "Take the Fall": 6.839743071826775,
    "This Town Ain't Big Enough": 5.3919963095375385,
    "Three Steps Ahead": 2.647805393971444,
    "Visage Bandit": 5.037967006307618,
    "Ambush Gigapede": 6.547056467761314,
    "Binding Negotiation": 5.782262237400393,
    "Blacksnag Buzzard": 6.942994451824647,
    "Blood Hustler": 2.856962291973878,
    "Boneyard Desecrator": 7.233040176668862,
    "Caustic Bronco": 1.8823993685872138,
    "Consuming Ashes": 3.6063297802342413,
    "Corrupted Conviction": 7.913708214563359,
    "Desert's Due": 3.879838661128168,
    "Desperate Bloodseeker": 4.735551836172098,
    "Fake Your Own Death": 7.278116386505688,
    "Forsaken Miner": 4.600934094447328,
    "Gisa, the Hellraiser": null,
    "Hollow Marauder": 3.1602540156892043,
    "Insatiable Avarice": 4.168982943777637,
    "Kaervek, the Punisher": 2.352785145888594,
    "Lively Dirge": 5.313736638617239,
    "Mourner's Surprise": 5.945310524985254,
    "Neutralize the Guards": 7.273421102842969,
    "Nezumi Linkbreaker": 7.0169298898773365,
    "Overzealous Muscle": 7.687984350312242,
    "Pitiless Carnage": 6.1135852451641925,
    "Rakish Crew": 5.3475624256837095,
    "Rattleback Apothecary": 3.8579562481270604,
    "Raven of Fell Omens": 5.17326896682285,
    "Rictus Robber": 3.9611693488852797,
    "Rooftop Assassin": 5.934039053603812,
    "Rush of Dread": 2.401302931596091,
    "Servant of the Stinger": 3.701152959262106,
    "Shoot the Sheriff": 3.0383215175320943,
    "Skulduggery": 6.341736694677871,
    "Tinybones Joins Up": 5.184313725490196,
    "Tinybones, the Pickpocket": 1.924087591240876,
    "Treasure Dredger": 4.6530923899211,
    "Unfortunate Accident": 3.1334713855421685,
    "Unscrupulous Contractor": 4.3802722904431395,
    "Vadmir, New Blood": 1.7762660619803476,
    "Vault Plunderer": 4.319230360369938,
    "Brimstone Roundup": 6.331182795698925,
    "Calamity, Galloping Inferno": 1.6439326837909654,
    "Caught in the Crossfire": 6.639033160207751,
    "Cunning Coyote": 4.3743484224965705,
    "Deadeye Duelist": 5.785915617017529,
    "Demonic Ruckus": 5.661268855368235,
    "Discerning Peddler": 6.4982877402199755,
    "Explosive Derailment": 4.259512517922135,
    "Ferocification": 6.510118923430002,
    "Gila Courser": 4.341331895389593,
    "Great Train Heist": 2.978120338140229,
    "Hell to Pay": 2.839517625231911,
    "Hellspur Brute": 4.5093992375443674,
    "Hellspur Posse Boss": 1.8605769230769231,
    "Highway Robbery": 7.38767128545657,
    "Irascible Wolverine": 5.995273064910948,
    "Iron-Fist Pulverizer": 7.298610313540829,
    "Longhorn Sharpshooter": 3.0027391899823908,
    "Magda, the Hoardmaster": 1.824390243902439,
    "Magebane Lizard": 7.4791764595280625,
    "Mine Raider": 6.433653807147783,
    "Outlaws' Fury": 8.272980812137439,
    "Prickly Pair": 5.015743468392331,
    "Quick Draw": 8.302371838174585,
    "Quilled Charger": 7.0328022127858505,
    "Reckless Lackey": 6.746029199422429,
    "Resilient Roadrunner": 5.087753917585607,
    "Return the Favor": 7.054367026496565,
    "Rodeo Pyromancers": 7.606757948835961,
    "Scalestorm Summoner": 3.7366780928638206,
    "Scorching Shot": 3.788995140304123,
    "Slickshot Show-Off": 2.3969604863221883,
    "Stingerback Terror": 1.6711469534050178,
    "Take for a Ride": 6.5475442043222,
    "Terror of the Peaks": null,
    "Thunder Salvo": 5.1530205167173255,
    "Trick Shot": 7.341977496917386,
    "Aloe Alchemist": 2.8734126184237048,
    "Ankle Biter": 5.9472,
    "Beastbond Outcaster": 2.9716504854368933,
    "Betrayal at the Vault": 4.645475519097667,
    "Bristlepack Sentry": 5.511134536829622,
    "Bristly Bill, Spine Sower": null,
    "Cactarantula": 3.7127875937460275,
    "Colossal Rattlewurm": 1.4796425024826216,
    "Dance of the Tumbleweeds": 4.252589555459646,
    "Drover Grizzly": 4.931719721228103,
    "Freestrider Commando": 4.958682690516117,
    "Freestrider Lookout": 1.8661858974358974,
    "Full Steam Ahead": 6.502027494807635,
    "Giant Beaver": 4.057369715947216,
    "Gold Rush": 5.835525644947486,
    "Goldvein Hydra": null,
    "Hardbristle Bandit": 3.4604772060783793,
    "Intrepid Stablemaster": 2.945183714001986,
    "Map the Frontier": 6.442583492127169,
    "Ornery Tumblewagg": 1.4172043010752688,
    "Outcaster Greenblade": 2.3866699950074888,
    "Outcaster Trailblazer": 1.6609589041095891,
    "Patient Naturalist": 4.316692013215166,
    "Railway Brawler": null,
    "Rambling Possum": 3.64234375,
    "Raucous Entertainer": 3.9342894775354895,
    "Reach for the Sky": 7.531578134651019,
    "Rise of the Varmints": 5.324793107357443,
    "Smuggler's Surprise": 3.0637322329206786,
    "Snakeskin Veil": 4.787967289719626,
    "Spinewoods Armadillo": 2.299493738342659,
    "Spinewoods Paladin": 3.745825825825826,
    "Stubborn Burrowfiend": 3.0993316004455997,