{
    "Putrid Warrior": 6.824281150159744,
    "Krosan Tusker": 4.753512132822478,
    "Mass Hysteria": null,
    "Spell Snare": 6.952688172043011,
    "Ghost Quarter": 7.049323017408124,
    "Enlisted Wurm": 3.8287560581583198,
    "Kuldotha Rebirth": 6.0964812712826335,
    "Molten Psyche": null,
    "Leonin Relic-Warder": 4.055987558320373,
    "Gnaw to the Bone": 7.888888888888889,
    "Stromkirk Captain": 6.15422276621787,
    "Burden of Guilt": 7.081025641025641,
    "Ixidor, Reality Sculptor": null,
    "Duskmantle, House of Shadow": 7.677157360406091,
    "Worldspine Wurm": null,
    "Possibility Storm": null,
    "Millstone": 7.464099895941727,
    "Nyx Weaver": 5.32685297691373,
    "Evolutionary Leap": null,
    "Shard of Broken Glass": 7.942125237191651,
    "Metalspinner's Puzzleknot": 6.676378772112383,
    "Smuggler's Copter": null,
    "Consign // Oblivion": 5.403120936280884,
    "Bishop of the Bloodstained": 6.683831101956746,
    "Goblin Warchief": 6.78920041536864,
    "High Alert": 6.877118644067797,
    "Jace, Wielder of Mysteries": null,
    "Syr Konrad, the Grim": null,
    "Ranger-Captain of Eos": null,
    "Hard Evidence": 5.041717791411043,
    "Combine Chrysalis": 5.286694101508917,
    "Quintorius, Field Historian": 5.338215712383489,
    "Laid to Rest": 7.4652567975830815,
    "Monologue Tax": null,
    "Magmaw": 4.957957957957958,
    "Mistveil Plains": 6.836909871244635,
    "Mentor of the Meek": null,
    "Ghostly Prison": null,
    "Fabricate": null,
    "Show and Tell": null,
    "Tragic Slip": null,
    "Victimize": null,
    "Gamble": null,
    "Crashing Footfalls": null,
    "Tireless Tracker": null,
    "Drown in the Loch": null,
    "Field of the Dead": null,
    "Case of the Shattered Pact": 5.726518258152705,
    "Absolving Lammasu": 5.19863301787592,
    "Assemble the Players": 3.180285343709468,
    "Aurelia's Vindicator": null,
    "Auspicious Arrival": 5.391025388703011,
    "Call a Surprise Witness": 4.74293659621802,
    "Case of the Gateway Express": 2.846920470400638,
    "Case of the Pilfered Proof": 4.527838780519312,
    "Case of the Uneaten Feast": 4.692863093585116,
    "Defenestrated Phantom": 6.136412104276207,
    "Delney, Streetwise Lookout": 1.5500910746812386,
    "Doorkeeper Thrull": 3.6884057971014492,
    "Due Diligence": 6.463130566473155,
    "Essence of Antiquity": 5.4994420208988535,
    "Forum Familiar": 5.122772069616272,
    "Griffnaut Tracker": 5.663264916102894,
    "Haazda Vigilante": 5.803258145363409,
    "Inside Source": 3.577152550304165,
    "Karlov Watchdog": 3.8018597997138768,
    "Krovod Haunch": 5.226172076249356,
    "Make Your Move": 5.700687714910909,
    "Makeshift Binding": 2.775118519651323,
    "Marketwatch Phantom": 3.6632174158891715,
    "Museum Nightwatch": 4.647876141325923,
    "Neighborhood Guardian": 2.9163711032294195,
    "No Witnesses": 2.209068010075567,
    "Not on My Watch": 3.235775016350556,
    "Novice Inspector": 2.974227917356562,
    "On the Job": 6.2949054813517265,
    "Perimeter Enforcer": 2.8357030015797786,
    "Sanctuary Wall": 6.280932125023118,
    "Seasoned Consultant": 4.837439916857923,
    "Tenth District Hero": 1.4492223238792314,
    "Unyielding Gatekeeper": 1.6669303797468353,
    "Wrench": 6.058850960641672,
    "Agency Outfitter": 6.027542789691127,
    "Behind the Mask": 8.147656822878474,
    "Benthic Criminologists": 7.362981016786241,
    "Bubble Smuggler": 6.328256571721462,
    "Burden of Proof": 5.425741558041671,
    "Candlestick": 6.43337237588972,
    "Case of the Filched Falcon": 4.649592824265313,
    "Case of the Ransacked Lab": 5.669880624426079,
    "Cold Case Cracker": 4.455813513641307,
    "Conspiracy Unraveler": 3.0683482506102524,
    "Coveted Falcon": 3.069647463456578,
    "Crimestopper Sprite": 4.881620209059234,
    "Cryptic Coat": 1.6579406631762652,
    "Curious Inquiry": 5.784089728943815,
    "Deduce": 5.936062259184374,
    "Dramatic Accusation": 5.181580721267274,
    "Eliminate the Impossible": 5.53902069661787,
    "Exit Specialist": 3.1734780396811937,
    "Fae Flight": 5.235189635356807,
    "Forensic Gadgeteer": 2.6298701298701297,
    "Forensic Researcher": 4.937056928034371,
    "Furtive Courier": 4.829040346478231,
    "Hotshot Investigators": 6.738156939981342,
    "Intrude on the Mind": 1.9820627802690582,
    "Jaded Analyst": 6.771408500175624,
    "Living Conundrum": 6.877327010888655,
    "Lost in the Maze": 3.009825815096025,
    "Mistway Spy": 4.206185567010309,
    "Out Cold": 5.799420289855073,
    "Proft's Eidetic Memory": 2.5561766349916155,
    "Projektor Inspector": 5.10587481307413,
    "Reasonable Doubt": 6.3699959414087,
    "Reenact the Crime": 5.020229100658055,
    "Steamcore Scholar": 1.9486638537271448,
    "Unauthorized Exit": 6.337525750840291,
    "Agency Coroner": 7.670122302402006,
    "Alley Assailant": 6.277938962135958,
    "Barbed Servitor": 2.327097163548582,
    "Basilica Stalker": 6.0775182152783,
    "Case of the Stashed Skeleton": 2.1250789639924195,
    "Cerebral Confiscation": 7.417250301880283,
    "Deadly Cover-Up": 2.1218169304886443,
    "Extract a Confession": 4.809693672805101,
    "Festerleech": 5.550913030021665,
    "Homicide Investigator": 1.8961593172119489,
    "Hunted Bonebrute": 2.145994832041344,
    "Illicit Masquerade": 3.953398738612474,
    "It Doesn't Add Up": 6.133964049195837,
    "Lead Pipe": 6.641193081539004,
    "Leering Onlooker": 3.359284332688588,
    "Long Goodbye": 2.870034052213394,
    "Macabre Reconstruction": 6.812484474253877,
    "Massacre Girl, Known Killer": null,
    "Murder": 3.5296091468340274,
    "Nightdrinker Moroii": 4.389055098479182,
    "Outrageous Robbery": 2.4949776785714284,
    "Persuasive Interrogators": 5.647212982562242,
    "Polygraph Orb": 6.7582751833959565,
    "Presumed Dead": 5.784484445314028,
    "Repeat Offender": 6.274225811231293,
    "Rot Farm Mortipede": 7.076157000585823,
    "Slice from the Shadows": 4.30985985985986,
    "Slimy Dualleech": 4.8725031389110836,
    "Snarling Gorehound": 5.890921643079047,
    "Soul Enervation": 3.397658917249228,
    "Toxin Analysis": 6.720730015297591,
    "Undercity Eliminator": 3.595314653192467,
    "Unscrupulous Agent": 5.150860055213421,
    "Vein Ripper": 1.492007104795737,
    "Anzrag's Rampage": 5.667631344612644,
    "Bolrac-Clan Basher": 3.9363479644609467,
    "Case of the Burning Masks": 3.3634884477709077,
    "Case of the Crimson Pulse": 2.9443133553563,
    "Caught Red-Handed": 7.050547382825864,
    "The Chase Is On": 6.532769104939369,
    "Concealed Weapon": 5.065341509832946,
    "Connecting the Dots": 4.108365019011407,
    "Convenient Target": 5.788186388244393,
    "Cornered Crook": 4.335913119460741,
    "Crime Novelist": 5.293884545357181,
    "Demand Answers": 6.732392368253068,
    "Expedited Inheritance": 5.156378600823046,
    "Expose the Culprit": 6.987801644126226,
    "Felonious Rage": 6.675783618015191,
    "Frantic Scapegoat": 4.684645852749301,
    "Fugitive Codebreaker": 2.050972501676727,
    "Galvanize": 3.1592926259592926,
    "Gearbane Orangutan": 5.530286759734319,
    "Goblin Maskmaker": 6.567517845316065,
    "Harried Dronesmith": 3.4092302727126027,
    "Incinerator of the Guilty": null,
    "Innocent Bystander": 6.0501306636239836,
    "Knife": 6.302055733211512,
    "Krenko, Baron of Tin Street": 1.7080405932864948,
    "Krenko's Buzzcrusher": 1.8544802867383512,
    "Lamplight Phoenix": 1.7278382581648521,
    "Offender at Large": 6.386412886449003,
    "Person of Interest": 4.696383591219863,
    "Pyrotechnic Performer": 1.7664346481051818,
    "Reckless Detective": 3.471636701797892,
    "Red Herring": 4.881609896332433,
    "Rubblebelt Braggart": 7.017799579537491,
    "Shock": 3.2895146638982613,
    "Suspicious Detonation": 5.575570007051634,
    "Vengeful Tracker": 4.2740038406144985,
    "Aftermath Analyst": 5.622426544073556,
    "Airtight Alibi": 7.17692915278684,