{
    "Ajani, Nacatl Pariah": null,
    "Razorgrass Ambush": 4.535616635487121,
    "Witch Enchanter": 4.424351585014409,
    "Hydroelectric Specimen": 5.73164108618654,
    "Sink into Stupor": 4.987548138639281,
    "Tamiyo, Inquisitive Student": null,
    "Boggart Trawler": 5.972052500565739,
    "Fell the Profane": 3.028024606971975,
    "Sorin of House Markov": null,
    "Pinnacle Monk": 4.799176517465799,
    "Ral, Monsoon Mage": 2.8273736128236746,
    "Sundering Eruption": 6.013750277223331,
    "Bridgeworks Battle": 3.11434554973822,
    "Disciple of Freyalise": 4.30787553967545,
    "Grist, Voracious Larva": 2.309734513274336,
    "Bloodsoaked Insight": 5.076099281844526,
    "Drowner of Truth": 3.3196597353497164,
    "Glasswing Grace": 4.060043330238316,
    "Legion Leadership": 4.732674589397783,
    "Revitalizing Repast": 3.688097165991903,
    "Rush of Inspiration": 5.171672740982783,
    "Strength of the Harvest": 4.43995992557607,
    "Stump Stomp": 2.9424139396515088,
    "Suppression Ray": 5.001708952280794,
    "Waterlogged Teachings": 6.331426103854043,
    "Breaker of Creation": 3.3203984229093173,
    "Devourer of Destiny": 2.192484662576687,
    "Drownyard Lurker": 5.165635639955882,
    "Echoes of Eternity": 3.972114972114972,
    "Eldrazi Ravager": 3.6095566860465116,
    "Emrakul, the World Anew": null,
    "Glaring Fleshraker": 3.1687911184210527,
    "Herigast, Erupting Nullkite": null,
    "It That Heralds the End": 3.567805953693495,
    "Kozilek, the Broken Reality": null,
    "Kozilek's Command": 2.363825363825364,
    "Null Elemental Blast": 7.479314238784519,
    "Nulldrifter": 1.5744908896034298,
    "Twisted Riddlekeeper": 3.7221266345492086,
    "Ulamog, the Defiler": null,
    "Warped Tusker": 4.781050515204825,
    "Wastescape Battlemage": 3.4624855713736054,
    "Aerie Auxiliary": 4.777530117284933,
    "Ajani Fells the Godsire": 4.135211737245749,
    "Argent Dais": 5.710818713450292,
    "Charitable Levy": 8.181447198168607,
    "Dog Umbra": 5.408937564171516,
    "Envoy of the Ancestors": 4.245503159941663,
    "Essence Reliquary": 7.664920368818105,
    "Expel the Unworthy": 6.139751966928924,
    "Flare of Fortitude": 5.31184407796102,
    "Glyph Elemental": 2.92275828460039,
    "Guardian of the Forgotten": 5.160294117647059,
    "Guide of Souls": 1.7452229299363058,
    "Hexgold Slith": 5.180768654105653,
    "Indebted Spirit": 5.3568170299037,
    "Inspired Inventor": 5.736396220267188,
    "Jolted Awake": 7.610060137799196,
    "Mandibular Kite": 6.110319487386297,
    "Metastatic Evangel": 3.643031326205215,
    "Muster the Departed": 6.225752307876753,
    "Nyxborn Unicorn": 5.931142339075249,
    "Ocelot Pride": 1.6666666666666667,
    "Pearl-Ear, Imperial Advisor": 3.213282937365011,
    "Phelia, Exuberant Shepherd": 2.0923593618807725,
    "Proud Pack-Rhino": 4.340321346595256,
    "Rosecot Knight": 7.81442524417731,
    "Solstice Zealot": 6.823579125290514,
    "Static Prison": 5.041474027740006,
    "Thraben Charm": 5.908779306247429,
    "Voltstorm Angel": 3.6957268218237314,
    "White Orchid Phantom": 3.833539348990523,
    "Wing It": 7.539243139451156,
    "Wrath of the Skies": 2.7962844330557335,
    "Aether Spike": 6.2750522830254445,
    "Amphibian Downpour": 3.139867279224094,
    "Bespoke Battlewagon": 4.97624371157071,
    "Brainsurge": 5.468950474724147,
    "Consign to Memory": 7.615242209194693,
    "Copycrook": 4.844641638225256,
    "Corrupted Shapeshifter": 6.509704350819813,
    "Deem Inferior": 6.414407928172116,
    "Depth Defiler": 3.1488624052004335,
    "Dreamtide Whale": 3.6527964205816557,
    "Electrozoa": 7.563915792843993,
    "Emrakul's Messenger": 3.6407624633431084,
    "Flare of Denial": 4.1869266055045875,
    "Harbinger of the Seas": 5.961600429645542,
    "Hope-Ender Coatl": 3.3928909056532426,
    "Kozilek's Unsealing": 4.21630306105192,
    "Petrifying Meddler": 5.171881907943214,
    "Roil Cartographer": 4.4552342662749345,
    "Sage of the Unknowable": 6.497412650215969,
    "Serum Visionary": 5.297374838617128,
    "Shadow of the Second Sun": 4.360691144708423,
    "Strix Serenade": 5.594610257896262,
    "Tamiyo Meets the Story Circle": 6.783519553072626,
    "Tempest Harvester": 6.459135441732554,
    "Triton Wavebreaker": 6.920893141945774,
    "Tune the Narrative": 6.059862303290415,
    "Ugin's Binding": 2.1243432574430825,
    "Unfathomable Truths": 5.56159755646057,
    "Utter Insignificance": 6.110880874702407,
    "Volatile Stormdrake": 3.683998207082026,
    "Accursed Marauder": 5.867485220554798,
    "Arcbound Condor": 4.774670571010249,
    "Breathe Your Last": 3.9325820611937363,
    "Chthonian Nightmare": 3.2786632390745503,
    "Consuming Corruption": 5.68909688843916,
    "Crabomination": 1.8727272727272728,
    "The Creation of Avacyn": 7.330090928314655,
    "Dreadmobile": 6.736847897864847,
    "Dreamdrinker Vampire": 6.244955255307949,
    "Drossclaw": 7.0352523459294956,
    "Emperor of Bones": 2.1286048324240063,
    "Etched Slith": 4.368617103833618,
    "Etherium Pteramander": 5.049109627156372,
    "Eviscerator's Insight": 7.027151767151767,
    "Fetid Gargantua": 6.496745182012848,
    "Flare of Malice": 3.1253305129561078,
    "Gravedig": 6.8640991046240645,
    "Grim Servant": 5.986384976525821,
    "Kami of Jealous Thirst": 7.320650834086614,
    "Lethal Throwdown": 5.1891928311548305,
    "Marionette Apprentice": 3.5697586726998494,
    "Mindless Conscription": 6.312973484848484,
    "Necrodominance": 4.437100213219616,
    "Nethergoyf": 2.5352697095435683,
    "Quest for the Necropolis": 6.504858757062147,
    "Refurbished Familiar": 5.377252252252252,
    "Retrofitted Transmogrant": 6.475185071619431,
    "Ripples of Undeath": 6.187516054456717,
    "Scurrilous Sentry": 6.870260663507109,
    "Shilgengar, Sire of Famine": 2.162809257781325,
    "Warren Soultrader": 3.69672131147541,
    "Wither and Bloom": 3.9508820916359944,
    "Wurmcoil Larva": 3.4068829891838743,
    "Aether Revolt": 3.414574101427868,
    "Amped Raptor": 3.293596870496191,
    "Ashling, Flame Dancer": 2.732329084588644,
    "Detective's Phoenix": 2.0425880425880427,
    "Eldrazi Linebreaker": 2.082125603864734,
    "Fanged Flames": 3.553186998733643,
    "Flare of Duplication": 5.812413410917151,
    "Frogmyr Enforcer": 6.699575948678917,
    "Furnace Hellkite": 5.81119875856718,
    "Galvanic Discharge": 3.1963199873647636,
    "Ghostfire Slice": 3.067129111658089,
    "Glimpse the Impossible": 6.145381808590144,
    "Infernal Captor": 7.803068749504401,
    "Inventor's Axe": 7.6536858974358974,
    "Mogg Mob": 7.585216860109957,
    "Molten Gatekeeper": 5.722091046467699,
    "Party Thrasher": 3.186389029964449,
    "Phyrexian Ironworks": 4.886584481508339,
    "Powerbalance": 6.045911787464535,
    "Ral and the Implicit Maze": 4.511244377811095,
    "Reckless Pyrosurfer": 4.609308885754584,
    "Reiterating Bolt": 3.4440131961963902,
    "Sarpadian Simulacrum": 7.211396455530029,
    "Siege Smash": 7.7262210289414455,
    "Skittering Precursor": 4.5012624387345905,
    "Skoa, Embermage": 6.258932085538111,
    "Smelted Chargebug": 5.929778393351801,
    "Spawn-Gang Commander": 2.8972208912314326,
    "Thriving Skyclaw": 6.605894213032474,
    "Unstable Amulet": 5.198467230443975,
    "Voidpouncer": 5.706898903997454,
    "Wheel of Potential": 6.131365891877775,
    "Basking Broodscale": 3.5998932336847727,
    "Birthing Ritual": 4.120502092050209,
    "Collective Resistance": 5.649170941190505,
    "Colossal Dreadmask": 5.6998852947923835,
    "Eladamri, Korvecdal": null,
    "Eldrazi Repurposer": 3.3535013184881337,
    "Evolution Witness": 4.5080125557574755,
    "Fanatic of Rhonas": 1.8234165067178503,
    "Fangs of Kalonia": 5.094130089899524,
    "Flare of Cultivation": 4.216146788990826,
    "Fowl Strike": 7.135545215456201,
    "Gift of the Viper": 6.450775894697002,
    "Horrific Assault": 3.5951074066544693,