{
    "Putrid Warrior": 6.765217391304348,
    "Krosan Tusker": 4.791185729275971,
    "Mass Hysteria": null,
    "Spell Snare": 6.975460122699387,
    "Ghost Quarter": 7.014319809069212,
    "Enlisted Wurm": 3.7557980900409276,
    "Kuldotha Rebirth": 6.121698113207547,
    "Molten Psyche": null,
    "Leonin Relic-Warder": 4.069281045751634,
    "Gnaw to the Bone": 7.895742832319722,
    "Stromkirk Captain": 6.274824473420261,
    "Burden of Guilt": 7.088695652173913,
    "Ixidor, Reality Sculptor": null,
    "Duskmantle, House of Shadow": 7.677937447168216,
    "Worldspine Wurm": null,
    "Possibility Storm": null,
    "Millstone": 7.4987146529562985,
    "Nyx Weaver": 5.323886639676114,
    "Evolutionary Leap": null,
    "Shard of Broken Glass": 7.886075949367089,
    "Metalspinner's Puzzleknot": 6.700256191289496,
    "Smuggler's Copter": null,
    "Consign // Oblivion": 5.407684098185699,
    "Bishop of the Bloodstained": 6.700251889168766,
    "Goblin Warchief": 6.759548611111111,
    "High Alert": 7.004299226139295,
    "Jace, Wielder of Mysteries": null,
    "Syr Konrad, the Grim": 2.9364485981308412,
    "Ranger-Captain of Eos": null,
    "Hard Evidence": 5.0,
    "Combine Chrysalis": 5.3758465011286685,
    "Quintorius, Field Historian": 5.261105092091007,
    "Laid to Rest": 7.4459346186085495,
    "Monologue Tax": null,
    "Magmaw": 4.910757946210269,
    "Mistveil Plains": 6.819469026548672,
    "Mentor of the Meek": null,
    "Ghostly Prison": null,
    "Fabricate": null,
    "Show and Tell": null,
    "Tragic Slip": null,
    "Victimize": null,
    "Gamble": null,
    "Crashing Footfalls": null,
    "Tireless Tracker": null,
    "Drown in the Loch": null,
    "Field of the Dead": null,
    "Case of the Shattered Pact": 5.761813537675606,
    "Absolving Lammasu": 5.278342588637335,
    "Assemble the Players": 3.273386261649983,
    "Aurelia's Vindicator": null,
    "Auspicious Arrival": 5.299066033098476,
    "Call a Surprise Witness": 4.813563950842058,
    "Case of the Gateway Express": 2.7959355055424924,
    "Case of the Pilfered Proof": 4.605633802816901,
    "Case of the Uneaten Feast": 4.7871720116618075,
    "Defenestrated Phantom": 6.15752928390291,
    "Delney, Streetwise Lookout": 1.5811594202898551,
    "Doorkeeper Thrull": 3.8037135278514587,
    "Due Diligence": 6.454203448071568,
    "Essence of Antiquity": 5.597411163327562,
    "Forum Familiar": 5.191792582417582,
    "Griffnaut Tracker": 5.665374677002584,
    "Haazda Vigilante": 5.765096447339438,
    "Inside Source": 3.4957568581014407,
    "Karlov Watchdog": 3.78277375726658,
    "Krovod Haunch": 5.25156707062265,
    "Make Your Move": 5.71034151034151,
    "Makeshift Binding": 2.7379518072289155,
    "Marketwatch Phantom": 3.598525214081827,
    "Museum Nightwatch": 4.6259835315645015,
    "Neighborhood Guardian": 2.8310661183169885,
    "No Witnesses": 2.2128412537917086,
    "Not on My Watch": 3.250200588392618,
    "Novice Inspector": 2.897851442602824,
    "On the Job": 6.134019355629058,
    "Perimeter Enforcer": 2.8171690694626474,
    "Sanctuary Wall": 6.322979013561634,
    "Seasoned Consultant": 4.739395700174318,
    "Tenth District Hero": 1.4407039020657995,
    "Unyielding Gatekeeper": 1.6783587028457976,
    "Wrench": 6.154943545926152,
    "Agency Outfitter": 6.078426698450536,
    "Behind the Mask": 8.182439824945295,
    "Benthic Criminologists": 7.400639031838489,
    "Bubble Smuggler": 6.324372381784756,
    "Burden of Proof": 5.485178616670889,
    "Candlestick": 6.519057061026658,
    "Case of the Filched Falcon": 4.68469427244582,
    "Case of the Ransacked Lab": 5.7422756706753,
    "Cold Case Cracker": 4.431600734174249,
    "Conspiracy Unraveler": 3.2020725388601035,
    "Coveted Falcon": 3.112033195020747,
    "Crimestopper Sprite": 4.882858678130038,
    "Cryptic Coat": 1.6362979031091829,
    "Curious Inquiry": 5.846873419855048,
    "Deduce": 5.891299556003401,
    "Dramatic Accusation": 5.202975963372759,
    "Eliminate the Impossible": 5.481929722059928,
    "Exit Specialist": 3.1509646528657935,
    "Fae Flight": 5.324938102962521,
    "Forensic Gadgeteer": 2.638778220451527,
    "Forensic Researcher": 4.914149586479684,
    "Furtive Courier": 4.7969190306218294,
    "Hotshot Investigators": 6.773720349563046,
    "Intrude on the Mind": 1.976629766297663,
    "Jaded Analyst": 6.7020168213963505,
    "Living Conundrum": 6.9257879656160455,
    "Lost in the Maze": 3.0152190051967334,
    "Mistway Spy": 4.250975429716335,
    "Out Cold": 5.742425699721073,
    "Proft's Eidetic Memory": 2.5059687786960514,
    "Projektor Inspector": 5.001215718525405,
    "Reasonable Doubt": 6.324996957527078,
    "Reenact the Crime": 5.101844583987441,
    "Steamcore Scholar": 1.9382644146767618,
    "Unauthorized Exit": 6.291656684235745,
    "Agency Coroner": 7.7400901904019594,
    "Alley Assailant": 6.35413901291179,
    "Barbed Servitor": 2.436693741041567,
    "Basilica Stalker": 6.135529556650246,
    "Case of the Stashed Skeleton": 2.163381742738589,
    "Cerebral Confiscation": 7.5013172431375885,
    "Deadly Cover-Up": 2.138580931263858,
    "Extract a Confession": 4.783136094674556,
    "Festerleech": 5.563934426229508,
    "Homicide Investigator": 1.9249855741488748,
    "Hunted Bonebrute": 2.1292735042735043,
    "Illicit Masquerade": 4.065840220385675,
    "It Doesn't Add Up": 6.270180326600109,
    "Lead Pipe": 6.725497340231728,
    "Leering Onlooker": 3.38537032190526,
    "Long Goodbye": 2.8905596031623,
    "Macabre Reconstruction": 6.859776878040255,
    "Massacre Girl, Known Killer": 1.3903654485049834,
    "Murder": 3.631410416770901,
    "Nightdrinker Moroii": 4.44146068558641,
    "Outrageous Robbery": 2.557213930348259,
    "Persuasive Interrogators": 5.703387043735614,
    "Polygraph Orb": 6.795871559633028,
    "Presumed Dead": 5.825187072122273,
    "Repeat Offender": 6.306925275126162,
    "Rot Farm Mortipede": 7.118697060997101,
    "Slice from the Shadows": 4.343428548010327,
    "Slimy Dualleech": 4.921513533764166,
    "Snarling Gorehound": 5.871928874159523,
    "Soul Enervation": 3.451376146788991,
    "Toxin Analysis": 6.770768690357707,
    "Undercity Eliminator": 3.6951917224589166,
    "Unscrupulous Agent": 5.154430997802811,
    "Vein Ripper": 1.5122302158273382,
    "Anzrag's Rampage": 5.714363143631436,
    "Bolrac-Clan Basher": 3.948298572996707,
    "Case of the Burning Masks": 3.412774451097804,
    "Case of the Crimson Pulse": 2.9662447257383966,
    "Caught Red-Handed": 7.127879213483146,
    "The Chase Is On": 6.481573060167197,
    "Concealed Weapon": 5.099670081611391,
    "Connecting the Dots": 4.145040145040145,
    "Convenient Target": 5.866729977841089,
    "Cornered Crook": 4.371855185109429,
    "Crime Novelist": 5.30659253375695,
    "Demand Answers": 6.787510161421437,
    "Expedited Inheritance": 5.266747868453106,
    "Expose the Culprit": 7.0866187050359715,
    "Felonious Rage": 6.6690471992006115,
    "Frantic Scapegoat": 4.684486873508353,
    "Fugitive Codebreaker": 2.074054054054054,
    "Galvanize": 3.1406782501815744,
    "Gearbane Orangutan": 5.54064587973274,
    "Goblin Maskmaker": 6.575903250188964,
    "Harried Dronesmith": 3.414091635588705,
    "Incinerator of the Guilty": 1.243083003952569,
    "Innocent Bystander": 6.013820816463211,
    "Knife": 6.3662401428358875,
    "Krenko, Baron of Tin Street": 1.7232496697490092,
    "Krenko's Buzzcrusher": 1.8775391758560651,
    "Lamplight Phoenix": 1.736164736164736,
    "Offender at Large": 6.3091256569517435,
    "Person of Interest": 4.625704622322435,
    "Pyrotechnic Performer": 1.7850348763474952,
    "Reckless Detective": 3.3876991381561767,
    "Red Herring": 4.823597875900196,
    "Rubblebelt Braggart": 7.055156357783399,
    "Shock": 3.2757912930755104,
    "Suspicious Detonation": 5.6323834444905385,
    "Vengeful Tracker": 4.273713546332239,
    "Aftermath Analyst": 5.582927835051547,