{
    "Banishing Light": 3.1390803299062253,
    "Beza, the Bounding Spring": null,
    "Brave-Kin Duo": 5.863488,
    "Brightblade Stoat": 2.8985417313062363,
    "Builder's Talent": 5.524661340743314,
    "Caretaker's Talent": 2.821966341895483,
    "Carrot Cake": 4.995488940628638,
    "Crumb and Get It": 5.342245259855408,
    "Dawn's Truce": 3.9619565217391304,
    "Dewdrop Cure": 5.58948984814878,
    "Driftgloom Coyote": 2.922356495468278,
    "Essence Channeler": 2.1642778390297686,
    "Feather of Flight": 4.570595099183198,
    "Flowerfoot Swordmaster": 4.289889586490582,
    "Harvestrite Host": 3.6756962025316455,
    "Hop to It": 3.7147766323024056,
    "Intrepid Rabbit": 4.0612388138269875,
    "Jackdaw Savior": 2.0059880239520957,
    "Jolly Gerbils": 4.6168004699432155,
    "Lifecreed Duo": 4.677583640209982,
    "Mabel's Mettle": 4.445733385764845,
    "Mouse Trapper": 4.5898039215686275,
    "Nettle Guard": 5.1456077840208305,
    "Parting Gust": 4.008344312692139,
    "Pileated Provisioner": 6.0936859750419075,
    "Rabbit Response": 6.226123159137513,
    "Repel Calamity": 3.6964666824756938,
    "Salvation Swan": 1.845223700120919,
    "Season of the Burrow": null,
    "Seasoned Warrenguard": 5.0007249003262055,
    "Shrike Force": 3.693061840120664,
    "Sonar Strike": 4.501462797501384,
    "Star Charter": 3.9438951483099562,
    "Starfall Invocation": 1.9696969696969697,
    "Thistledown Players": 5.872788542544229,
    "Valley Questcaller": 1.6557142857142857,
    "Warren Elder": 4.8675506555423125,
    "Warren Warleader": null,
    "Wax-Wane Witness": 5.912386121341346,
    "Whiskervale Forerunner": 1.9125615763546797,
    "Azure Beastbinder": 2.794642857142857,
    "Bellowing Crier": 6.7985804604556845,
    "Calamitous Tide": 5.862700964630225,
    "Daring Waverider": 5.096439434603686,
    "Dazzling Denial": 6.385790969371645,
    "Dire Downdraft": 6.243752712841818,
    "Dour Port-Mage": 2.679295154185022,
    "Eddymurk Crab": 4.885261194029851,
    "Eluge, the Shoreless Sea": 3.0842696629213484,
    "Finch Formation": 6.619665477801009,
    "Gossip's Talent": 5.924162836506894,
    "Into the Flood Maw": 5.670144063586687,
    "Kitnap": 2.6966783216783217,
    "Kitsa, Otterball Elite": null,
    "Knightfisher": 4.8180933852140075,
    "Lightshell Duo": 6.874293196833522,
    "Long River Lurker": 4.4166834982831755,
    "Long River's Pull": 6.138425196850394,
    "Mind Spiral": 7.253376804843969,
    "Mindwhisker": 4.941959334565619,
    "Mockingbird": 2.493690851735016,
    "Nightwhorl Hermit": 7.687743905887676,
    "Otterball Antics": 5.614534783359226,
    "Pearl of Wisdom": 6.714614778444566,
    "Plumecreed Escort": 4.172209277695403,
    "Portent of Calamity": 4.787045252883762,
    "Run Away Together": 6.8460840091998545,
    "Season of Weaving": null,
    "Shore Up": 6.6079483115933195,
    "Shoreline Looter": 4.202249669166299,
    "Skyskipper Duo": 6.67590539541759,
    "Spellgyre": 5.741501067498768,
    "Splash Lasher": 4.246593121349773,
    "Splash Portal": 5.486928655759825,
    "Stormchaser's Talent": 3.0782997762863533,
    "Sugar Coat": 4.792657004830918,
    "Thought Shucker": 7.398903002309469,
    "Thundertrap Trainer": 3.282876712328767,
    "Valley Floodcaller": 2.811320754716981,
    "Waterspout Warden": 7.336894001643385,
    "Wishing Well": 5.453897902651366,
    "Agate-Blade Assassin": 5.644442949407965,
    "Bandit's Talent": 4.737230646448523,
    "Bonebind Orator": 5.536250250116721,
    "Bonecache Overseer": 5.37722656900283,
    "Coiling Rebirth": 3.2080217539089055,
    "Consumed by Greed": 3.409387222946545,
    "Cruelclaw's Heist": 3.3695090439276485,
    "Daggerfang Duo": 5.603450599811295,
    "Darkstar Augur": 2.239733629300777,
    "Diresight": 6.593632847366855,
    "Downwind Ambusher": 3.8042820572492437,
    "Early Winter": 5.6633932718465925,
    "Feed the Cycle": 2.7258010118043843,
    "Fell": 2.304331590739358,
    "Glidedive Duo": 5.419817997977756,
    "Hazel's Nocturne": 4.8101289134438305,
    "Huskburster Swarm": 4.3341463414634145,
    "Iridescent Vinelasher": 2.1366594360086766,
    "Maha, Its Feathers Night": null,
    "Moonstone Harbinger": 4.081835895215415,
    "Nocturnal Hunger": 3.646695430476564,
    "Osteomancer Adept": 2.1154273029966704,
    "Persistent Marshstalker": 4.744636808430561,
    "Psychic Whorl": 7.210659460702582,
    "Ravine Raider": 6.599472748451965,
    "Rottenmouth Viper": null,
    "Ruthless Negotiation": 5.739123402878861,
    "Savor": 3.9283122400212407,
    "Scales of Shale": 6.57762877171594,
    "Scavenger's Talent": 3.3977669225401255,
    "Season of Loss": null,
    "Sinister Monolith": 4.778925224708357,
    "Stargaze": 6.360048389535763,
    "Starlit Soothsayer": 6.147335423197492,
    "Starscape Cleric": 3.819713758079409,
    "Thornplate Intimidator": 5.913594016533263,
    "Thought-Stalker Warlock": 3.091404011461318,
    "Valley Rotcaller": 1.9605263157894737,
    "Wick, the Whorled Mind": 2.8679245283018866,
    "Wick's Patrol": 3.6114762386248738,
    "Agate Assault": 4.40249433106576,
    "Alania's Pathmaker": 6.290529995630189,
    "Artist's Talent": 4.685253456221198,
    "Blacksmith's Talent": 4.966472028630627,
    "Blooming Blast": 3.911857529305681,
    "Brambleguard Captain": 4.262886597938144,
    "Brazen Collector": 3.917652516817444,
    "Byway Barterer": 2.4582542694497156,
    "Coruscation Mage": 4.330338040222507,
    "Conduct Electricity": 6.4278136812583835,
    "Emberheart Challenger": 2.2145289443813847,
    "Festival of Embers": 5.248685806712495,
    "Flamecache Gecko": 4.74118558698179,
    "Dragonhawk, Fate's Tempest": null,
    "Frilled Sparkshooter": 6.562985811227637,
    "Harnesser of Storms": 5.499744158280744,
    "Heartfire Hero": 3.8838479809976247,
    "Hearthborn Battler": 2.4867337602927724,
    "Hired Claw": 2.5036764705882355,
    "Hoarder's Overflow": 6.990808559528939,
    "Kindlespark Duo": 6.312190535882168,
    "Manifold Mouse": 2.268625393494229,
    "Might of the Meek": 6.501578819528783,
    "Playful Shove": 5.112553342816501,
    "Quaketusk Boar": 3.574193548387097,
    "Rabid Gnaw": 3.2988627347262627,
    "Raccoon Rallier": 6.255696675382891,
    "Reptilian Recruiter": 5.458672673713394,
    "Roughshod Duo": 5.922195611366432,
    "Sazacap's Brew": 6.896118386282224,
    "Season of the Bold": null,
    "Steampath Charger": 6.108478012926119,
    "Stormsplitter": 3.367706919945726,
    "Sunspine Lynx": 3.0031225604996097,
    "Take Out the Trash": 3.913926587120867,
    "Teapot Slinger": 4.496341463414634,
    "Valley Flamecaller": 2.065352697095436,
    "War Squeak": 7.181754508842585,
    "Whiskerquill Scribe": 6.753952509768561,
    "Wildfire Howl": 5.746455923089457,
    "Bakersbane Duo": 4.348450193232905,
    "Valley Rally": 6.035476718403547,
    "Bark-Knuckle Boxer": 4.103232533889468,
    "Brambleguard Veteran": 3.9293246578415975,
    "Bushy Bodyguard": 3.682514285714286,
    "Cache Grab": 5.899581859118688,
    "Clifftop Lookout": 3.9662041181736796,
    "Curious Forager": 4.033949945593036,
    "Druid of the Spade": 6.30121648611027,
    "Fecund Greenshell": 1.7287157287157287,
    "For the Common Good": 4.507199256850906,
    "Galewind Moose": 2.8809738503155997,
    "Hazardroot Herbalist": 5.165521978021978,
    "Heaped Harvest": 5.582028908279491,
    "High Stride": 6.882532060666393,
    "Hivespine Wolverine": 3.1568296795952784,
    "Honored Dreyleader": 4.585751450870522,
    "Hunter's Talent": 2.326454808089146,
    "Innkeeper's Talent": 1.5399698340874812,
    "Keen-Eyed Curator": 1.980952380952381,
    "Longstalk Brawl": 4.138230581091339,
    "Lumra, Bellow of the Woods": null,
    "Mistbreath Elder": 2.6104014598540144,
    "Overprotect": 3.6787129867101886,
    "Pawpatch Formation": 4.9006529027704255,
    "Pawpatch Recruit": 1.8297101449275361,
    "Peerless Recycling": 5.77753476019372,
    "Polliwallop": 4.368309052218039,