{
    "Abuelo's Awakening": 4.587384128419624,
    "Acrobatic Leap": 8.542882352941177,
    "Adaptive Gemguard": 5.636524061620642,
    "Attentive Sunscribe": 5.670286918463284,
    "Bat Colony": 6.585722610722611,
    "Clay-Fired Bricks": 2.9849760159290435,
    "Cosmium Blast": 5.460730919933956,
    "Dauntless Dismantler": 5.818666666666667,
    "Deconstruction Hammer": 6.844745122718691,
    "Dusk Rose Reliquary": 3.253888103413452,
    "Envoy of Okinec Ahau": 6.644076186376843,
    "Fabrication Foundry": 5.112338858195212,
    "Family Reunion": 8.452766277756869,
    "Get Lost": 2.6792150580696834,
    "Glorifier of Suffering": 5.900832929558616,
    "Guardian of the Great Door": 3.279350158373352,
    "Helping Hand": 6.232927042631364,
    "Ironpaw Aspirant": 5.231222127574284,
    "Kinjalli's Dawnrunner": 3.5240062425410814,
    "Kutzil's Flanker": 2.157769304099142,
    "Malamet War Scribe": 4.50237933378654,
    "Market Gnome": 4.421060481765978,
    "Might of the Ancestors": 6.2806277816818925,
    "Miner's Guidewing": 4.338846108972115,
    "Mischievous Pup": 4.728389032303077,
    "Ojer Taq, Deepest Foundation": 1.548291233283804,
    "Oltec Archaeologists": 7.433097294421023,
    "Oltec Cloud Guard": 3.4662413034858153,
    "Oteclan Landmark": 7.019189858029783,
    "Petrify": 3.4995249656919665,
    "Quicksand Whirlpool": 5.200348866184899,
    "Resplendent Angel": 1.3661740558292284,
    "Ruin-Lurker Bat": 3.129863301787592,
    "Sanguine Evangelist": 1.6168478260869565,
    "Soaring Sandwing": 5.999820948970457,
    "Spring-Loaded Sawblades": 2.593811242908716,
    "Thousand Moons Crackshot": 7.772058380678967,
    "Thousand Moons Infantry": 7.981246618981787,
    "Thousand Moons Smithy": 1.4977645305514158,
    "Tinker's Tote": 4.186459423105664,
    "Unstable Glyphbridge": 1.631722260040844,
    "Vanguard of the Rose": 4.541690709751875,
    "Warden of the Inner Sky": 1.6962822936357909,
    "Akal Pakal, First Among Equals": 1.7976945244956772,
    "Ancestral Reminiscence": 8.533122346280862,
    "Brackish Blunder": 6.066530584778269,
    "Braided Net": 2.4127775260534663,
    "Chart a Course": 4.400635342789598,
    "Cogwork Wrestler": 5.929014757942164,
    "Confounding Riddle": 5.3325296618234885,
    "Council of Echoes": 5.106883081896552,
    "Didact Echo": 7.662606180358925,
    "Eaten by Piranhas": 4.39927486970315,
    "The Enigma Jewel": 4.5016211208893,
    "The Everflowing Well": 2.6325229174970106,
    "Frilled Cave-Wurm": 8.645176489065138,
    "Hermitic Nautilus": 4.628104481872681,
    "Hurl into History": 6.971913176265271,
    "Inverted Iceberg": 5.247865238317032,
    "Kitesail Larcenist": 1.653259361997226,
    "Lodestone Needle": 3.6557903382363923,
    "Malcolm, Alluring Scoundrel": 1.6218601493550577,
    "Marauding Brinefang": 7.0047878901921425,
    "Merfolk Cave-Diver": 6.182849556454046,
    "Oaken Siren": 4.441499465748546,
    "Ojer Pakpatiq, Deepest Epoch": 1.4251497005988023,
    "Orazca Puzzle-Door": 7.411420413990007,
    "Out of Air": 8.326611379591512,
    "Pirate Hat": 7.865713359799076,
    "Relic's Roar": 9.324900158970184,
    "River Herald Scout": 5.413477273282369,
    "Sage of Days": 8.004543543964292,
    "Self-Reflection": 7.170607300355985,
    "Shipwreck Sentry": 7.048718927632137,
    "Sinuous Benthisaur": 6.632560989194609,
    "Song of Stupefaction": 8.894457708716583,
    "Spyglass Siren": 2.7622710622710622,
    "Staunch Crewmate": 3.7183828610919143,
    "Tishana's Tidebinder": 2.2425281724644783,
    "Unlucky Drop": 7.698821870909274,
    "Waterlogged Hulk": 7.262173606210303,
    "Waterwind Scout": 3.4034630422640104,
    "Waylaying Pirates": 6.146743536618323,
    "Zoetic Glyph": 3.0199884459849797,
    "Abyssal Gorestalker": 6.44783989114412,
    "Aclazotz, Deepest Betrayal": 1.21280276816609,
    "Another Chance": 6.5455143671857865,
    "Bitter Triumph": 2.6714589323665456,
    "Bloodthorn Flail": 7.974979575163399,
    "Bringer of the Last Gift": 2.652618135376756,
    "Broodrage Mycoid": 6.459490922116009,
    "Canonized in Blood": 6.2313388271826105,
    "Chupacabra Echo": 2.491540864133264,
    "Corpses of the Lost": 2.2161354581673307,
    "Dead Weight": 4.413535377220236,
    "Deathcap Marionette": 5.417082708246231,
    "Deep Goblin Skulltaker": 6.582924023186867,
    "Deep-Cavern Bat": 2.867801352296573,
    "Echo of Dusk": 5.922399445214979,
    "Fanatical Offering": 6.642749944824542,
    "Gargantuan Leech": 6.449664044104979,
    "Grasping Shadows": 5.127590273487955,
    "Greedy Freebooter": 7.02214282657995,
    "Join the Dead": 3.340447543873094,
    "Malicious Eclipse": 6.576384102917528,
    "Mephitic Draught": 7.212931034482758,
    "Preacher of the Schism": 1.5544077134986225,
    "Primordial Gnawer": 7.7888546910988365,
    "Queen's Bay Paladin": 3.1053740779768177,
    "Rampaging Spiketail": 5.945431414421373,
    "Ray of Ruin": 6.314658257291107,
    "Screaming Phantom": 6.71997360316762,
    "Skullcap Snail": 5.427346626145826,
    "Soulcoil Viper": 4.442095794917922,
    "Stalactite Stalker": 2.0966057441253265,
    "Starving Revenant": 1.8945558739255015,
    "Stinging Cave Crawler": 3.7101590969691585,
    "Synapse Necromage": 4.847638011535293,
    "Tarrian's Journal": 2.211037301992846,
    "Terror Tide": 2.174366616989568,
    "Tithing Blade": 4.767322667421776,
    "Visage of Dread": 4.247803274543271,
    "Vito's Inquisitor": 7.745790934320074,
    "Abrade": 2.67671651775049,
    "Ancestors' Aid": 7.191768299017266,
    "Belligerent Yearling": 3.034070080862534,
    "Bonehoard Dracosaur": 1.1295938104448742,
    "Brass's Tunnel-Grinder": 2.3402868318122554,
    "Brazen Blademaster": 6.896265204728456,
    "Breeches, Eager Pillager": 1.3815987933634992,
    "Burning Sun Cavalry": 6.640031233732431,
    "Calamitous Cave-In": 7.118168152045528,
    "Child of the Volcano": 7.869327011196558,
    "Curator of Sun's Creation": 5.643574360593622,
    "Daring Discovery": 8.506044193257193,
    "Diamond Pick-Axe": 3.6732444444444443,
    "Dinotomaton": 5.26290282902829,
    "Dire Flail": 2.041838842975207,
    "Dowsing Device": 5.41730789501423,
    "Dreadmaw's Ire": 3.625619619097313,
    "Enterprising Scallywag": 3.9062957540263543,
    "Etali's Favor": 5.2749807544264815,
    "Geological Appraiser": 2.603672131147541,
    "Goblin Tomb Raider": 5.726920425096883,
    "Goldfury Strider": 6.141163055872292,
    "Hit the Mother Lode": 5.556340647080699,
    "Hotfoot Gnome": 7.406013034389474,
    "Idol of the Deep King": 5.10963032239628,
    "Inti, Seneschal of the Sun": 1.4586628324946083,
    "Magmatic Galleon": 1.552901023890785,
    "Ojer Axonil, Deepest Might": 1.5800273597811219,
    "Panicked Altisaur": 5.568520801605144,
    "Plundering Pirate": 4.450367442378354,
    "Poetic Ingenuity": 2.0265486725663715,
    "Rampaging Ceratops": 4.575516224188791,
    "Rumbling Rockslide": 4.978712986109321,
    "Saheeli's Lattice": 4.712106926959126,
    "Scytheclaw Raptor": 2.9663295921769084,
    "Seismic Monstrosaur": 5.67034173460092,
    "Sunfire Torch": 5.6962888100218585,
    "Sunshot Militia": 5.769696686232782,
    "Tectonic Hazard": 9.314154667905248,
    "Triumphant Chomp": 3.214358039692183,
    "Trumpeting Carnosaur": 1.28752107925801,
    "Volatile Wanderglyph": 5.134633634683582,
    "Zoyowa's Justice": 8.057371207493382,
    "Armored Kincaller": 5.274009452936444,
    "Basking Capybara": 7.585127996749289,
    "Bedrock Tortoise": 1.8264411027568923,
    "Cavern Stomper": 5.736441347604338,
    "Cenote Scout": 3.873395995096036,
    "Coati Scavenger": 4.6238636363636365,
    "Colossadactyl": 3.052198975234842,
    "Disturbed Slumber": 9.212234999608855,
    "Earthshaker Dreadmaw": 3.4294338875692794,
    "Explorer's Cache": 5.532388916625062,
    "Ghalta, Stampede Tyrant": 2.2033398821218073,
    "Glimpse the Core": 6.117074034714842,
    "Glowcap Lantern": 6.1429766385851705,
    "Growing Rites of Itlimoc": 3.921883812746757,