{
    "Another Round": 5.664548919949174,
    "Archangel of Tithes": null,
    "Armored Armadillo": 7.628200155159038,
    "Aven Interrupter": null,
    "Bounding Felidar": 4.730148048452221,
    "Bovine Intervention": 6.017887087758524,
    "Bridled Bighorn": 6.140266550142014,
    "Claim Jumper": null,
    "Dust Animus": null,
    "Eriette's Lullaby": 5.6370607028754,
    "Final Showdown": null,
    "Fortune, Loyal Steed": null,
    "Frontier Seeker": 3.890937019969278,
    "Getaway Glamer": 4.721494102228047,
    "High Noon": 4.926040061633282,
    "Holy Cow": 4.708501006036217,
    "Inventive Wingsmith": 7.072792362768497,
    "Lassoed by the Law": 2.9589322381930185,
    "Mystical Tether": 4.183078255847531,
    "Nurturing Pixie": 5.390778097982709,
    "Omenport Vigilante": 4.5462525320729235,
    "One Last Job": null,
    "Outlaw Medic": 5.692137320044297,
    "Prairie Dog": 3.190978886756238,
    "Prosperity Tycoon": 4.183041722745626,
    "Requisition Raid": 5.177738927738928,
    "Rustler Rampage": 6.513333333333334,
    "Shepherd of the Clouds": 3.3767857142857145,
    "Sheriff of Safe Passage": 4.914209115281501,
    "Stagecoach Security": 6.6889391447368425,
    "Steer Clear": 6.500712685807371,
    "Sterling Keykeeper": 6.402969894222945,
    "Sterling Supplier": 6.862791617240016,
    "Take Up the Shield": 6.067874245263377,
    "Thunder Lasso": 5.878804347826087,
    "Trained Arynx": 5.642388451443569,
    "Vengeful Townsfolk": 6.161541701769166,
    "Wanted Griffin": 6.518630412890231,
    "Archmage's Newt": null,
    "Canyon Crab": 5.256410256410256,
    "Daring Thunder-Thief": 7.357185097575399,
    "Deepmuck Desperado": 5.594451003541913,
    "Djinn of Fool's Fall": 7.0266372922090925,
    "Double Down": null,
    "Duelist of the Mind": null,
    "Emergent Haunting": 5.172215843857635,
    "Failed Fording": 7.155726394638281,
    "Fblthp, Lost on the Range": null,
    "Fleeting Reflection": 7.170984455958549,
    "Geralf, the Fleshwright": null,
    "Geyser Drake": 5.78691053327457,
    "Harrier Strix": 6.860325105358218,
    "Jailbreak Scheme": 7.149253731343284,
    "The Key to the Vault": 4.215909090909091,
    "Loan Shark": 5.542482155192263,
    "Marauding Sphinx": 3.625318606627018,
    "Metamorphic Blast": 5.020833333333333,
    "Nimble Brigand": 4.483894058697208,
    "Outlaw Stitcher": 3.602654867256637,
    "Peerless Ropemaster": 7.649143077219334,
    "Phantom Interference": 5.856182795698925,
    "Plan the Heist": 5.765711135611907,
    "Razzle-Dazzler": 6.3871773522064945,
    "Seize the Secrets": 6.802923976608187,
    "Shackle Slinger": 5.6266891891891895,
    "Shifting Grift": 6.885756676557864,
    "Slickshot Lockpicker": 3.9412662090007626,
    "Slickshot Vault-Buster": 7.838166510757717,
    "Spring Splasher": 7.605852317360566,
    "Step Between Worlds": 5.693349753694581,
    "Stoic Sphinx": null,
    "Stop Cold": 6.6905438311688314,
    "Take the Fall": 6.859517214087851,
    "This Town Ain't Big Enough": 5.651594202898551,
    "Three Steps Ahead": null,
    "Visage Bandit": 5.047647409172126,
    "Ambush Gigapede": 7.310047846889952,
    "Binding Negotiation": 6.074034334763948,
    "Blacksnag Buzzard": 6.494365908625282,
    "Blood Hustler": 3.369150779896014,
    "Boneyard Desecrator": 6.938812600969305,
    "Caustic Bronco": null,
    "Consuming Ashes": 4.483959418700302,
    "Corrupted Conviction": 7.581800766283525,
    "Desert's Due": 4.885559921414538,
    "Desperate Bloodseeker": 5.445996895098691,
    "Fake Your Own Death": 7.377261998426436,
    "Forsaken Miner": 4.425820256776034,
    "Gisa, the Hellraiser": null,
    "Hollow Marauder": 4.148982558139535,
    "Insatiable Avarice": null,
    "Kaervek, the Punisher": null,
    "Lively Dirge": 5.633257403189066,
    "Mourner's Surprise": 6.680241935483871,
    "Neutralize the Guards": 6.920099255583127,
    "Nezumi Linkbreaker": 6.6912423625254585,
    "Overzealous Muscle": 7.420023014959724,
    "Pitiless Carnage": 5.3189326556543834,
    "Rakish Crew": 4.926543209876543,
    "Rattleback Apothecary": 3.9266198282591724,
    "Raven of Fell Omens": 5.316682375117813,
    "Rictus Robber": 4.172489082969432,
    "Rooftop Assassin": 5.809195912927588,
    "Rush of Dread": null,
    "Servant of the Stinger": 4.020558002936857,
    "Shoot the Sheriff": 3.4476987447698746,
    "Skulduggery": 6.18170504044804,
    "Tinybones Joins Up": 4.396351575456053,
    "Tinybones, the Pickpocket": null,
    "Treasure Dredger": 4.862340812613705,
    "Unfortunate Accident": 3.493453355155483,
    "Unscrupulous Contractor": 4.353101567825494,
    "Vadmir, New Blood": null,
    "Vault Plunderer": 4.989233850776165,
    "Brimstone Roundup": 5.451294697903823,
    "Calamity, Galloping Inferno": null,
    "Caught in the Crossfire": 5.562219730941704,
    "Cunning Coyote": 4.0376383763837635,
    "Deadeye Duelist": 5.712893221089942,
    "Demonic Ruckus": 5.406868451688009,
    "Discerning Peddler": 6.036862408915559,
    "Explosive Derailment": 4.353794642857143,
    "Ferocification": 6.058570660934981,
    "Gila Courser": 4.513639387890885,
    "Great Train Heist": null,
    "Hell to Pay": null,
    "Hellspur Brute": 4.258840169731259,
    "Hellspur Posse Boss": null,
    "Highway Robbery": 7.059727971614429,
    "Irascible Wolverine": 5.731055628558914,
    "Iron-Fist Pulverizer": 6.910821643286573,
    "Longhorn Sharpshooter": 3.026112185686654,
    "Magda, the Hoardmaster": null,
    "Magebane Lizard": 6.442043222003929,
    "Mine Raider": 5.875514180558563,
    "Outlaws' Fury": 7.746307237813885,
    "Prickly Pair": 4.706891998943755,
    "Quick Draw": 7.604938271604938,
    "Quilled Charger": 6.920181577454133,
    "Reckless Lackey": 5.856986660835338,
    "Resilient Roadrunner": 4.920953575909661,
    "Return the Favor": 5.955371043072133,
    "Rodeo Pyromancers": 6.674663908996898,
    "Scalestorm Summoner": 3.9154704944178627,
    "Scorching Shot": 3.6307435254803675,
    "Slickshot Show-Off": null,
    "Stingerback Terror": null,
    "Take for a Ride": 6.332980412916887,
    "Terror of the Peaks": null,
    "Thunder Salvo": 4.922643442622951,
    "Trick Shot": 6.749691230959242,
    "Aloe Alchemist": 3.3709964412811386,
    "Ankle Biter": 6.070205117360964,
    "Beastbond Outcaster": 3.4250814332247557,
    "Betrayal at the Vault": 5.48964745383324,
    "Bristlepack Sentry": 6.260995850622407,
    "Bristly Bill, Spine Sower": null,
    "Cactarantula": 5.08625730994152,
    "Colossal Rattlewurm": null,
    "Dance of the Tumbleweeds": 5.324102323398264,
    "Drover Grizzly": 5.9002401222440515,
    "Freestrider Commando": 5.334812047630166,
    "Freestrider Lookout": null,
    "Full Steam Ahead": 6.301204819277109,
    "Giant Beaver": 4.910415671285237,
    "Gold Rush": 5.972840847365562,
    "Goldvein Hydra": null,
    "Hardbristle Bandit": 4.066439522998296,
    "Intrepid Stablemaster": 3.098391674550615,
    "Map the Frontier": 6.125206839492554,
    "Ornery Tumblewagg": null,
    "Outcaster Greenblade": 3.350128095644748,
    "Outcaster Trailblazer": null,
    "Patient Naturalist": 5.347628772407534,
    "Railway Brawler": null,
    "Rambling Possum": 4.227019498607242,
    "Raucous Entertainer": 4.221917808219178,
    "Reach for the Sky": 7.6262088020524965,
    "Rise of the Varmints": 5.292727272727273,
    "Smuggler's Surprise": null,
    "Snakeskin Veil": 6.124162479061977,
    "Spinewoods Armadillo": 2.894637817497648,
    "Spinewoods Paladin": 4.866700456158135,
    "Stubborn Burrowfiend": 4.038516405135521,
    "Throw from the Saddle": 4.580130718954249,
    "Trash the Town": 3.9877675840978593,
    "Tumbleweed Rising": 6.641471705658868,
    "Voracious Varmint": 5.845580404685836,
    "Akul the Unrepentant": null,
    "Annie Flash, the Veteran": null,
    "Annie Joins Up": 4.655068078668684,
    "Assimilation Aegis": null,
    "At Knifepoint": 4.944805194805195,
    "Badlands Revival": 5.462585034013605,
    "Baron Bertram Graywater": 5.200986436498151,