{
    "Air Response Unit": 5.221106968741038,
    "Alacrian Armory": 5.830520199225235,
    "Basri, Tomorrow's Champion": 2.340874811463047,
    "Brightfield Glider": 7.075096605987244,
    "Brightfield Mustang": 6.963672578962345,
    "Broadcast Rambler": 6.35379746835443,
    "Bulwark Ox": 2.0582995951417002,
    "Canyon Vaulter": 3.800395256916996,
    "Cloudspire Captain": 3.661599210266535,
    "Collision Course": 5.286027998902004,
    "Daring Mechanic": 6.753349282296651,
    "Detention Chariot": 3.4919452275473217,
    "Gallant Strike": 3.6812665908229047,
    "Gloryheath Lynx": 2.887775061124694,
    "Guardian Sunmare": 1.9,
    "Guidelight Synergist": 4.581387808041504,
    "Interface Ace": 6.618475274725275,
    "Leonin Surveyor": 5.54563117275622,
    "Lightshield Parry": 7.6902074503680575,
    "Lightwheel Enhancements": 7.719950547186227,
    "Lotusguard Disciple": 6.246244767298695,
    "Nesting Bot": 4.238033425279896,
    "Perilous Snare": 1.5967213114754097,
    "Pride of the Road": 4.365650969529086,
    "Ride's End": 4.031375259156876,
    "Roadside Assistance": 5.362870383373122,
    "Salvation Engine": null,
    "Skyseer's Chariot": 3.0547045951859957,
    "Spectacular Pileup": 2.3531202435312024,
    "Spotcycle Scouter": 7.168550825773436,
    "Sundial, Dawn Tyrant": 4.056568088033012,
    "Swiftwing Assailant": 7.015812865497076,
    "Tune Up": 5.849432929213923,
    "Unswerving Sloth": 4.529028049575995,
    "Valor's Flagship": 1.75,
    "Voyager Glidecar": 2.397694524495677,
    "Voyager Quickwelder": 6.123790012804097,
    "Aether Syphon": 5.017902813299233,
    "Bounce Off": 6.085927399303829,
    "Caelorna, Coral Tyrant": 6.6434163701067614,
    "Diversion Unit": 3.4582115721800117,
    "Flood the Engine": 4.356239621918508,
    "Gearseeker Serpent": 6.267602828403546,
    "Glitch Ghost Surveyor": 7.053392399160644,
    "Guidelight Optimizer": 5.8885142039648475,
    "Howler's Heavy": 6.596133089304988,
    "Hulldrifter": 5.574709027996225,
    "Keen Buccaneer": 5.567861748774826,
    "Memory Guardian": 3.719334330590875,
    "Midnight Mangler": 6.051888894390256,
    "Mindspring Merfolk": 2.680128205128205,
    "Mu Yanling, Wind Rider": null,
    "Nimble Thopterist": 5.537899211945251,
    "Possession Engine": 1.8658892128279883,
    "Rangers' Refueler": 3.098547964770293,
    "Repurposing Bay": 5.308453237410072,
    "Riverchurn Monument": 3.4769853313100656,
    "Roadside Blowout": 4.112828182120306,
    "Sabotage Strategist": 3.6222439024390245,
    "Scrounging Skyray": 3.9336944340679865,
    "Skystreak Engineer": 5.344698409251317,
    "Slick Imitator": 5.472948007389813,
    "Spectral Interference": 6.289748644652538,
    "Spell Pierce": 7.414478040167733,
    "Spikeshell Harrier": 2.873475245156661,
    "Stall Out": 7.223748501889924,
    "Stock Up": 4.18613927206249,
    "Thopter Fabricator": 1.941286113699907,
    "Trade the Helm": 5.678913528408345,
    "Transit Mage": 3.695871473939847,
    "Trip Up": 6.43874480584611,
    "Unstoppable Plan": 5.509335782063054,
    "Vnwxt, Verbose Host": 2.815607300188798,
    "Waxen Shapethief": 2.7350119904076737,
    "Ancient Vendetta": 8.639046653144016,
    "Back on Track": 4.232490272373541,
    "Bloodghast": 3.715909090909091,
    "Carrion Cruiser": 3.743150684931507,
    "Chitin Gravestalker": 6.184718682611253,
    "Cryptcaller Chariot": 2.4675324675324677,
    "Cursecloth Wrappings": 2.2972367438386856,
    "Deathless Pilot": 5.943177250803859,
    "Demonic Junker": 1.8934426229508197,
    "Engine Rat": 5.40132535962502,
    "Gas Guzzler": 2.6020408163265305,
    "Gastal Raider": 4.034298517752499,
    "Gonti, Night Minister": 1.8058645096056622,
    "Grim Bauble": 3.935240226589272,
    "Grim Javelineer": 6.856773161436033,
    "Hellish Sideswipe": 4.364909520062943,
    "Hour of Victory": 4.636419001218027,
    "Intimidation Tactics": 5.443207422133863,
    "Kalakscion, Hunger Tyrant": 6.179772532713709,
    "The Last Ride": 2.614247311827957,
    "Locust Spray": 5.826349474701123,
    "Maximum Overdrive": 6.336959172723282,
    "Momentum Breaker": 3.626011560693642,
    "Mutant Surveyor": 6.297390802940752,
    "Pactdoll Terror": 4.441887226697354,
    "Quag Feast": 2.326687116564417,
    "Ripclaw Wrangler": 7.181967138500751,
    "Risen Necroregent": 3.5115624371606677,
    "Risky Shortcut": 6.904770965133426,
    "Shefet Archfiend": 5.150974699294898,
    "The Speed Demon": null,
    "Spin Out": 3.091463414634146,
    "Streaking Oilgorger": 6.666971858134156,
    "Syphon Fuel": 5.992858938898667,
    "Wickerfolk Indomitable": 5.809814391050089,
    "Wreckage Wickerfolk": 4.595956583969466,
    "Wretched Doll": 4.271467697760593,
    "Adrenaline Jockey": 4.496311411081463,
    "Boommobile": 1.8018867924528301,
    "Burner Rocket": 6.821191743719062,
    "Burnout Bashtronaut": 2.078125,
    "Chandra, Spark Hunter": null,
    "Clamorous Ironclad": 6.598814229249012,
    "Count on Luck": 4.853748326639893,
    "Crash and Burn": 4.6851486332914645,
    "Daretti, Rocketeer Engineer": 3.513868613138686,
    "Draconautics Engineer": 1.6108048511576627,
    "Dracosaur Auxiliary": 3.634184068058778,
    "Dynamite Diver": 6.78862062331666,
    "Endrider Catalyzer": 5.976446155404721,
    "Endrider Spikespitter": 3.7126329539093113,
    "Fuel the Flames": 5.891784561926036,
    "Full Throttle": 5.042518662771827,
    "Gastal Blockbuster": 7.110121945564983,
    "Gastal Thrillroller": 2.202681388012618,
    "Gilded Ghoda": 5.739703544134995,
    "Goblin Surveyor": 6.816215705718468,
    "Greasewrench Goblin": 3.7857529305680795,
    "Hazoret, Godseeker": null,
    "Howlsquad Heavy": 1.7703777335984094,
    "Kickoff Celebrations": 6.906299654173287,
    "Lightning Strike": 3.21507432843606,
    "Magmakin Artillerist": 6.745056876434116,
    "Marauding Mako": 4.51097580515943,
    "Outpace Oblivion": 2.836739659367397,
    "Pacesetter Paragon": 4.748360166964818,
    "Pedal to the Metal": 7.708222332595837,
    "Prowcatcher Specialist": 5.930177757287024,
    "Push the Limit": 7.127863247863248,
    "Reckless Velocitaur": 5.812613312613313,
    "Road Rage": 3.267588198885909,
    "Skycrash": 4.280115181570949,
    "Spire Mechcycle": 4.362526112807328,
    "Thunderhead Gunner": 5.575719518576661,
    "Tyrox, Saurid Tyrant": 5.738182739830187,
    "Afterburner Expert": 1.6925373134328359,
    "Agonasaur Rex": 1.5689252336448598,
    "Alacrian Jaguar": 7.021409289770083,
    "Autarch Mammoth": 2.750693219057222,
    "Beastrider Vanguard": 5.175581713660005,
    "Bestow Greatness": 7.283894241746198,
    "Broken Wings": 5.950928183944657,
    "Defend the Rider": 4.21824686940966,
    "District Mascot": 2.0776071139854486,
    "Dredger's Insight": 5.324046524208818,
    "Earthrumbler": 3.4344143771947944,
    "Elvish Refueler": 2.933050447901933,
    "Fang Guardian": 3.851476342938456,
    "Fang-Druid Summoner": 4.320808335964635,
    "Greenbelt Guardian": 2.853429066600644,
    "Hazard of the Dunes": 3.7269989459418764,
    "Jibbirik Omnivore": 5.638439531859558,
    "Loxodon Surveyor": 5.941405679216794,
    "Lumbering Worldwagon": 1.5950323974082072,
    "March of the World Ooze": 1.820662768031189,
    "Migrating Ketradon": 4.45071947026614,
    "Molt Tender": 4.159410693593776,
    "Ooze Patrol": 5.036228783340465,
    "Oviya, Automech Artisan": 3.0656416321703133,
    "Plow Through": 3.253647811313212,
    "Point the Way": 6.879901673885052,
    "Pothole Mole": 4.965831043956044,
    "Regal Imperiosaur": 2.0680497925311205,
    "Rise from the Wreck": 5.146905805038335,
    "Run Over": 3.3316831683168315,
    "Silken Strength": 7.548466975822791,
    "Stampeding Scurryfoot": 3.954583507743826,
    "Terrian, World Tyrant": 3.8626203888787933,
    "Thunderous Velocipede": null,
    "Veloheart Bike": 5.32773691504104,
    "Venomsac Lagac": 4.542593369702057,
    "Webstrike Elite": 2.1366366366366365,
    "Aatchik, Emerald Radian": 2.4868055555555557,