{
    "Abuelo's Awakening": 4.3054794520547945,
    "Acrobatic Leap": 8.62468495452387,
    "Adaptive Gemguard": 5.737981945123849,
    "Attentive Sunscribe": 5.847199218584108,
    "Bat Colony": 6.496051444043322,
    "Clay-Fired Bricks": 3.1482769522605123,
    "Cosmium Blast": 5.450602968460111,
    "Dauntless Dismantler": 5.792533453277859,
    "Deconstruction Hammer": 7.094751113693589,
    "Dusk Rose Reliquary": 3.26983250506166,
    "Envoy of Okinec Ahau": 6.504296827271617,
    "Fabrication Foundry": 5.25923134890731,
    "Family Reunion": 8.331578557129088,
    "Get Lost": 2.6067240031274435,
    "Glorifier of Suffering": 5.830869126486202,
    "Guardian of the Great Door": 3.306176582038651,
    "Helping Hand": 6.160611020185488,
    "Ironpaw Aspirant": 5.376731301939058,
    "Kinjalli's Dawnrunner": 3.5483595352016404,
    "Kutzil's Flanker": 2.0367577756833177,
    "Malamet War Scribe": 4.390357246587278,
    "Market Gnome": 4.32181610508281,
    "Might of the Ancestors": 6.348368732209328,
    "Miner's Guidewing": 4.713472292831724,
    "Mischievous Pup": 4.641552511415525,
    "Ojer Taq, Deepest Foundation": 1.4402332361516035,
    "Oltec Archaeologists": 7.368136295614136,
    "Oltec Cloud Guard": 3.7067452357071216,
    "Oteclan Landmark": 7.042945283325215,
    "Petrify": 3.6231609522005432,
    "Quicksand Whirlpool": 5.243246980732,
    "Resplendent Angel": 1.345029239766082,
    "Ruin-Lurker Bat": 3.3647673999278758,
    "Sanguine Evangelist": 1.6743341404358354,
    "Soaring Sandwing": 6.003854210305823,
    "Spring-Loaded Sawblades": 2.6218471458372843,
    "Thousand Moons Crackshot": 7.702969179242088,
    "Thousand Moons Infantry": 7.912381381043471,
    "Thousand Moons Smithy": 1.4750356633380886,
    "Tinker's Tote": 4.271299093655589,
    "Unstable Glyphbridge": 1.6193548387096774,
    "Vanguard of the Rose": 4.5277549904293135,
    "Warden of the Inner Sky": 1.717687074829932,
    "Akal Pakal, First Among Equals": 1.8029661016949152,
    "Ancestral Reminiscence": 8.496247792819306,
    "Brackish Blunder": 6.2907403588368735,
    "Braided Net": 2.5161290322580645,
    "Chart a Course": 4.45911008300449,
    "Cogwork Wrestler": 6.400421626984127,
    "Confounding Riddle": 5.174454068561669,
    "Council of Echoes": 4.953719440449732,
    "Didact Echo": 7.639780018331805,
    "Eaten by Piranhas": 4.474624326623193,
    "The Enigma Jewel": 4.177570093457944,
    "The Everflowing Well": 2.548516439454691,
    "Frilled Cave-Wurm": 8.549694695799309,
    "Hermitic Nautilus": 4.9134517766497465,
    "Hurl into History": 6.581791265729089,
    "Inverted Iceberg": 5.599629286376274,
    "Kitesail Larcenist": 1.7050970873786409,
    "Lodestone Needle": 3.9942723249153866,
    "Malcolm, Alluring Scoundrel": 1.6692111959287532,
    "Marauding Brinefang": 6.959656317125561,
    "Merfolk Cave-Diver": 6.201644211007079,
    "Oaken Siren": 4.912999028778817,
    "Ojer Pakpatiq, Deepest Epoch": 1.4198250728862973,
    "Orazca Puzzle-Door": 7.585473971357127,
    "Out of Air": 8.159495465910362,
    "Pirate Hat": 8.16473781430241,
    "Relic's Roar": 9.291028919220658,
    "River Herald Scout": 5.420973406924235,
    "Sage of Days": 7.9982618552805596,
    "Self-Reflection": 7.052418947581052,
    "Shipwreck Sentry": 7.300239563287908,
    "Sinuous Benthisaur": 6.746429310701718,
    "Song of Stupefaction": 8.864384318056322,
    "Spyglass Siren": 2.92994966442953,
    "Staunch Crewmate": 3.970277610138805,
    "Tishana's Tidebinder": 2.2562988705473503,
    "Unlucky Drop": 7.861170794225187,
    "Waterlogged Hulk": 7.191547886971743,
    "Waterwind Scout": 3.701034807149577,
    "Waylaying Pirates": 6.521078710096662,
    "Zoetic Glyph": 3.359100359100359,
    "Abyssal Gorestalker": 6.221929535726045,
    "Aclazotz, Deepest Betrayal": 1.1493055555555556,
    "Another Chance": 6.826748328729835,
    "Bitter Triumph": 2.6156806156806156,
    "Bloodthorn Flail": 7.858299990241046,
    "Bringer of the Last Gift": 2.7017543859649122,
    "Broodrage Mycoid": 6.155626872058194,
    "Canonized in Blood": 5.839294062646096,
    "Chupacabra Echo": 2.4833578071463536,
    "Corpses of the Lost": 2.1977401129943503,
    "Dead Weight": 4.4029950083194676,
    "Deathcap Marionette": 5.516582147825697,
    "Deep Goblin Skulltaker": 6.354962314202703,
    "Deep-Cavern Bat": 3.034855769230769,
    "Echo of Dusk": 5.976353103925298,
    "Fanatical Offering": 6.468652103086755,
    "Gargantuan Leech": 6.392799570123589,
    "Grasping Shadows": 4.977996965098634,
    "Greedy Freebooter": 6.868824600445074,
    "Join the Dead": 3.2580169553999263,
    "Malicious Eclipse": 6.3361541031065585,
    "Mephitic Draught": 6.954680237217503,
    "Preacher of the Schism": 1.509283819628647,
    "Primordial Gnawer": 7.69825494048307,
    "Queen's Bay Paladin": 2.7865003668378576,
    "Rampaging Spiketail": 5.922225072686848,
    "Ray of Ruin": 6.042877969299374,
    "Screaming Phantom": 6.643615483124716,
    "Skullcap Snail": 5.328847969782814,
    "Soulcoil Viper": 4.3812446474450475,
    "Stalactite Stalker": 2.051851851851852,
    "Starving Revenant": 1.7708095781071835,
    "Stinging Cave Crawler": 3.5577450308430434,
    "Synapse Necromage": 4.601128880526811,
    "Tarrian's Journal": 2.0606060606060606,
    "Terror Tide": 2.09765625,
    "Tithing Blade": 4.939227663319184,
    "Visage of Dread": 4.218958135109419,
    "Vito's Inquisitor": 7.498350475451193,
    "Abrade": 2.74635975237597,
    "Ancestors' Aid": 7.447253300298091,
    "Belligerent Yearling": 3.0525471319695145,
    "Bonehoard Dracosaur": 1.1223776223776223,
    "Brass's Tunnel-Grinder": 2.1934369602763386,
    "Brazen Blademaster": 6.883293815054455,
    "Breeches, Eager Pillager": 1.4201909959072305,
    "Burning Sun Cavalry": 6.700575971444796,
    "Calamitous Cave-In": 7.112113918973125,
    "Child of the Volcano": 7.65884070995282,
    "Curator of Sun's Creation": 5.576681180454766,
    "Daring Discovery": 8.502478064539813,
    "Diamond Pick-Axe": 3.812046672973825,
    "Dinotomaton": 5.39295639892478,
    "Dire Flail": 2.10521327014218,
    "Dowsing Device": 5.614084507042254,
    "Dreadmaw's Ire": 3.7289128026586487,
    "Enterprising Scallywag": 3.885582112567463,
    "Etali's Favor": 5.927428521465419,
    "Geological Appraiser": 2.7462924937257585,
    "Goblin Tomb Raider": 5.993754066363045,
    "Goldfury Strider": 6.061235413767263,
    "Hit the Mother Lode": 5.3744541484716155,
    "Hotfoot Gnome": 7.403087412855283,
    "Idol of the Deep King": 5.164671674339714,
    "Inti, Seneschal of the Sun": 1.4884318766066837,
    "Magmatic Galleon": 1.587012987012987,
    "Ojer Axonil, Deepest Might": 1.5126262626262625,
    "Panicked Altisaur": 5.8374822820694545,
    "Plundering Pirate": 4.689097913643868,
    "Poetic Ingenuity": 2.136606189967983,
    "Rampaging Ceratops": 4.553071044438155,
    "Rumbling Rockslide": 4.9592522272528115,
    "Saheeli's Lattice": 4.751170290231977,
    "Scytheclaw Raptor": 2.9837092731829573,
    "Seismic Monstrosaur": 5.6499336576735955,
    "Sunfire Torch": 5.941082871027394,
    "Sunshot Militia": 6.033936748405871,
    "Tectonic Hazard": 9.216179889566986,
    "Triumphant Chomp": 3.231528964862298,
    "Trumpeting Carnosaur": 1.2859450726978998,
    "Volatile Wanderglyph": 5.417052243834509,
    "Zoyowa's Justice": 7.8949044585987265,
    "Armored Kincaller": 5.39079020589872,
    "Basking Capybara": 7.403129685877965,
    "Bedrock Tortoise": 1.8072590738423029,
    "Cavern Stomper": 5.823942722461867,
    "Cenote Scout": 3.863243909959914,
    "Coati Scavenger": 4.585529854760624,
    "Colossadactyl": 3.086527064401422,
    "Disturbed Slumber": 9.073532628508932,
    "Earthshaker Dreadmaw": 3.310732274312282,
    "Explorer's Cache": 5.4733181436623095,
    "Ghalta, Stampede Tyrant": 2.0715705765407555,
    "Glimpse the Core": 5.796047339997702,
    "Glowcap Lantern": 5.955479059093517,
    "Growing Rites of Itlimoc": 3.5718457943925235,