{
    "Another Round": null,
    "Archangel of Tithes": null,
    "Armored Armadillo": 7.521856449001619,
    "Aven Interrupter": null,
    "Bounding Felidar": 4.86551724137931,
    "Bovine Intervention": 5.720247295208655,
    "Bridled Bighorn": 6.165659008464329,
    "Claim Jumper": null,
    "Dust Animus": null,
    "Eriette's Lullaby": 5.5989613387189845,
    "Final Showdown": null,
    "Fortune, Loyal Steed": null,
    "Frontier Seeker": null,
    "Getaway Glamer": 4.520353982300885,
    "High Noon": null,
    "Holy Cow": 4.741207697412077,
    "Inventive Wingsmith": 6.954719039825423,
    "Lassoed by the Law": null,
    "Mystical Tether": 4.229329173166927,
    "Nurturing Pixie": 5.276666666666666,
    "Omenport Vigilante": 4.625886524822695,
    "One Last Job": null,
    "Outlaw Medic": 5.594434576672588,
    "Prairie Dog": null,
    "Prosperity Tycoon": 4.310344827586207,
    "Requisition Raid": 5.145161290322581,
    "Rustler Rampage": 6.460982658959537,
    "Shepherd of the Clouds": null,
    "Sheriff of Safe Passage": 4.932604735883425,
    "Stagecoach Security": 6.773318872017353,
    "Steer Clear": 6.38655462184874,
    "Sterling Keykeeper": 6.540613232920926,
    "Sterling Supplier": 6.917470525187567,
    "Take Up the Shield": 5.976541189307147,
    "Thunder Lasso": 5.676737160120846,
    "Trained Arynx": 5.797903319743739,
    "Vengeful Townsfolk": 6.177802319160684,
    "Wanted Griffin": 6.468818380743983,
    "Archmage's Newt": null,
    "Canyon Crab": 5.235197368421052,
    "Daring Thunder-Thief": 7.265382557517389,
    "Deepmuck Desperado": 5.594507269789984,
    "Djinn of Fool's Fall": 7.110037573805689,
    "Double Down": null,
    "Duelist of the Mind": null,
    "Emergent Haunting": 5.356927710843373,
    "Failed Fording": 7.030464991982897,
    "Fblthp, Lost on the Range": null,
    "Fleeting Reflection": 7.094650205761317,
    "Geralf, the Fleshwright": null,
    "Geyser Drake": 5.681194029850746,
    "Harrier Strix": 6.817887931034483,
    "Jailbreak Scheme": 7.097848360655738,
    "The Key to the Vault": null,
    "Loan Shark": 5.704659949622166,
    "Marauding Sphinx": null,
    "Metamorphic Blast": 5.2076124567474045,
    "Nimble Brigand": 4.504873294346979,
    "Outlaw Stitcher": null,
    "Peerless Ropemaster": 7.520687802256851,
    "Phantom Interference": 5.776023391812865,
    "Plan the Heist": 5.768532526475038,
    "Razzle-Dazzler": 6.412662521198417,
    "Seize the Secrets": 6.759911894273127,
    "Shackle Slinger": 5.619970193740685,
    "Shifting Grift": 6.837981407702523,
    "Slickshot Lockpicker": null,
    "Slickshot Vault-Buster": 7.886203423967775,
    "Spring Splasher": 7.778244876510772,
    "Step Between Worlds": null,
    "Stoic Sphinx": null,
    "Stop Cold": 6.830361966504592,
    "Take the Fall": 6.789699570815451,
    "This Town Ain't Big Enough": 5.538585209003215,
    "Three Steps Ahead": null,
    "Visage Bandit": 4.954173486088379,
    "Ambush Gigapede": 7.299319727891157,
    "Binding Negotiation": 6.096774193548387,
    "Blacksnag Buzzard": 6.490525175961018,
    "Blood Hustler": null,
    "Boneyard Desecrator": 7.002753303964758,
    "Caustic Bronco": null,
    "Consuming Ashes": 4.495508982035928,
    "Corrupted Conviction": 7.426906779661017,
    "Desert's Due": 5.036434612882238,
    "Desperate Bloodseeker": 5.644057623049219,
    "Fake Your Own Death": 7.3493520518358535,
    "Forsaken Miner": 4.317214700193424,
    "Gisa, the Hellraiser": null,
    "Hollow Marauder": 4.209923664122138,
    "Insatiable Avarice": null,
    "Kaervek, the Punisher": null,
    "Lively Dirge": 5.58751902587519,
    "Mourner's Surprise": 6.669189189189189,
    "Neutralize the Guards": 6.689839572192513,
    "Nezumi Linkbreaker": 6.6276958002270145,
    "Overzealous Muscle": 7.462709284627093,
    "Pitiless Carnage": null,
    "Rakish Crew": 4.804878048780488,
    "Rattleback Apothecary": null,
    "Raven of Fell Omens": 5.308483290488432,
    "Rictus Robber": 4.219739292364991,
    "Rooftop Assassin": 5.795992714025501,
    "Rush of Dread": null,
    "Servant of the Stinger": 4.130693069306931,
    "Shoot the Sheriff": null,
    "Skulduggery": 6.117877094972067,
    "Tinybones Joins Up": null,
    "Tinybones, the Pickpocket": null,
    "Treasure Dredger": 5.067001675041876,
    "Unfortunate Accident": null,
    "Unscrupulous Contractor": 4.509057971014493,
    "Vadmir, New Blood": null,
    "Vault Plunderer": 5.072102425876011,
    "Brimstone Roundup": 5.2,
    "Calamity, Galloping Inferno": null,
    "Caught in the Crossfire": 5.649452269170579,
    "Cunning Coyote": 4.005714285714285,
    "Deadeye Duelist": 5.778099652375435,
    "Demonic Ruckus": 5.395638629283489,
    "Discerning Peddler": 5.885847408270239,
    "Explosive Derailment": 4.303428154631655,
    "Ferocification": 6.181021897810219,
    "Gila Courser": 4.605177993527508,
    "Great Train Heist": null,
    "Hell to Pay": null,
    "Hellspur Brute": 4.247689463955638,
    "Hellspur Posse Boss": null,
    "Highway Robbery": 7.023068669527897,
    "Irascible Wolverine": 5.7894428152492665,
    "Iron-Fist Pulverizer": 6.851468988030468,
    "Longhorn Sharpshooter": null,
    "Magda, the Hoardmaster": null,
    "Magebane Lizard": 6.258191349934469,
    "Mine Raider": 5.848466981132075,
    "Outlaws' Fury": 7.715841584158416,
    "Prickly Pair": 4.7875,
    "Quick Draw": 7.416246215943492,
    "Quilled Charger": 6.994407727503813,
    "Reckless Lackey": 5.80438648488441,
    "Resilient Roadrunner": 4.903576982892691,
    "Return the Favor": 5.758041958041958,
    "Rodeo Pyromancers": 6.638250140213124,
    "Scalestorm Summoner": null,
    "Scorching Shot": null,
    "Slickshot Show-Off": null,
    "Stingerback Terror": null,
    "Take for a Ride": 6.175732217573222,
    "Terror of the Peaks": null,
    "Thunder Salvo": 4.923508771929825,
    "Trick Shot": 6.729566648381788,
    "Aloe Alchemist": null,
    "Ankle Biter": 6.068,
    "Beastbond Outcaster": null,
    "Betrayal at the Vault": 5.595808383233533,
    "Bristlepack Sentry": 6.422905027932961,
    "Bristly Bill, Spine Sower": null,
    "Cactarantula": 5.254723127035831,
    "Colossal Rattlewurm": null,
    "Dance of the Tumbleweeds": 5.3113149847094805,
    "Drover Grizzly": 6.103057757644394,
    "Freestrider Commando": 5.443742098609356,
    "Freestrider Lookout": null,
    "Full Steam Ahead": 6.049664429530202,
    "Giant Beaver": 5.15451174289246,
    "Gold Rush": 5.908256880733945,
    "Goldvein Hydra": null,
    "Hardbristle Bandit": 4.159676232523915,
    "Intrepid Stablemaster": null,
    "Map the Frontier": 5.800304878048781,
    "Ornery Tumblewagg": null,
    "Outcaster Greenblade": null,
    "Outcaster Trailblazer": null,
    "Patient Naturalist": 5.455075845974329,
    "Railway Brawler": null,
    "Rambling Possum": 4.357142857142857,
    "Raucous Entertainer": 4.300177619893428,
    "Reach for the Sky": 7.574331550802139,
    "Rise of the Varmints": 5.235593220338983,
    "Smuggler's Surprise": null,
    "Snakeskin Veil": 6.199324324324325,
    "Spinewoods Armadillo": null,
    "Spinewoods Paladin": 5.104950495049505,
    "Stubborn Burrowfiend": 4.013307984790875,
    "Throw from the Saddle": 4.844174410293067,
    "Trash the Town": null,
    "Tumbleweed Rising": 6.732198142414861,
    "Voracious Varmint": 5.863874345549738,
    "Akul the Unrepentant": null,
    "Annie Flash, the Veteran": null,
    "Annie Joins Up": null,
    "Assimilation Aegis": null,
    "At Knifepoint": 4.977528089887641,
    "Badlands Revival": 5.66962962962963,
    "Baron Bertram Graywater": 5.222961730449251,
    "Bonny Pall, Clearcutter": null,
    "Breeches, the Blastmaker": null,
    "Bruse Tarl, Roving Rancher": null,
    "Cactusfolk Sureshot": 4.679462571976967,
    "Congregation Gryff": 4.4366729678638945,
    "Doc Aurlock, Grizzled Genius": 5.371335504885994,
    "Eriette, the Beguiler": null,
    "Ertha Jo, Frontier Mentor": 4.558712121212121,
    "Form a Posse": 5.03125,