{
    "all": {
        "GIH WR": {
            "mean": 0.5956062609645637,
            "stdev": 0.034091025143026955
        },
        "OH WR": {
            "mean": 0.5948609391884953,
            "stdev": 0.036039578071368324
        },
        "GD WR": {
            "mean": 0.60143838253021,
            "stdev": 0.03438090155896825
        },
        "IWD": {
            "mean": 0.013452787745749269,
            "stdev": 0.037839544023948575
        }
    },
    "WU": {
        "GIH WR": {
            "mean": 0.5951570747564475,
            "stdev": 0.029354445122053353
        },
        "OH WR": {
            "mean": 0.5956406767138377,
            "stdev": 0.03379733454996038
        },
        "GD WR": {
            "mean": 0.5940843331575099,
            "stdev": 0.03134455377069637
        },
        "IWD": {
            "mean": -0.004125684692592719,
            "stdev": 0.033543736447656895
        }
    },
    "WB": {
        "GIH WR": {
            "mean": 0.5983964803830276,
            "stdev": 0.030097520283604497
        },
        "OH WR": {
            "mean": 0.600232815965033,
            "stdev": 0.029214361479926575
        },
        "GD WR": {
            "mean": 0.6023026069366122,
            "stdev": 0.02899917850220734
        },
        "IWD": {
            "mean": -0.0016348166825194417,
            "stdev": 0.03549777105051327
        }
    },
    "WR": {
        "GIH WR": {
            "mean": 0.6035038561033998,
            "stdev": 0.03428401332444618
        },
        "OH WR": {
            "mean": 0.6185095635461176,
            "stdev": 0.03323443293112443
        },
        "GD WR": {
            "mean": 0.5984411394259236,
            "stdev": 0.03293990493288521
        },
        "IWD": {
            "mean": -0.015245514762341362,
            "stdev": 0.03307351874444386
        }
    },
    "WG": {
        "GIH WR": {
            "mean": 0.6060853629364443,
            "stdev": 0.03560089654918992
        },
        "OH WR": {
            "mean": 0.6029075307627254,
            "stdev": 0.03439987118264795
        },
        "GD WR": {
            "mean": 0.6035355054035578,
            "stdev": 0.031236806895659067
        },
        "IWD": {
            "mean": 0.006000074742472735,
            "stdev": 0.038007882563875536
        }
    },
    "UB": {
        "GIH WR": {
            "mean": 0.5819018980028006,
            "stdev": 0.024393372516923792
        },
        "OH WR": {
            "mean": 0.5743959391611205,
            "stdev": 0.029544851562763645
        },
        "GD WR": {
            "mean": 0.5945277630183614,
            "stdev": 0.023605224226094398
        },
        "IWD": {
            "mean": 0.02679379971535554,
            "stdev": 0.034739917419385084
        }
    },
    "UR": {
        "GIH WR": {
            "mean": 0.5961031902833016,
            "stdev": 0.03028327270205599
        },
        "OH WR": {
            "mean": 0.5942820134139369,
            "stdev": 0.026598680808427505
        },
        "GD WR": {
            "mean": 0.6006854268821884,
            "stdev": 0.031184118886627057
        },
        "IWD": {
            "mean": 0.008898315492440722,
            "stdev": 0.03030481144018487
        }
    },
    "UG": {
        "GIH WR": {
            "mean": 0.6201171431938072,
            "stdev": 0.03146600886911399
        },
        "OH WR": {
            "mean": 0.6086496251360843,
            "stdev": 0.03380671159325367
        },
        "GD WR": {
            "mean": 0.6250297011049534,
            "stdev": 0.032599667443014915
        },
        "IWD": {
            "mean": 0.02733019045287729,
            "stdev": 0.0350506886182701
        }
    },
    "BR": {
        "GIH WR": {
            "mean": 0.588482792449045,
            "stdev": 0.02481507622993139
        },
        "OH WR": {
            "mean": 0.5918105713493492,
            "stdev": 0.028750097756660344
        },
        "GD WR": {
            "mean": 0.588817057934085,
            "stdev": 0.027670199222034175
        },
        "IWD": {
            "mean": 0.007682291913446149,
            "stdev": 0.026302652594101306
        }
    },
    "BG": {
        "GIH WR": {
            "mean": 0.5984324723659299,
            "stdev": 0.03351422340059968
        },
        "OH WR": {
            "mean": 0.5850282458715668,
            "stdev": 0.03566666610858836
        },
        "GD WR": {
            "mean": 0.6076509863931217,
            "stdev": 0.0350905734145217
        },
        "IWD": {
            "mean": 0.03082884362918593,
            "stdev": 0.03672654844194438
        }
    },
    "RG": {
        "GIH WR": {
            "mean": 0.5909928560867811,
            "stdev": 0.030793615017735365
        },
        "OH WR": {
            "mean": 0.5918378876123368,
            "stdev": 0.02260027093349369
        },
        "GD WR": {
            "mean": 0.5871630434782229,
            "stdev": 0.03227963678159937
        },
        "IWD": {
            "mean": 0.0008834185042064965,
            "stdev": 0.035381658655794575
        }
    }
}