{
    "all": {
        "GIH WR": {
            "mean": 0.6029341672661018,
            "stdev": 0.03637702697711067
        },
        "OH WR": {
            "mean": 0.5994060607582624,
            "stdev": 0.04740102194270536
        },
        "GD WR": {
            "mean": 0.6051433889808537,
            "stdev": 0.031356294245814334
        },
        "IWD": {
            "mean": 0.02299851560125301,
            "stdev": 0.037922245468855614
        }
    },
    "WU": {
        "GIH WR": {
            "mean": 0.6221390405407384,
            "stdev": 0.03654863815230945
        },
        "OH WR": {
            "mean": 0.6138478986914597,
            "stdev": 0.038526775957502035
        },
        "GD WR": {
            "mean": 0.6197692218833406,
            "stdev": 0.02489797983244274
        },
        "IWD": {
            "mean": 0.017957518981891848,
            "stdev": 0.04007415116229651
        }
    },
    "WB": {
        "GIH WR": {
            "mean": 0.5937863099304175,
            "stdev": 0.03428302010993667
        },
        "OH WR": {
            "mean": 0.5874560076030846,
            "stdev": 0.023098226025730303
        },
        "GD WR": {
            "mean": 0.613251628652207,
            "stdev": 0.030952853591752403
        },
        "IWD": {
            "mean": 0.028092924841699875,
            "stdev": 0.03514209469907517
        }
    },
    "WR": {
        "GIH WR": {
            "mean": 0.590745243946945,
            "stdev": 0.029489679268849364
        },
        "OH WR": {
            "mean": 0.6069537805607815,
            "stdev": 0.03013569248255311
        },
        "GD WR": {
            "mean": 0.5903513040867289,
            "stdev": 0.026656769691482715
        },
        "IWD": {
            "mean": -0.010636221907379893,
            "stdev": 0.029923349073923883
        }
    },
    "WG": {
        "GIH WR": {
            "mean": 0.6015512228768094,
            "stdev": 0.022843407592590875
        },
        "OH WR": {
            "mean": 0.6075763734522743,
            "stdev": 0.03922315108864225
        },
        "GD WR": {
            "mean": 0.6052540994701725,
            "stdev": 0.022024156191452565
        },
        "IWD": {
            "mean": 0.013046615741402609,
            "stdev": 0.027780543574590987
        }
    },
    "UB": {
        "GIH WR": {
            "mean": 0.596277285973643,
            "stdev": 0.03145768950984099
        },
        "OH WR": {
            "mean": 0.5906863653645743,
            "stdev": 0.035216582452995825
        },
        "GD WR": {
            "mean": 0.6177202562745083,
            "stdev": 0.02617822861010501
        },
        "IWD": {
            "mean": 0.036195527586381566,
            "stdev": 0.036294054366842333
        }
    },
    "UR": {
        "GIH WR": {
            "mean": 0.6196506756086274,
            "stdev": 0.03520487335679157
        },
        "OH WR": {
            "mean": 0.6183513691591809,
            "stdev": 0.03309549524535533
        },
        "GD WR": {
            "mean": 0.6110198209964532,
            "stdev": 0.025114728430203206
        },
        "IWD": {
            "mean": 0.0018554717228482284,
            "stdev": 0.037091245750220964
        }
    },
    "UG": {
        "GIH WR": {
            "mean": 0.5781060303295935,
            "stdev": 0.023381042258354787
        },
        "OH WR": {
            "mean": 0.5816008159364933,
            "stdev": 0.029662138952917118
        },
        "GD WR": {
            "mean": 0.5792781635634605,
            "stdev": 0.026216620800627432
        },
        "IWD": {
            "mean": 0.01012392787570167,
            "stdev": 0.02652768884209106
        }
    },
    "BR": {
        "GIH WR": {
            "mean": 0.5886021541550348,
            "stdev": 0.029705446461756307
        },
        "OH WR": {
            "mean": null,
            "stdev": null
        },
        "GD WR": {
            "mean": 0.6004675018708427,
            "stdev": 0.021039761813703754
        },
        "IWD": {
            "mean": 0.0294608675400188,
            "stdev": 0.03449316817945984
        }
    },
    "BG": {
        "GIH WR": {
            "mean": 0.5946111856438802,
            "stdev": 0.023743185272680687
        },
        "OH WR": {
            "mean": 0.5908329456850677,
            "stdev": 0.029132321601882817
        },
        "GD WR": {
            "mean": 0.6059524250215353,
            "stdev": 0.026955335074518815
        },
        "IWD": {
            "mean": 0.03243764077203099,
            "stdev": 0.025858003236517428
        }
    },
    "RG": {
        "GIH WR": {
            "mean": 0.6102213371901133,
            "stdev": 0.03468201742543757
        },
        "OH WR": {
            "mean": 0.6154962336497418,
            "stdev": 0.03028572162283495
        },
        "GD WR": {
            "mean": 0.6084113738314355,
            "stdev": 0.02472054842426027
        },
        "IWD": {
            "mean": 0.0033587689227015808,
            "stdev": 0.04016747991407861
        }
    }
}