{
    "all": {
        "GIH WR": {
            "mean": 0.5974094803997314,
            "stdev": 0.03152037060306279
        },
        "OH WR": {
            "mean": 0.5923246500476362,
            "stdev": 0.03721137918250792
        },
        "GD WR": {
            "mean": 0.6046604771635355,
            "stdev": 0.030672011079103098
        },
        "IWD": {
            "mean": 0.01952165866206542,
            "stdev": 0.033748133532756824
        }
    },
    "WU": {
        "GIH WR": {
            "mean": 0.5898173188545606,
            "stdev": 0.030521027212782815
        },
        "OH WR": {
            "mean": 0.5767485690993903,
            "stdev": 0.03385350349941583
        },
        "GD WR": {
            "mean": 0.6103468760007499,
            "stdev": 0.024780813588056942
        },
        "IWD": {
            "mean": 0.044052243293476644,
            "stdev": 0.03533718994519937
        }
    },
    "WB": {
        "GIH WR": {
            "mean": 0.5889530472255597,
            "stdev": 0.0249593312461125
        },
        "OH WR": {
            "mean": 0.5935145866975019,
            "stdev": 0.027739162807192824
        },
        "GD WR": {
            "mean": 0.5973858643913085,
            "stdev": 0.029980618078501726
        },
        "IWD": {
            "mean": 0.006427411947052293,
            "stdev": 0.024386113515307038
        }
    },
    "WR": {
        "GIH WR": {
            "mean": 0.6105799029913898,
            "stdev": 0.031338027752818715
        },
        "OH WR": {
            "mean": 0.6154491063061956,
            "stdev": 0.032618315832591824
        },
        "GD WR": {
            "mean": 0.599427847953869,
            "stdev": 0.03074166412800722
        },
        "IWD": {
            "mean": -0.006097424878517367,
            "stdev": 0.03202034836037346
        }
    },
    "WG": {
        "GIH WR": {
            "mean": 0.5860199163657254,
            "stdev": 0.036659732927330865
        },
        "OH WR": {
            "mean": 0.5866128412951007,
            "stdev": 0.03903756919942876
        },
        "GD WR": {
            "mean": 0.5910771663493986,
            "stdev": 0.02691752411288066
        },
        "IWD": {
            "mean": 0.01300087047196823,
            "stdev": 0.04259974155060611
        }
    },
    "UB": {
        "GIH WR": {
            "mean": 0.6099908211824177,
            "stdev": 0.0344390006757625
        },
        "OH WR": {
            "mean": 0.5888771936964186,
            "stdev": 0.028661412413337573
        },
        "GD WR": {
            "mean": 0.624788262885261,
            "stdev": 0.028942686017653523
        },
        "IWD": {
            "mean": 0.04550569995407031,
            "stdev": 0.03513368580108894
        }
    },
    "UR": {
        "GIH WR": {
            "mean": 0.6105962420272529,
            "stdev": 0.02702216344949059
        },
        "OH WR": {
            "mean": 0.5882017434834008,
            "stdev": 0.026796037382955846
        },
        "GD WR": {
            "mean": 0.6217790590588249,
            "stdev": 0.02441452741448962
        },
        "IWD": {
            "mean": 0.044343804661983885,
            "stdev": 0.026625024698674636
        }
    },
    "UG": {
        "GIH WR": {
            "mean": 0.587020909362719,
            "stdev": 0.02815021189673318
        },
        "OH WR": {
            "mean": 0.571460913735518,
            "stdev": 0.03711263796596809
        },
        "GD WR": {
            "mean": 0.598764376464299,
            "stdev": 0.03162993934424564
        },
        "IWD": {
            "mean": 0.04960857013224821,
            "stdev": 0.033593543809115535
        }
    },
    "BR": {
        "GIH WR": {
            "mean": 0.6021894695527251,
            "stdev": 0.028138603354174528
        },
        "OH WR": {
            "mean": 0.6062472298574063,
            "stdev": 0.03552554681803108
        },
        "GD WR": {
            "mean": 0.5994280968337489,
            "stdev": 0.03120381167967414
        },
        "IWD": {
            "mean": 0.00025836876279657713,
            "stdev": 0.028764995434836953
        }
    },
    "BG": {
        "GIH WR": {
            "mean": 0.602599051340985,
            "stdev": 0.033590570987674546
        },
        "OH WR": {
            "mean": 0.5998947167250355,
            "stdev": 0.03708899445305584
        },
        "GD WR": {
            "mean": 0.6063763901656478,
            "stdev": 0.03488743811277723
        },
        "IWD": {
            "mean": 0.012659467374936503,
            "stdev": 0.03711528766757794
        }
    },
    "RG": {
        "GIH WR": {
            "mean": 0.6009624400224127,
            "stdev": 0.02816151646391973
        },
        "OH WR": {
            "mean": 0.6016793856575247,
            "stdev": 0.025454807059497507
        },
        "GD WR": {
            "mean": 0.5979157729772449,
            "stdev": 0.031035439221856625
        },
        "IWD": {
            "mean": 0.004370035159198721,
            "stdev": 0.032286656768974915
        }
    }
}