{
    "all": {
        "GIH WR": {
            "mean": 0.5996250287658574,
            "stdev": 0.030897140953673314
        },
        "OH WR": {
            "mean": 0.5974530130498799,
            "stdev": 0.03645726270855167
        },
        "GD WR": {
            "mean": 0.6023179016249376,
            "stdev": 0.03396721484509696
        },
        "IWD": {
            "mean": 0.016078622860515944,
            "stdev": 0.033900154680076074
        }
    },
    "WU": {
        "GIH WR": {
            "mean": 0.5964475140117853,
            "stdev": 0.02762511178024157
        },
        "OH WR": {
            "mean": 0.5964624289395305,
            "stdev": 0.014952767609753718
        },
        "GD WR": {
            "mean": 0.6061156579425233,
            "stdev": 0.03406708661596039
        },
        "IWD": {
            "mean": 0.018917687510201637,
            "stdev": 0.035318458910071585
        }
    },
    "WB": {
        "GIH WR": {
            "mean": 0.6106348506166723,
            "stdev": 0.022331812883042125
        },
        "OH WR": {
            "mean": null,
            "stdev": null
        },
        "GD WR": {
            "mean": 0.6442798158257983,
            "stdev": 0.03522502236105465
        },
        "IWD": {
            "mean": 0.020880889284700298,
            "stdev": 0.029810948080911715
        }
    },
    "WR": {
        "GIH WR": {
            "mean": 0.5682291678425697,
            "stdev": 0.01537507113269887
        },
        "OH WR": {
            "mean": null,
            "stdev": null
        },
        "GD WR": {
            "mean": null,
            "stdev": null
        },
        "IWD": {
            "mean": -0.010690502778537347,
            "stdev": 0.021924290201165063
        }
    },
    "WG": {
        "GIH WR": {
            "mean": 0.6072239006616696,
            "stdev": 0.022348599078556214
        },
        "OH WR": {
            "mean": 0.6093003316311079,
            "stdev": 0.02443613775885947
        },
        "GD WR": {
            "mean": 0.6208646358900893,
            "stdev": 0.03996223069224137
        },
        "IWD": {
            "mean": 0.0007595905911805177,
            "stdev": 0.02208831362669998
        }
    },
    "UB": {
        "GIH WR": {
            "mean": 0.6089522488426485,
            "stdev": 0.024891207259768133
        },
        "OH WR": {
            "mean": 0.599361920221142,
            "stdev": 0.017302890810625395
        },
        "GD WR": {
            "mean": 0.6184801854360942,
            "stdev": 0.02665546681862821
        },
        "IWD": {
            "mean": 0.030715338450957152,
            "stdev": 0.031129749916641174
        }
    },
    "UR": {
        "GIH WR": {
            "mean": 0.5987782232350537,
            "stdev": 0.025366109063155076
        },
        "OH WR": {
            "mean": 0.581613856975699,
            "stdev": 0.03313230451449011
        },
        "GD WR": {
            "mean": 0.6073608431222861,
            "stdev": 0.028895443783372225
        },
        "IWD": {
            "mean": 0.022876135903307258,
            "stdev": 0.030165119968542965
        }
    },
    "UG": {
        "GIH WR": {
            "mean": 0.6197759733807116,
            "stdev": 0.027148824619432094
        },
        "OH WR": {
            "mean": 0.6120317101501546,
            "stdev": 0.02916122881298553
        },
        "GD WR": {
            "mean": 0.6214217508248202,
            "stdev": 0.02301477823989873
        },
        "IWD": {
            "mean": 0.02029102550972325,
            "stdev": 0.033677589943488705
        }
    },
    "BR": {
        "GIH WR": {
            "mean": 0.5994997670654125,
            "stdev": 0.023763121442442883
        },
        "OH WR": {
            "mean": 0.6026079062261629,
            "stdev": 0.0370785871757548
        },
        "GD WR": {
            "mean": 0.5948559868082152,
            "stdev": 0.023567587085778434
        },
        "IWD": {
            "mean": 0.0015667947403168211,
            "stdev": 0.035705954097894815
        }
    },
    "BG": {
        "GIH WR": {
            "mean": 0.6110788451871322,
            "stdev": 0.029060968983932053
        },
        "OH WR": {
            "mean": 0.6084500330760277,
            "stdev": 0.024500843220322775
        },
        "GD WR": {
            "mean": 0.6180532409161986,
            "stdev": 0.025512507549275854
        },
        "IWD": {
            "mean": 0.010465751618152013,
            "stdev": 0.03200223575240061
        }
    },
    "RG": {
        "GIH WR": {
            "mean": 0.585828980632405,
            "stdev": 0.025533674951301488
        },
        "OH WR": {
            "mean": 0.604520416791063,
            "stdev": 0.028211755696227834
        },
        "GD WR": {
            "mean": 0.5812042679159928,
            "stdev": 0.02611220812131502
        },
        "IWD": {
            "mean": -0.016363860362979543,
            "stdev": 0.029477299257251503
        }
    }
}