{
    "all": {
        "GIH WR": {
            "mean": 0.6113318678317056,
            "stdev": 0.034243819370314434
        },
        "OH WR": {
            "mean": 0.6050570109204726,
            "stdev": 0.03417854399804814
        },
        "GD WR": {
            "mean": 0.6139957683980789,
            "stdev": 0.03325334557534421
        },
        "IWD": {
            "mean": 0.01254948954299985,
            "stdev": 0.0379648362345291
        }
    },
    "WU": {
        "GIH WR": {
            "mean": 0.6066675366429455,
            "stdev": 0.031067779942098785
        },
        "OH WR": {
            "mean": 0.6142578162702185,
            "stdev": 0.03407494797547181
        },
        "GD WR": {
            "mean": 0.6029373544487049,
            "stdev": 0.02879042820660288
        },
        "IWD": {
            "mean": 0.001625897578247693,
            "stdev": 0.0369269680538736
        }
    },
    "WB": {
        "GIH WR": {
            "mean": 0.6129154212917203,
            "stdev": 0.027031552971901088
        },
        "OH WR": {
            "mean": null,
            "stdev": null
        },
        "GD WR": {
            "mean": 0.6098613307297776,
            "stdev": 0.02313198373132381
        },
        "IWD": {
            "mean": 0.010617003400644072,
            "stdev": 0.03661882573262723
        }
    },
    "WR": {
        "GIH WR": {
            "mean": 0.6323159392243829,
            "stdev": 0.027538947253275183
        },
        "OH WR": {
            "mean": 0.64674587710727,
            "stdev": 0.03295681108731883
        },
        "GD WR": {
            "mean": 0.6298880556200815,
            "stdev": 0.02812479578273098
        },
        "IWD": {
            "mean": -0.014784869326848953,
            "stdev": 0.02509906488746202
        }
    },
    "WG": {
        "GIH WR": {
            "mean": 0.6326165785822494,
            "stdev": 0.02339627906188387
        },
        "OH WR": {
            "mean": 0.6371324116001873,
            "stdev": 0.03405362966370179
        },
        "GD WR": {
            "mean": 0.6299563152323878,
            "stdev": 0.02638331020593126
        },
        "IWD": {
            "mean": 0.004790310437897161,
            "stdev": 0.027462872086659765
        }
    },
    "UB": {
        "GIH WR": {
            "mean": 0.5956952804010092,
            "stdev": 0.025257144472054655
        },
        "OH WR": {
            "mean": null,
            "stdev": null
        },
        "GD WR": {
            "mean": null,
            "stdev": null
        },
        "IWD": {
            "mean": 0.015168394371985727,
            "stdev": 0.03831614749794914
        }
    },
    "UR": {
        "GIH WR": {
            "mean": 0.6106475642957184,
            "stdev": 0.02182616892677443
        },
        "OH WR": {
            "mean": 0.6260838896773766,
            "stdev": 0.027117748279018434
        },
        "GD WR": {
            "mean": 0.6232302344199664,
            "stdev": 0.029012141018216777
        },
        "IWD": {
            "mean": 0.0154843074985843,
            "stdev": 0.028086038054332404
        }
    },
    "UG": {
        "GIH WR": {
            "mean": 0.6533376766999937,
            "stdev": 0.030742324595170484
        },
        "OH WR": {
            "mean": null,
            "stdev": null
        },
        "GD WR": {
            "mean": null,
            "stdev": null
        },
        "IWD": {
            "mean": 0.02214167973168921,
            "stdev": 0.03941107454869275
        }
    },
    "BR": {
        "GIH WR": {
            "mean": 0.6033977487028312,
            "stdev": 0.022791026717999364
        },
        "OH WR": {
            "mean": null,
            "stdev": null
        },
        "GD WR": {
            "mean": null,
            "stdev": null
        },
        "IWD": {
            "mean": 0.03085981165349599,
            "stdev": 0.02687812476364703
        }
    },
    "BG": {
        "GIH WR": {
            "mean": 0.6136535363847286,
            "stdev": 0.025097663544823158
        },
        "OH WR": {
            "mean": null,
            "stdev": null
        },
        "GD WR": {
            "mean": null,
            "stdev": null
        },
        "IWD": {
            "mean": 0.013771556103383866,
            "stdev": 0.022843990964930994
        }
    },
    "RG": {
        "GIH WR": {
            "mean": 0.6087670981316982,
            "stdev": 0.02369704509575309
        },
        "OH WR": {
            "mean": null,
            "stdev": null
        },
        "GD WR": {
            "mean": null,
            "stdev": null
        },
        "IWD": {
            "mean": -0.0011347062071561849,
            "stdev": 0.03161130002334985
        }
    }
}