{
    "all": {
        "GIH WR": {
            "mean": 0.5983066039782148,
            "stdev": 0.031810835510079224
        },
        "OH WR": {
            "mean": 0.5936729346134065,
            "stdev": 0.03603106253565443
        },
        "GD WR": {
            "mean": 0.6043936499274873,
            "stdev": 0.0323252136617778
        },
        "IWD": {
            "mean": 0.019385812114384064,
            "stdev": 0.033162033253961845
        }
    },
    "WU": {
        "GIH WR": {
            "mean": 0.5860496129774616,
            "stdev": 0.024017740234903388
        },
        "OH WR": {
            "mean": null,
            "stdev": null
        },
        "GD WR": {
            "mean": 0.6028692765617358,
            "stdev": 0.02019987370152569
        },
        "IWD": {
            "mean": 0.048376554466662135,
            "stdev": 0.03465224647905275
        }
    },
    "WB": {
        "GIH WR": {
            "mean": 0.5879340971296549,
            "stdev": 0.025083978391167334
        },
        "OH WR": {
            "mean": 0.6010404651863646,
            "stdev": 0.021277809655857783
        },
        "GD WR": {
            "mean": 0.608691669678056,
            "stdev": 0.02642592660836605
        },
        "IWD": {
            "mean": 0.01025993800289393,
            "stdev": 0.024083375684984788
        }
    },
    "WR": {
        "GIH WR": {
            "mean": 0.6105191554735504,
            "stdev": 0.030670764155744774
        },
        "OH WR": {
            "mean": 0.6240850307593058,
            "stdev": 0.026082481398768443
        },
        "GD WR": {
            "mean": 0.6014765794959973,
            "stdev": 0.027795379599465
        },
        "IWD": {
            "mean": -0.008634815935808973,
            "stdev": 0.029881194993836138
        }
    },
    "WG": {
        "GIH WR": {
            "mean": 0.5880715435674763,
            "stdev": 0.029745321115284683
        },
        "OH WR": {
            "mean": 0.5881400396387704,
            "stdev": 0.02401582371557488
        },
        "GD WR": {
            "mean": 0.5990719030185045,
            "stdev": 0.0280943465538549
        },
        "IWD": {
            "mean": 0.010692618892321964,
            "stdev": 0.029961329372359097
        }
    },
    "UB": {
        "GIH WR": {
            "mean": 0.5982193407494772,
            "stdev": 0.026813126555831217
        },
        "OH WR": {
            "mean": 0.5773811032486278,
            "stdev": 0.035437400086978404
        },
        "GD WR": {
            "mean": 0.6153168155341483,
            "stdev": 0.02369770007039257
        },
        "IWD": {
            "mean": 0.04292618071644854,
            "stdev": 0.027056682364056187
        }
    },
    "UR": {
        "GIH WR": {
            "mean": 0.6156814141940448,
            "stdev": 0.02352463079615215
        },
        "OH WR": {
            "mean": 0.5966764757484153,
            "stdev": 0.028489136375477064
        },
        "GD WR": {
            "mean": 0.6281790781802835,
            "stdev": 0.0255186038751748
        },
        "IWD": {
            "mean": 0.04358446078603404,
            "stdev": 0.023282658522214984
        }
    },
    "UG": {
        "GIH WR": {
            "mean": 0.5842624880571278,
            "stdev": 0.022447203847989997
        },
        "OH WR": {
            "mean": 0.5641207289883637,
            "stdev": 0.03804687470735954
        },
        "GD WR": {
            "mean": 0.5951667697609921,
            "stdev": 0.025657006837156562
        },
        "IWD": {
            "mean": 0.04941168276758113,
            "stdev": 0.027775477390456285
        }
    },
    "BR": {
        "GIH WR": {
            "mean": 0.6003889306809235,
            "stdev": 0.02895642662266567
        },
        "OH WR": {
            "mean": 0.6107622134025292,
            "stdev": 0.025379407946157305
        },
        "GD WR": {
            "mean": 0.6003003675180303,
            "stdev": 0.02602193567644003
        },
        "IWD": {
            "mean": -0.003394846244378424,
            "stdev": 0.027624941525104894
        }
    },
    "BG": {
        "GIH WR": {
            "mean": 0.6052620192216813,
            "stdev": 0.0357463611228771
        },
        "OH WR": {
            "mean": 0.5996551052795942,
            "stdev": 0.032751412823943074
        },
        "GD WR": {
            "mean": 0.6046335368573154,
            "stdev": 0.03112807092308439
        },
        "IWD": {
            "mean": 0.01139503855494354,
            "stdev": 0.03894459233922743
        }
    },
    "RG": {
        "GIH WR": {
            "mean": 0.5992582729117234,
            "stdev": 0.0274915711644867
        },
        "OH WR": {
            "mean": 0.6099617861839629,
            "stdev": 0.026249560676358735
        },
        "GD WR": {
            "mean": 0.5951278757891734,
            "stdev": 0.03219740454733866
        },
        "IWD": {
            "mean": 0.001008159241947061,
            "stdev": 0.03175450170114416
        }
    }
}