{
    "all": {
        "GIH WR": {
            "mean": 0.5969152638514233,
            "stdev": 0.03467410923636733
        },
        "OH WR": {
            "mean": 0.5844850715313263,
            "stdev": 0.03834655533479572
        },
        "GD WR": {
            "mean": 0.6021604295048235,
            "stdev": 0.03387687073987028
        },
        "IWD": {
            "mean": 0.030215121652285067,
            "stdev": 0.03610017679169387
        }
    },
    "WU": {
        "GIH WR": {
            "mean": 0.5723684363967587,
            "stdev": 0.026681035650902737
        },
        "OH WR": {
            "mean": null,
            "stdev": null
        },
        "GD WR": {
            "mean": 0.590607938462247,
            "stdev": 0.014135984650624957
        },
        "IWD": {
            "mean": 0.015668632605445168,
            "stdev": 0.03292908978405707
        }
    },
    "WB": {
        "GIH WR": {
            "mean": 0.609247344067103,
            "stdev": 0.022197871649358967
        },
        "OH WR": {
            "mean": 0.613035902458519,
            "stdev": 0.02910121775266428
        },
        "GD WR": {
            "mean": 0.623021691825915,
            "stdev": 0.031466104502908314
        },
        "IWD": {
            "mean": 0.021934004829615553,
            "stdev": 0.02578055753294572
        }
    },
    "WR": {
        "GIH WR": {
            "mean": 0.5760888520529924,
            "stdev": 0.020371756149217168
        },
        "OH WR": {
            "mean": null,
            "stdev": null
        },
        "GD WR": {
            "mean": 0.5829943790881855,
            "stdev": 0.02515321078516151
        },
        "IWD": {
            "mean": 5.555468946492059e-05,
            "stdev": 0.030577959716656236
        }
    },
    "WG": {
        "GIH WR": {
            "mean": 0.6113662532194895,
            "stdev": 0.03162261058376971
        },
        "OH WR": {
            "mean": 0.6162013137682982,
            "stdev": 0.02802541414993741
        },
        "GD WR": {
            "mean": 0.6061934705081589,
            "stdev": 0.030185211581549222
        },
        "IWD": {
            "mean": 0.008231952178532726,
            "stdev": 0.034413595134180346
        }
    },
    "UB": {
        "GIH WR": {
            "mean": 0.6179327471396059,
            "stdev": 0.02503221416792352
        },
        "OH WR": {
            "mean": 0.6069892428409585,
            "stdev": 0.019211206943517904
        },
        "GD WR": {
            "mean": 0.6383188901403261,
            "stdev": 0.01790055024341455
        },
        "IWD": {
            "mean": 0.050752306759997166,
            "stdev": 0.0320485024631641
        }
    },
    "UR": {
        "GIH WR": {
            "mean": 0.5653560656579744,
            "stdev": 0.020055276726939852
        },
        "OH WR": {
            "mean": 0.536870621282732,
            "stdev": 0.025804339446087465
        },
        "GD WR": {
            "mean": 0.5763981045289126,
            "stdev": 0.017167075284322125
        },
        "IWD": {
            "mean": 0.04134900748368172,
            "stdev": 0.029605617968907524
        }
    },
    "UG": {
        "GIH WR": {
            "mean": 0.5968420903118777,
            "stdev": 0.031104095728671784
        },
        "OH WR": {
            "mean": 0.5759574438819722,
            "stdev": 0.02064592111467131
        },
        "GD WR": {
            "mean": 0.6018553187458624,
            "stdev": 0.031632501874998116
        },
        "IWD": {
            "mean": 0.029479618354940295,
            "stdev": 0.041078355931962345
        }
    },
    "BR": {
        "GIH WR": {
            "mean": 0.574912207656241,
            "stdev": 0.02516626874279672
        },
        "OH WR": {
            "mean": 0.571317073365906,
            "stdev": 0.014632400195896646
        },
        "GD WR": {
            "mean": 0.570275650956982,
            "stdev": 0.029820851988510998
        },
        "IWD": {
            "mean": 0.013473730528486952,
            "stdev": 0.026056704902983334
        }
    },
    "BG": {
        "GIH WR": {
            "mean": 0.614158711572114,
            "stdev": 0.026755198560476236
        },
        "OH WR": {
            "mean": 0.6094343622668825,
            "stdev": 0.024958197969644144
        },
        "GD WR": {
            "mean": 0.6222795879373413,
            "stdev": 0.028341790372540795
        },
        "IWD": {
            "mean": 0.02753696191428528,
            "stdev": 0.0263514593356898
        }
    },
    "RG": {
        "GIH WR": {
            "mean": 0.5852835430842855,
            "stdev": 0.03022764528137977
        },
        "OH WR": {
            "mean": 0.5901774049894306,
            "stdev": 0.029216834783116437
        },
        "GD WR": {
            "mean": 0.5808801660915356,
            "stdev": 0.031130620996365873
        },
        "IWD": {
            "mean": -0.0021416298057803703,
            "stdev": 0.031387345410232484
        }
    }
}