{
    "all": {
        "GIH WR": {
            "mean": 0.5965917870080578,
            "stdev": 0.031287206034846575
        },
        "OH WR": {
            "mean": 0.5888397628698346,
            "stdev": 0.03662455144914813
        },
        "GD WR": {
            "mean": 0.6051674823142491,
            "stdev": 0.034747978470222526
        },
        "IWD": {
            "mean": 0.029885104709202043,
            "stdev": 0.03349662010221145
        }
    },
    "WU": {
        "GIH WR": {
            "mean": 0.5758023686600607,
            "stdev": 0.026353950861132815
        },
        "OH WR": {
            "mean": 0.5704504295428104,
            "stdev": 0.01658848295084419
        },
        "GD WR": {
            "mean": 0.5851099455143575,
            "stdev": 0.02974680836350346
        },
        "IWD": {
            "mean": 0.023270812976703744,
            "stdev": 0.03188698976145647
        }
    },
    "WB": {
        "GIH WR": {
            "mean": 0.6089359350909171,
            "stdev": 0.02042609181378511
        },
        "OH WR": {
            "mean": 0.5980144611418824,
            "stdev": 0.025949428656799618
        },
        "GD WR": {
            "mean": 0.6167143378452852,
            "stdev": 0.026338584391568533
        },
        "IWD": {
            "mean": 0.024839883957701574,
            "stdev": 0.024816683727766024
        }
    },
    "WR": {
        "GIH WR": {
            "mean": 0.5878723477940537,
            "stdev": 0.027157482512957003
        },
        "OH WR": {
            "mean": 0.5978850017090163,
            "stdev": 0.020147744467687568
        },
        "GD WR": {
            "mean": 0.5828810691214719,
            "stdev": 0.022840265329926907
        },
        "IWD": {
            "mean": -0.005705263375067323,
            "stdev": 0.029039845846271235
        }
    },
    "WG": {
        "GIH WR": {
            "mean": 0.6071054986588214,
            "stdev": 0.033370473896798335
        },
        "OH WR": {
            "mean": 0.6109637192940932,
            "stdev": 0.0332722187577343
        },
        "GD WR": {
            "mean": 0.6034054024774208,
            "stdev": 0.030492542050293347
        },
        "IWD": {
            "mean": 0.010086741970178134,
            "stdev": 0.0348318064012475
        }
    },
    "UB": {
        "GIH WR": {
            "mean": 0.6148962655556699,
            "stdev": 0.028910758129840286
        },
        "OH WR": {
            "mean": 0.5950289284460262,
            "stdev": 0.02707288270921644
        },
        "GD WR": {
            "mean": 0.6336077267825436,
            "stdev": 0.027519324133730587
        },
        "IWD": {
            "mean": 0.05093989998041689,
            "stdev": 0.028753485739501452
        }
    },
    "UR": {
        "GIH WR": {
            "mean": 0.5785573177647528,
            "stdev": 0.02129788396512091
        },
        "OH WR": {
            "mean": 0.5613070748742072,
            "stdev": 0.021013006065142663
        },
        "GD WR": {
            "mean": 0.5889009464360806,
            "stdev": 0.026434271531587155
        },
        "IWD": {
            "mean": 0.04229162881284461,
            "stdev": 0.028604783509946392
        }
    },
    "UG": {
        "GIH WR": {
            "mean": 0.5977330338608401,
            "stdev": 0.027103167449154867
        },
        "OH WR": {
            "mean": 0.5853902399969391,
            "stdev": 0.026777711118401985
        },
        "GD WR": {
            "mean": 0.610344732942118,
            "stdev": 0.032725443622260916
        },
        "IWD": {
            "mean": 0.02690155675789553,
            "stdev": 0.032269716454956396
        }
    },
    "BR": {
        "GIH WR": {
            "mean": 0.5769814376077144,
            "stdev": 0.032776751050915647
        },
        "OH WR": {
            "mean": 0.5706895610279309,
            "stdev": 0.021924308277016743
        },
        "GD WR": {
            "mean": 0.578186055936763,
            "stdev": 0.031614845140489005
        },
        "IWD": {
            "mean": 0.013525672401096341,
            "stdev": 0.03437397124105717
        }
    },
    "BG": {
        "GIH WR": {
            "mean": 0.6135110478650811,
            "stdev": 0.029896633557157628
        },
        "OH WR": {
            "mean": 0.5979797760403026,
            "stdev": 0.028286744643278038
        },
        "GD WR": {
            "mean": 0.6142870888331114,
            "stdev": 0.027417115389650887
        },
        "IWD": {
            "mean": 0.03425309215197909,
            "stdev": 0.03479356064251724
        }
    },
    "RG": {
        "GIH WR": {
            "mean": 0.5908036393430373,
            "stdev": 0.030360146578397827
        },
        "OH WR": {
            "mean": 0.6013564692843801,
            "stdev": 0.029204062427406596
        },
        "GD WR": {
            "mean": 0.5861949962217273,
            "stdev": 0.03489443632691256
        },
        "IWD": {
            "mean": -0.0021517950776841605,
            "stdev": 0.03183942464151808
        }
    }
}