{
    "all": {
        "GIH WR": {
            "mean": 0.595807246505749,
            "stdev": 0.034144466225115806
        },
        "OH WR": {
            "mean": 0.5950786664247256,
            "stdev": 0.03592744914138282
        },
        "GD WR": {
            "mean": 0.6017564745874366,
            "stdev": 0.03433957321918077
        },
        "IWD": {
            "mean": 0.013314260555066815,
            "stdev": 0.037674283807389373
        }
    },
    "WU": {
        "GIH WR": {
            "mean": 0.5965134627660547,
            "stdev": 0.02945851962760933
        },
        "OH WR": {
            "mean": 0.5973491849084023,
            "stdev": 0.03315258283224357
        },
        "GD WR": {
            "mean": 0.5954463478456896,
            "stdev": 0.0312919825891584
        },
        "IWD": {
            "mean": -0.003895063991127082,
            "stdev": 0.03361391278040963
        }
    },
    "WB": {
        "GIH WR": {
            "mean": 0.598224202825611,
            "stdev": 0.029967898030844146
        },
        "OH WR": {
            "mean": 0.5979190799963116,
            "stdev": 0.02931641466875937
        },
        "GD WR": {
            "mean": 0.6026651122660353,
            "stdev": 0.028469035578290953
        },
        "IWD": {
            "mean": -0.0018717342160583987,
            "stdev": 0.03599758794846766
        }
    },
    "WR": {
        "GIH WR": {
            "mean": 0.6036737771975957,
            "stdev": 0.03406719944034063
        },
        "OH WR": {
            "mean": 0.6184642006627694,
            "stdev": 0.03323358014468978
        },
        "GD WR": {
            "mean": 0.5981462537196651,
            "stdev": 0.03294323209782174
        },
        "IWD": {
            "mean": -0.015185866385874618,
            "stdev": 0.032679480333011296
        }
    },
    "WG": {
        "GIH WR": {
            "mean": 0.6063791732723468,
            "stdev": 0.03574986019446352
        },
        "OH WR": {
            "mean": 0.6036815786491145,
            "stdev": 0.03473341397634111
        },
        "GD WR": {
            "mean": 0.6063665695322003,
            "stdev": 0.03538644684790574
        },
        "IWD": {
            "mean": 0.006103725719874658,
            "stdev": 0.03812792363058236
        }
    },
    "UB": {
        "GIH WR": {
            "mean": 0.5825413886993491,
            "stdev": 0.024107686650084403
        },
        "OH WR": {
            "mean": 0.5750339301586017,
            "stdev": 0.027865682194497948
        },
        "GD WR": {
            "mean": 0.5958479836170775,
            "stdev": 0.02307766757051661
        },
        "IWD": {
            "mean": 0.02737096428069114,
            "stdev": 0.03474767700285721
        }
    },
    "UR": {
        "GIH WR": {
            "mean": 0.5957140496037805,
            "stdev": 0.030283281585893877
        },
        "OH WR": {
            "mean": 0.5937515972288565,
            "stdev": 0.02683628341061076
        },
        "GD WR": {
            "mean": 0.6007669359770601,
            "stdev": 0.03083816761764239
        },
        "IWD": {
            "mean": 0.008486033899120383,
            "stdev": 0.03034186050880213
        }
    },
    "UG": {
        "GIH WR": {
            "mean": 0.6213653007827323,
            "stdev": 0.032695160909563696
        },
        "OH WR": {
            "mean": 0.6078474498575586,
            "stdev": 0.032875924584830254
        },
        "GD WR": {
            "mean": 0.6241358219791998,
            "stdev": 0.0317322684595345
        },
        "IWD": {
            "mean": 0.028652712102661904,
            "stdev": 0.0366717012784863
        }
    },
    "BR": {
        "GIH WR": {
            "mean": 0.5890263866739041,
            "stdev": 0.024654915229080993
        },
        "OH WR": {
            "mean": 0.5921532835570449,
            "stdev": 0.028862944092267657
        },
        "GD WR": {
            "mean": 0.5893162747282152,
            "stdev": 0.027736130566461802
        },
        "IWD": {
            "mean": 0.007851488877462339,
            "stdev": 0.026348386752942696
        }
    },
    "BG": {
        "GIH WR": {
            "mean": 0.5989023067833081,
            "stdev": 0.03331955107812182
        },
        "OH WR": {
            "mean": 0.5845806694258928,
            "stdev": 0.03566214705223648
        },
        "GD WR": {
            "mean": 0.6073146161021792,
            "stdev": 0.03487796014066744
        },
        "IWD": {
            "mean": 0.030401699137917133,
            "stdev": 0.03660400773110363
        }
    },
    "RG": {
        "GIH WR": {
            "mean": 0.5912356062965559,
            "stdev": 0.03058103211837516
        },
        "OH WR": {
            "mean": 0.5923597795257673,
            "stdev": 0.02230367986050108
        },
        "GD WR": {
            "mean": 0.587221415638252,
            "stdev": 0.03203395620696353
        },
        "IWD": {
            "mean": 0.0008518497426134265,
            "stdev": 0.035207231690870366
        }
    }
}