{
    "all": {
        "GIH WR": {
            "mean": 0.5967373240814221,
            "stdev": 0.03451108013271647
        },
        "OH WR": {
            "mean": 0.5958255732491982,
            "stdev": 0.03660442574295687
        },
        "GD WR": {
            "mean": 0.6028736349960185,
            "stdev": 0.03415499796698916
        },
        "IWD": {
            "mean": 0.013831221390028433,
            "stdev": 0.03790381719153642
        }
    },
    "WU": {
        "GIH WR": {
            "mean": 0.5942251508828047,
            "stdev": 0.031161834345179787
        },
        "OH WR": {
            "mean": 0.6035928123329204,
            "stdev": 0.03652970099372544
        },
        "GD WR": {
            "mean": 0.5929529781239712,
            "stdev": 0.030219297665246878
        },
        "IWD": {
            "mean": -0.004528700741747679,
            "stdev": 0.035805261052717294
        }
    },
    "WB": {
        "GIH WR": {
            "mean": 0.5982966351109593,
            "stdev": 0.02628922502221087
        },
        "OH WR": {
            "mean": 0.6028290969775719,
            "stdev": 0.033689248936550786
        },
        "GD WR": {
            "mean": 0.599998606232275,
            "stdev": 0.023764096191423372
        },
        "IWD": {
            "mean": -0.002106898747097679,
            "stdev": 0.034472368327898795
        }
    },
    "WR": {
        "GIH WR": {
            "mean": 0.6080356399954122,
            "stdev": 0.03402487412495218
        },
        "OH WR": {
            "mean": 0.6237314904541511,
            "stdev": 0.034256390528463215
        },
        "GD WR": {
            "mean": 0.5978682316642254,
            "stdev": 0.03205583278990612
        },
        "IWD": {
            "mean": -0.014864380511312711,
            "stdev": 0.03227149216873147
        }
    },
    "WG": {
        "GIH WR": {
            "mean": 0.6128293964734555,
            "stdev": 0.033568081620616856
        },
        "OH WR": {
            "mean": 0.6146209580305191,
            "stdev": 0.02984877489845435
        },
        "GD WR": {
            "mean": 0.612386259732595,
            "stdev": 0.029644495726304714
        },
        "IWD": {
            "mean": 0.007449309454357201,
            "stdev": 0.03411610290328841
        }
    },
    "UB": {
        "GIH WR": {
            "mean": 0.5795530013299818,
            "stdev": 0.023990279341690922
        },
        "OH WR": {
            "mean": 0.5667011684860934,
            "stdev": 0.04748496592154379
        },
        "GD WR": {
            "mean": 0.5910456247482833,
            "stdev": 0.020338964118863632
        },
        "IWD": {
            "mean": 0.02829389549919606,
            "stdev": 0.03349289480202002
        }
    },
    "UR": {
        "GIH WR": {
            "mean": 0.5998568972538404,
            "stdev": 0.030059553038979635
        },
        "OH WR": {
            "mean": 0.5984072912029692,
            "stdev": 0.02951629281771874
        },
        "GD WR": {
            "mean": 0.6023180932080753,
            "stdev": 0.026089540861786397
        },
        "IWD": {
            "mean": 0.01313081573110398,
            "stdev": 0.03137998386457192
        }
    },
    "UG": {
        "GIH WR": {
            "mean": 0.6172928583470249,
            "stdev": 0.030395117889309244
        },
        "OH WR": {
            "mean": 0.6101107149634737,
            "stdev": 0.023333806519880866
        },
        "GD WR": {
            "mean": 0.6389767273642866,
            "stdev": 0.029194080610167997
        },
        "IWD": {
            "mean": 0.0220046564132616,
            "stdev": 0.03337699556729197
        }
    },
    "BR": {
        "GIH WR": {
            "mean": 0.590151720789688,
            "stdev": 0.022144039082343147
        },
        "OH WR": {
            "mean": 0.6095795020052092,
            "stdev": 0.02477819702765885
        },
        "GD WR": {
            "mean": 0.5947938333492849,
            "stdev": 0.023967848231115245
        },
        "IWD": {
            "mean": 0.011376722353683116,
            "stdev": 0.022289223656877848
        }
    },
    "BG": {
        "GIH WR": {
            "mean": 0.5992063022911069,
            "stdev": 0.03360805167743831
        },
        "OH WR": {
            "mean": 0.5936103425273416,
            "stdev": 0.02622456390568528
        },
        "GD WR": {
            "mean": 0.6053270885393018,
            "stdev": 0.0374543114748297
        },
        "IWD": {
            "mean": 0.021946660226275217,
            "stdev": 0.03903063499750085
        }
    },
    "RG": {
        "GIH WR": {
            "mean": 0.5857890804187695,
            "stdev": 0.026669123844657368
        },
        "OH WR": {
            "mean": 0.5909305310711255,
            "stdev": 0.026315866641914352
        },
        "GD WR": {
            "mean": 0.5933871172610607,
            "stdev": 0.02492157042807
        },
        "IWD": {
            "mean": -0.005807578734487411,
            "stdev": 0.03224410062933337
        }
    }
}