{
    "all": {
        "GIH WR": {
            "mean": 0.5974329063554608,
            "stdev": 0.03409205445162831
        },
        "OH WR": {
            "mean": 0.5964320050414971,
            "stdev": 0.036784160166973674
        },
        "GD WR": {
            "mean": 0.60434256077104,
            "stdev": 0.03354678566876479
        },
        "IWD": {
            "mean": 0.013426693746555798,
            "stdev": 0.037502230725068766
        }
    },
    "WU": {
        "GIH WR": {
            "mean": 0.596424234616357,
            "stdev": 0.03001442156949337
        },
        "OH WR": {
            "mean": 0.6005396118032377,
            "stdev": 0.03556965040677839
        },
        "GD WR": {
            "mean": 0.5964330454693046,
            "stdev": 0.03094570832675191
        },
        "IWD": {
            "mean": -0.0026615408824506117,
            "stdev": 0.03498720832057344
        }
    },
    "WB": {
        "GIH WR": {
            "mean": 0.5979728685297425,
            "stdev": 0.027034602138708553
        },
        "OH WR": {
            "mean": 0.5985282093906121,
            "stdev": 0.03413088737021679
        },
        "GD WR": {
            "mean": 0.5980120149758418,
            "stdev": 0.023349619730397703
        },
        "IWD": {
            "mean": -0.0016613396047291855,
            "stdev": 0.03364204793006798
        }
    },
    "WR": {
        "GIH WR": {
            "mean": 0.6071488040356301,
            "stdev": 0.03312928187521284
        },
        "OH WR": {
            "mean": 0.6221560494491399,
            "stdev": 0.03390042920950164
        },
        "GD WR": {
            "mean": 0.6004525604345102,
            "stdev": 0.0328933290845221
        },
        "IWD": {
            "mean": -0.0157896783903692,
            "stdev": 0.03159204514452591
        }
    },
    "WG": {
        "GIH WR": {
            "mean": 0.611620687092355,
            "stdev": 0.0346199227163334
        },
        "OH WR": {
            "mean": 0.6112483807600787,
            "stdev": 0.02908278073283007
        },
        "GD WR": {
            "mean": 0.6074335634924716,
            "stdev": 0.028678308473001624
        },
        "IWD": {
            "mean": 0.008106524683097539,
            "stdev": 0.034930207847007115
        }
    },
    "UB": {
        "GIH WR": {
            "mean": 0.5836037279801378,
            "stdev": 0.026590972876473443
        },
        "OH WR": {
            "mean": 0.575142519425052,
            "stdev": 0.03388488723880685
        },
        "GD WR": {
            "mean": 0.5933179695870319,
            "stdev": 0.02345747738589029
        },
        "IWD": {
            "mean": 0.03114745573845585,
            "stdev": 0.03542214088186121
        }
    },
    "UR": {
        "GIH WR": {
            "mean": 0.6003811759672796,
            "stdev": 0.02887922589509919
        },
        "OH WR": {
            "mean": 0.5976231911729952,
            "stdev": 0.02652835486954308
        },
        "GD WR": {
            "mean": 0.6004593302505231,
            "stdev": 0.02850254766666628
        },
        "IWD": {
            "mean": 0.012674019250661618,
            "stdev": 0.02857469598718281
        }
    },
    "UG": {
        "GIH WR": {
            "mean": 0.6198853676775722,
            "stdev": 0.03214796936956896
        },
        "OH WR": {
            "mean": 0.6095585301187642,
            "stdev": 0.022868976597828727
        },
        "GD WR": {
            "mean": 0.6323163656710308,
            "stdev": 0.03152208015784938
        },
        "IWD": {
            "mean": 0.024026887822870244,
            "stdev": 0.03599562784924533
        }
    },
    "BR": {
        "GIH WR": {
            "mean": 0.5906095855543317,
            "stdev": 0.023322206799569103
        },
        "OH WR": {
            "mean": 0.5987280892971131,
            "stdev": 0.02373103827043634
        },
        "GD WR": {
            "mean": 0.5942583900668017,
            "stdev": 0.02197585513270166
        },
        "IWD": {
            "mean": 0.006240038276343323,
            "stdev": 0.025086010677347736
        }
    },
    "BG": {
        "GIH WR": {
            "mean": 0.5994685202442068,
            "stdev": 0.03278392334282267
        },
        "OH WR": {
            "mean": 0.5888621461846595,
            "stdev": 0.028664923307018184
        },
        "GD WR": {
            "mean": 0.6034893227776167,
            "stdev": 0.03264214654086795
        },
        "IWD": {
            "mean": 0.026725720735709228,
            "stdev": 0.03952952150536904
        }
    },
    "RG": {
        "GIH WR": {
            "mean": 0.5925957201241577,
            "stdev": 0.03289063044984079
        },
        "OH WR": {
            "mean": 0.5975968003801435,
            "stdev": 0.025977249009424736
        },
        "GD WR": {
            "mean": 0.5915599918793737,
            "stdev": 0.030681324577173416
        },
        "IWD": {
            "mean": -0.0012079847363771889,
            "stdev": 0.03787934421459416
        }
    }
}