{
    "all": {
        "GIH WR": {
            "mean": 0.597004123063305,
            "stdev": 0.032061042053869476
        },
        "OH WR": {
            "mean": 0.5929135059270502,
            "stdev": 0.038274785368373664
        },
        "GD WR": {
            "mean": 0.6033652000152019,
            "stdev": 0.03184281768769419
        },
        "IWD": {
            "mean": 0.019288597085070313,
            "stdev": 0.03354488634287201
        }
    },
    "WU": {
        "GIH WR": {
            "mean": 0.5796103168734291,
            "stdev": 0.027456326494477448
        },
        "OH WR": {
            "mean": 0.584579882268274,
            "stdev": 0.048377663278561536
        },
        "GD WR": {
            "mean": 0.603834427772496,
            "stdev": 0.020324548470025842
        },
        "IWD": {
            "mean": 0.04273810382786618,
            "stdev": 0.035079855649399215
        }
    },
    "WB": {
        "GIH WR": {
            "mean": 0.5866364234721169,
            "stdev": 0.024736850412559467
        },
        "OH WR": {
            "mean": 0.5895375306416434,
            "stdev": 0.029862290352316714
        },
        "GD WR": {
            "mean": 0.6004499802889196,
            "stdev": 0.029826107423935717
        },
        "IWD": {
            "mean": 0.008346801393346596,
            "stdev": 0.022303906785798733
        }
    },
    "WR": {
        "GIH WR": {
            "mean": 0.6075086677052042,
            "stdev": 0.031217389639309014
        },
        "OH WR": {
            "mean": 0.6180898548728029,
            "stdev": 0.028060917856649777
        },
        "GD WR": {
            "mean": 0.5980877514582237,
            "stdev": 0.028411595179356906
        },
        "IWD": {
            "mean": -0.008476658313467545,
            "stdev": 0.03213474492062127
        }
    },
    "WG": {
        "GIH WR": {
            "mean": 0.5878746759519072,
            "stdev": 0.028324315679900413
        },
        "OH WR": {
            "mean": 0.5878810863632828,
            "stdev": 0.03840131694161968
        },
        "GD WR": {
            "mean": 0.5936437323001454,
            "stdev": 0.028334306168889045
        },
        "IWD": {
            "mean": 0.010833346993766837,
            "stdev": 0.02754263625184949
        }
    },
    "UB": {
        "GIH WR": {
            "mean": 0.6033368998884191,
            "stdev": 0.03416179227300919
        },
        "OH WR": {
            "mean": 0.5850213308514469,
            "stdev": 0.03054917371995732
        },
        "GD WR": {
            "mean": 0.6198358297418303,
            "stdev": 0.02610442371067651
        },
        "IWD": {
            "mean": 0.04120597810871526,
            "stdev": 0.03355188791305207
        }
    },
    "UR": {
        "GIH WR": {
            "mean": 0.6120409596491033,
            "stdev": 0.026172528963264562
        },
        "OH WR": {
            "mean": 0.5906800080403715,
            "stdev": 0.029641982877954307
        },
        "GD WR": {
            "mean": 0.6232747586813983,
            "stdev": 0.02176011651517673
        },
        "IWD": {
            "mean": 0.04575234697339935,
            "stdev": 0.02840022414771433
        }
    },
    "UG": {
        "GIH WR": {
            "mean": 0.586769176364548,
            "stdev": 0.02671096458025232
        },
        "OH WR": {
            "mean": 0.5677382284182497,
            "stdev": 0.03867409783294033
        },
        "GD WR": {
            "mean": 0.5946484218599952,
            "stdev": 0.02741483923743997
        },
        "IWD": {
            "mean": 0.05023467537258045,
            "stdev": 0.03299536898636748
        }
    },
    "BR": {
        "GIH WR": {
            "mean": 0.6022953525803016,
            "stdev": 0.028774349071236112
        },
        "OH WR": {
            "mean": 0.6079343643426516,
            "stdev": 0.023949180343937355
        },
        "GD WR": {
            "mean": 0.5989583481590259,
            "stdev": 0.02736807195493913
        },
        "IWD": {
            "mean": -0.00020081261806773705,
            "stdev": 0.028491854421543287
        }
    },
    "BG": {
        "GIH WR": {
            "mean": 0.6032629761104414,
            "stdev": 0.03626325423318618
        },
        "OH WR": {
            "mean": 0.5989486373767271,
            "stdev": 0.031067513662319964
        },
        "GD WR": {
            "mean": 0.6047734591286914,
            "stdev": 0.03098318370355293
        },
        "IWD": {
            "mean": 0.009350830946998385,
            "stdev": 0.03993262476498089
        }
    },
    "RG": {
        "GIH WR": {
            "mean": 0.59958240829491,
            "stdev": 0.030031092382529823
        },
        "OH WR": {
            "mean": 0.6005091115061869,
            "stdev": 0.026772794665485832
        },
        "GD WR": {
            "mean": 0.5936285563645369,
            "stdev": 0.02936163300123314
        },
        "IWD": {
            "mean": 0.004601949228821552,
            "stdev": 0.03412740454016149
        }
    }
}