{
    "all": {
        "GIH WR": {
            "mean": 0.6038960732172145,
            "stdev": 0.03460157052048624
        },
        "OH WR": {
            "mean": 0.6031646235967038,
            "stdev": 0.03211699657681041
        },
        "GD WR": {
            "mean": 0.6093547117108511,
            "stdev": 0.03138530257207637
        },
        "IWD": {
            "mean": 0.01403749623933501,
            "stdev": 0.034348726979974285
        }
    },
    "WU": {
        "GIH WR": {
            "mean": null,
            "stdev": null
        },
        "OH WR": {
            "mean": null,
            "stdev": null
        },
        "GD WR": {
            "mean": null,
            "stdev": null
        },
        "IWD": {
            "mean": null,
            "stdev": null
        }
    },
    "WB": {
        "GIH WR": {
            "mean": 0.5538075570732355,
            "stdev": 0.049511171343241185
        },
        "OH WR": {
            "mean": null,
            "stdev": null
        },
        "GD WR": {
            "mean": null,
            "stdev": null
        },
        "IWD": {
            "mean": 0.01078843084148201,
            "stdev": 0.03992554293996518
        }
    },
    "WR": {
        "GIH WR": {
            "mean": 0.6317559016563197,
            "stdev": 0.027965698361716987
        },
        "OH WR": {
            "mean": 0.648603036733232,
            "stdev": 0.02579539799524865
        },
        "GD WR": {
            "mean": 0.6266973037580217,
            "stdev": 0.02998809464195613
        },
        "IWD": {
            "mean": -0.011135161857730336,
            "stdev": 0.029126848088071523
        }
    },
    "WG": {
        "GIH WR": {
            "mean": 0.5798885791955123,
            "stdev": 0.02240413224490142
        },
        "OH WR": {
            "mean": null,
            "stdev": null
        },
        "GD WR": {
            "mean": null,
            "stdev": null
        },
        "IWD": {
            "mean": -0.023452552526365467,
            "stdev": 0.024625285914431822
        }
    },
    "UB": {
        "GIH WR": {
            "mean": 0.6557456825026755,
            "stdev": 0.039194187203328054
        },
        "OH WR": {
            "mean": null,
            "stdev": null
        },
        "GD WR": {
            "mean": 0.6945431246849687,
            "stdev": 0.019278170995985316
        },
        "IWD": {
            "mean": 0.06092489665049583,
            "stdev": 0.04470970767647437
        }
    },
    "UR": {
        "GIH WR": {
            "mean": 0.6310370298728337,
            "stdev": 0.026036303942534762
        },
        "OH WR": {
            "mean": null,
            "stdev": null
        },
        "GD WR": {
            "mean": 0.6405809778589114,
            "stdev": 0.03201510311197863
        },
        "IWD": {
            "mean": 0.04000478452878077,
            "stdev": 0.03047204099283218
        }
    },
    "UG": {
        "GIH WR": {
            "mean": 0.6144989181118078,
            "stdev": 0.025908389909604243
        },
        "OH WR": {
            "mean": 0.6196548017476564,
            "stdev": 0.04089232199209459
        },
        "GD WR": {
            "mean": 0.6231692196960119,
            "stdev": 0.01937172003371008
        },
        "IWD": {
            "mean": 0.03932162444492183,
            "stdev": 0.0341838420386358
        }
    },
    "BR": {
        "GIH WR": {
            "mean": 0.6112832256101839,
            "stdev": 0.028474341996067486
        },
        "OH WR": {
            "mean": null,
            "stdev": null
        },
        "GD WR": {
            "mean": null,
            "stdev": null
        },
        "IWD": {
            "mean": 0.019918420831454904,
            "stdev": 0.02673638772111121
        }
    },
    "BG": {
        "GIH WR": {
            "mean": 0.5965428004062878,
            "stdev": 0.04314693365137673
        },
        "OH WR": {
            "mean": null,
            "stdev": null
        },
        "GD WR": {
            "mean": null,
            "stdev": null
        },
        "IWD": {
            "mean": 0.011900006430162702,
            "stdev": 0.043800678648853855
        }
    },
    "RG": {
        "GIH WR": {
            "mean": 0.6457263290235652,
            "stdev": 0.030927394676147545
        },
        "OH WR": {
            "mean": 0.6668599390344433,
            "stdev": 0.03180575965894313
        },
        "GD WR": {
            "mean": 0.663905418410164,
            "stdev": 0.03342571275934554
        },
        "IWD": {
            "mean": 0.006622188854319431,
            "stdev": 0.035206657919925555
        }
    }
}