{
    "all": {
        "GIH WR": {
            "mean": 0.609039675867351,
            "stdev": 0.031961602262494004
        },
        "OH WR": {
            "mean": 0.6025558694333074,
            "stdev": 0.03119522430616892
        },
        "GD WR": {
            "mean": 0.6100781134735128,
            "stdev": 0.0268267476420436
        },
        "IWD": {
            "mean": 0.017297325326175585,
            "stdev": 0.03495644376452245
        }
    },
    "WU": {
        "GIH WR": {
            "mean": 0.6217990380106351,
            "stdev": 0.022194868510928074
        },
        "OH WR": {
            "mean": null,
            "stdev": null
        },
        "GD WR": {
            "mean": null,
            "stdev": null
        },
        "IWD": {
            "mean": 0.10064048109741457,
            "stdev": 0.03763184498855486
        }
    },
    "WB": {
        "GIH WR": {
            "mean": 0.6141381836176033,
            "stdev": 0.02311133586151031
        },
        "OH WR": {
            "mean": null,
            "stdev": null
        },
        "GD WR": {
            "mean": null,
            "stdev": null
        },
        "IWD": {
            "mean": 0.028449407156356965,
            "stdev": 0.026935397060271166
        }
    },
    "WR": {
        "GIH WR": {
            "mean": 0.6214455190620788,
            "stdev": 0.026453593214823462
        },
        "OH WR": {
            "mean": 0.6335400453546622,
            "stdev": 0.024240428243841015
        },
        "GD WR": {
            "mean": 0.6280201463066601,
            "stdev": 0.03431750351749715
        },
        "IWD": {
            "mean": -0.013997305369814151,
            "stdev": 0.029129574056191033
        }
    },
    "WG": {
        "GIH WR": {
            "mean": 0.6058919527577313,
            "stdev": 0.02522371912005447
        },
        "OH WR": {
            "mean": null,
            "stdev": null
        },
        "GD WR": {
            "mean": 0.6095786426070348,
            "stdev": 0.03470804309867388
        },
        "IWD": {
            "mean": 0.01988097584352206,
            "stdev": 0.024788507879596355
        }
    },
    "UB": {
        "GIH WR": {
            "mean": 0.6097609893781435,
            "stdev": 0.02607606881516491
        },
        "OH WR": {
            "mean": null,
            "stdev": null
        },
        "GD WR": {
            "mean": 0.6370276482289421,
            "stdev": 0.01393466608529872
        },
        "IWD": {
            "mean": 0.04394091151971204,
            "stdev": 0.030562620543982188
        }
    },
    "UR": {
        "GIH WR": {
            "mean": 0.6293852062313889,
            "stdev": 0.020968926238037935
        },
        "OH WR": {
            "mean": null,
            "stdev": null
        },
        "GD WR": {
            "mean": 0.6445125836966179,
            "stdev": 0.0239749235833326
        },
        "IWD": {
            "mean": 0.0414648080686651,
            "stdev": 0.023020344135193497
        }
    },
    "UG": {
        "GIH WR": {
            "mean": 0.6064876810302233,
            "stdev": 0.017430016649861328
        },
        "OH WR": {
            "mean": null,
            "stdev": null
        },
        "GD WR": {
            "mean": null,
            "stdev": null
        },
        "IWD": {
            "mean": 0.04223761566848377,
            "stdev": 0.023271546526887184
        }
    },
    "BR": {
        "GIH WR": {
            "mean": 0.6228034923822557,
            "stdev": 0.02624862668946778
        },
        "OH WR": {
            "mean": 0.6358251145809398,
            "stdev": 0.019989714222271436
        },
        "GD WR": {
            "mean": 0.6221500644032821,
            "stdev": 0.025836481407004556
        },
        "IWD": {
            "mean": 0.0002475680112029434,
            "stdev": 0.02684203150206384
        }
    },
    "BG": {
        "GIH WR": {
            "mean": 0.6147131558759296,
            "stdev": 0.029246841639516834
        },
        "OH WR": {
            "mean": 0.6168381220998498,
            "stdev": 0.0249156064603334
        },
        "GD WR": {
            "mean": 0.620989983290908,
            "stdev": 0.03728966342174899
        },
        "IWD": {
            "mean": 0.005273956346697782,
            "stdev": 0.031247469043054997
        }
    },
    "RG": {
        "GIH WR": {
            "mean": 0.6118006278589317,
            "stdev": 0.026313984399796753
        },
        "OH WR": {
            "mean": 0.6284880672526778,
            "stdev": 0.037782333634011095
        },
        "GD WR": {
            "mean": 0.6069404731545729,
            "stdev": 0.03190263834568815
        },
        "IWD": {
            "mean": 0.0020770357014354424,
            "stdev": 0.029126594343076004
        }
    }
}