{
    "all": {
        "GIH WR": {
            "mean": 0.6036003055431471,
            "stdev": 0.0358201566212046
        },
        "OH WR": {
            "mean": 0.5992682678388572,
            "stdev": 0.04656817554115543
        },
        "GD WR": {
            "mean": 0.6071731233463459,
            "stdev": 0.032246877781987586
        },
        "IWD": {
            "mean": 0.02328459576465755,
            "stdev": 0.03715186350676698
        }
    },
    "WU": {
        "GIH WR": {
            "mean": 0.6217690867450376,
            "stdev": 0.03573454836145155
        },
        "OH WR": {
            "mean": 0.6134078033491727,
            "stdev": 0.03735474434935565
        },
        "GD WR": {
            "mean": 0.6231008380417066,
            "stdev": 0.03191274294557162
        },
        "IWD": {
            "mean": 0.017188561614219146,
            "stdev": 0.038987640118507756
        }
    },
    "WB": {
        "GIH WR": {
            "mean": 0.5936155557913838,
            "stdev": 0.03520499155357495
        },
        "OH WR": {
            "mean": 0.5903883797148632,
            "stdev": 0.027587324306198525
        },
        "GD WR": {
            "mean": 0.6114634501637833,
            "stdev": 0.030840950897966873
        },
        "IWD": {
            "mean": 0.028479336776961173,
            "stdev": 0.0353408565995977
        }
    },
    "WR": {
        "GIH WR": {
            "mean": 0.5937094122820913,
            "stdev": 0.033184653257143704
        },
        "OH WR": {
            "mean": 0.6036109255462925,
            "stdev": 0.030986737270524606
        },
        "GD WR": {
            "mean": 0.590013717161964,
            "stdev": 0.028038669832790075
        },
        "IWD": {
            "mean": -0.005319421709077851,
            "stdev": 0.03375008465319089
        }
    },
    "WG": {
        "GIH WR": {
            "mean": 0.6056718390891601,
            "stdev": 0.02170213782049989
        },
        "OH WR": {
            "mean": 0.6108389369353343,
            "stdev": 0.03924521958051859
        },
        "GD WR": {
            "mean": 0.6086509417048032,
            "stdev": 0.020670805785837163
        },
        "IWD": {
            "mean": 0.014547707365394017,
            "stdev": 0.024497565831373424
        }
    },
    "UB": {
        "GIH WR": {
            "mean": 0.5963864647664511,
            "stdev": 0.029698391380362114
        },
        "OH WR": {
            "mean": 0.59231808723744,
            "stdev": 0.035584582704222364
        },
        "GD WR": {
            "mean": 0.618161581277124,
            "stdev": 0.02495827571481027
        },
        "IWD": {
            "mean": 0.03396167214080142,
            "stdev": 0.033150087459371605
        }
    },
    "UR": {
        "GIH WR": {
            "mean": 0.6182873282022789,
            "stdev": 0.03576267797156049
        },
        "OH WR": {
            "mean": 0.6166524649941539,
            "stdev": 0.03335548577295682
        },
        "GD WR": {
            "mean": 0.6094074869689533,
            "stdev": 0.02460221246198126
        },
        "IWD": {
            "mean": 0.0019960483082755165,
            "stdev": 0.03662065480616208
        }
    },
    "UG": {
        "GIH WR": {
            "mean": 0.5855526378324901,
            "stdev": 0.02287223739628746
        },
        "OH WR": {
            "mean": 0.5851337448559671,
            "stdev": 0.02846891116840198
        },
        "GD WR": {
            "mean": 0.584617804201776,
            "stdev": 0.02194827653488082
        },
        "IWD": {
            "mean": 0.011198348230783731,
            "stdev": 0.02418901160594094
        }
    },
    "BR": {
        "GIH WR": {
            "mean": 0.5967407724864193,
            "stdev": 0.02970114779233519
        },
        "OH WR": {
            "mean": 0.5951503927015287,
            "stdev": 0.02602594448042372
        },
        "GD WR": {
            "mean": 0.6081107176559527,
            "stdev": 0.019989110836867482
        },
        "IWD": {
            "mean": 0.02965386113438922,
            "stdev": 0.033297184192950836
        }
    },
    "BG": {
        "GIH WR": {
            "mean": 0.5984556038596869,
            "stdev": 0.022753746324053182
        },
        "OH WR": {
            "mean": 0.5865192780930912,
            "stdev": 0.026708770287017534
        },
        "GD WR": {
            "mean": 0.6119324845972687,
            "stdev": 0.023591032566508952
        },
        "IWD": {
            "mean": 0.03278139423481647,
            "stdev": 0.02639957014808905
        }
    },
    "RG": {
        "GIH WR": {
            "mean": 0.6106067983441222,
            "stdev": 0.03304288477561222
        },
        "OH WR": {
            "mean": 0.6168050528298291,
            "stdev": 0.027005223569906023
        },
        "GD WR": {
            "mean": 0.6114823633164318,
            "stdev": 0.03126381523247221
        },
        "IWD": {
            "mean": 0.004903910592293995,
            "stdev": 0.0375381076063016
        }
    }
}