{
    "all": {
        "GIH WR": {
            "mean": 0.6103600857434552,
            "stdev": 0.03517606525456129
        },
        "OH WR": {
            "mean": 0.6004954148317924,
            "stdev": 0.04103029834528499
        },
        "GD WR": {
            "mean": 0.6192698192435989,
            "stdev": 0.03349465695377423
        },
        "IWD": {
            "mean": 0.0335553136922831,
            "stdev": 0.03630181359855546
        }
    },
    "WU": {
        "GIH WR": {
            "mean": 0.6287953734543008,
            "stdev": 0.03027632165143218
        },
        "OH WR": {
            "mean": 0.598906132337111,
            "stdev": 0.02693128871282047
        },
        "GD WR": {
            "mean": 0.6465483902707547,
            "stdev": 0.02729534251211904
        },
        "IWD": {
            "mean": 0.06206165683024388,
            "stdev": 0.03515660587890783
        }
    },
    "WB": {
        "GIH WR": {
            "mean": 0.6157776664720166,
            "stdev": 0.02454457091744083
        },
        "OH WR": {
            "mean": 0.6094378210019467,
            "stdev": 0.025248986435316458
        },
        "GD WR": {
            "mean": 0.6219481525931191,
            "stdev": 0.02466335626347867
        },
        "IWD": {
            "mean": 0.024391501225830347,
            "stdev": 0.026677948401084717
        }
    },
    "WR": {
        "GIH WR": {
            "mean": 0.5940609089245632,
            "stdev": 0.029946036562840964
        },
        "OH WR": {
            "mean": 0.6033983874733494,
            "stdev": 0.029205562113482308
        },
        "GD WR": {
            "mean": 0.5939016982125863,
            "stdev": 0.032066789718671614
        },
        "IWD": {
            "mean": -0.002291461415897991,
            "stdev": 0.03189275700581663
        }
    },
    "WG": {
        "GIH WR": {
            "mean": 0.6039197913182485,
            "stdev": 0.02229998960730398
        },
        "OH WR": {
            "mean": 0.5971057861568088,
            "stdev": 0.04017616989070981
        },
        "GD WR": {
            "mean": 0.6130438467420378,
            "stdev": 0.02082366952886814
        },
        "IWD": {
            "mean": 0.026898929571097067,
            "stdev": 0.026259573656382557
        }
    },
    "UB": {
        "GIH WR": {
            "mean": 0.632071036527436,
            "stdev": 0.03313811689907512
        },
        "OH WR": {
            "mean": 0.6058526057085477,
            "stdev": 0.036885338159377536
        },
        "GD WR": {
            "mean": 0.648177922104734,
            "stdev": 0.029457728701142192
        },
        "IWD": {
            "mean": 0.05963116069380338,
            "stdev": 0.03351085107930235
        }
    },
    "UR": {
        "GIH WR": {
            "mean": 0.6308878073397806,
            "stdev": 0.03482412415183219
        },
        "OH WR": {
            "mean": 0.6184469856761905,
            "stdev": 0.03401437297722158
        },
        "GD WR": {
            "mean": 0.6432094912679935,
            "stdev": 0.03479898984604805
        },
        "IWD": {
            "mean": 0.04452334178540775,
            "stdev": 0.032653784573518675
        }
    },
    "UG": {
        "GIH WR": {
            "mean": 0.5568776269109413,
            "stdev": 0.02188793956661226
        },
        "OH WR": {
            "mean": 0.5516182754083163,
            "stdev": 0.03898319039858064
        },
        "GD WR": {
            "mean": 0.5664100790206,
            "stdev": 0.025182264168264912
        },
        "IWD": {
            "mean": 0.029717989309570123,
            "stdev": 0.0238645330792161
        }
    },
    "BR": {
        "GIH WR": {
            "mean": 0.6269403174020426,
            "stdev": 0.03826806192833003
        },
        "OH WR": {
            "mean": 0.6211732917747484,
            "stdev": 0.03322837744969163
        },
        "GD WR": {
            "mean": 0.6279442806535523,
            "stdev": 0.037670685455498815
        },
        "IWD": {
            "mean": 0.01191630699028818,
            "stdev": 0.03739306869457654
        }
    },
    "BG": {
        "GIH WR": {
            "mean": 0.628409303209731,
            "stdev": 0.02085646324868098
        },
        "OH WR": {
            "mean": 0.6100249303391103,
            "stdev": 0.02467982647453495
        },
        "GD WR": {
            "mean": 0.6416308478074579,
            "stdev": 0.025279638773764282
        },
        "IWD": {
            "mean": 0.03853551296688842,
            "stdev": 0.0240112662024206
        }
    },
    "RG": {
        "GIH WR": {
            "mean": 0.5896576595371168,
            "stdev": 0.015433413090458932
        },
        "OH WR": {
            "mean": 0.5788395345954606,
            "stdev": 0.02946731440030641
        },
        "GD WR": {
            "mean": 0.5980511391446297,
            "stdev": 0.017167782109777287
        },
        "IWD": {
            "mean": 0.021528002578772392,
            "stdev": 0.016428504654573847
        }
    }
}