{
    "all": {
        "GIH WR": {
            "mean": 0.6058576600813755,
            "stdev": 0.03053419869947822
        },
        "OH WR": {
            "mean": 0.5998623545753482,
            "stdev": 0.02995531084130339
        },
        "GD WR": {
            "mean": 0.6101161691887925,
            "stdev": 0.029400972851108972
        },
        "IWD": {
            "mean": 0.01744131446462727,
            "stdev": 0.03375321989293923
        }
    },
    "WU": {
        "GIH WR": {
            "mean": 0.611307631653163,
            "stdev": 0.01908285934990867
        },
        "OH WR": {
            "mean": null,
            "stdev": null
        },
        "GD WR": {
            "mean": null,
            "stdev": null
        },
        "IWD": {
            "mean": 0.07893477416622982,
            "stdev": 0.03787965058176177
        }
    },
    "WB": {
        "GIH WR": {
            "mean": 0.6180953940437923,
            "stdev": 0.024262080203500465
        },
        "OH WR": {
            "mean": null,
            "stdev": null
        },
        "GD WR": {
            "mean": 0.6310749275825845,
            "stdev": 0.018122820465909885
        },
        "IWD": {
            "mean": 0.029286318778398084,
            "stdev": 0.02568011769796116
        }
    },
    "WR": {
        "GIH WR": {
            "mean": 0.6183739422388566,
            "stdev": 0.024222916397229916
        },
        "OH WR": {
            "mean": 0.6377462603984309,
            "stdev": 0.025823555047462997
        },
        "GD WR": {
            "mean": 0.6124903914662596,
            "stdev": 0.03178266121146174
        },
        "IWD": {
            "mean": -0.013589692468866604,
            "stdev": 0.026745231995677864
        }
    },
    "WG": {
        "GIH WR": {
            "mean": 0.6052875647938408,
            "stdev": 0.024667888467850084
        },
        "OH WR": {
            "mean": null,
            "stdev": null
        },
        "GD WR": {
            "mean": 0.6286581136860527,
            "stdev": 0.03483273720362908
        },
        "IWD": {
            "mean": 0.017568238928299965,
            "stdev": 0.02253858766141586
        }
    },
    "UB": {
        "GIH WR": {
            "mean": 0.6063434664280459,
            "stdev": 0.02421616349827878
        },
        "OH WR": {
            "mean": null,
            "stdev": null
        },
        "GD WR": {
            "mean": 0.6170065220043847,
            "stdev": 0.023117736125356222
        },
        "IWD": {
            "mean": 0.04306744624102319,
            "stdev": 0.02684503319888062
        }
    },
    "UR": {
        "GIH WR": {
            "mean": 0.6240803302830863,
            "stdev": 0.020239741893018647
        },
        "OH WR": {
            "mean": 0.5998392365293659,
            "stdev": 0.033645951422148344
        },
        "GD WR": {
            "mean": 0.6336324659303056,
            "stdev": 0.02363053346159172
        },
        "IWD": {
            "mean": 0.04177661956516231,
            "stdev": 0.02366219690271152
        }
    },
    "UG": {
        "GIH WR": {
            "mean": 0.6007330755149777,
            "stdev": 0.020378276555905232
        },
        "OH WR": {
            "mean": null,
            "stdev": null
        },
        "GD WR": {
            "mean": null,
            "stdev": null
        },
        "IWD": {
            "mean": 0.04320434372149878,
            "stdev": 0.030214452751809423
        }
    },
    "BR": {
        "GIH WR": {
            "mean": 0.6172112947300363,
            "stdev": 0.023068780617452735
        },
        "OH WR": {
            "mean": 0.627011330322047,
            "stdev": 0.024318551544954138
        },
        "GD WR": {
            "mean": 0.6137343778671187,
            "stdev": 0.02388410690885754
        },
        "IWD": {
            "mean": -0.0012503642244727636,
            "stdev": 0.02446963306694678
        }
    },
    "BG": {
        "GIH WR": {
            "mean": 0.6113132477664049,
            "stdev": 0.02780454123071656
        },
        "OH WR": {
            "mean": 0.6151429705596105,
            "stdev": 0.025887268387008812
        },
        "GD WR": {
            "mean": 0.6163452785108039,
            "stdev": 0.03364987921983491
        },
        "IWD": {
            "mean": 0.007223646236917755,
            "stdev": 0.02950093638107
        }
    },
    "RG": {
        "GIH WR": {
            "mean": 0.6100310866100075,
            "stdev": 0.024394927498174405
        },
        "OH WR": {
            "mean": 0.6233416722449123,
            "stdev": 0.028301659075669252
        },
        "GD WR": {
            "mean": 0.6019602793745489,
            "stdev": 0.026968403357732967
        },
        "IWD": {
            "mean": -0.0017605013102530126,
            "stdev": 0.027247834900876386
        }
    }
}