{
    "all": {
        "GIH WR": {
            "mean": 0.5969860520625466,
            "stdev": 0.03078006188306246
        },
        "OH WR": {
            "mean": 0.5914452587309182,
            "stdev": 0.03799034159911923
        },
        "GD WR": {
            "mean": 0.6003954925946732,
            "stdev": 0.0321831781765032
        },
        "IWD": {
            "mean": 0.017555213824525226,
            "stdev": 0.035366925128510224
        }
    },
    "WU": {
        "GIH WR": {
            "mean": 0.5946069686478161,
            "stdev": 0.024323066185364464
        },
        "OH WR": {
            "mean": 0.5835800588064328,
            "stdev": 0.01864069726897868
        },
        "GD WR": {
            "mean": 0.603903594284863,
            "stdev": 0.030302845074291603
        },
        "IWD": {
            "mean": 0.0251037644855391,
            "stdev": 0.032354549001995296
        }
    },
    "WB": {
        "GIH WR": {
            "mean": 0.6026008576546908,
            "stdev": 0.02406183951405872
        },
        "OH WR": {
            "mean": 0.6048527740995927,
            "stdev": 0.02334878519204467
        },
        "GD WR": {
            "mean": 0.6095013915359344,
            "stdev": 0.034945009854598405
        },
        "IWD": {
            "mean": 0.014811363406764233,
            "stdev": 0.03227920196241028
        }
    },
    "WR": {
        "GIH WR": {
            "mean": 0.5619901033308079,
            "stdev": 0.02592175803424753
        },
        "OH WR": {
            "mean": null,
            "stdev": null
        },
        "GD WR": {
            "mean": 0.5625312138261808,
            "stdev": 0.027204257269143526
        },
        "IWD": {
            "mean": -0.019006164597407837,
            "stdev": 0.029183238684688133
        }
    },
    "WG": {
        "GIH WR": {
            "mean": 0.6045215759803019,
            "stdev": 0.02617337035700769
        },
        "OH WR": {
            "mean": 0.6110740638972424,
            "stdev": 0.030027400494212205
        },
        "GD WR": {
            "mean": 0.6022688245028573,
            "stdev": 0.03488670628995356
        },
        "IWD": {
            "mean": -0.0055155109984178574,
            "stdev": 0.029361122763954053
        }
    },
    "UB": {
        "GIH WR": {
            "mean": 0.6042855374777159,
            "stdev": 0.027978428456334723
        },
        "OH WR": {
            "mean": 0.5880517214256493,
            "stdev": 0.029065067519880985
        },
        "GD WR": {
            "mean": 0.6162143216129901,
            "stdev": 0.025798089159193485
        },
        "IWD": {
            "mean": 0.03587575767357146,
            "stdev": 0.034882770718684536
        }
    },
    "UR": {
        "GIH WR": {
            "mean": 0.6018153728239857,
            "stdev": 0.026934290154722113
        },
        "OH WR": {
            "mean": 0.5866899834478633,
            "stdev": 0.034086308125536875
        },
        "GD WR": {
            "mean": 0.6053411219672642,
            "stdev": 0.02555083622686288
        },
        "IWD": {
            "mean": 0.02887785550142576,
            "stdev": 0.030964858988651558
        }
    },
    "UG": {
        "GIH WR": {
            "mean": 0.6138772321763625,
            "stdev": 0.03267779603364998
        },
        "OH WR": {
            "mean": 0.6041055077876202,
            "stdev": 0.027994651408377258
        },
        "GD WR": {
            "mean": 0.6161203648324663,
            "stdev": 0.026443625408130174
        },
        "IWD": {
            "mean": 0.02110112319793478,
            "stdev": 0.03594084457842881
        }
    },
    "BR": {
        "GIH WR": {
            "mean": 0.5995469696057107,
            "stdev": 0.031080870567844327
        },
        "OH WR": {
            "mean": 0.6041002636887572,
            "stdev": 0.02360623543340664
        },
        "GD WR": {
            "mean": 0.6035677281788745,
            "stdev": 0.02710893035119943
        },
        "IWD": {
            "mean": 0.0040313530045984385,
            "stdev": 0.03415478772645433
        }
    },
    "BG": {
        "GIH WR": {
            "mean": 0.6058155919884564,
            "stdev": 0.028565677517770165
        },
        "OH WR": {
            "mean": 0.6037660073544896,
            "stdev": 0.024601471755335863
        },
        "GD WR": {
            "mean": 0.6106805719291218,
            "stdev": 0.027961495064627993
        },
        "IWD": {
            "mean": 0.01170014212830448,
            "stdev": 0.03214013421870455
        }
    },
    "RG": {
        "GIH WR": {
            "mean": 0.5867772195100542,
            "stdev": 0.027748413943405756
        },
        "OH WR": {
            "mean": 0.5963324019188821,
            "stdev": 0.030068950774692876
        },
        "GD WR": {
            "mean": 0.5794162941450584,
            "stdev": 0.025794210750352504
        },
        "IWD": {
            "mean": -0.01586193343672679,
            "stdev": 0.032965277556957544
        }
    }
}