{
    "all": {
        "GIH WR": {
            "mean": 0.5964926257543703,
            "stdev": 0.03122656267136172
        },
        "OH WR": {
            "mean": 0.5885937620977976,
            "stdev": 0.03655861817402321
        },
        "GD WR": {
            "mean": 0.6049193474254676,
            "stdev": 0.03471207299603846
        },
        "IWD": {
            "mean": 0.029967066605238193,
            "stdev": 0.033889704141797754
        }
    },
    "WU": {
        "GIH WR": {
            "mean": 0.5773764074614604,
            "stdev": 0.026394025360791263
        },
        "OH WR": {
            "mean": 0.5667258115427956,
            "stdev": 0.01938416383422957
        },
        "GD WR": {
            "mean": 0.5881642175292336,
            "stdev": 0.027830450932583035
        },
        "IWD": {
            "mean": 0.023840789837869157,
            "stdev": 0.03174931100034315
        }
    },
    "WB": {
        "GIH WR": {
            "mean": 0.6072028827409726,
            "stdev": 0.021866210475777127
        },
        "OH WR": {
            "mean": 0.5993174438983047,
            "stdev": 0.028592010623024293
        },
        "GD WR": {
            "mean": 0.6151340353090878,
            "stdev": 0.0266058636209175
        },
        "IWD": {
            "mean": 0.024481588547627765,
            "stdev": 0.025032378101985286
        }
    },
    "WR": {
        "GIH WR": {
            "mean": 0.5884066993419244,
            "stdev": 0.027745832864240615
        },
        "OH WR": {
            "mean": 0.5924262648703158,
            "stdev": 0.02051541932120082
        },
        "GD WR": {
            "mean": 0.5818229987224333,
            "stdev": 0.021088466062793517
        },
        "IWD": {
            "mean": -0.004290763401030189,
            "stdev": 0.030601556332044914
        }
    },
    "WG": {
        "GIH WR": {
            "mean": 0.6064767400262934,
            "stdev": 0.03325605519776637
        },
        "OH WR": {
            "mean": 0.6099986821904924,
            "stdev": 0.033369916108287934
        },
        "GD WR": {
            "mean": 0.6036620967972657,
            "stdev": 0.0312703789203235
        },
        "IWD": {
            "mean": 0.010054283787034338,
            "stdev": 0.03478893073090426
        }
    },
    "UB": {
        "GIH WR": {
            "mean": 0.6155062274278891,
            "stdev": 0.029816260603030997
        },
        "OH WR": {
            "mean": 0.5943064572004436,
            "stdev": 0.027069776507749103
        },
        "GD WR": {
            "mean": 0.6333338153019885,
            "stdev": 0.026577196211315497
        },
        "IWD": {
            "mean": 0.05130958161578579,
            "stdev": 0.028221444061226002
        }
    },
    "UR": {
        "GIH WR": {
            "mean": 0.5794732830008026,
            "stdev": 0.021778061260926834
        },
        "OH WR": {
            "mean": 0.5617073056584372,
            "stdev": 0.021091920569249984
        },
        "GD WR": {
            "mean": 0.5914575862900421,
            "stdev": 0.02508192230082681
        },
        "IWD": {
            "mean": 0.043656578633045555,
            "stdev": 0.028635598995429574
        }
    },
    "UG": {
        "GIH WR": {
            "mean": 0.5968724749621775,
            "stdev": 0.027232781445779747
        },
        "OH WR": {
            "mean": 0.5861329985896178,
            "stdev": 0.02536370439556569
        },
        "GD WR": {
            "mean": 0.6096750399696168,
            "stdev": 0.03196030926973464
        },
        "IWD": {
            "mean": 0.02808283644690274,
            "stdev": 0.03209893585496234
        }
    },
    "BR": {
        "GIH WR": {
            "mean": 0.5750949124590912,
            "stdev": 0.03295014447129494
        },
        "OH WR": {
            "mean": 0.5702374916903823,
            "stdev": 0.026164912743949734
        },
        "GD WR": {
            "mean": 0.5761736382126044,
            "stdev": 0.03084779615429881
        },
        "IWD": {
            "mean": 0.01304116929759327,
            "stdev": 0.03490808880628712
        }
    },
    "BG": {
        "GIH WR": {
            "mean": 0.6137549022805614,
            "stdev": 0.03114508370001339
        },
        "OH WR": {
            "mean": 0.5979141494076812,
            "stdev": 0.029601896055206755
        },
        "GD WR": {
            "mean": 0.6155332072288259,
            "stdev": 0.029370305523513808
        },
        "IWD": {
            "mean": 0.0350096553124351,
            "stdev": 0.03653932517365119
        }
    },
    "RG": {
        "GIH WR": {
            "mean": 0.592202045010612,
            "stdev": 0.030543201160247967
        },
        "OH WR": {
            "mean": 0.6039181927133508,
            "stdev": 0.02895266911320312
        },
        "GD WR": {
            "mean": 0.5869333313085171,
            "stdev": 0.03442938593016676
        },
        "IWD": {
            "mean": -0.0009716253352301428,
            "stdev": 0.03315824084930191
        }
    }
}