{
    "all": {
        "GIH WR": {
            "mean": 0.5952720141493171,
            "stdev": 0.03426952417311255
        },
        "OH WR": {
            "mean": 0.5945135582798585,
            "stdev": 0.03608866690204639
        },
        "GD WR": {
            "mean": 0.6011791747473758,
            "stdev": 0.03459186645568469
        },
        "IWD": {
            "mean": 0.013406600428539198,
            "stdev": 0.038077983518093564
        }
    },
    "WU": {
        "GIH WR": {
            "mean": 0.5949669325747289,
            "stdev": 0.029222100897421884
        },
        "OH WR": {
            "mean": 0.5965230903821688,
            "stdev": 0.034022551053741426
        },
        "GD WR": {
            "mean": 0.593830187575404,
            "stdev": 0.030983568923313463
        },
        "IWD": {
            "mean": -0.0037443329278487795,
            "stdev": 0.03309873891324875
        }
    },
    "WB": {
        "GIH WR": {
            "mean": 0.5985338614715666,
            "stdev": 0.03012313729748846
        },
        "OH WR": {
            "mean": 0.5971635773949795,
            "stdev": 0.02960878414605054
        },
        "GD WR": {
            "mean": 0.6017932539424933,
            "stdev": 0.029044728931835195
        },
        "IWD": {
            "mean": 0.0006623908204793072,
            "stdev": 0.035077570834010995
        }
    },
    "WR": {
        "GIH WR": {
            "mean": 0.602163238039527,
            "stdev": 0.03252664511276668
        },
        "OH WR": {
            "mean": 0.6187644307093022,
            "stdev": 0.0332825958200087
        },
        "GD WR": {
            "mean": 0.5983003378855286,
            "stdev": 0.03331857666978023
        },
        "IWD": {
            "mean": -0.01663259567224231,
            "stdev": 0.030504585217803172
        }
    },
    "WG": {
        "GIH WR": {
            "mean": 0.6077287425421495,
            "stdev": 0.03359184592841685
        },
        "OH WR": {
            "mean": 0.6039276752173213,
            "stdev": 0.03334703701819603
        },
        "GD WR": {
            "mean": 0.605185482577529,
            "stdev": 0.02988046656911211
        },
        "IWD": {
            "mean": 0.008440615532176522,
            "stdev": 0.03554454025008894
        }
    },
    "UB": {
        "GIH WR": {
            "mean": 0.582500506813267,
            "stdev": 0.024766994352222092
        },
        "OH WR": {
            "mean": 0.5761543294716537,
            "stdev": 0.02953785738166311
        },
        "GD WR": {
            "mean": 0.596274692855049,
            "stdev": 0.02399757734110124
        },
        "IWD": {
            "mean": 0.02688819076934931,
            "stdev": 0.03551322958777704
        }
    },
    "UR": {
        "GIH WR": {
            "mean": 0.597303896565937,
            "stdev": 0.03028847120509655
        },
        "OH WR": {
            "mean": 0.5954750932354382,
            "stdev": 0.026643740717570426
        },
        "GD WR": {
            "mean": 0.6018555573734725,
            "stdev": 0.03141047598459926
        },
        "IWD": {
            "mean": 0.008992006210133205,
            "stdev": 0.03065003269748376
        }
    },
    "UG": {
        "GIH WR": {
            "mean": 0.6189574585225515,
            "stdev": 0.03033973281337897
        },
        "OH WR": {
            "mean": 0.607299440201669,
            "stdev": 0.03427253135774167
        },
        "GD WR": {
            "mean": 0.6250308382397156,
            "stdev": 0.032396421524783836
        },
        "IWD": {
            "mean": 0.026929343242138276,
            "stdev": 0.03431779199224731
        }
    },
    "BR": {
        "GIH WR": {
            "mean": 0.5880565422245297,
            "stdev": 0.02511954148328949
        },
        "OH WR": {
            "mean": 0.5906591294493156,
            "stdev": 0.02965027560477888
        },
        "GD WR": {
            "mean": 0.5883546139638898,
            "stdev": 0.028303302788929258
        },
        "IWD": {
            "mean": 0.007867858018287485,
            "stdev": 0.026685909832709676
        }
    },
    "BG": {
        "GIH WR": {
            "mean": 0.5996957002355385,
            "stdev": 0.03186126857052931
        },
        "OH WR": {
            "mean": 0.5852778969286451,
            "stdev": 0.03573681394281067
        },
        "GD WR": {
            "mean": 0.6042814640660407,
            "stdev": 0.03286245284787163
        },
        "IWD": {
            "mean": 0.031750237957465996,
            "stdev": 0.037393753514573615
        }
    },
    "RG": {
        "GIH WR": {
            "mean": 0.5902648351251503,
            "stdev": 0.030677022765644404
        },
        "OH WR": {
            "mean": 0.5931500762693754,
            "stdev": 0.02332513349633709
        },
        "GD WR": {
            "mean": 0.5863692930642721,
            "stdev": 0.031998546279574124
        },
        "IWD": {
            "mean": 7.284913277013638e-05,
            "stdev": 0.035382090603484795
        }
    }
}