{
    "all": {
        "GIH WR": {
            "mean": 0.6001827542782313,
            "stdev": 0.03305288472269908
        },
        "OH WR": {
            "mean": 0.5975876011669992,
            "stdev": 0.03494305429635677
        },
        "GD WR": {
            "mean": 0.6061558980262878,
            "stdev": 0.032919036793107426
        },
        "IWD": {
            "mean": 0.0151018038205705,
            "stdev": 0.03387087796515284
        }
    },
    "WU": {
        "GIH WR": {
            "mean": 0.6127883488730588,
            "stdev": 0.028315424110885157
        },
        "OH WR": {
            "mean": null,
            "stdev": null
        },
        "GD WR": {
            "mean": null,
            "stdev": null
        },
        "IWD": {
            "mean": 0.0005378639435949755,
            "stdev": 0.026172860256193038
        }
    },
    "WB": {
        "GIH WR": {
            "mean": 0.5560901908198366,
            "stdev": 0.033462705185658456
        },
        "OH WR": {
            "mean": null,
            "stdev": null
        },
        "GD WR": {
            "mean": null,
            "stdev": null
        },
        "IWD": {
            "mean": -0.0027450007426071954,
            "stdev": 0.0387816954312785
        }
    },
    "WR": {
        "GIH WR": {
            "mean": 0.6208683309595163,
            "stdev": 0.029081757269878963
        },
        "OH WR": {
            "mean": 0.6408986568214522,
            "stdev": 0.034149501796520806
        },
        "GD WR": {
            "mean": 0.6188072196194081,
            "stdev": 0.033914469177467134
        },
        "IWD": {
            "mean": -0.013792050182242204,
            "stdev": 0.027510146932312574
        }
    },
    "WG": {
        "GIH WR": {
            "mean": 0.5863712704027412,
            "stdev": 0.021088378927410174
        },
        "OH WR": {
            "mean": 0.6270087760434112,
            "stdev": 0.014777887424797426
        },
        "GD WR": {
            "mean": 0.5670578249550279,
            "stdev": 0.023971757316614935
        },
        "IWD": {
            "mean": -0.015128609188852197,
            "stdev": 0.022419840856172834
        }
    },
    "UB": {
        "GIH WR": {
            "mean": 0.6376438559610964,
            "stdev": 0.030134679599973638
        },
        "OH WR": {
            "mean": 0.6142526179223426,
            "stdev": 0.019672411927970323
        },
        "GD WR": {
            "mean": 0.6528708395560486,
            "stdev": 0.028364179789778846
        },
        "IWD": {
            "mean": 0.06792399165299931,
            "stdev": 0.03499878438030913
        }
    },
    "UR": {
        "GIH WR": {
            "mean": 0.6288336092061263,
            "stdev": 0.02669636090194374
        },
        "OH WR": {
            "mean": null,
            "stdev": null
        },
        "GD WR": {
            "mean": 0.6421720153699455,
            "stdev": 0.031824117140692214
        },
        "IWD": {
            "mean": 0.038695747426376256,
            "stdev": 0.032111517229934244
        }
    },
    "UG": {
        "GIH WR": {
            "mean": 0.6035712480670722,
            "stdev": 0.02519724313362968
        },
        "OH WR": {
            "mean": 0.596110680146062,
            "stdev": 0.0311076358486604
        },
        "GD WR": {
            "mean": 0.6199629313994727,
            "stdev": 0.02430537508272227
        },
        "IWD": {
            "mean": 0.029204274370013477,
            "stdev": 0.033656692746650806
        }
    },
    "BR": {
        "GIH WR": {
            "mean": 0.5920818446255447,
            "stdev": 0.0374541058536937
        },
        "OH WR": {
            "mean": 0.6086608283064258,
            "stdev": 0.022802706874957508
        },
        "GD WR": {
            "mean": 0.6039380765577365,
            "stdev": 0.03729366680941827
        },
        "IWD": {
            "mean": 0.006625478898520778,
            "stdev": 0.036311920251522
        }
    },
    "BG": {
        "GIH WR": {
            "mean": 0.588173630131853,
            "stdev": 0.030627414256704826
        },
        "OH WR": {
            "mean": null,
            "stdev": null
        },
        "GD WR": {
            "mean": null,
            "stdev": null
        },
        "IWD": {
            "mean": 0.023600501360758138,
            "stdev": 0.03463055124875296
        }
    },
    "RG": {
        "GIH WR": {
            "mean": 0.6446364449553084,
            "stdev": 0.027666670726807008
        },
        "OH WR": {
            "mean": 0.6535263036608013,
            "stdev": 0.03727507557157576
        },
        "GD WR": {
            "mean": 0.6461296315138592,
            "stdev": 0.028139716164114755
        },
        "IWD": {
            "mean": 0.003959656734682328,
            "stdev": 0.03147679892319493
        }
    }
}