{
    "all": {
        "GIH WR": {
            "mean": 0.5995680951219549,
            "stdev": 0.03449987991636741
        },
        "OH WR": {
            "mean": 0.5983333236365702,
            "stdev": 0.03695995889247948
        },
        "GD WR": {
            "mean": 0.6043673068833554,
            "stdev": 0.034433923209677794
        },
        "IWD": {
            "mean": 0.0123376268638354,
            "stdev": 0.038097102872013615
        }
    },
    "WU": {
        "GIH WR": {
            "mean": 0.5931826550242815,
            "stdev": 0.029374118203781434
        },
        "OH WR": {
            "mean": 0.6038790989703531,
            "stdev": 0.03524299427388772
        },
        "GD WR": {
            "mean": 0.5933143859431524,
            "stdev": 0.033971619131728574
        },
        "IWD": {
            "mean": -0.005503494338034649,
            "stdev": 0.03479125422346079
        }
    },
    "WB": {
        "GIH WR": {
            "mean": 0.5946344640488602,
            "stdev": 0.023389515258203233
        },
        "OH WR": {
            "mean": 0.6114237796432795,
            "stdev": 0.03366610068956347
        },
        "GD WR": {
            "mean": 0.6008007945979864,
            "stdev": 0.026352251741316356
        },
        "IWD": {
            "mean": -0.005893325950673703,
            "stdev": 0.03330299382482821
        }
    },
    "WR": {
        "GIH WR": {
            "mean": 0.6157662602727457,
            "stdev": 0.03403577297154965
        },
        "OH WR": {
            "mean": 0.6349402828029935,
            "stdev": 0.029102721629741275
        },
        "GD WR": {
            "mean": 0.606878718805626,
            "stdev": 0.02768679235443261
        },
        "IWD": {
            "mean": -0.014319919662239665,
            "stdev": 0.03133356712919741
        }
    },
    "WG": {
        "GIH WR": {
            "mean": 0.6118454970500784,
            "stdev": 0.03060552663354461
        },
        "OH WR": {
            "mean": 0.6167866189340372,
            "stdev": 0.02633605443273322
        },
        "GD WR": {
            "mean": 0.6178318886777648,
            "stdev": 0.030749097397888104
        },
        "IWD": {
            "mean": 0.0013073434450442166,
            "stdev": 0.03217553853891071
        }
    },
    "UB": {
        "GIH WR": {
            "mean": 0.5793665585427731,
            "stdev": 0.021569677779044182
        },
        "OH WR": {
            "mean": null,
            "stdev": null
        },
        "GD WR": {
            "mean": 0.5961121096310287,
            "stdev": 0.020823457817801722
        },
        "IWD": {
            "mean": 0.0242806116139632,
            "stdev": 0.027112600796393774
        }
    },
    "UR": {
        "GIH WR": {
            "mean": 0.6003051849857052,
            "stdev": 0.029225318933004393
        },
        "OH WR": {
            "mean": 0.6017597160048483,
            "stdev": 0.031800006858887675
        },
        "GD WR": {
            "mean": 0.6050838700820218,
            "stdev": 0.023798496475670488
        },
        "IWD": {
            "mean": 0.01397941714777433,
            "stdev": 0.030011623475404876
        }
    },
    "UG": {
        "GIH WR": {
            "mean": 0.635301738442408,
            "stdev": 0.025946000192659805
        },
        "OH WR": {
            "mean": 0.6279202216253233,
            "stdev": 0.02526099734719669
        },
        "GD WR": {
            "mean": 0.6417032341418184,
            "stdev": 0.026622499855442062
        },
        "IWD": {
            "mean": 0.030260335928916117,
            "stdev": 0.033687182311509654
        }
    },
    "BR": {
        "GIH WR": {
            "mean": 0.5863208344564794,
            "stdev": 0.022975473736170066
        },
        "OH WR": {
            "mean": null,
            "stdev": null
        },
        "GD WR": {
            "mean": 0.5945688381241242,
            "stdev": 0.01922315423309098
        },
        "IWD": {
            "mean": 0.015798811304608893,
            "stdev": 0.022745376205586573
        }
    },
    "BG": {
        "GIH WR": {
            "mean": 0.6082191818281991,
            "stdev": 0.03591711950487422
        },
        "OH WR": {
            "mean": 0.6000447472499519,
            "stdev": 0.035094826564535005
        },
        "GD WR": {
            "mean": 0.6112093607112213,
            "stdev": 0.02880294783766284
        },
        "IWD": {
            "mean": 0.02104271582575059,
            "stdev": 0.04204919275929969
        }
    },
    "RG": {
        "GIH WR": {
            "mean": 0.5935843327835417,
            "stdev": 0.02416284842254535
        },
        "OH WR": {
            "mean": 0.6102628202424535,
            "stdev": 0.01990256788076214
        },
        "GD WR": {
            "mean": 0.5891496129554731,
            "stdev": 0.02318684771225923
        },
        "IWD": {
            "mean": -0.0030781267283397883,
            "stdev": 0.02919609739166062
        }
    }
}