{
    "all": {
        "GIH WR": {
            "mean": 0.5967424774247517,
            "stdev": 0.03158701406131184
        },
        "OH WR": {
            "mean": 0.588700165933744,
            "stdev": 0.03694088534200386
        },
        "GD WR": {
            "mean": 0.6058299363456446,
            "stdev": 0.034952512013523784
        },
        "IWD": {
            "mean": 0.030071518961443763,
            "stdev": 0.033433852838314064
        }
    },
    "WU": {
        "GIH WR": {
            "mean": 0.5754252008101342,
            "stdev": 0.024681245696121006
        },
        "OH WR": {
            "mean": 0.5721007307445718,
            "stdev": 0.019050535448828333
        },
        "GD WR": {
            "mean": 0.5807469653431826,
            "stdev": 0.02476088403218782
        },
        "IWD": {
            "mean": 0.023447121740567796,
            "stdev": 0.02948031179075828
        }
    },
    "WB": {
        "GIH WR": {
            "mean": 0.6092364891475955,
            "stdev": 0.019559830874498436
        },
        "OH WR": {
            "mean": 0.5996311417146226,
            "stdev": 0.026478661576570764
        },
        "GD WR": {
            "mean": 0.6181285777460446,
            "stdev": 0.0260573657314014
        },
        "IWD": {
            "mean": 0.022526235916051573,
            "stdev": 0.023495015257915947
        }
    },
    "WR": {
        "GIH WR": {
            "mean": 0.5913524407239736,
            "stdev": 0.023410209220355933
        },
        "OH WR": {
            "mean": 0.5994994563018132,
            "stdev": 0.019861554486662016
        },
        "GD WR": {
            "mean": 0.5893422250345516,
            "stdev": 0.021193958620937356
        },
        "IWD": {
            "mean": -0.0008079968456999875,
            "stdev": 0.02398016166153092
        }
    },
    "WG": {
        "GIH WR": {
            "mean": 0.6065580238782383,
            "stdev": 0.03132410206816325
        },
        "OH WR": {
            "mean": 0.6102273754015745,
            "stdev": 0.03073654525384328
        },
        "GD WR": {
            "mean": 0.6027794270690302,
            "stdev": 0.03168707220796379
        },
        "IWD": {
            "mean": 0.008972018252686589,
            "stdev": 0.032612866505274694
        }
    },
    "UB": {
        "GIH WR": {
            "mean": 0.6164745073720603,
            "stdev": 0.028415885796210946
        },
        "OH WR": {
            "mean": 0.5970283575026955,
            "stdev": 0.026083133029129683
        },
        "GD WR": {
            "mean": 0.6342778996026124,
            "stdev": 0.02604905349858389
        },
        "IWD": {
            "mean": 0.052095435662712485,
            "stdev": 0.028597695290922886
        }
    },
    "UR": {
        "GIH WR": {
            "mean": 0.5785695363210406,
            "stdev": 0.019944648181145577
        },
        "OH WR": {
            "mean": 0.5619315958610518,
            "stdev": 0.01878966921163479
        },
        "GD WR": {
            "mean": 0.589441820968989,
            "stdev": 0.027290060057133858
        },
        "IWD": {
            "mean": 0.041294912025108224,
            "stdev": 0.026288484169338867
        }
    },
    "UG": {
        "GIH WR": {
            "mean": 0.5966231327354916,
            "stdev": 0.026770249117179352
        },
        "OH WR": {
            "mean": 0.5820901476856288,
            "stdev": 0.021901468880989445
        },
        "GD WR": {
            "mean": 0.6084932398465464,
            "stdev": 0.032738486531136535
        },
        "IWD": {
            "mean": 0.027337322906189444,
            "stdev": 0.03172964775513587
        }
    },
    "BR": {
        "GIH WR": {
            "mean": 0.5713041897763366,
            "stdev": 0.026245609986800846
        },
        "OH WR": {
            "mean": 0.5670400276680412,
            "stdev": 0.02236996566544697
        },
        "GD WR": {
            "mean": 0.5741085425996468,
            "stdev": 0.03194232647783021
        },
        "IWD": {
            "mean": 0.009606467265267801,
            "stdev": 0.027614791647128552
        }
    },
    "BG": {
        "GIH WR": {
            "mean": 0.6119449317799165,
            "stdev": 0.028850222184254076
        },
        "OH WR": {
            "mean": 0.5957292465339021,
            "stdev": 0.02625215225113576
        },
        "GD WR": {
            "mean": 0.6154994496481925,
            "stdev": 0.027892653346861775
        },
        "IWD": {
            "mean": 0.03220998659199398,
            "stdev": 0.032784256460946154
        }
    },
    "RG": {
        "GIH WR": {
            "mean": 0.5915892389872801,
            "stdev": 0.03115314272890832
        },
        "OH WR": {
            "mean": 0.6017843531520445,
            "stdev": 0.029449194288201832
        },
        "GD WR": {
            "mean": 0.5839359748044373,
            "stdev": 0.029837857942651858
        },
        "IWD": {
            "mean": -0.0005396747897185997,
            "stdev": 0.03302942060294026
        }
    }
}