{
    "all": {
        "GIH WR": {
            "mean": 0.6043743673145802,
            "stdev": 0.03223177593613551
        },
        "OH WR": {
            "mean": 0.5978437438937433,
            "stdev": 0.030335178989617306
        },
        "GD WR": {
            "mean": 0.6093171498970176,
            "stdev": 0.03175683764116924
        },
        "IWD": {
            "mean": 0.01674232426217242,
            "stdev": 0.03430744145342017
        }
    },
    "WU": {
        "GIH WR": {
            "mean": 0.6007377970658558,
            "stdev": 0.026840627045311694
        },
        "OH WR": {
            "mean": null,
            "stdev": null
        },
        "GD WR": {
            "mean": null,
            "stdev": null
        },
        "IWD": {
            "mean": 0.05833605907744006,
            "stdev": 0.03827793560455102
        }
    },
    "WB": {
        "GIH WR": {
            "mean": 0.6056674614195718,
            "stdev": 0.030520991924611777
        },
        "OH WR": {
            "mean": null,
            "stdev": null
        },
        "GD WR": {
            "mean": 0.6289342061612275,
            "stdev": 0.012265533982831424
        },
        "IWD": {
            "mean": 0.02200705110738019,
            "stdev": 0.03055738806607247
        }
    },
    "WR": {
        "GIH WR": {
            "mean": 0.6208622436624788,
            "stdev": 0.024727143626951317
        },
        "OH WR": {
            "mean": 0.6381131556436545,
            "stdev": 0.02921245272065477
        },
        "GD WR": {
            "mean": 0.6118996766560387,
            "stdev": 0.03227276299742386
        },
        "IWD": {
            "mean": -0.014166768363805118,
            "stdev": 0.026872821191152023
        }
    },
    "WG": {
        "GIH WR": {
            "mean": 0.5993620926172643,
            "stdev": 0.03128193597073055
        },
        "OH WR": {
            "mean": null,
            "stdev": null
        },
        "GD WR": {
            "mean": 0.6260918885378094,
            "stdev": 0.031231054428417396
        },
        "IWD": {
            "mean": 0.012821248943696337,
            "stdev": 0.02814132469730567
        }
    },
    "UB": {
        "GIH WR": {
            "mean": 0.6007768096499115,
            "stdev": 0.025863623616493685
        },
        "OH WR": {
            "mean": null,
            "stdev": null
        },
        "GD WR": {
            "mean": 0.6191718893892987,
            "stdev": 0.023922926937550115
        },
        "IWD": {
            "mean": 0.04082057384903756,
            "stdev": 0.027370225634587003
        }
    },
    "UR": {
        "GIH WR": {
            "mean": 0.6179350535205133,
            "stdev": 0.023779111070502866
        },
        "OH WR": {
            "mean": 0.6009354794632862,
            "stdev": 0.03211015105164305
        },
        "GD WR": {
            "mean": 0.6316589896186487,
            "stdev": 0.027219962069527877
        },
        "IWD": {
            "mean": 0.037032999759819996,
            "stdev": 0.024039151382108204
        }
    },
    "UG": {
        "GIH WR": {
            "mean": 0.5955008815281391,
            "stdev": 0.020282479634340957
        },
        "OH WR": {
            "mean": null,
            "stdev": null
        },
        "GD WR": {
            "mean": 0.6095080583988723,
            "stdev": 0.03821554938869851
        },
        "IWD": {
            "mean": 0.04681784069372434,
            "stdev": 0.029984615683743377
        }
    },
    "BR": {
        "GIH WR": {
            "mean": 0.6148365926140523,
            "stdev": 0.02332822002988827
        },
        "OH WR": {
            "mean": 0.6291441145505609,
            "stdev": 0.026237545673189328
        },
        "GD WR": {
            "mean": 0.6097124185347921,
            "stdev": 0.027402926992587916
        },
        "IWD": {
            "mean": -0.0004992188163428003,
            "stdev": 0.026645276331255636
        }
    },
    "BG": {
        "GIH WR": {
            "mean": 0.6111823737996124,
            "stdev": 0.027328378768052296
        },
        "OH WR": {
            "mean": 0.6218551743648995,
            "stdev": 0.03141280020907253
        },
        "GD WR": {
            "mean": 0.6144854592840432,
            "stdev": 0.035045352162689246
        },
        "IWD": {
            "mean": 0.003302871033754698,
            "stdev": 0.02851390222735992
        }
    },
    "RG": {
        "GIH WR": {
            "mean": 0.6019799941255484,
            "stdev": 0.024686635649084004
        },
        "OH WR": {
            "mean": 0.6110730386101314,
            "stdev": 0.02745271183945488
        },
        "GD WR": {
            "mean": 0.6033457626384965,
            "stdev": 0.025717304016660898
        },
        "IWD": {
            "mean": -0.005210733785889242,
            "stdev": 0.025688703621734872
        }
    }
}