{
    "all": {
        "GIH WR": {
            "mean": 0.6086025250668048,
            "stdev": 0.03584752003452074
        },
        "OH WR": {
            "mean": 0.5919577866207961,
            "stdev": 0.04526292423951585
        },
        "GD WR": {
            "mean": 0.6185045655195796,
            "stdev": 0.03529092240442303
        },
        "IWD": {
            "mean": 0.03675898882257632,
            "stdev": 0.03980758378023616
        }
    },
    "WU": {
        "GIH WR": {
            "mean": 0.6282549386143781,
            "stdev": 0.023129846441886124
        },
        "OH WR": {
            "mean": 0.6098001051676715,
            "stdev": 0.04137969625489574
        },
        "GD WR": {
            "mean": 0.6395753324003497,
            "stdev": 0.04350383943032687
        },
        "IWD": {
            "mean": 0.043516962010699566,
            "stdev": 0.03277139587102557
        }
    },
    "WB": {
        "GIH WR": {
            "mean": 0.6160194172887459,
            "stdev": 0.02245477564988609
        },
        "OH WR": {
            "mean": 0.6025663200570126,
            "stdev": 0.03229744904395777
        },
        "GD WR": {
            "mean": 0.6236701560674767,
            "stdev": 0.026604566748357126
        },
        "IWD": {
            "mean": 0.02511688964397964,
            "stdev": 0.026331251981680882
        }
    },
    "WR": {
        "GIH WR": {
            "mean": 0.5769166102537165,
            "stdev": 0.03510268813781636
        },
        "OH WR": {
            "mean": 0.5762962519256154,
            "stdev": 0.034500775168465087
        },
        "GD WR": {
            "mean": 0.5721806844269053,
            "stdev": 0.039446686366658074
        },
        "IWD": {
            "mean": 0.010101733915450304,
            "stdev": 0.0376264957780067
        }
    },
    "WG": {
        "GIH WR": {
            "mean": 0.600862677785061,
            "stdev": 0.012756609262833583
        },
        "OH WR": {
            "mean": 0.5968201098641776,
            "stdev": 0.04807432045301714
        },
        "GD WR": {
            "mean": 0.6026342590802554,
            "stdev": 0.019444641607766218
        },
        "IWD": {
            "mean": 0.029464268046804853,
            "stdev": 0.023998234041677474
        }
    },
    "UB": {
        "GIH WR": {
            "mean": 0.6311061226678631,
            "stdev": 0.02942974340109337
        },
        "OH WR": {
            "mean": 0.6008762789110077,
            "stdev": 0.046174886300321114
        },
        "GD WR": {
            "mean": 0.6446366810880026,
            "stdev": 0.02917112688003342
        },
        "IWD": {
            "mean": 0.060537416179220156,
            "stdev": 0.03376873545075102
        }
    },
    "UR": {
        "GIH WR": {
            "mean": 0.6336884514114293,
            "stdev": 0.03510244152049683
        },
        "OH WR": {
            "mean": 0.6150929967407079,
            "stdev": 0.04035514339885213
        },
        "GD WR": {
            "mean": 0.645871259736898,
            "stdev": 0.03468692011624199
        },
        "IWD": {
            "mean": 0.05077938660143337,
            "stdev": 0.03575738627006968
        }
    },
    "UG": {
        "GIH WR": {
            "mean": 0.5511270244498778,
            "stdev": 0.041361908359789694
        },
        "OH WR": {
            "mean": 0.5285426993928477,
            "stdev": 0.0136133636214912
        },
        "GD WR": {
            "mean": 0.5581523014528293,
            "stdev": 0.047480892677205136
        },
        "IWD": {
            "mean": 0.02618407062746973,
            "stdev": 0.073546507454958
        }
    },
    "BR": {
        "GIH WR": {
            "mean": 0.6138172412629532,
            "stdev": 0.03184187554475355
        },
        "OH WR": {
            "mean": 0.610278269481791,
            "stdev": 0.03729866761993374
        },
        "GD WR": {
            "mean": 0.6145295228431227,
            "stdev": 0.037332984829182646
        },
        "IWD": {
            "mean": 0.01221342464809881,
            "stdev": 0.03397478774793647
        }
    },
    "BG": {
        "GIH WR": {
            "mean": 0.6252376583335909,
            "stdev": 0.018900257776086008
        },
        "OH WR": {
            "mean": 0.616515607366886,
            "stdev": 0.0338029326507329
        },
        "GD WR": {
            "mean": 0.6312157412805747,
            "stdev": 0.027472420491400522
        },
        "IWD": {
            "mean": 0.027616905435239945,
            "stdev": 0.022382107382191773
        }
    },
    "RG": {
        "GIH WR": {
            "mean": 0.580369529560143,
            "stdev": 0.010717716990992486
        },
        "OH WR": {
            "mean": 0.568172202290353,
            "stdev": 0.03137235828128521
        },
        "GD WR": {
            "mean": 0.5810195488895986,
            "stdev": 0.00832522746477518
        },
        "IWD": {
            "mean": 0.04556001030225761,
            "stdev": 0.010311444619029523
        }
    }
}