{
    "all": {
        "GIH WR": {
            "mean": 0.5993300119622361,
            "stdev": 0.03429201782200724
        },
        "OH WR": {
            "mean": 0.597621183211895,
            "stdev": 0.03708637803583746
        },
        "GD WR": {
            "mean": 0.6039818379829835,
            "stdev": 0.03423946162687501
        },
        "IWD": {
            "mean": 0.012766069688113939,
            "stdev": 0.03787434358992184
        }
    },
    "WU": {
        "GIH WR": {
            "mean": 0.5910842453545146,
            "stdev": 0.02963892315588819
        },
        "OH WR": {
            "mean": 0.601177838465345,
            "stdev": 0.035021563528945775
        },
        "GD WR": {
            "mean": 0.5912858964366753,
            "stdev": 0.034793962227253186
        },
        "IWD": {
            "mean": -0.0056602068737750975,
            "stdev": 0.03397546859779288
        }
    },
    "WB": {
        "GIH WR": {
            "mean": 0.5968024891457347,
            "stdev": 0.029537474166634204
        },
        "OH WR": {
            "mean": 0.6105288574900806,
            "stdev": 0.03246421315043763
        },
        "GD WR": {
            "mean": 0.6001786876312809,
            "stdev": 0.025664059073430917
        },
        "IWD": {
            "mean": -0.0006793940045911259,
            "stdev": 0.040017087924127184
        }
    },
    "WR": {
        "GIH WR": {
            "mean": 0.6146206713239178,
            "stdev": 0.033384101243937835
        },
        "OH WR": {
            "mean": 0.6335320135285751,
            "stdev": 0.02905745472059748
        },
        "GD WR": {
            "mean": 0.6040298588074735,
            "stdev": 0.02852322536770639
        },
        "IWD": {
            "mean": -0.014275434931290474,
            "stdev": 0.030608400789618035
        }
    },
    "WG": {
        "GIH WR": {
            "mean": 0.6130773408127687,
            "stdev": 0.03255191404974539
        },
        "OH WR": {
            "mean": 0.6138630845032502,
            "stdev": 0.027282195928425568
        },
        "GD WR": {
            "mean": 0.61665784498258,
            "stdev": 0.030859496739033942
        },
        "IWD": {
            "mean": 0.003502901218563372,
            "stdev": 0.032752739241889636
        }
    },
    "UB": {
        "GIH WR": {
            "mean": 0.5791346738770984,
            "stdev": 0.022007725569084008
        },
        "OH WR": {
            "mean": null,
            "stdev": null
        },
        "GD WR": {
            "mean": 0.5970416968319368,
            "stdev": 0.019235036747856975
        },
        "IWD": {
            "mean": 0.02050410849538019,
            "stdev": 0.0275483511669628
        }
    },
    "UR": {
        "GIH WR": {
            "mean": 0.6017973851692322,
            "stdev": 0.02971143341153904
        },
        "OH WR": {
            "mean": 0.6036524129029028,
            "stdev": 0.03081432386847849
        },
        "GD WR": {
            "mean": 0.6069994816905387,
            "stdev": 0.02427830899435308
        },
        "IWD": {
            "mean": 0.014613136425202526,
            "stdev": 0.030224809052979525
        }
    },
    "UG": {
        "GIH WR": {
            "mean": 0.6303447185543426,
            "stdev": 0.025345119171757177
        },
        "OH WR": {
            "mean": 0.624957155880522,
            "stdev": 0.021186164042081658
        },
        "GD WR": {
            "mean": 0.638107610143813,
            "stdev": 0.02417553969159377
        },
        "IWD": {
            "mean": 0.029058142052965474,
            "stdev": 0.031241072274314385
        }
    },
    "BR": {
        "GIH WR": {
            "mean": 0.587677819604888,
            "stdev": 0.023028807852142192
        },
        "OH WR": {
            "mean": 0.611512464336747,
            "stdev": 0.02979276210770853
        },
        "GD WR": {
            "mean": 0.5932134553701882,
            "stdev": 0.02094899195117942
        },
        "IWD": {
            "mean": 0.015136386432000265,
            "stdev": 0.020906738878105246
        }
    },
    "BG": {
        "GIH WR": {
            "mean": 0.6086958107670047,
            "stdev": 0.03427103764671132
        },
        "OH WR": {
            "mean": 0.6040300390804514,
            "stdev": 0.02483558770020127
        },
        "GD WR": {
            "mean": 0.6121360414948372,
            "stdev": 0.027764544272013966
        },
        "IWD": {
            "mean": 0.02290747578795364,
            "stdev": 0.040092889683539815
        }
    },
    "RG": {
        "GIH WR": {
            "mean": 0.596762022380252,
            "stdev": 0.024666599265696403
        },
        "OH WR": {
            "mean": 0.6050230643105667,
            "stdev": 0.02500008372989631
        },
        "GD WR": {
            "mean": 0.5996632967598546,
            "stdev": 0.02971167036661305
        },
        "IWD": {
            "mean": -0.0007492690372341636,
            "stdev": 0.03031744154251338
        }
    }
}