{
    "all": {
        "GIH WR": {
            "mean": 0.6062804965638338,
            "stdev": 0.03615229221698735
        },
        "OH WR": {
            "mean": 0.6001713426390599,
            "stdev": 0.04748320167237246
        },
        "GD WR": {
            "mean": 0.6116035101869902,
            "stdev": 0.03354983220840224
        },
        "IWD": {
            "mean": 0.02455868639565135,
            "stdev": 0.038386961045950616
        }
    },
    "WU": {
        "GIH WR": {
            "mean": 0.6226433189415563,
            "stdev": 0.03559636348163639
        },
        "OH WR": {
            "mean": 0.6212836981201338,
            "stdev": 0.03885336525787946
        },
        "GD WR": {
            "mean": 0.625397381896216,
            "stdev": 0.03278615206710774
        },
        "IWD": {
            "mean": 0.01906664223989844,
            "stdev": 0.037249864281195075
        }
    },
    "WB": {
        "GIH WR": {
            "mean": 0.5905691466979164,
            "stdev": 0.03362428362857329
        },
        "OH WR": {
            "mean": 0.5917276791492336,
            "stdev": 0.03261313001007755
        },
        "GD WR": {
            "mean": 0.6090052444233452,
            "stdev": 0.02931772427660336
        },
        "IWD": {
            "mean": 0.023771663595414747,
            "stdev": 0.029624162897796562
        }
    },
    "WR": {
        "GIH WR": {
            "mean": 0.6039115875879999,
            "stdev": 0.03769354940634595
        },
        "OH WR": {
            "mean": 0.5994795661429628,
            "stdev": 0.03223117104313783
        },
        "GD WR": {
            "mean": 0.5913092117400682,
            "stdev": 0.02644088127264235
        },
        "IWD": {
            "mean": 0.0031202755255823555,
            "stdev": 0.040886750893970696
        }
    },
    "WG": {
        "GIH WR": {
            "mean": 0.6004720321181239,
            "stdev": 0.02161681361109412
        },
        "OH WR": {
            "mean": 0.6018215468124216,
            "stdev": 0.030375180606128364
        },
        "GD WR": {
            "mean": 0.6093050321208925,
            "stdev": 0.021405244523472075
        },
        "IWD": {
            "mean": 0.010955667775325613,
            "stdev": 0.022916637786253607
        }
    },
    "UB": {
        "GIH WR": {
            "mean": 0.6036121310962702,
            "stdev": 0.03737522082090791
        },
        "OH WR": {
            "mean": 0.5879181215690813,
            "stdev": 0.03727933384450703
        },
        "GD WR": {
            "mean": 0.6130474822271589,
            "stdev": 0.028386626308716505
        },
        "IWD": {
            "mean": 0.039434387125254745,
            "stdev": 0.04022609058018421
        }
    },
    "UR": {
        "GIH WR": {
            "mean": 0.614981036635858,
            "stdev": 0.03768979767320528
        },
        "OH WR": {
            "mean": 0.6135877082269029,
            "stdev": 0.04090589386833987
        },
        "GD WR": {
            "mean": 0.6139090181102779,
            "stdev": 0.02926578992164433
        },
        "IWD": {
            "mean": 0.0027046063943263216,
            "stdev": 0.03666962682552693
        }
    },
    "UG": {
        "GIH WR": {
            "mean": 0.5875282594351726,
            "stdev": 0.026458070719942762
        },
        "OH WR": {
            "mean": 0.5846742225879129,
            "stdev": 0.027891129515204973
        },
        "GD WR": {
            "mean": 0.5830090202147608,
            "stdev": 0.025183087076909312
        },
        "IWD": {
            "mean": 0.014294155008207843,
            "stdev": 0.031250295777047056
        }
    },
    "BR": {
        "GIH WR": {
            "mean": 0.5958974312432803,
            "stdev": 0.029069713606147015
        },
        "OH WR": {
            "mean": 0.5818111478511886,
            "stdev": 0.028684242876581188
        },
        "GD WR": {
            "mean": 0.6094799600132627,
            "stdev": 0.022912609765836915
        },
        "IWD": {
            "mean": 0.024692708437026263,
            "stdev": 0.030535942272950187
        }
    },
    "BG": {
        "GIH WR": {
            "mean": 0.6111355462536516,
            "stdev": 0.03697061712026736
        },
        "OH WR": {
            "mean": 0.5973789369095522,
            "stdev": 0.03154638979477749
        },
        "GD WR": {
            "mean": 0.6226505489831206,
            "stdev": 0.026485460969097055
        },
        "IWD": {
            "mean": 0.03728117683882052,
            "stdev": 0.03754381592391228
        }
    },
    "RG": {
        "GIH WR": {
            "mean": 0.6161938354709261,
            "stdev": 0.03992193100707736
        },
        "OH WR": {
            "mean": 0.6204067557957191,
            "stdev": 0.039593097077931454
        },
        "GD WR": {
            "mean": 0.6122871921152626,
            "stdev": 0.03147389673477756
        },
        "IWD": {
            "mean": 0.007581518450153698,
            "stdev": 0.04195661957677987
        }
    }
}