{
    "all": {
        "GIH WR": {
            "mean": 0.5985433739334707,
            "stdev": 0.035412579842272675
        },
        "OH WR": {
            "mean": 0.589523110767311,
            "stdev": 0.03905331414970431
        },
        "GD WR": {
            "mean": 0.6009212000654216,
            "stdev": 0.03213502121009455
        },
        "IWD": {
            "mean": 0.028832302485541254,
            "stdev": 0.035547803175910234
        }
    },
    "WU": {
        "GIH WR": {
            "mean": 0.5770479520564942,
            "stdev": 0.02750769752976688
        },
        "OH WR": {
            "mean": null,
            "stdev": null
        },
        "GD WR": {
            "mean": null,
            "stdev": null
        },
        "IWD": {
            "mean": 0.02869803627377897,
            "stdev": 0.02770280191600688
        }
    },
    "WB": {
        "GIH WR": {
            "mean": 0.6150621401898501,
            "stdev": 0.016045508961198492
        },
        "OH WR": {
            "mean": null,
            "stdev": null
        },
        "GD WR": {
            "mean": 0.6223445578750324,
            "stdev": 0.014063142623825693
        },
        "IWD": {
            "mean": 0.019944962724367944,
            "stdev": 0.022581693851073437
        }
    },
    "WR": {
        "GIH WR": {
            "mean": 0.5805578377067752,
            "stdev": 0.022491655675499864
        },
        "OH WR": {
            "mean": null,
            "stdev": null
        },
        "GD WR": {
            "mean": null,
            "stdev": null
        },
        "IWD": {
            "mean": 0.00818507220966409,
            "stdev": 0.038388549646914336
        }
    },
    "WG": {
        "GIH WR": {
            "mean": 0.6157306683276627,
            "stdev": 0.032295621050713555
        },
        "OH WR": {
            "mean": 0.6193117119333826,
            "stdev": 0.024521425813830378
        },
        "GD WR": {
            "mean": 0.6143375323753251,
            "stdev": 0.031106015981746313
        },
        "IWD": {
            "mean": 0.006333316500399154,
            "stdev": 0.03496309154408567
        }
    },
    "UB": {
        "GIH WR": {
            "mean": 0.6215213543839425,
            "stdev": 0.03011835168475544
        },
        "OH WR": {
            "mean": 0.6137591884223726,
            "stdev": 0.017860081204060158
        },
        "GD WR": {
            "mean": 0.640334549612146,
            "stdev": 0.02148625904494096
        },
        "IWD": {
            "mean": 0.048627034122130694,
            "stdev": 0.036569331151059044
        }
    },
    "UR": {
        "GIH WR": {
            "mean": 0.569890343942206,
            "stdev": 0.021852219390407764
        },
        "OH WR": {
            "mean": null,
            "stdev": null
        },
        "GD WR": {
            "mean": 0.5834781377490477,
            "stdev": 0.020247363507391987
        },
        "IWD": {
            "mean": 0.04401590467411589,
            "stdev": 0.026240280979584262
        }
    },
    "UG": {
        "GIH WR": {
            "mean": 0.593817630963962,
            "stdev": 0.028646682851220417
        },
        "OH WR": {
            "mean": null,
            "stdev": null
        },
        "GD WR": {
            "mean": 0.6082177047401461,
            "stdev": 0.029407793653092956
        },
        "IWD": {
            "mean": 0.026369947052616128,
            "stdev": 0.03521679679397861
        }
    },
    "BR": {
        "GIH WR": {
            "mean": 0.5715453431766013,
            "stdev": 0.02493546632912734
        },
        "OH WR": {
            "mean": 0.572817526443629,
            "stdev": 0.01364846091284294
        },
        "GD WR": {
            "mean": 0.5712229046827518,
            "stdev": 0.032564200215561195
        },
        "IWD": {
            "mean": 0.014286691424303255,
            "stdev": 0.026522059363962593
        }
    },
    "BG": {
        "GIH WR": {
            "mean": 0.6139981301551731,
            "stdev": 0.0235385384533132
        },
        "OH WR": {
            "mean": 0.6114922821075559,
            "stdev": 0.025227660341331802
        },
        "GD WR": {
            "mean": 0.6247554619758466,
            "stdev": 0.029945959441552712
        },
        "IWD": {
            "mean": 0.02704809348873529,
            "stdev": 0.025921944379050228
        }
    },
    "RG": {
        "GIH WR": {
            "mean": 0.5874916282624171,
            "stdev": 0.02904975323107222
        },
        "OH WR": {
            "mean": 0.596664084019726,
            "stdev": 0.03176829348138046
        },
        "GD WR": {
            "mean": 0.5788507450345259,
            "stdev": 0.030672336820068778
        },
        "IWD": {
            "mean": -0.00326426393530301,
            "stdev": 0.027057355270531193
        }
    }
}