{
    "all": {
        "GIH WR": {
            "mean": 0.6041442659010977,
            "stdev": 0.03215986977243662
        },
        "OH WR": {
            "mean": 0.5985077484682301,
            "stdev": 0.03100568663754666
        },
        "GD WR": {
            "mean": 0.6103563450009158,
            "stdev": 0.03165804116030179
        },
        "IWD": {
            "mean": 0.017334166243565537,
            "stdev": 0.034275991676622
        }
    },
    "WU": {
        "GIH WR": {
            "mean": 0.5930393183494856,
            "stdev": 0.026476180400821305
        },
        "OH WR": {
            "mean": null,
            "stdev": null
        },
        "GD WR": {
            "mean": null,
            "stdev": null
        },
        "IWD": {
            "mean": 0.04530459186014516,
            "stdev": 0.035922324746650684
        }
    },
    "WB": {
        "GIH WR": {
            "mean": 0.5981872480156903,
            "stdev": 0.028753292361804746
        },
        "OH WR": {
            "mean": 0.6141621070113451,
            "stdev": 0.019369643055139968
        },
        "GD WR": {
            "mean": 0.6242233460930012,
            "stdev": 0.009844405924227155
        },
        "IWD": {
            "mean": 0.01713744158295383,
            "stdev": 0.030274876103201426
        }
    },
    "WR": {
        "GIH WR": {
            "mean": 0.618569042531514,
            "stdev": 0.02507670900752556
        },
        "OH WR": {
            "mean": 0.636655025830907,
            "stdev": 0.027749519321890705
        },
        "GD WR": {
            "mean": 0.6113966388424087,
            "stdev": 0.028788422566706866
        },
        "IWD": {
            "mean": -0.013435091552490598,
            "stdev": 0.027993587424291793
        }
    },
    "WG": {
        "GIH WR": {
            "mean": 0.5992240500035383,
            "stdev": 0.03086563745173903
        },
        "OH WR": {
            "mean": 0.6103771206298513,
            "stdev": 0.015191367462412892
        },
        "GD WR": {
            "mean": 0.6130769972324475,
            "stdev": 0.0320083603273697
        },
        "IWD": {
            "mean": 0.013852583889487699,
            "stdev": 0.029813328500469756
        }
    },
    "UB": {
        "GIH WR": {
            "mean": 0.6045016999601789,
            "stdev": 0.025749439800814098
        },
        "OH WR": {
            "mean": null,
            "stdev": null
        },
        "GD WR": {
            "mean": 0.6281187734727439,
            "stdev": 0.026377731965483365
        },
        "IWD": {
            "mean": 0.042750590668489005,
            "stdev": 0.0307692409337926
        }
    },
    "UR": {
        "GIH WR": {
            "mean": 0.6174708706270631,
            "stdev": 0.02281041223425179
        },
        "OH WR": {
            "mean": 0.6071163713887742,
            "stdev": 0.03202679929912841
        },
        "GD WR": {
            "mean": 0.6329654858641434,
            "stdev": 0.024921193555394003
        },
        "IWD": {
            "mean": 0.03591317770566628,
            "stdev": 0.023320029810027305
        }
    },
    "UG": {
        "GIH WR": {
            "mean": 0.5932813126136043,
            "stdev": 0.02336407712926851
        },
        "OH WR": {
            "mean": null,
            "stdev": null
        },
        "GD WR": {
            "mean": 0.6048164493449789,
            "stdev": 0.0351328172643123
        },
        "IWD": {
            "mean": 0.044764046694990026,
            "stdev": 0.02917762032048741
        }
    },
    "BR": {
        "GIH WR": {
            "mean": 0.6103755006784247,
            "stdev": 0.020846589330742623
        },
        "OH WR": {
            "mean": 0.622724948792281,
            "stdev": 0.026160609789039495
        },
        "GD WR": {
            "mean": 0.6069069255916812,
            "stdev": 0.025996456201110546
        },
        "IWD": {
            "mean": -0.00038746433530116126,
            "stdev": 0.023305984935172542
        }
    },
    "BG": {
        "GIH WR": {
            "mean": 0.6128054645349463,
            "stdev": 0.031932468206051404
        },
        "OH WR": {
            "mean": 0.6173225345715013,
            "stdev": 0.0324195973957174
        },
        "GD WR": {
            "mean": 0.614003769605799,
            "stdev": 0.03301516089533082
        },
        "IWD": {
            "mean": 0.006528083475839081,
            "stdev": 0.03281634248050169
        }
    },
    "RG": {
        "GIH WR": {
            "mean": 0.6003903422887419,
            "stdev": 0.024201071337952355
        },
        "OH WR": {
            "mean": 0.6084561174130714,
            "stdev": 0.026718286317514196
        },
        "GD WR": {
            "mean": 0.6049666182584417,
            "stdev": 0.02619108032906042
        },
        "IWD": {
            "mean": -0.005344463620952072,
            "stdev": 0.025144536499457006
        }
    }
}