{
    "all": {
        "GIH WR": {
            "mean": 0.5962458554113804,
            "stdev": 0.031044370173896125
        },
        "OH WR": {
            "mean": 0.5866834010258558,
            "stdev": 0.0337016637750171
        },
        "GD WR": {
            "mean": 0.6053009447209717,
            "stdev": 0.03226936225340374
        },
        "IWD": {
            "mean": 0.022240292691973185,
            "stdev": 0.03200049717824516
        }
    },
    "WU": {
        "GIH WR": {
            "mean": 0.6000220297520794,
            "stdev": 0.02506162089950832
        },
        "OH WR": {
            "mean": 0.5926647128510555,
            "stdev": 0.026028020637987884
        },
        "GD WR": {
            "mean": 0.6031572833176402,
            "stdev": 0.026067768391850647
        },
        "IWD": {
            "mean": 0.016464964986763295,
            "stdev": 0.02866158469651726
        }
    },
    "WB": {
        "GIH WR": {
            "mean": 0.5962060308286112,
            "stdev": 0.025253586420190575
        },
        "OH WR": {
            "mean": 0.5980009542107053,
            "stdev": 0.02783186452510497
        },
        "GD WR": {
            "mean": 0.6031427230421842,
            "stdev": 0.023336034707221256
        },
        "IWD": {
            "mean": 0.01169490862334211,
            "stdev": 0.026797149119551795
        }
    },
    "WR": {
        "GIH WR": {
            "mean": 0.5938860392672751,
            "stdev": 0.03284372773498888
        },
        "OH WR": {
            "mean": 0.6130737124026012,
            "stdev": 0.03493490883598126
        },
        "GD WR": {
            "mean": 0.5989643588916134,
            "stdev": 0.031208606262087952
        },
        "IWD": {
            "mean": -0.011425399243472691,
            "stdev": 0.031161228902087917
        }
    },
    "WG": {
        "GIH WR": {
            "mean": 0.5853331668539173,
            "stdev": 0.025577755424699585
        },
        "OH WR": {
            "mean": 0.5911132278706908,
            "stdev": 0.029564311380438725
        },
        "GD WR": {
            "mean": 0.581014005467427,
            "stdev": 0.0331413224096
        },
        "IWD": {
            "mean": -0.0038231898792753364,
            "stdev": 0.030488405373860147
        }
    },
    "UB": {
        "GIH WR": {
            "mean": 0.6079955356970687,
            "stdev": 0.02995285810389889
        },
        "OH WR": {
            "mean": 0.5871674441818556,
            "stdev": 0.024740787194882832
        },
        "GD WR": {
            "mean": 0.6254116042353814,
            "stdev": 0.03147763726475999
        },
        "IWD": {
            "mean": 0.04506030454064263,
            "stdev": 0.03168611395093393
        }
    },
    "UR": {
        "GIH WR": {
            "mean": 0.6241273404463529,
            "stdev": 0.033163346516277524
        },
        "OH WR": {
            "mean": 0.6140672073801968,
            "stdev": 0.031489650541143534
        },
        "GD WR": {
            "mean": 0.6344849757397351,
            "stdev": 0.03424343831036009
        },
        "IWD": {
            "mean": 0.023747869608638235,
            "stdev": 0.03078051341502391
        }
    },
    "UG": {
        "GIH WR": {
            "mean": 0.6090703869780862,
            "stdev": 0.023114798134268484
        },
        "OH WR": {
            "mean": 0.5944935208802894,
            "stdev": 0.03538793316152732
        },
        "GD WR": {
            "mean": 0.6130556613682207,
            "stdev": 0.02249326412375878
        },
        "IWD": {
            "mean": 0.03530377611448031,
            "stdev": 0.026443349397440637
        }
    },
    "BR": {
        "GIH WR": {
            "mean": 0.5882315887869529,
            "stdev": 0.0329218535436396
        },
        "OH WR": {
            "mean": 0.5947050054338742,
            "stdev": 0.030941710205718002
        },
        "GD WR": {
            "mean": 0.6013317483442516,
            "stdev": 0.03772181313536274
        },
        "IWD": {
            "mean": 0.011277972114684634,
            "stdev": 0.03966033373457931
        }
    },
    "BG": {
        "GIH WR": {
            "mean": 0.6033193352267793,
            "stdev": 0.03163238352575274
        },
        "OH WR": {
            "mean": 0.5956457753917639,
            "stdev": 0.036247553622808695
        },
        "GD WR": {
            "mean": 0.6110804360120389,
            "stdev": 0.03124909373412912
        },
        "IWD": {
            "mean": 0.022870579844618353,
            "stdev": 0.03410801204401255
        }
    },
    "RG": {
        "GIH WR": {
            "mean": 0.5844984689405411,
            "stdev": 0.028301479651991326
        },
        "OH WR": {
            "mean": 0.5786781620672613,
            "stdev": 0.038703923422177815
        },
        "GD WR": {
            "mean": 0.5791822954146675,
            "stdev": 0.032291447638853735
        },
        "IWD": {
            "mean": 0.008492552936945544,
            "stdev": 0.033350675900993276
        }
    }
}