{
    "all": {
        "GIH WR": {
            "mean": 0.6069256094340881,
            "stdev": 0.03414975535085291
        },
        "OH WR": {
            "mean": 0.6074454963803426,
            "stdev": 0.03285098578948268
        },
        "GD WR": {
            "mean": 0.6143892614442971,
            "stdev": 0.03138328442944419
        },
        "IWD": {
            "mean": 0.013281783503726531,
            "stdev": 0.034288414200688434
        }
    },
    "WU": {
        "GIH WR": {
            "mean": null,
            "stdev": null
        },
        "OH WR": {
            "mean": null,
            "stdev": null
        },
        "GD WR": {
            "mean": null,
            "stdev": null
        },
        "IWD": {
            "mean": null,
            "stdev": null
        }
    },
    "WB": {
        "GIH WR": {
            "mean": null,
            "stdev": null
        },
        "OH WR": {
            "mean": null,
            "stdev": null
        },
        "GD WR": {
            "mean": null,
            "stdev": null
        },
        "IWD": {
            "mean": null,
            "stdev": null
        }
    },
    "WR": {
        "GIH WR": {
            "mean": 0.62949832777833,
            "stdev": 0.030419992192935674
        },
        "OH WR": {
            "mean": 0.65704557105723,
            "stdev": 0.013199903737556284
        },
        "GD WR": {
            "mean": 0.6184224066178348,
            "stdev": 0.025426093562600737
        },
        "IWD": {
            "mean": -0.007900313549557624,
            "stdev": 0.03120417990887014
        }
    },
    "WG": {
        "GIH WR": {
            "mean": 0.5917551908237116,
            "stdev": 0.01653087931433477
        },
        "OH WR": {
            "mean": null,
            "stdev": null
        },
        "GD WR": {
            "mean": null,
            "stdev": null
        },
        "IWD": {
            "mean": -0.01914631347127942,
            "stdev": 0.015870762141491752
        }
    },
    "UB": {
        "GIH WR": {
            "mean": 0.6762280987827707,
            "stdev": 0.016694638232558328
        },
        "OH WR": {
            "mean": null,
            "stdev": null
        },
        "GD WR": {
            "mean": null,
            "stdev": null
        },
        "IWD": {
            "mean": 0.07722661536547276,
            "stdev": 0.02647306295564889
        }
    },
    "UR": {
        "GIH WR": {
            "mean": 0.642573955840008,
            "stdev": 0.02438005645404435
        },
        "OH WR": {
            "mean": null,
            "stdev": null
        },
        "GD WR": {
            "mean": null,
            "stdev": null
        },
        "IWD": {
            "mean": 0.04535498113420452,
            "stdev": 0.033275460479352585
        }
    },
    "UG": {
        "GIH WR": {
            "mean": 0.6284155471692625,
            "stdev": 0.025524368266336774
        },
        "OH WR": {
            "mean": null,
            "stdev": null
        },
        "GD WR": {
            "mean": 0.6356630915401645,
            "stdev": 0.02406274576068375
        },
        "IWD": {
            "mean": 0.053690785347845396,
            "stdev": 0.035810329054632516
        }
    },
    "BR": {
        "GIH WR": {
            "mean": 0.6089508054246641,
            "stdev": 0.02206342776839529
        },
        "OH WR": {
            "mean": null,
            "stdev": null
        },
        "GD WR": {
            "mean": null,
            "stdev": null
        },
        "IWD": {
            "mean": 0.017841392899044538,
            "stdev": 0.021526825695120346
        }
    },
    "BG": {
        "GIH WR": {
            "mean": null,
            "stdev": null
        },
        "OH WR": {
            "mean": null,
            "stdev": null
        },
        "GD WR": {
            "mean": null,
            "stdev": null
        },
        "IWD": {
            "mean": null,
            "stdev": null
        }
    },
    "RG": {
        "GIH WR": {
            "mean": 0.6509570458448686,
            "stdev": 0.03186389740413185
        },
        "OH WR": {
            "mean": 0.704401925084915,
            "stdev": 0.031116280605419013
        },
        "GD WR": {
            "mean": 0.6774656580598667,
            "stdev": 0.03855646609038139
        },
        "IWD": {
            "mean": 0.0037020063433111537,
            "stdev": 0.03586869018645106
        }
    }
}