{
    "all": {
        "GIH WR": {
            "mean": 0.6047498285007762,
            "stdev": 0.03595531669614173
        },
        "OH WR": {
            "mean": 0.5978454398809534,
            "stdev": 0.04721962409690386
        },
        "GD WR": {
            "mean": 0.6090826294200098,
            "stdev": 0.03339243736609233
        },
        "IWD": {
            "mean": 0.023816009967695215,
            "stdev": 0.03789184117289228
        }
    },
    "WU": {
        "GIH WR": {
            "mean": 0.6202354443865293,
            "stdev": 0.03584650661107298
        },
        "OH WR": {
            "mean": 0.6135378489555966,
            "stdev": 0.03695308396324895
        },
        "GD WR": {
            "mean": 0.6233779935520993,
            "stdev": 0.033937274224123445
        },
        "IWD": {
            "mean": 0.01716580930520416,
            "stdev": 0.03905425526685992
        }
    },
    "WB": {
        "GIH WR": {
            "mean": 0.5923003984632003,
            "stdev": 0.034380397764633815
        },
        "OH WR": {
            "mean": 0.5876970943374197,
            "stdev": 0.030894476244772318
        },
        "GD WR": {
            "mean": 0.6094469213327817,
            "stdev": 0.03156203842498842
        },
        "IWD": {
            "mean": 0.02699554553565319,
            "stdev": 0.03409827360214531
        }
    },
    "WR": {
        "GIH WR": {
            "mean": 0.59801544497941,
            "stdev": 0.03596305072437304
        },
        "OH WR": {
            "mean": 0.5978586494670145,
            "stdev": 0.03314197440622123
        },
        "GD WR": {
            "mean": 0.5912663653699196,
            "stdev": 0.026552604636163504
        },
        "IWD": {
            "mean": -0.0027401181436769156,
            "stdev": 0.03574157608427591
        }
    },
    "WG": {
        "GIH WR": {
            "mean": 0.6035090656403133,
            "stdev": 0.019466988697831696
        },
        "OH WR": {
            "mean": 0.6037253433644933,
            "stdev": 0.033644769785636346
        },
        "GD WR": {
            "mean": 0.6087227767932606,
            "stdev": 0.018770171399894883
        },
        "IWD": {
            "mean": 0.012075463506495285,
            "stdev": 0.02213017999804047
        }
    },
    "UB": {
        "GIH WR": {
            "mean": 0.5970715309217753,
            "stdev": 0.028860295883049236
        },
        "OH WR": {
            "mean": 0.5911971490440615,
            "stdev": 0.03650322992397114
        },
        "GD WR": {
            "mean": 0.6151276967889178,
            "stdev": 0.02836781065744213
        },
        "IWD": {
            "mean": 0.0342766240729763,
            "stdev": 0.03155436339380219
        }
    },
    "UR": {
        "GIH WR": {
            "mean": 0.618120846622382,
            "stdev": 0.035560282615769157
        },
        "OH WR": {
            "mean": 0.6164810044525426,
            "stdev": 0.03292931868196159
        },
        "GD WR": {
            "mean": 0.6095565811107188,
            "stdev": 0.02390752528012359
        },
        "IWD": {
            "mean": 0.0009421061483877724,
            "stdev": 0.036172946477172105
        }
    },
    "UG": {
        "GIH WR": {
            "mean": 0.5836354068372175,
            "stdev": 0.01985106253187684
        },
        "OH WR": {
            "mean": 0.5752222786067738,
            "stdev": 0.020650958243700824
        },
        "GD WR": {
            "mean": 0.5806122018439189,
            "stdev": 0.02260635156871869
        },
        "IWD": {
            "mean": 0.009862466744257855,
            "stdev": 0.02478147292217408
        }
    },
    "BR": {
        "GIH WR": {
            "mean": 0.5989851217112876,
            "stdev": 0.029675502896037625
        },
        "OH WR": {
            "mean": 0.598398203827694,
            "stdev": 0.02541444280004566
        },
        "GD WR": {
            "mean": 0.6137983713313229,
            "stdev": 0.018453907215632375
        },
        "IWD": {
            "mean": 0.027487985889621393,
            "stdev": 0.03200751164397959
        }
    },
    "BG": {
        "GIH WR": {
            "mean": 0.6063370705845976,
            "stdev": 0.023684668999638118
        },
        "OH WR": {
            "mean": 0.5892899643422389,
            "stdev": 0.02794807130242503
        },
        "GD WR": {
            "mean": 0.618635488530574,
            "stdev": 0.023277525243079796
        },
        "IWD": {
            "mean": 0.03421824357036967,
            "stdev": 0.02707003063414319
        }
    },
    "RG": {
        "GIH WR": {
            "mean": 0.611604822918213,
            "stdev": 0.03326781804652629
        },
        "OH WR": {
            "mean": 0.615520123317559,
            "stdev": 0.027182848824417523
        },
        "GD WR": {
            "mean": 0.6120419466679133,
            "stdev": 0.030735499966404255
        },
        "IWD": {
            "mean": 0.00594130124630515,
            "stdev": 0.03734144831064414
        }
    }
}