{
    "all": {
        "GIH WR": {
            "mean": 0.6097399073955205,
            "stdev": 0.035246052882446734
        },
        "OH WR": {
            "mean": 0.6082115131923991,
            "stdev": 0.035378787293113924
        },
        "GD WR": {
            "mean": 0.6123281699193818,
            "stdev": 0.025699861967890477
        },
        "IWD": {
            "mean": 0.015706714778161716,
            "stdev": 0.03531389643498944
        }
    },
    "WU": {
        "GIH WR": {
            "mean": 0.6378012412831786,
            "stdev": 0.028019387720644096
        },
        "OH WR": {
            "mean": 0.6372955764791282,
            "stdev": 0.02486812529430423
        },
        "GD WR": {
            "mean": 0.640319500613583,
            "stdev": 0.030731868674401825
        },
        "IWD": {
            "mean": 0.00752766898903035,
            "stdev": 0.0315342226335324
        }
    },
    "WB": {
        "GIH WR": {
            "mean": 0.5922550129600247,
            "stdev": 0.021933900677392867
        },
        "OH WR": {
            "mean": null,
            "stdev": null
        },
        "GD WR": {
            "mean": 0.6067991506817294,
            "stdev": 0.026671964145933584
        },
        "IWD": {
            "mean": 0.02058720576464859,
            "stdev": 0.02205806320354734
        }
    },
    "WR": {
        "GIH WR": {
            "mean": 0.6163605883234637,
            "stdev": 0.023567533068381444
        },
        "OH WR": {
            "mean": 0.6273177454741684,
            "stdev": 0.027214323093646905
        },
        "GD WR": {
            "mean": 0.6095929092687893,
            "stdev": 0.028913913036196046
        },
        "IWD": {
            "mean": -0.003922938032140783,
            "stdev": 0.024314237556399176
        }
    },
    "WG": {
        "GIH WR": {
            "mean": null,
            "stdev": null
        },
        "OH WR": {
            "mean": null,
            "stdev": null
        },
        "GD WR": {
            "mean": null,
            "stdev": null
        },
        "IWD": {
            "mean": null,
            "stdev": null
        }
    },
    "UB": {
        "GIH WR": {
            "mean": 0.5909605990417264,
            "stdev": 0.0234277871514003
        },
        "OH WR": {
            "mean": null,
            "stdev": null
        },
        "GD WR": {
            "mean": 0.6142352587803153,
            "stdev": 0.02432456789612221
        },
        "IWD": {
            "mean": 0.028810487364005433,
            "stdev": 0.03059130747255954
        }
    },
    "UR": {
        "GIH WR": {
            "mean": 0.6236072955186857,
            "stdev": 0.027356462014115478
        },
        "OH WR": {
            "mean": 0.6453944504005098,
            "stdev": 0.029319602541807138
        },
        "GD WR": {
            "mean": 0.6260847533995691,
            "stdev": 0.029480102580132207
        },
        "IWD": {
            "mean": -0.009032023599596133,
            "stdev": 0.02552721349529518
        }
    },
    "UG": {
        "GIH WR": {
            "mean": null,
            "stdev": null
        },
        "OH WR": {
            "mean": null,
            "stdev": null
        },
        "GD WR": {
            "mean": null,
            "stdev": null
        },
        "IWD": {
            "mean": null,
            "stdev": null
        }
    },
    "BR": {
        "GIH WR": {
            "mean": null,
            "stdev": null
        },
        "OH WR": {
            "mean": null,
            "stdev": null
        },
        "GD WR": {
            "mean": null,
            "stdev": null
        },
        "IWD": {
            "mean": null,
            "stdev": null
        }
    },
    "BG": {
        "GIH WR": {
            "mean": null,
            "stdev": null
        },
        "OH WR": {
            "mean": null,
            "stdev": null
        },
        "GD WR": {
            "mean": null,
            "stdev": null
        },
        "IWD": {
            "mean": null,
            "stdev": null
        }
    },
    "RG": {
        "GIH WR": {
            "mean": 0.6228327562035052,
            "stdev": 0.02926709359983174
        },
        "OH WR": {
            "mean": null,
            "stdev": null
        },
        "GD WR": {
            "mean": 0.6419584643647334,
            "stdev": 0.03918640713064974
        },
        "IWD": {
            "mean": 0.0035014334511855078,
            "stdev": 0.03452155826029262
        }
    }
}