{
    "all": {
        "GIH WR": {
            "mean": 0.5961089887281431,
            "stdev": 0.032120968597537804
        },
        "OH WR": {
            "mean": 0.5880825506012459,
            "stdev": 0.03778453142351549
        },
        "GD WR": {
            "mean": 0.6050713067704914,
            "stdev": 0.03481927739800997
        },
        "IWD": {
            "mean": 0.03040575999822589,
            "stdev": 0.03360302277946563
        }
    },
    "WU": {
        "GIH WR": {
            "mean": 0.5732054665196818,
            "stdev": 0.025215280302775683
        },
        "OH WR": {
            "mean": 0.5820339596346679,
            "stdev": 0.019109692564949005
        },
        "GD WR": {
            "mean": 0.5743555693743706,
            "stdev": 0.025984489461678507
        },
        "IWD": {
            "mean": 0.019414776624267046,
            "stdev": 0.03086385160418162
        }
    },
    "WB": {
        "GIH WR": {
            "mean": 0.6126757751681862,
            "stdev": 0.02149562384890066
        },
        "OH WR": {
            "mean": 0.6069529337377657,
            "stdev": 0.025842872441949806
        },
        "GD WR": {
            "mean": 0.6237012877217781,
            "stdev": 0.027826829889111112
        },
        "IWD": {
            "mean": 0.022200160211120437,
            "stdev": 0.025332652184506452
        }
    },
    "WR": {
        "GIH WR": {
            "mean": 0.5848209774942671,
            "stdev": 0.02445012142321503
        },
        "OH WR": {
            "mean": 0.5931377864122288,
            "stdev": 0.01947143172033729
        },
        "GD WR": {
            "mean": 0.5817939228655745,
            "stdev": 0.017986776145914034
        },
        "IWD": {
            "mean": -0.0012216383248103702,
            "stdev": 0.027295359705104508
        }
    },
    "WG": {
        "GIH WR": {
            "mean": 0.605327924223115,
            "stdev": 0.03130183982661262
        },
        "OH WR": {
            "mean": 0.60737767837932,
            "stdev": 0.02946905495545144
        },
        "GD WR": {
            "mean": 0.6016367984300411,
            "stdev": 0.032718027366828197
        },
        "IWD": {
            "mean": 0.009313340970533018,
            "stdev": 0.03291158941203917
        }
    },
    "UB": {
        "GIH WR": {
            "mean": 0.6198017552499961,
            "stdev": 0.024840873139383306
        },
        "OH WR": {
            "mean": 0.5958630389883504,
            "stdev": 0.027947648730701814
        },
        "GD WR": {
            "mean": 0.6346261128684028,
            "stdev": 0.02711895923406908
        },
        "IWD": {
            "mean": 0.05286851123857001,
            "stdev": 0.02787937979683101
        }
    },
    "UR": {
        "GIH WR": {
            "mean": 0.574763525291916,
            "stdev": 0.02037338237948348
        },
        "OH WR": {
            "mean": 0.5563519397430223,
            "stdev": 0.018993740771205248
        },
        "GD WR": {
            "mean": 0.5891163903319991,
            "stdev": 0.026047699008976646
        },
        "IWD": {
            "mean": 0.04255351336938837,
            "stdev": 0.02793648316699806
        }
    },
    "UG": {
        "GIH WR": {
            "mean": 0.599546219236506,
            "stdev": 0.025961208151928688
        },
        "OH WR": {
            "mean": 0.5869976173687087,
            "stdev": 0.020879612069293906
        },
        "GD WR": {
            "mean": 0.6079007720420178,
            "stdev": 0.033553352407026664
        },
        "IWD": {
            "mean": 0.028323764518323767,
            "stdev": 0.03249948071094237
        }
    },
    "BR": {
        "GIH WR": {
            "mean": 0.5715419062940038,
            "stdev": 0.027406360936923665
        },
        "OH WR": {
            "mean": 0.56681717813205,
            "stdev": 0.02479098664804212
        },
        "GD WR": {
            "mean": 0.5766111976961743,
            "stdev": 0.03343908114504217
        },
        "IWD": {
            "mean": 0.01100037588567025,
            "stdev": 0.02963085285233529
        }
    },
    "BG": {
        "GIH WR": {
            "mean": 0.6090365371022303,
            "stdev": 0.02628499560028172
        },
        "OH WR": {
            "mean": 0.5959684965209155,
            "stdev": 0.026922972652910403
        },
        "GD WR": {
            "mean": 0.6138123389620371,
            "stdev": 0.02854774255229857
        },
        "IWD": {
            "mean": 0.02979593413140893,
            "stdev": 0.029825544693117757
        }
    },
    "RG": {
        "GIH WR": {
            "mean": 0.5865432083013621,
            "stdev": 0.029401919516533155
        },
        "OH WR": {
            "mean": 0.5954675781247252,
            "stdev": 0.029593899704410277
        },
        "GD WR": {
            "mean": 0.5843336340248476,
            "stdev": 0.030245492640738822
        },
        "IWD": {
            "mean": -0.004010483009886353,
            "stdev": 0.028710960879877814
        }
    }
}