{
    "all": {
        "GIH WR": {
            "mean": 0.5974019345821497,
            "stdev": 0.03193023217321192
        },
        "OH WR": {
            "mean": 0.5939645712734785,
            "stdev": 0.037162987342610955
        },
        "GD WR": {
            "mean": 0.5996323586726895,
            "stdev": 0.032966849767838965
        },
        "IWD": {
            "mean": 0.017177547331941375,
            "stdev": 0.036806474000670254
        }
    },
    "WU": {
        "GIH WR": {
            "mean": 0.5968235255307102,
            "stdev": 0.025483750632659195
        },
        "OH WR": {
            "mean": 0.5877451366672589,
            "stdev": 0.020019576179890662
        },
        "GD WR": {
            "mean": 0.6058813090406562,
            "stdev": 0.02870375085184229
        },
        "IWD": {
            "mean": 0.022197453420141674,
            "stdev": 0.03307807565904268
        }
    },
    "WB": {
        "GIH WR": {
            "mean": 0.606640467090177,
            "stdev": 0.027492915196426552
        },
        "OH WR": {
            "mean": 0.6221827175305897,
            "stdev": 0.011125861672594712
        },
        "GD WR": {
            "mean": 0.6301815686543446,
            "stdev": 0.02774290945608607
        },
        "IWD": {
            "mean": 0.01798689095170509,
            "stdev": 0.033460154806750096
        }
    },
    "WR": {
        "GIH WR": {
            "mean": 0.5681421006772498,
            "stdev": 0.014731641148038327
        },
        "OH WR": {
            "mean": null,
            "stdev": null
        },
        "GD WR": {
            "mean": null,
            "stdev": null
        },
        "IWD": {
            "mean": -0.012117489029914623,
            "stdev": 0.01957862197464725
        }
    },
    "WG": {
        "GIH WR": {
            "mean": 0.6026026967137037,
            "stdev": 0.021868538658132094
        },
        "OH WR": {
            "mean": 0.6155640149942032,
            "stdev": 0.03499336195859582
        },
        "GD WR": {
            "mean": 0.6051750025400868,
            "stdev": 0.03972811918224422
        },
        "IWD": {
            "mean": -0.0013972545728216826,
            "stdev": 0.021931282487700193
        }
    },
    "UB": {
        "GIH WR": {
            "mean": 0.6070327094795848,
            "stdev": 0.026307874423265352
        },
        "OH WR": {
            "mean": 0.5911444224531794,
            "stdev": 0.02373790265549884
        },
        "GD WR": {
            "mean": 0.6172537104298781,
            "stdev": 0.02651024348366265
        },
        "IWD": {
            "mean": 0.03491928010353334,
            "stdev": 0.03421435137725119
        }
    },
    "UR": {
        "GIH WR": {
            "mean": 0.6010084327157991,
            "stdev": 0.029594052912893746
        },
        "OH WR": {
            "mean": 0.5860526419786332,
            "stdev": 0.033400732775802466
        },
        "GD WR": {
            "mean": 0.6050796468008963,
            "stdev": 0.02730695032814298
        },
        "IWD": {
            "mean": 0.02300658628751171,
            "stdev": 0.030677999489086064
        }
    },
    "UG": {
        "GIH WR": {
            "mean": 0.6168316511623283,
            "stdev": 0.030514872804277334
        },
        "OH WR": {
            "mean": 0.6086145389675071,
            "stdev": 0.02829439914568423
        },
        "GD WR": {
            "mean": 0.6163313788182953,
            "stdev": 0.024961935378599576
        },
        "IWD": {
            "mean": 0.019929672209634645,
            "stdev": 0.035194326101438245
        }
    },
    "BR": {
        "GIH WR": {
            "mean": 0.5966753187572094,
            "stdev": 0.026116402652061093
        },
        "OH WR": {
            "mean": 0.6029854967031465,
            "stdev": 0.030180030427224797
        },
        "GD WR": {
            "mean": 0.5947682790341883,
            "stdev": 0.022896203451758343
        },
        "IWD": {
            "mean": 0.0001948773191297107,
            "stdev": 0.036290251962084186
        }
    },
    "BG": {
        "GIH WR": {
            "mean": 0.6058063352186133,
            "stdev": 0.029156295578215852
        },
        "OH WR": {
            "mean": 0.6041850888522453,
            "stdev": 0.0238428960830776
        },
        "GD WR": {
            "mean": 0.6130046408302089,
            "stdev": 0.02655465116321706
        },
        "IWD": {
            "mean": 0.008912598739249784,
            "stdev": 0.031157575136191454
        }
    },
    "RG": {
        "GIH WR": {
            "mean": 0.5855286032447973,
            "stdev": 0.025497965146491115
        },
        "OH WR": {
            "mean": 0.5978557732782867,
            "stdev": 0.032831766078926745
        },
        "GD WR": {
            "mean": 0.5796351531326752,
            "stdev": 0.02858641714572825
        },
        "IWD": {
            "mean": -0.016489943949596787,
            "stdev": 0.028425858703850664
        }
    }
}