{
    "all": {
        "GIH WR": {
            "mean": 0.5974957520622758,
            "stdev": 0.03186103883955444
        },
        "OH WR": {
            "mean": 0.5926098616037982,
            "stdev": 0.037261244056256
        },
        "GD WR": {
            "mean": 0.6050812081914059,
            "stdev": 0.030830841185476097
        },
        "IWD": {
            "mean": 0.019205144285092953,
            "stdev": 0.034295946726461635
        }
    },
    "WU": {
        "GIH WR": {
            "mean": 0.5914152274790208,
            "stdev": 0.031637626501080415
        },
        "OH WR": {
            "mean": 0.576493209087484,
            "stdev": 0.03039837573983502
        },
        "GD WR": {
            "mean": 0.6111857574123742,
            "stdev": 0.02554513402071386
        },
        "IWD": {
            "mean": 0.04570198090847102,
            "stdev": 0.035750722983687144
        }
    },
    "WB": {
        "GIH WR": {
            "mean": 0.5877664037684827,
            "stdev": 0.024100486782079735
        },
        "OH WR": {
            "mean": 0.5917859310904059,
            "stdev": 0.026591211550243514
        },
        "GD WR": {
            "mean": 0.5955800129598318,
            "stdev": 0.0293275989785621
        },
        "IWD": {
            "mean": 0.006524381862497412,
            "stdev": 0.0236431375387363
        }
    },
    "WR": {
        "GIH WR": {
            "mean": 0.6114449335310869,
            "stdev": 0.03101867779158934
        },
        "OH WR": {
            "mean": 0.6160146676540323,
            "stdev": 0.03156325422069831
        },
        "GD WR": {
            "mean": 0.6003817918536307,
            "stdev": 0.03056611275640155
        },
        "IWD": {
            "mean": -0.0058799308166200825,
            "stdev": 0.03178200323139835
        }
    },
    "WG": {
        "GIH WR": {
            "mean": 0.5858079521408913,
            "stdev": 0.03610008970975076
        },
        "OH WR": {
            "mean": 0.5854910563402408,
            "stdev": 0.038406180622238106
        },
        "GD WR": {
            "mean": 0.5910445576610702,
            "stdev": 0.026502410528731885
        },
        "IWD": {
            "mean": 0.012306522109142615,
            "stdev": 0.042439427256484114
        }
    },
    "UB": {
        "GIH WR": {
            "mean": 0.6122594946259553,
            "stdev": 0.03319667834654121
        },
        "OH WR": {
            "mean": 0.5889791242517952,
            "stdev": 0.029275912819741748
        },
        "GD WR": {
            "mean": 0.6264968919675147,
            "stdev": 0.02774356642278839
        },
        "IWD": {
            "mean": 0.046039742902752534,
            "stdev": 0.0343918205554218
        }
    },
    "UR": {
        "GIH WR": {
            "mean": 0.6113449819516231,
            "stdev": 0.02656759625399154
        },
        "OH WR": {
            "mean": 0.587773261131255,
            "stdev": 0.02705993642653892
        },
        "GD WR": {
            "mean": 0.622013545863967,
            "stdev": 0.024045763130195505
        },
        "IWD": {
            "mean": 0.045024595286216156,
            "stdev": 0.026775985784243683
        }
    },
    "UG": {
        "GIH WR": {
            "mean": 0.5871135195648909,
            "stdev": 0.028313915719722534
        },
        "OH WR": {
            "mean": 0.5725818686349154,
            "stdev": 0.038210571447509306
        },
        "GD WR": {
            "mean": 0.5982598878470857,
            "stdev": 0.031278321236743574
        },
        "IWD": {
            "mean": 0.05023170184890204,
            "stdev": 0.034122311935579186
        }
    },
    "BR": {
        "GIH WR": {
            "mean": 0.6021081545503275,
            "stdev": 0.028019631870777384
        },
        "OH WR": {
            "mean": 0.6059591136203752,
            "stdev": 0.03577491696348386
        },
        "GD WR": {
            "mean": 0.5990038242470109,
            "stdev": 0.031963657772380034
        },
        "IWD": {
            "mean": 0.0002572996696761617,
            "stdev": 0.02883694920088728
        }
    },
    "BG": {
        "GIH WR": {
            "mean": 0.6037995731600282,
            "stdev": 0.03407886409113071
        },
        "OH WR": {
            "mean": 0.6002854746175493,
            "stdev": 0.0369018293687224
        },
        "GD WR": {
            "mean": 0.6066828170424742,
            "stdev": 0.034915454564632756
        },
        "IWD": {
            "mean": 0.013985392680391668,
            "stdev": 0.03742419957770949
        }
    },
    "RG": {
        "GIH WR": {
            "mean": 0.6012005331476145,
            "stdev": 0.028289658500976984
        },
        "OH WR": {
            "mean": 0.6017918443938824,
            "stdev": 0.024654210637753755
        },
        "GD WR": {
            "mean": 0.59791048796999,
            "stdev": 0.0308461389189227
        },
        "IWD": {
            "mean": 0.004732306229103698,
            "stdev": 0.032592951254628674
        }
    }
}