{
    "all": {
        "GIH WR": {
            "mean": 0.5977709387287233,
            "stdev": 0.03177722301382249
        },
        "OH WR": {
            "mean": 0.5931234736166386,
            "stdev": 0.03773283427291331
        },
        "GD WR": {
            "mean": 0.6038873351158965,
            "stdev": 0.032132477335167525
        },
        "IWD": {
            "mean": 0.019460298201498145,
            "stdev": 0.03312739838862122
        }
    },
    "WU": {
        "GIH WR": {
            "mean": 0.5836713979864765,
            "stdev": 0.026586766060222526
        },
        "OH WR": {
            "mean": null,
            "stdev": null
        },
        "GD WR": {
            "mean": 0.5959030137098833,
            "stdev": 0.020877747304576536
        },
        "IWD": {
            "mean": 0.04530043927098333,
            "stdev": 0.03722103944343696
        }
    },
    "WB": {
        "GIH WR": {
            "mean": 0.5878363306133292,
            "stdev": 0.02499829968091261
        },
        "OH WR": {
            "mean": 0.5938826108217136,
            "stdev": 0.03192142818821012
        },
        "GD WR": {
            "mean": 0.6043663085190257,
            "stdev": 0.03132943637269057
        },
        "IWD": {
            "mean": 0.009798718778839125,
            "stdev": 0.023677884975362135
        }
    },
    "WR": {
        "GIH WR": {
            "mean": 0.6113345355177512,
            "stdev": 0.031154939046325592
        },
        "OH WR": {
            "mean": 0.6231869362252831,
            "stdev": 0.02746204098361375
        },
        "GD WR": {
            "mean": 0.6043590173756316,
            "stdev": 0.027645052106821465
        },
        "IWD": {
            "mean": -0.0073494707030488365,
            "stdev": 0.02985894138701584
        }
    },
    "WG": {
        "GIH WR": {
            "mean": 0.5886700116326418,
            "stdev": 0.029187620764365683
        },
        "OH WR": {
            "mean": 0.5898286775879091,
            "stdev": 0.02687726313201463
        },
        "GD WR": {
            "mean": 0.5954037409248699,
            "stdev": 0.028337790303352733
        },
        "IWD": {
            "mean": 0.012475168949194232,
            "stdev": 0.030428550709971056
        }
    },
    "UB": {
        "GIH WR": {
            "mean": 0.5988296927376612,
            "stdev": 0.026999206426691968
        },
        "OH WR": {
            "mean": 0.5823818780329016,
            "stdev": 0.03341810283969738
        },
        "GD WR": {
            "mean": 0.617507309555669,
            "stdev": 0.02401349723703533
        },
        "IWD": {
            "mean": 0.04236627596378826,
            "stdev": 0.026940672005224195
        }
    },
    "UR": {
        "GIH WR": {
            "mean": 0.6154967497044426,
            "stdev": 0.024278557691509068
        },
        "OH WR": {
            "mean": 0.5953709767700925,
            "stdev": 0.02805615975429073
        },
        "GD WR": {
            "mean": 0.6276568759019806,
            "stdev": 0.024510612771401593
        },
        "IWD": {
            "mean": 0.046308895484959874,
            "stdev": 0.026050520737884112
        }
    },
    "UG": {
        "GIH WR": {
            "mean": 0.5848322915226617,
            "stdev": 0.023146301747120936
        },
        "OH WR": {
            "mean": 0.5537443540174837,
            "stdev": 0.04005140407145403
        },
        "GD WR": {
            "mean": 0.5947607156782975,
            "stdev": 0.02615257934700841
        },
        "IWD": {
            "mean": 0.048162712135884876,
            "stdev": 0.027130840110511555
        }
    },
    "BR": {
        "GIH WR": {
            "mean": 0.6004802678158717,
            "stdev": 0.02996393422113033
        },
        "OH WR": {
            "mean": 0.6092582416082998,
            "stdev": 0.025439866417424586
        },
        "GD WR": {
            "mean": 0.599245488506251,
            "stdev": 0.02729494528682457
        },
        "IWD": {
            "mean": -0.0018981432334076187,
            "stdev": 0.02834697036407513
        }
    },
    "BG": {
        "GIH WR": {
            "mean": 0.6053197984128511,
            "stdev": 0.035060144578657124
        },
        "OH WR": {
            "mean": 0.5995127735457255,
            "stdev": 0.03373376269542978
        },
        "GD WR": {
            "mean": 0.605164569014982,
            "stdev": 0.0304443635286463
        },
        "IWD": {
            "mean": 0.01021645707109049,
            "stdev": 0.038357557587211905
        }
    },
    "RG": {
        "GIH WR": {
            "mean": 0.5983759371288837,
            "stdev": 0.02715098668694301
        },
        "OH WR": {
            "mean": 0.6050046320843538,
            "stdev": 0.026421218708119604
        },
        "GD WR": {
            "mean": 0.5935450703992748,
            "stdev": 0.03212920488782992
        },
        "IWD": {
            "mean": 0.0028493415713787217,
            "stdev": 0.0322376299218682
        }
    }
}