{
    "all": {
        "GIH WR": {
            "mean": 0.5977363029493278,
            "stdev": 0.034756420715702584
        },
        "OH WR": {
            "mean": 0.5856338011486617,
            "stdev": 0.038419400570290765
        },
        "GD WR": {
            "mean": 0.6016913070342258,
            "stdev": 0.03340289510913574
        },
        "IWD": {
            "mean": 0.029959581234975864,
            "stdev": 0.03599203276540108
        }
    },
    "WU": {
        "GIH WR": {
            "mean": 0.5757776865443072,
            "stdev": 0.025661426346135323
        },
        "OH WR": {
            "mean": null,
            "stdev": null
        },
        "GD WR": {
            "mean": 0.5958269558071514,
            "stdev": 0.02667065263271568
        },
        "IWD": {
            "mean": 0.016434669857011232,
            "stdev": 0.03145542436926436
        }
    },
    "WB": {
        "GIH WR": {
            "mean": 0.6118934049736613,
            "stdev": 0.021915108450721168
        },
        "OH WR": {
            "mean": 0.6279257556098632,
            "stdev": 0.024906811584924995
        },
        "GD WR": {
            "mean": 0.6219001424350507,
            "stdev": 0.01847360210627523
        },
        "IWD": {
            "mean": 0.022778558906615474,
            "stdev": 0.024909532669035745
        }
    },
    "WR": {
        "GIH WR": {
            "mean": 0.5731874975683322,
            "stdev": 0.020539456281454503
        },
        "OH WR": {
            "mean": null,
            "stdev": null
        },
        "GD WR": {
            "mean": null,
            "stdev": null
        },
        "IWD": {
            "mean": 0.003736709380188654,
            "stdev": 0.028304941469292893
        }
    },
    "WG": {
        "GIH WR": {
            "mean": 0.6117144015558015,
            "stdev": 0.032574483562527984
        },
        "OH WR": {
            "mean": 0.6175744345808971,
            "stdev": 0.028229341056828283
        },
        "GD WR": {
            "mean": 0.6090177500181067,
            "stdev": 0.030035478407648683
        },
        "IWD": {
            "mean": 0.007601977762154104,
            "stdev": 0.03535183095801195
        }
    },
    "UB": {
        "GIH WR": {
            "mean": 0.6216856747274413,
            "stdev": 0.026218725256082556
        },
        "OH WR": {
            "mean": 0.6127190434088954,
            "stdev": 0.02483968174907755
        },
        "GD WR": {
            "mean": 0.6405253555103044,
            "stdev": 0.01983500844929715
        },
        "IWD": {
            "mean": 0.05027012598498168,
            "stdev": 0.03421243235636551
        }
    },
    "UR": {
        "GIH WR": {
            "mean": 0.5709585213394194,
            "stdev": 0.020204633821860163
        },
        "OH WR": {
            "mean": 0.5226575519504812,
            "stdev": 0.005632993105892976
        },
        "GD WR": {
            "mean": 0.5806497946816891,
            "stdev": 0.01675223682543874
        },
        "IWD": {
            "mean": 0.044802386872856224,
            "stdev": 0.029721035755193838
        }
    },
    "UG": {
        "GIH WR": {
            "mean": 0.5953328493427269,
            "stdev": 0.03276338418609101
        },
        "OH WR": {
            "mean": null,
            "stdev": null
        },
        "GD WR": {
            "mean": 0.6025556601321151,
            "stdev": 0.032903692495191345
        },
        "IWD": {
            "mean": 0.027409386604096503,
            "stdev": 0.04245045685265042
        }
    },
    "BR": {
        "GIH WR": {
            "mean": 0.5746582224237929,
            "stdev": 0.026812488860204108
        },
        "OH WR": {
            "mean": 0.5693325121519368,
            "stdev": 0.01355984210853371
        },
        "GD WR": {
            "mean": 0.5712065874189166,
            "stdev": 0.03127150944250899
        },
        "IWD": {
            "mean": 0.014673801614868373,
            "stdev": 0.027598634354179467
        }
    },
    "BG": {
        "GIH WR": {
            "mean": 0.613571970552884,
            "stdev": 0.023993194026867014
        },
        "OH WR": {
            "mean": 0.6096950376684904,
            "stdev": 0.025296420232538436
        },
        "GD WR": {
            "mean": 0.6229976575201781,
            "stdev": 0.030184425191387004
        },
        "IWD": {
            "mean": 0.027323656964991807,
            "stdev": 0.025038711441486075
        }
    },
    "RG": {
        "GIH WR": {
            "mean": 0.5863087834446277,
            "stdev": 0.030362584640366574
        },
        "OH WR": {
            "mean": 0.5962447620247877,
            "stdev": 0.029357201498379743
        },
        "GD WR": {
            "mean": 0.5754327831970544,
            "stdev": 0.030166560241210887
        },
        "IWD": {
            "mean": -0.0015058695400649222,
            "stdev": 0.03201388560685746
        }
    }
}