{
    "all": {
        "GIH WR": {
            "mean": 0.5972700400901974,
            "stdev": 0.032013519761898784
        },
        "OH WR": {
            "mean": 0.5932302213743077,
            "stdev": 0.038084233428291564
        },
        "GD WR": {
            "mean": 0.6037456044026392,
            "stdev": 0.03155564658077086
        },
        "IWD": {
            "mean": 0.019252567920646495,
            "stdev": 0.03351404425639167
        }
    },
    "WU": {
        "GIH WR": {
            "mean": 0.5816194857559694,
            "stdev": 0.02740596001607598
        },
        "OH WR": {
            "mean": 0.5792316112914907,
            "stdev": 0.04858816124783613
        },
        "GD WR": {
            "mean": 0.603437734573137,
            "stdev": 0.02022791158920165
        },
        "IWD": {
            "mean": 0.041865153073301305,
            "stdev": 0.03380708561771724
        }
    },
    "WB": {
        "GIH WR": {
            "mean": 0.5873653498397059,
            "stdev": 0.023955340106212645
        },
        "OH WR": {
            "mean": 0.5890373314398852,
            "stdev": 0.028677359090383492
        },
        "GD WR": {
            "mean": 0.6011903641324373,
            "stdev": 0.028992526285254935
        },
        "IWD": {
            "mean": 0.00821402696752215,
            "stdev": 0.021727238539408816
        }
    },
    "WR": {
        "GIH WR": {
            "mean": 0.6078845054258529,
            "stdev": 0.03100127620289191
        },
        "OH WR": {
            "mean": 0.6184569815142351,
            "stdev": 0.027896298981592415
        },
        "GD WR": {
            "mean": 0.598250891969511,
            "stdev": 0.028294037717854745
        },
        "IWD": {
            "mean": -0.008421901732389572,
            "stdev": 0.03192446415218821
        }
    },
    "WG": {
        "GIH WR": {
            "mean": 0.5879538301770024,
            "stdev": 0.029339552057322166
        },
        "OH WR": {
            "mean": 0.5903591393802415,
            "stdev": 0.03837864046916043
        },
        "GD WR": {
            "mean": 0.5945907711111521,
            "stdev": 0.02832073419417741
        },
        "IWD": {
            "mean": 0.01073017341236095,
            "stdev": 0.02711681268944888
        }
    },
    "UB": {
        "GIH WR": {
            "mean": 0.6030657183317982,
            "stdev": 0.03413380857537399
        },
        "OH WR": {
            "mean": 0.5844814602427046,
            "stdev": 0.02985376121385143
        },
        "GD WR": {
            "mean": 0.619259726376279,
            "stdev": 0.02614728072894038
        },
        "IWD": {
            "mean": 0.041774941190599484,
            "stdev": 0.03385911735911616
        }
    },
    "UR": {
        "GIH WR": {
            "mean": 0.6118498798580264,
            "stdev": 0.026113754600184412
        },
        "OH WR": {
            "mean": 0.5893156664113367,
            "stdev": 0.02941324693505941
        },
        "GD WR": {
            "mean": 0.6228324008960222,
            "stdev": 0.02112548769213543
        },
        "IWD": {
            "mean": 0.04558241111877805,
            "stdev": 0.02814105991845465
        }
    },
    "UG": {
        "GIH WR": {
            "mean": 0.5863033749367584,
            "stdev": 0.02654690681954847
        },
        "OH WR": {
            "mean": 0.5684005801476184,
            "stdev": 0.03831608424824647
        },
        "GD WR": {
            "mean": 0.5953376565014473,
            "stdev": 0.02774695213271822
        },
        "IWD": {
            "mean": 0.049912731260785714,
            "stdev": 0.032377975738563346
        }
    },
    "BR": {
        "GIH WR": {
            "mean": 0.6020338406699051,
            "stdev": 0.028805903125548725
        },
        "OH WR": {
            "mean": 0.6075546847801137,
            "stdev": 0.023468264156599507
        },
        "GD WR": {
            "mean": 0.5985778552258953,
            "stdev": 0.026851522487352033
        },
        "IWD": {
            "mean": -9.135201506218845e-05,
            "stdev": 0.02858345490680255
        }
    },
    "BG": {
        "GIH WR": {
            "mean": 0.6049231438898119,
            "stdev": 0.035813057524381395
        },
        "OH WR": {
            "mean": 0.600143867810119,
            "stdev": 0.030834800415044546
        },
        "GD WR": {
            "mean": 0.6061409655557524,
            "stdev": 0.030831580824564966
        },
        "IWD": {
            "mean": 0.010160224805407198,
            "stdev": 0.03945436777868446
        }
    },
    "RG": {
        "GIH WR": {
            "mean": 0.5997596581701946,
            "stdev": 0.029690438989050178
        },
        "OH WR": {
            "mean": 0.600535329498417,
            "stdev": 0.026592758002280472
        },
        "GD WR": {
            "mean": 0.5936744545504434,
            "stdev": 0.029065206750901403
        },
        "IWD": {
            "mean": 0.00524950982119749,
            "stdev": 0.03406657394182636
        }
    }
}