{
    "all": {
        "GIH WR": {
            "mean": 0.5962981649028168,
            "stdev": 0.03292330053916488
        },
        "OH WR": {
            "mean": 0.5867643864652902,
            "stdev": 0.038620540288769975
        },
        "GD WR": {
            "mean": 0.6053155435603005,
            "stdev": 0.035164421634634214
        },
        "IWD": {
            "mean": 0.030565714295598026,
            "stdev": 0.03434820032457645
        }
    },
    "WU": {
        "GIH WR": {
            "mean": 0.5755655979526985,
            "stdev": 0.02588595512604579
        },
        "OH WR": {
            "mean": 0.5855402027295056,
            "stdev": 0.02412825320373032
        },
        "GD WR": {
            "mean": 0.5809049979096685,
            "stdev": 0.025421354762671884
        },
        "IWD": {
            "mean": 0.020961172540851707,
            "stdev": 0.032042470446504115
        }
    },
    "WB": {
        "GIH WR": {
            "mean": 0.611619658304014,
            "stdev": 0.02226188221303694
        },
        "OH WR": {
            "mean": 0.6060895179970311,
            "stdev": 0.027536239451734328
        },
        "GD WR": {
            "mean": 0.6244690923196281,
            "stdev": 0.029545045595759094
        },
        "IWD": {
            "mean": 0.0203733819872889,
            "stdev": 0.02525180024796215
        }
    },
    "WR": {
        "GIH WR": {
            "mean": 0.5855060094950438,
            "stdev": 0.023996736804704176
        },
        "OH WR": {
            "mean": 0.5870598478103035,
            "stdev": 0.012928363758474112
        },
        "GD WR": {
            "mean": 0.5828773047706582,
            "stdev": 0.021701566973832513
        },
        "IWD": {
            "mean": 0.001917134658597693,
            "stdev": 0.02811799587329695
        }
    },
    "WG": {
        "GIH WR": {
            "mean": 0.6046541373904747,
            "stdev": 0.030525734285193756
        },
        "OH WR": {
            "mean": 0.6073594019902312,
            "stdev": 0.029507630022828104
        },
        "GD WR": {
            "mean": 0.60128538731338,
            "stdev": 0.03329588523772579
        },
        "IWD": {
            "mean": 0.007161955395491261,
            "stdev": 0.03206353006716818
        }
    },
    "UB": {
        "GIH WR": {
            "mean": 0.619776325411839,
            "stdev": 0.024099964430027442
        },
        "OH WR": {
            "mean": 0.6013993219902412,
            "stdev": 0.02494659450967652
        },
        "GD WR": {
            "mean": 0.6364591217580193,
            "stdev": 0.023486878136575472
        },
        "IWD": {
            "mean": 0.05281018782656014,
            "stdev": 0.029038336805586918
        }
    },
    "UR": {
        "GIH WR": {
            "mean": 0.571935378171723,
            "stdev": 0.02085953585005347
        },
        "OH WR": {
            "mean": 0.5532767092838017,
            "stdev": 0.024318858663954626
        },
        "GD WR": {
            "mean": 0.5825198304250179,
            "stdev": 0.022692840917641857
        },
        "IWD": {
            "mean": 0.04366741808512445,
            "stdev": 0.028605212229238366
        }
    },
    "UG": {
        "GIH WR": {
            "mean": 0.598134788234464,
            "stdev": 0.026898482275076473
        },
        "OH WR": {
            "mean": 0.5843536346348747,
            "stdev": 0.025314687779699634
        },
        "GD WR": {
            "mean": 0.6070638733941158,
            "stdev": 0.03136269669020437
        },
        "IWD": {
            "mean": 0.027854495487997486,
            "stdev": 0.033334778053866254
        }
    },
    "BR": {
        "GIH WR": {
            "mean": 0.5728544464310629,
            "stdev": 0.024039989665937293
        },
        "OH WR": {
            "mean": 0.5667817982557037,
            "stdev": 0.02448288851629489
        },
        "GD WR": {
            "mean": 0.5758847099477797,
            "stdev": 0.03379049095903589
        },
        "IWD": {
            "mean": 0.011410444150471533,
            "stdev": 0.028659165358281537
        }
    },
    "BG": {
        "GIH WR": {
            "mean": 0.6096919306966138,
            "stdev": 0.026789221137315418
        },
        "OH WR": {
            "mean": 0.5993189743627491,
            "stdev": 0.026319820128701585
        },
        "GD WR": {
            "mean": 0.6132016234739672,
            "stdev": 0.027642808317656208
        },
        "IWD": {
            "mean": 0.031460689061651406,
            "stdev": 0.028890790653855105
        }
    },
    "RG": {
        "GIH WR": {
            "mean": 0.5858339798610294,
            "stdev": 0.0296765281914069
        },
        "OH WR": {
            "mean": 0.5943623027730675,
            "stdev": 0.029346890225232024
        },
        "GD WR": {
            "mean": 0.5785597069874112,
            "stdev": 0.028244811513913115
        },
        "IWD": {
            "mean": -0.0033280035281052687,
            "stdev": 0.02874434201613712
        }
    }
}