{
    "all": {
        "GIH WR": {
            "mean": 0.6022222056138671,
            "stdev": 0.03660499098364365
        },
        "OH WR": {
            "mean": 0.6001621831095939,
            "stdev": 0.04711915293999331
        },
        "GD WR": {
            "mean": 0.6045434977862452,
            "stdev": 0.031561800871049664
        },
        "IWD": {
            "mean": 0.022548494965864356,
            "stdev": 0.03766348490437928
        }
    },
    "WU": {
        "GIH WR": {
            "mean": 0.6215506885458472,
            "stdev": 0.03632869710728795
        },
        "OH WR": {
            "mean": 0.615146324871723,
            "stdev": 0.0368151399800072
        },
        "GD WR": {
            "mean": 0.6190690526193293,
            "stdev": 0.024654059260675005
        },
        "IWD": {
            "mean": 0.01804336108146717,
            "stdev": 0.03976140305938031
        }
    },
    "WB": {
        "GIH WR": {
            "mean": 0.5903217281023629,
            "stdev": 0.033831332353905
        },
        "OH WR": {
            "mean": 0.5830326208985885,
            "stdev": 0.023164523769669806
        },
        "GD WR": {
            "mean": 0.6088926428956707,
            "stdev": 0.0303171952038824
        },
        "IWD": {
            "mean": 0.027348262304152448,
            "stdev": 0.03525765863658595
        }
    },
    "WR": {
        "GIH WR": {
            "mean": 0.591162381917046,
            "stdev": 0.02899759170913601
        },
        "OH WR": {
            "mean": 0.6072404407031683,
            "stdev": 0.030286674512725986
        },
        "GD WR": {
            "mean": 0.5907727148651782,
            "stdev": 0.026193818971082604
        },
        "IWD": {
            "mean": -0.011136723623034531,
            "stdev": 0.0298134972945093
        }
    },
    "WG": {
        "GIH WR": {
            "mean": 0.6021961321220837,
            "stdev": 0.023482252323245557
        },
        "OH WR": {
            "mean": 0.6083836553018159,
            "stdev": 0.03884286224689451
        },
        "GD WR": {
            "mean": 0.6044569047779137,
            "stdev": 0.021711007716384248
        },
        "IWD": {
            "mean": 0.014035167085285651,
            "stdev": 0.02901524812020659
        }
    },
    "UB": {
        "GIH WR": {
            "mean": 0.59529692134154,
            "stdev": 0.03242280442232601
        },
        "OH WR": {
            "mean": 0.5901923101934249,
            "stdev": 0.03497703018832677
        },
        "GD WR": {
            "mean": 0.6163405938208908,
            "stdev": 0.027254564419478496
        },
        "IWD": {
            "mean": 0.03666639676578956,
            "stdev": 0.03737997453675591
        }
    },
    "UR": {
        "GIH WR": {
            "mean": 0.6187502957821397,
            "stdev": 0.0354963580143205
        },
        "OH WR": {
            "mean": 0.6178271200597628,
            "stdev": 0.03381971364295847
        },
        "GD WR": {
            "mean": 0.6097984229659235,
            "stdev": 0.02424283379654793
        },
        "IWD": {
            "mean": 0.001250534212723732,
            "stdev": 0.037128445483633296
        }
    },
    "UG": {
        "GIH WR": {
            "mean": 0.5769135940034427,
            "stdev": 0.022632968471849615
        },
        "OH WR": {
            "mean": null,
            "stdev": null
        },
        "GD WR": {
            "mean": 0.579588515514929,
            "stdev": 0.025319020301355927
        },
        "IWD": {
            "mean": 0.007188723069884146,
            "stdev": 0.0236730847387878
        }
    },
    "BR": {
        "GIH WR": {
            "mean": 0.5859014871962405,
            "stdev": 0.029116077526068835
        },
        "OH WR": {
            "mean": null,
            "stdev": null
        },
        "GD WR": {
            "mean": 0.6013820120829689,
            "stdev": 0.0209202463087958
        },
        "IWD": {
            "mean": 0.028345088909255228,
            "stdev": 0.03590011579450169
        }
    },
    "BG": {
        "GIH WR": {
            "mean": 0.5972040615127708,
            "stdev": 0.02423109085557435
        },
        "OH WR": {
            "mean": 0.5974966031491493,
            "stdev": 0.0335000628818962
        },
        "GD WR": {
            "mean": 0.604046095503637,
            "stdev": 0.023710221744045766
        },
        "IWD": {
            "mean": 0.03229949582978531,
            "stdev": 0.026472778134989217
        }
    },
    "RG": {
        "GIH WR": {
            "mean": 0.6095250868643902,
            "stdev": 0.03494430616216194
        },
        "OH WR": {
            "mean": 0.6137392673460427,
            "stdev": 0.031050016130527457
        },
        "GD WR": {
            "mean": 0.6074797176584091,
            "stdev": 0.025546780293004848
        },
        "IWD": {
            "mean": 0.002952972481056761,
            "stdev": 0.040633733151731806
        }
    }
}