{
    "all": {
        "GIH WR": {
            "mean": 0.598196608902723,
            "stdev": 0.03537884636180284
        },
        "OH WR": {
            "mean": 0.5917181084955132,
            "stdev": 0.0385244019843916
        },
        "GD WR": {
            "mean": 0.6003383243191421,
            "stdev": 0.03344296752724352
        },
        "IWD": {
            "mean": 0.026570740532369717,
            "stdev": 0.03382702042274136
        }
    },
    "WU": {
        "GIH WR": {
            "mean": 0.5822434784093172,
            "stdev": 0.030492570957913006
        },
        "OH WR": {
            "mean": null,
            "stdev": null
        },
        "GD WR": {
            "mean": null,
            "stdev": null
        },
        "IWD": {
            "mean": 0.03194289262361,
            "stdev": 0.03517722438214211
        }
    },
    "WB": {
        "GIH WR": {
            "mean": 0.6281182772367254,
            "stdev": 0.020031735559738136
        },
        "OH WR": {
            "mean": null,
            "stdev": null
        },
        "GD WR": {
            "mean": null,
            "stdev": null
        },
        "IWD": {
            "mean": 0.025861858143156734,
            "stdev": 0.030449119490134718
        }
    },
    "WR": {
        "GIH WR": {
            "mean": 0.5818222548921979,
            "stdev": 0.019047556071342432
        },
        "OH WR": {
            "mean": null,
            "stdev": null
        },
        "GD WR": {
            "mean": null,
            "stdev": null
        },
        "IWD": {
            "mean": 0.007029608442519338,
            "stdev": 0.025291034349896765
        }
    },
    "WG": {
        "GIH WR": {
            "mean": 0.6167958262100433,
            "stdev": 0.02777374553877116
        },
        "OH WR": {
            "mean": 0.6223181181242704,
            "stdev": 0.024237049667965967
        },
        "GD WR": {
            "mean": 0.6163877437027265,
            "stdev": 0.03149407305592064
        },
        "IWD": {
            "mean": 0.006351559684337069,
            "stdev": 0.028753700088323644
        }
    },
    "UB": {
        "GIH WR": {
            "mean": 0.6188590986118154,
            "stdev": 0.022334064759015455
        },
        "OH WR": {
            "mean": null,
            "stdev": null
        },
        "GD WR": {
            "mean": 0.6385718945293315,
            "stdev": 0.02011047704708746
        },
        "IWD": {
            "mean": 0.047999945947214864,
            "stdev": 0.03598273123061005
        }
    },
    "UR": {
        "GIH WR": {
            "mean": 0.562524027684265,
            "stdev": 0.019343137766767236
        },
        "OH WR": {
            "mean": null,
            "stdev": null
        },
        "GD WR": {
            "mean": 0.5779786771845211,
            "stdev": 0.021052248094716047
        },
        "IWD": {
            "mean": 0.040462109920687904,
            "stdev": 0.02368890447268168
        }
    },
    "UG": {
        "GIH WR": {
            "mean": 0.5930929740289664,
            "stdev": 0.026436158770536518
        },
        "OH WR": {
            "mean": null,
            "stdev": null
        },
        "GD WR": {
            "mean": 0.625584155717693,
            "stdev": 0.018442182751199167
        },
        "IWD": {
            "mean": 0.0216939216223099,
            "stdev": 0.03490863525451672
        }
    },
    "BR": {
        "GIH WR": {
            "mean": 0.5637231286854505,
            "stdev": 0.028653469631824583
        },
        "OH WR": {
            "mean": null,
            "stdev": null
        },
        "GD WR": {
            "mean": 0.5680499389518885,
            "stdev": 0.043713532221960186
        },
        "IWD": {
            "mean": 0.003744843470622829,
            "stdev": 0.025731764035789605
        }
    },
    "BG": {
        "GIH WR": {
            "mean": 0.6206259038701594,
            "stdev": 0.023429905972368256
        },
        "OH WR": {
            "mean": 0.6125505662559287,
            "stdev": 0.023507569861069336
        },
        "GD WR": {
            "mean": 0.6278772078387407,
            "stdev": 0.03372599680929039
        },
        "IWD": {
            "mean": 0.028476426159101446,
            "stdev": 0.027940526539075364
        }
    },
    "RG": {
        "GIH WR": {
            "mean": 0.5905385648937379,
            "stdev": 0.022151735885175695
        },
        "OH WR": {
            "mean": 0.5985558661076,
            "stdev": 0.02267089847064048
        },
        "GD WR": {
            "mean": 0.5911487707400994,
            "stdev": 0.03128579302959294
        },
        "IWD": {
            "mean": -0.005868847525345016,
            "stdev": 0.024478810587448073
        }
    }
}