{
    "all": {
        "GIH WR": {
            "mean": 0.5967194431796318,
            "stdev": 0.03163721497567613
        },
        "OH WR": {
            "mean": 0.5889737293657219,
            "stdev": 0.03713127576909999
        },
        "GD WR": {
            "mean": 0.6057228694382792,
            "stdev": 0.03490594477046489
        },
        "IWD": {
            "mean": 0.030192281656907575,
            "stdev": 0.03344347552387352
        }
    },
    "WU": {
        "GIH WR": {
            "mean": 0.574691733373784,
            "stdev": 0.02565520545055284
        },
        "OH WR": {
            "mean": 0.5719654342119245,
            "stdev": 0.01925467219858825
        },
        "GD WR": {
            "mean": 0.5818244482214079,
            "stdev": 0.024682077997666307
        },
        "IWD": {
            "mean": 0.022898171613335058,
            "stdev": 0.029921217183610897
        }
    },
    "WB": {
        "GIH WR": {
            "mean": 0.6097307126910351,
            "stdev": 0.020239205306242757
        },
        "OH WR": {
            "mean": 0.6002404611042306,
            "stdev": 0.02640425539101676
        },
        "GD WR": {
            "mean": 0.6192270359394878,
            "stdev": 0.02591179312240536
        },
        "IWD": {
            "mean": 0.022446215013687414,
            "stdev": 0.02412901402228598
        }
    },
    "WR": {
        "GIH WR": {
            "mean": 0.5899827191775635,
            "stdev": 0.02313815903413232
        },
        "OH WR": {
            "mean": 0.5969716173584135,
            "stdev": 0.018785950804937075
        },
        "GD WR": {
            "mean": 0.5878000427025267,
            "stdev": 0.020606764197649338
        },
        "IWD": {
            "mean": -0.0007748874888067246,
            "stdev": 0.024414308820403848
        }
    },
    "WG": {
        "GIH WR": {
            "mean": 0.6065555714116369,
            "stdev": 0.031674872626412685
        },
        "OH WR": {
            "mean": 0.6103806569342066,
            "stdev": 0.03126453953975313
        },
        "GD WR": {
            "mean": 0.6025286100918769,
            "stdev": 0.03184336609810343
        },
        "IWD": {
            "mean": 0.009175491920611385,
            "stdev": 0.032999340512094306
        }
    },
    "UB": {
        "GIH WR": {
            "mean": 0.6174803422316446,
            "stdev": 0.028541595195021485
        },
        "OH WR": {
            "mean": 0.5978016863063528,
            "stdev": 0.02695572387117148
        },
        "GD WR": {
            "mean": 0.63540989053396,
            "stdev": 0.026164928387610586
        },
        "IWD": {
            "mean": 0.05288126921669827,
            "stdev": 0.028783318432177466
        }
    },
    "UR": {
        "GIH WR": {
            "mean": 0.5777096728358336,
            "stdev": 0.02013357673309217
        },
        "OH WR": {
            "mean": 0.5605396227515066,
            "stdev": 0.019495800779957585
        },
        "GD WR": {
            "mean": 0.5883890861940025,
            "stdev": 0.027132854004518057
        },
        "IWD": {
            "mean": 0.04179406333020878,
            "stdev": 0.026991009673180102
        }
    },
    "UG": {
        "GIH WR": {
            "mean": 0.5965032994360684,
            "stdev": 0.02654320785272482
        },
        "OH WR": {
            "mean": 0.5826629195953708,
            "stdev": 0.020673377524340068
        },
        "GD WR": {
            "mean": 0.6085791849760143,
            "stdev": 0.03249514712454404
        },
        "IWD": {
            "mean": 0.02704614174489275,
            "stdev": 0.0316160754041361
        }
    },
    "BR": {
        "GIH WR": {
            "mean": 0.5705731738357191,
            "stdev": 0.026005721102968886
        },
        "OH WR": {
            "mean": 0.5666422730007536,
            "stdev": 0.02234755060264251
        },
        "GD WR": {
            "mean": 0.5757351307260371,
            "stdev": 0.03203909521792614
        },
        "IWD": {
            "mean": 0.00995730281787401,
            "stdev": 0.027702431465201446
        }
    },
    "BG": {
        "GIH WR": {
            "mean": 0.6118879548572058,
            "stdev": 0.028985373027740582
        },
        "OH WR": {
            "mean": 0.5959235635233674,
            "stdev": 0.02612429118448011
        },
        "GD WR": {
            "mean": 0.6157206905979143,
            "stdev": 0.027852461274744143
        },
        "IWD": {
            "mean": 0.03192620104969901,
            "stdev": 0.03315197078916424
        }
    },
    "RG": {
        "GIH WR": {
            "mean": 0.5913348017487172,
            "stdev": 0.03129764102040746
        },
        "OH WR": {
            "mean": 0.5994170903409615,
            "stdev": 0.028899743149448147
        },
        "GD WR": {
            "mean": 0.5832293612544209,
            "stdev": 0.030036496296485405
        },
        "IWD": {
            "mean": -0.0007153895352358609,
            "stdev": 0.033371390898731215
        }
    }
}