{
    "all": {
        "GIH WR": {
            "mean": 0.6090953548687055,
            "stdev": 0.035689556953874206
        },
        "OH WR": {
            "mean": 0.5925066097228745,
            "stdev": 0.046818613783988855
        },
        "GD WR": {
            "mean": 0.6179678170754815,
            "stdev": 0.03454390053127979
        },
        "IWD": {
            "mean": 0.03569899028849,
            "stdev": 0.03764502301935361
        }
    },
    "WU": {
        "GIH WR": {
            "mean": 0.6404590855166242,
            "stdev": 0.02422547740366371
        },
        "OH WR": {
            "mean": 0.6154789174314088,
            "stdev": 0.03742587459737842
        },
        "GD WR": {
            "mean": 0.6611255308301508,
            "stdev": 0.034905530166093796
        },
        "IWD": {
            "mean": 0.05019513129162187,
            "stdev": 0.02854056585029608
        }
    },
    "WB": {
        "GIH WR": {
            "mean": 0.6063856258512187,
            "stdev": 0.03105600094219131
        },
        "OH WR": {
            "mean": 0.5938055324393033,
            "stdev": 0.0441880277289876
        },
        "GD WR": {
            "mean": 0.6133687768856975,
            "stdev": 0.02976690983799089
        },
        "IWD": {
            "mean": 0.02053592005056752,
            "stdev": 0.03727143695413177
        }
    },
    "WR": {
        "GIH WR": {
            "mean": 0.5876521917838409,
            "stdev": 0.03645519914760615
        },
        "OH WR": {
            "mean": 0.5860117047318211,
            "stdev": 0.04599173441160226
        },
        "GD WR": {
            "mean": 0.5884930449653732,
            "stdev": 0.036409790690131186
        },
        "IWD": {
            "mean": 0.004811386077030471,
            "stdev": 0.04022011357269805
        }
    },
    "WG": {
        "GIH WR": {
            "mean": 0.6067995119749624,
            "stdev": 0.026166239306677382
        },
        "OH WR": {
            "mean": 0.6026089860210403,
            "stdev": 0.04426390191648984
        },
        "GD WR": {
            "mean": 0.6084275337628942,
            "stdev": 0.02805096157600653
        },
        "IWD": {
            "mean": 0.02450785324982259,
            "stdev": 0.031078328448297752
        }
    },
    "UB": {
        "GIH WR": {
            "mean": 0.6305219387397796,
            "stdev": 0.035730537873212294
        },
        "OH WR": {
            "mean": 0.6033502628939091,
            "stdev": 0.054807910382925824
        },
        "GD WR": {
            "mean": 0.6440669405701813,
            "stdev": 0.03262488332557725
        },
        "IWD": {
            "mean": 0.055158109372773136,
            "stdev": 0.04161383881174297
        }
    },
    "UR": {
        "GIH WR": {
            "mean": 0.6278042749785185,
            "stdev": 0.03691873530497545
        },
        "OH WR": {
            "mean": 0.604721806931393,
            "stdev": 0.04672948907937365
        },
        "GD WR": {
            "mean": 0.6372233204264465,
            "stdev": 0.037083194377356056
        },
        "IWD": {
            "mean": 0.04287821768634418,
            "stdev": 0.03294646582694921
        }
    },
    "UG": {
        "GIH WR": {
            "mean": 0.5654401934437221,
            "stdev": 0.032729909491938505
        },
        "OH WR": {
            "mean": 0.5478134242272819,
            "stdev": 0.03915679605709744
        },
        "GD WR": {
            "mean": 0.5806233434340552,
            "stdev": 0.039774881456965755
        },
        "IWD": {
            "mean": 0.028374693204065278,
            "stdev": 0.044504578910618126
        }
    },
    "BR": {
        "GIH WR": {
            "mean": 0.6146261365417937,
            "stdev": 0.040964175454447124
        },
        "OH WR": {
            "mean": 0.6075611722150912,
            "stdev": 0.048899858961991054
        },
        "GD WR": {
            "mean": 0.6187401768425014,
            "stdev": 0.03982295287407963
        },
        "IWD": {
            "mean": 0.01471250314033675,
            "stdev": 0.047158433953959175
        }
    },
    "BG": {
        "GIH WR": {
            "mean": 0.6245943693454823,
            "stdev": 0.02161710990741281
        },
        "OH WR": {
            "mean": 0.6039913448539459,
            "stdev": 0.040464092306286455
        },
        "GD WR": {
            "mean": 0.6354808728557917,
            "stdev": 0.027826756033173635
        },
        "IWD": {
            "mean": 0.03746583076477756,
            "stdev": 0.02710784104065481
        }
    },
    "RG": {
        "GIH WR": {
            "mean": 0.5736662769235644,
            "stdev": 0.03261694826666237
        },
        "OH WR": {
            "mean": 0.561776738685961,
            "stdev": 0.04506852977837162
        },
        "GD WR": {
            "mean": 0.5797552220801887,
            "stdev": 0.03537505926750795
        },
        "IWD": {
            "mean": 0.01594455762411527,
            "stdev": 0.031394788545765565
        }
    }
}