{
    "all": {
        "GIH WR": {
            "mean": 0.6093100199721868,
            "stdev": 0.035649985531442906
        },
        "OH WR": {
            "mean": 0.6071810003188711,
            "stdev": 0.035362748874669024
        },
        "GD WR": {
            "mean": 0.6091315442766373,
            "stdev": 0.027070280126856975
        },
        "IWD": {
            "mean": 0.01688769058278249,
            "stdev": 0.03431244559684277
        }
    },
    "WU": {
        "GIH WR": {
            "mean": 0.6365076265724875,
            "stdev": 0.029672910187390805
        },
        "OH WR": {
            "mean": 0.6443448842733834,
            "stdev": 0.039825757574077615
        },
        "GD WR": {
            "mean": 0.6391403226213729,
            "stdev": 0.031904209893538774
        },
        "IWD": {
            "mean": 0.010817722978395844,
            "stdev": 0.030145459858048996
        }
    },
    "WB": {
        "GIH WR": {
            "mean": 0.6004299741393478,
            "stdev": 0.02129042802813781
        },
        "OH WR": {
            "mean": null,
            "stdev": null
        },
        "GD WR": {
            "mean": 0.6137079256821473,
            "stdev": 0.02554647468523928
        },
        "IWD": {
            "mean": 0.023271530392720643,
            "stdev": 0.02284458216962524
        }
    },
    "WR": {
        "GIH WR": {
            "mean": 0.6124264101569445,
            "stdev": 0.026955394805285457
        },
        "OH WR": {
            "mean": 0.6307938687885043,
            "stdev": 0.025481889999241742
        },
        "GD WR": {
            "mean": 0.6125161650416158,
            "stdev": 0.025029868855513483
        },
        "IWD": {
            "mean": -0.010536176577358947,
            "stdev": 0.025214878969565944
        }
    },
    "WG": {
        "GIH WR": {
            "mean": 0.6416635405796166,
            "stdev": 0.017744861677150888
        },
        "OH WR": {
            "mean": null,
            "stdev": null
        },
        "GD WR": {
            "mean": null,
            "stdev": null
        },
        "IWD": {
            "mean": 0.05153487597408298,
            "stdev": 0.018854232340212836
        }
    },
    "UB": {
        "GIH WR": {
            "mean": 0.5994281257368658,
            "stdev": 0.0263385055358786
        },
        "OH WR": {
            "mean": null,
            "stdev": null
        },
        "GD WR": {
            "mean": 0.6102970853907104,
            "stdev": 0.025888884362362155
        },
        "IWD": {
            "mean": 0.04066668615282775,
            "stdev": 0.04067289393874705
        }
    },
    "UR": {
        "GIH WR": {
            "mean": 0.6234379611430748,
            "stdev": 0.0253733748644803
        },
        "OH WR": {
            "mean": 0.6445292742756663,
            "stdev": 0.031975598076422765
        },
        "GD WR": {
            "mean": 0.6258539244186088,
            "stdev": 0.02707622378635568
        },
        "IWD": {
            "mean": -0.007072547923613001,
            "stdev": 0.025864936997320204
        }
    },
    "UG": {
        "GIH WR": {
            "mean": null,
            "stdev": null
        },
        "OH WR": {
            "mean": null,
            "stdev": null
        },
        "GD WR": {
            "mean": null,
            "stdev": null
        },
        "IWD": {
            "mean": null,
            "stdev": null
        }
    },
    "BR": {
        "GIH WR": {
            "mean": 0.6109000320013964,
            "stdev": 0.02296940848010437
        },
        "OH WR": {
            "mean": null,
            "stdev": null
        },
        "GD WR": {
            "mean": null,
            "stdev": null
        },
        "IWD": {
            "mean": 0.04765177239909883,
            "stdev": 0.020585467613039733
        }
    },
    "BG": {
        "GIH WR": {
            "mean": 0.5939795229279087,
            "stdev": 0.019802208769397
        },
        "OH WR": {
            "mean": null,
            "stdev": null
        },
        "GD WR": {
            "mean": null,
            "stdev": null
        },
        "IWD": {
            "mean": 0.03949020139949344,
            "stdev": 0.023691927215932874
        }
    },
    "RG": {
        "GIH WR": {
            "mean": 0.620287530046951,
            "stdev": 0.028264704138152026
        },
        "OH WR": {
            "mean": 0.6212823332844193,
            "stdev": 0.04712324018925601
        },
        "GD WR": {
            "mean": 0.6425400233732659,
            "stdev": 0.029184134367950827
        },
        "IWD": {
            "mean": 0.004707262616262563,
            "stdev": 0.03522448562005636
        }
    }
}