{
    "all": {
        "GIH WR": {
            "mean": 0.5977004763346293,
            "stdev": 0.03178442094669846
        },
        "OH WR": {
            "mean": 0.5935099313964598,
            "stdev": 0.03767836394406676
        },
        "GD WR": {
            "mean": 0.6042388121838745,
            "stdev": 0.03147051737198138
        },
        "IWD": {
            "mean": 0.019486817196043508,
            "stdev": 0.0335790894335569
        }
    },
    "WU": {
        "GIH WR": {
            "mean": 0.5820310512374808,
            "stdev": 0.028289309579186187
        },
        "OH WR": {
            "mean": 0.5815405780362236,
            "stdev": 0.045373718961354934
        },
        "GD WR": {
            "mean": 0.6031002016174454,
            "stdev": 0.021684450976384582
        },
        "IWD": {
            "mean": 0.04404901276802602,
            "stdev": 0.03374352491884595
        }
    },
    "WB": {
        "GIH WR": {
            "mean": 0.5884065919082269,
            "stdev": 0.023725045849014536
        },
        "OH WR": {
            "mean": 0.5938387122403127,
            "stdev": 0.028766213396598968
        },
        "GD WR": {
            "mean": 0.6054400540274815,
            "stdev": 0.029747942483880234
        },
        "IWD": {
            "mean": 0.006129800531068701,
            "stdev": 0.022167790774469086
        }
    },
    "WR": {
        "GIH WR": {
            "mean": 0.6070606790828561,
            "stdev": 0.030744529550169562
        },
        "OH WR": {
            "mean": 0.617659614568955,
            "stdev": 0.029453298153316692
        },
        "GD WR": {
            "mean": 0.5980365252808919,
            "stdev": 0.027927139998064898
        },
        "IWD": {
            "mean": -0.009031010737132687,
            "stdev": 0.03166543614004337
        }
    },
    "WG": {
        "GIH WR": {
            "mean": 0.5882198348359515,
            "stdev": 0.029357760814010037
        },
        "OH WR": {
            "mean": 0.5893876242390412,
            "stdev": 0.038850588811240254
        },
        "GD WR": {
            "mean": 0.5931142275316907,
            "stdev": 0.028337618452801545
        },
        "IWD": {
            "mean": 0.012473552795125773,
            "stdev": 0.028803132944571687
        }
    },
    "UB": {
        "GIH WR": {
            "mean": 0.6023612325985012,
            "stdev": 0.033748195201138524
        },
        "OH WR": {
            "mean": 0.5849657249593652,
            "stdev": 0.02937071219287963
        },
        "GD WR": {
            "mean": 0.6199163864417089,
            "stdev": 0.025983190703493888
        },
        "IWD": {
            "mean": 0.04210602185317503,
            "stdev": 0.03310489875033
        }
    },
    "UR": {
        "GIH WR": {
            "mean": 0.6132324835200034,
            "stdev": 0.025843890510153098
        },
        "OH WR": {
            "mean": 0.5901691433944981,
            "stdev": 0.028818243691061944
        },
        "GD WR": {
            "mean": 0.6246210077912447,
            "stdev": 0.020680363482187266
        },
        "IWD": {
            "mean": 0.045333341542473815,
            "stdev": 0.027448719148284204
        }
    },
    "UG": {
        "GIH WR": {
            "mean": 0.5865793888518634,
            "stdev": 0.02669869232588961
        },
        "OH WR": {
            "mean": 0.5712686094942749,
            "stdev": 0.03617791640670168
        },
        "GD WR": {
            "mean": 0.5972310504520546,
            "stdev": 0.02912229601716053
        },
        "IWD": {
            "mean": 0.05059216072343705,
            "stdev": 0.03185625965616821
        }
    },
    "BR": {
        "GIH WR": {
            "mean": 0.6016014990846288,
            "stdev": 0.028658131010667998
        },
        "OH WR": {
            "mean": 0.6055485054126389,
            "stdev": 0.02461755161140869
        },
        "GD WR": {
            "mean": 0.5987229649274404,
            "stdev": 0.02727710764485031
        },
        "IWD": {
            "mean": -6.892888163645416e-05,
            "stdev": 0.029412533274322514
        }
    },
    "BG": {
        "GIH WR": {
            "mean": 0.6050988733414703,
            "stdev": 0.03534051637186965
        },
        "OH WR": {
            "mean": 0.6002297806964161,
            "stdev": 0.03017802629120384
        },
        "GD WR": {
            "mean": 0.6064771313264883,
            "stdev": 0.030964364475939782
        },
        "IWD": {
            "mean": 0.010590477090399694,
            "stdev": 0.039096241396686944
        }
    },
    "RG": {
        "GIH WR": {
            "mean": 0.5993224879635449,
            "stdev": 0.030110293607543588
        },
        "OH WR": {
            "mean": 0.6012006631998252,
            "stdev": 0.0262777909929726
        },
        "GD WR": {
            "mean": 0.5937988198700009,
            "stdev": 0.02864733502535353
        },
        "IWD": {
            "mean": 0.004306858266077532,
            "stdev": 0.03413128138381249
        }
    }
}