{
    "all": {
        "GIH WR": {
            "mean": 0.6008192902551023,
            "stdev": 0.03138933267267429
        },
        "OH WR": {
            "mean": 0.590318834547823,
            "stdev": 0.03892228489489831
        },
        "GD WR": {
            "mean": 0.6081332319652526,
            "stdev": 0.03341946088076246
        },
        "IWD": {
            "mean": 0.028471482420266276,
            "stdev": 0.03540938716572395
        }
    },
    "WU": {
        "GIH WR": {
            "mean": 0.5756580882782603,
            "stdev": 0.027593258011857857
        },
        "OH WR": {
            "mean": 0.5674728301108362,
            "stdev": 0.014563023896746638
        },
        "GD WR": {
            "mean": 0.5891891968947045,
            "stdev": 0.029686904321448108
        },
        "IWD": {
            "mean": 0.017993162514321637,
            "stdev": 0.033857285791857
        }
    },
    "WB": {
        "GIH WR": {
            "mean": 0.6042616548719216,
            "stdev": 0.027477868862314014
        },
        "OH WR": {
            "mean": 0.5967841239489354,
            "stdev": 0.032481757346879636
        },
        "GD WR": {
            "mean": 0.6145338251608025,
            "stdev": 0.024165432963842774
        },
        "IWD": {
            "mean": 0.023969618486191308,
            "stdev": 0.028778410202305
        }
    },
    "WR": {
        "GIH WR": {
            "mean": 0.5831965814921617,
            "stdev": 0.03535020332385371
        },
        "OH WR": {
            "mean": 0.5907499660847951,
            "stdev": 0.033235427874894766
        },
        "GD WR": {
            "mean": 0.5833257942594691,
            "stdev": 0.035138503649064914
        },
        "IWD": {
            "mean": -0.006327335496239978,
            "stdev": 0.03543451192946154
        }
    },
    "WG": {
        "GIH WR": {
            "mean": 0.5955384669200259,
            "stdev": 0.03278326768680593
        },
        "OH WR": {
            "mean": 0.593479020096944,
            "stdev": 0.034488597282685725
        },
        "GD WR": {
            "mean": 0.59573130635719,
            "stdev": 0.03192068950727318
        },
        "IWD": {
            "mean": 0.011231829959223704,
            "stdev": 0.032180195422633735
        }
    },
    "UB": {
        "GIH WR": {
            "mean": 0.6157882674355134,
            "stdev": 0.025465161484026475
        },
        "OH WR": {
            "mean": 0.595254550452363,
            "stdev": 0.03537144150702196
        },
        "GD WR": {
            "mean": 0.6375039217401255,
            "stdev": 0.023999134921588856
        },
        "IWD": {
            "mean": 0.05475622226529393,
            "stdev": 0.028472759552681873
        }
    },
    "UR": {
        "GIH WR": {
            "mean": 0.6000718755773016,
            "stdev": 0.028658180937914127
        },
        "OH WR": {
            "mean": 0.578231407069551,
            "stdev": 0.032708428479800544
        },
        "GD WR": {
            "mean": 0.6132160147899114,
            "stdev": 0.026844977552140485
        },
        "IWD": {
            "mean": 0.0467897008635895,
            "stdev": 0.03331736612284148
        }
    },
    "UG": {
        "GIH WR": {
            "mean": 0.6144289468566269,
            "stdev": 0.033745807100181775
        },
        "OH WR": {
            "mean": 0.5942295644078767,
            "stdev": 0.03779332504112597
        },
        "GD WR": {
            "mean": 0.6273751115257399,
            "stdev": 0.031695707024205294
        },
        "IWD": {
            "mean": 0.043978805149381885,
            "stdev": 0.034695061151200746
        }
    },
    "BR": {
        "GIH WR": {
            "mean": 0.5969859372137817,
            "stdev": 0.03240488862476865
        },
        "OH WR": {
            "mean": 0.6059912357890542,
            "stdev": 0.03683517800469806
        },
        "GD WR": {
            "mean": 0.5932051243998959,
            "stdev": 0.029414070114769267
        },
        "IWD": {
            "mean": 0.0009731752785881644,
            "stdev": 0.03146105294661602
        }
    },
    "BG": {
        "GIH WR": {
            "mean": 0.6059176736552722,
            "stdev": 0.032990287951212144
        },
        "OH WR": {
            "mean": 0.5870892647172233,
            "stdev": 0.03421658939172753
        },
        "GD WR": {
            "mean": 0.6156828670351151,
            "stdev": 0.031318016900713126
        },
        "IWD": {
            "mean": 0.03676144309083312,
            "stdev": 0.03584449552860501
        }
    },
    "RG": {
        "GIH WR": {
            "mean": 0.5722230088863108,
            "stdev": 0.03113904570970729
        },
        "OH WR": {
            "mean": 0.5817816627298951,
            "stdev": 0.03790550276827914
        },
        "GD WR": {
            "mean": 0.5710090687926364,
            "stdev": 0.033472539556055565
        },
        "IWD": {
            "mean": -0.0021466928931771945,
            "stdev": 0.03678655905293661
        }
    }
}