{
    "all": {
        "GIH WR": {
            "mean": 0.6096394741525535,
            "stdev": 0.03574547310988068
        },
        "OH WR": {
            "mean": 0.5934878325968298,
            "stdev": 0.04708582103988409
        },
        "GD WR": {
            "mean": 0.618629403599349,
            "stdev": 0.034660867359018445
        },
        "IWD": {
            "mean": 0.036252634281195455,
            "stdev": 0.03838025237943095
        }
    },
    "WU": {
        "GIH WR": {
            "mean": 0.6366016623219677,
            "stdev": 0.02436138113612987
        },
        "OH WR": {
            "mean": 0.6131754707499467,
            "stdev": 0.037909046346816966
        },
        "GD WR": {
            "mean": 0.6571962031630721,
            "stdev": 0.03517125535153967
        },
        "IWD": {
            "mean": 0.04924053776557709,
            "stdev": 0.029926172010630563
        }
    },
    "WB": {
        "GIH WR": {
            "mean": 0.6073471214158828,
            "stdev": 0.030249491926819586
        },
        "OH WR": {
            "mean": 0.5945021256890155,
            "stdev": 0.042983131413581184
        },
        "GD WR": {
            "mean": 0.6133231306728016,
            "stdev": 0.030031449415410735
        },
        "IWD": {
            "mean": 0.022479875246552306,
            "stdev": 0.03759503858443129
        }
    },
    "WR": {
        "GIH WR": {
            "mean": 0.5875503701068502,
            "stdev": 0.03561020182809553
        },
        "OH WR": {
            "mean": 0.589402484152853,
            "stdev": 0.043721946765824554
        },
        "GD WR": {
            "mean": 0.5852541530527484,
            "stdev": 0.03708938853828285
        },
        "IWD": {
            "mean": 0.001114742462097201,
            "stdev": 0.04146976913954044
        }
    },
    "WG": {
        "GIH WR": {
            "mean": 0.6098382077133797,
            "stdev": 0.028057233268023386
        },
        "OH WR": {
            "mean": 0.6040264819223754,
            "stdev": 0.04459177059111482
        },
        "GD WR": {
            "mean": 0.612247488734016,
            "stdev": 0.028984485704728717
        },
        "IWD": {
            "mean": 0.025237806563470504,
            "stdev": 0.034936800383944755
        }
    },
    "UB": {
        "GIH WR": {
            "mean": 0.631304302417447,
            "stdev": 0.03446116447391498
        },
        "OH WR": {
            "mean": 0.6039940505799215,
            "stdev": 0.052435325013307804
        },
        "GD WR": {
            "mean": 0.6465244766426976,
            "stdev": 0.03182533580057698
        },
        "IWD": {
            "mean": 0.05537606920108144,
            "stdev": 0.039824843509133644
        }
    },
    "UR": {
        "GIH WR": {
            "mean": 0.6288442621009249,
            "stdev": 0.0367852253182246
        },
        "OH WR": {
            "mean": 0.6071021334243024,
            "stdev": 0.047374562485519016
        },
        "GD WR": {
            "mean": 0.6378355153263331,
            "stdev": 0.036202935893639224
        },
        "IWD": {
            "mean": 0.04252038307150838,
            "stdev": 0.03398588457273717
        }
    },
    "UG": {
        "GIH WR": {
            "mean": 0.566517790772076,
            "stdev": 0.03232986461454144
        },
        "OH WR": {
            "mean": 0.5499543809264172,
            "stdev": 0.042392763912462446
        },
        "GD WR": {
            "mean": 0.5778691233997003,
            "stdev": 0.037957764292488816
        },
        "IWD": {
            "mean": 0.03385110256466769,
            "stdev": 0.04379332962224043
        }
    },
    "BR": {
        "GIH WR": {
            "mean": 0.6162754986059089,
            "stdev": 0.041150282716373984
        },
        "OH WR": {
            "mean": 0.6119337189139463,
            "stdev": 0.05002053061958246
        },
        "GD WR": {
            "mean": 0.6190963255666934,
            "stdev": 0.040850158870902056
        },
        "IWD": {
            "mean": 0.015993075571315248,
            "stdev": 0.04693742477669084
        }
    },
    "BG": {
        "GIH WR": {
            "mean": 0.6247028744067273,
            "stdev": 0.022064368548544332
        },
        "OH WR": {
            "mean": 0.6046220843886952,
            "stdev": 0.041086135530471135
        },
        "GD WR": {
            "mean": 0.6362544114011148,
            "stdev": 0.02890583309769753
        },
        "IWD": {
            "mean": 0.038479435849627264,
            "stdev": 0.02764152270790302
        }
    },
    "RG": {
        "GIH WR": {
            "mean": 0.5691128355829178,
            "stdev": 0.03139331583955223
        },
        "OH WR": {
            "mean": 0.5573757027500712,
            "stdev": 0.04528987427033481
        },
        "GD WR": {
            "mean": 0.5769466839247075,
            "stdev": 0.03494984381194971
        },
        "IWD": {
            "mean": 0.014244327621378904,
            "stdev": 0.030557901986744088
        }
    }
}