{
    "all": {
        "GIH WR": {
            "mean": 0.5962563125795679,
            "stdev": 0.031144194809597233
        },
        "OH WR": {
            "mean": 0.5885796990673293,
            "stdev": 0.0364766700099355
        },
        "GD WR": {
            "mean": 0.6046714694212594,
            "stdev": 0.03469185236483526
        },
        "IWD": {
            "mean": 0.029798933965932323,
            "stdev": 0.033716946523435196
        }
    },
    "WU": {
        "GIH WR": {
            "mean": 0.5760529861112078,
            "stdev": 0.02605306873880405
        },
        "OH WR": {
            "mean": 0.5649020906823725,
            "stdev": 0.021171159157611707
        },
        "GD WR": {
            "mean": 0.5864711356173673,
            "stdev": 0.02856854470156679
        },
        "IWD": {
            "mean": 0.023747365826088638,
            "stdev": 0.031520628395652756
        }
    },
    "WB": {
        "GIH WR": {
            "mean": 0.6078535741458205,
            "stdev": 0.021222886889564616
        },
        "OH WR": {
            "mean": 0.5997492008653046,
            "stdev": 0.02845588844835392
        },
        "GD WR": {
            "mean": 0.6154214573250979,
            "stdev": 0.02665436035001795
        },
        "IWD": {
            "mean": 0.024359564626138207,
            "stdev": 0.024906749522706908
        }
    },
    "WR": {
        "GIH WR": {
            "mean": 0.586783039918621,
            "stdev": 0.025939446620508955
        },
        "OH WR": {
            "mean": 0.5967216707607934,
            "stdev": 0.01991402357744901
        },
        "GD WR": {
            "mean": 0.5814126425029646,
            "stdev": 0.020558910436399853
        },
        "IWD": {
            "mean": -0.006415761289199291,
            "stdev": 0.027713071568397078
        }
    },
    "WG": {
        "GIH WR": {
            "mean": 0.6064264253325051,
            "stdev": 0.033519150391598404
        },
        "OH WR": {
            "mean": 0.6099474885504871,
            "stdev": 0.033405379089094064
        },
        "GD WR": {
            "mean": 0.6026139439926119,
            "stdev": 0.03069995635872275
        },
        "IWD": {
            "mean": 0.010110802182032976,
            "stdev": 0.03498757887400044
        }
    },
    "UB": {
        "GIH WR": {
            "mean": 0.6141325941615592,
            "stdev": 0.028608070966932863
        },
        "OH WR": {
            "mean": 0.5945113773951222,
            "stdev": 0.026477051654740503
        },
        "GD WR": {
            "mean": 0.6329022723878224,
            "stdev": 0.026738214055925098
        },
        "IWD": {
            "mean": 0.05039590927180811,
            "stdev": 0.028173752606401262
        }
    },
    "UR": {
        "GIH WR": {
            "mean": 0.5785668427672986,
            "stdev": 0.021847435363504353
        },
        "OH WR": {
            "mean": 0.5612124493736533,
            "stdev": 0.02110625169460195
        },
        "GD WR": {
            "mean": 0.5897693797930149,
            "stdev": 0.024917116970931928
        },
        "IWD": {
            "mean": 0.04222506461768209,
            "stdev": 0.02765190142693858
        }
    },
    "UG": {
        "GIH WR": {
            "mean": 0.5964295126334854,
            "stdev": 0.02704695790631976
        },
        "OH WR": {
            "mean": 0.5844156917268623,
            "stdev": 0.02535789044793283
        },
        "GD WR": {
            "mean": 0.60985233505651,
            "stdev": 0.03185662938959619
        },
        "IWD": {
            "mean": 0.027852090732404137,
            "stdev": 0.03207041243581132
        }
    },
    "BR": {
        "GIH WR": {
            "mean": 0.5747358366538157,
            "stdev": 0.03295585441367217
        },
        "OH WR": {
            "mean": 0.5694643255273747,
            "stdev": 0.02665433395491998
        },
        "GD WR": {
            "mean": 0.5751004426912988,
            "stdev": 0.031331153568650474
        },
        "IWD": {
            "mean": 0.013284769740248347,
            "stdev": 0.03481288000601542
        }
    },
    "BG": {
        "GIH WR": {
            "mean": 0.6138514745501016,
            "stdev": 0.030799082118122392
        },
        "OH WR": {
            "mean": 0.5982592046295009,
            "stdev": 0.02949665765004667
        },
        "GD WR": {
            "mean": 0.6157719276630806,
            "stdev": 0.02923099540038044
        },
        "IWD": {
            "mean": 0.03504812541760802,
            "stdev": 0.03600428308138847
        }
    },
    "RG": {
        "GIH WR": {
            "mean": 0.5917263526163961,
            "stdev": 0.03030520024756257
        },
        "OH WR": {
            "mean": 0.6037854801094408,
            "stdev": 0.029158092225491115
        },
        "GD WR": {
            "mean": 0.5866644332429571,
            "stdev": 0.03458206834163535
        },
        "IWD": {
            "mean": -0.0013397649664236423,
            "stdev": 0.03260573709271237
        }
    }
}