{
    "all": {
        "GIH WR": {
            "mean": 0.595647546946103,
            "stdev": 0.034365986137292005
        },
        "OH WR": {
            "mean": 0.5949038279396046,
            "stdev": 0.03629429573731137
        },
        "GD WR": {
            "mean": 0.6021715460371106,
            "stdev": 0.03417295067279683
        },
        "IWD": {
            "mean": 0.013585316913491116,
            "stdev": 0.03828999697160109
        }
    },
    "WU": {
        "GIH WR": {
            "mean": 0.5938445257860345,
            "stdev": 0.029245347228275105
        },
        "OH WR": {
            "mean": 0.59676498318389,
            "stdev": 0.034469465096813465
        },
        "GD WR": {
            "mean": 0.5911882121413484,
            "stdev": 0.030080212996566952
        },
        "IWD": {
            "mean": -0.004015980764731581,
            "stdev": 0.03383250892613326
        }
    },
    "WB": {
        "GIH WR": {
            "mean": 0.5975322146004249,
            "stdev": 0.0294720014904447
        },
        "OH WR": {
            "mean": 0.5955465126262752,
            "stdev": 0.030489886324366448
        },
        "GD WR": {
            "mean": 0.6029828121635707,
            "stdev": 0.02784828766796438
        },
        "IWD": {
            "mean": 5.292199530650225e-05,
            "stdev": 0.03490517346190723
        }
    },
    "WR": {
        "GIH WR": {
            "mean": 0.6036930526913578,
            "stdev": 0.03272063650560549
        },
        "OH WR": {
            "mean": 0.6173677374401364,
            "stdev": 0.033245466766007654
        },
        "GD WR": {
            "mean": 0.5993351094301446,
            "stdev": 0.03367649979420734
        },
        "IWD": {
            "mean": -0.01542031052550235,
            "stdev": 0.030851351466446873
        }
    },
    "WG": {
        "GIH WR": {
            "mean": 0.6097952827542388,
            "stdev": 0.03451344086192708
        },
        "OH WR": {
            "mean": 0.6057386952852563,
            "stdev": 0.033259679280332466
        },
        "GD WR": {
            "mean": 0.6080839804076431,
            "stdev": 0.02943421987941354
        },
        "IWD": {
            "mean": 0.008190366806539173,
            "stdev": 0.036036585524874085
        }
    },
    "UB": {
        "GIH WR": {
            "mean": 0.5838491894509783,
            "stdev": 0.026665466035659065
        },
        "OH WR": {
            "mean": 0.5757636323332709,
            "stdev": 0.03436189211184959
        },
        "GD WR": {
            "mean": 0.5981449525456521,
            "stdev": 0.025300565228072655
        },
        "IWD": {
            "mean": 0.027282856796736903,
            "stdev": 0.03656323880516315
        }
    },
    "UR": {
        "GIH WR": {
            "mean": 0.5984840829001945,
            "stdev": 0.030759961517160032
        },
        "OH WR": {
            "mean": 0.5953299072611671,
            "stdev": 0.02638016025490538
        },
        "GD WR": {
            "mean": 0.6029478262822114,
            "stdev": 0.03256232364630614
        },
        "IWD": {
            "mean": 0.010992019446132454,
            "stdev": 0.03133235021235109
        }
    },
    "UG": {
        "GIH WR": {
            "mean": 0.619877414757137,
            "stdev": 0.029350389325157402
        },
        "OH WR": {
            "mean": 0.6088038803977067,
            "stdev": 0.0336989960952835
        },
        "GD WR": {
            "mean": 0.6262366619395859,
            "stdev": 0.03245677043623978
        },
        "IWD": {
            "mean": 0.02547934402945239,
            "stdev": 0.0330232468505404
        }
    },
    "BR": {
        "GIH WR": {
            "mean": 0.5869740161423452,
            "stdev": 0.024374960731337263
        },
        "OH WR": {
            "mean": 0.5936889332751053,
            "stdev": 0.025943876719763958
        },
        "GD WR": {
            "mean": 0.5924955122444311,
            "stdev": 0.02659223870645967
        },
        "IWD": {
            "mean": 0.0058414042190094604,
            "stdev": 0.02573761643144015
        }
    },
    "BG": {
        "GIH WR": {
            "mean": 0.5991846818215454,
            "stdev": 0.03146366431423699
        },
        "OH WR": {
            "mean": 0.582330409090795,
            "stdev": 0.03226894354033394
        },
        "GD WR": {
            "mean": 0.6039636631256846,
            "stdev": 0.03272691297240865
        },
        "IWD": {
            "mean": 0.03092706042408914,
            "stdev": 0.03693028994650992
        }
    },
    "RG": {
        "GIH WR": {
            "mean": 0.590557363568977,
            "stdev": 0.03188412522249002
        },
        "OH WR": {
            "mean": 0.5951120631427469,
            "stdev": 0.024733194057065457
        },
        "GD WR": {
            "mean": 0.5866326867244166,
            "stdev": 0.03204970880713527
        },
        "IWD": {
            "mean": -0.00044674791515641343,
            "stdev": 0.03667051229184868
        }
    }
}