{
    "all": {
        "GIH WR": {
            "mean": 0.6094057932217245,
            "stdev": 0.03575272875032019
        },
        "OH WR": {
            "mean": 0.5940331554279923,
            "stdev": 0.04712198062038637
        },
        "GD WR": {
            "mean": 0.6187369053409523,
            "stdev": 0.0343359554859786
        },
        "IWD": {
            "mean": 0.03562894332244317,
            "stdev": 0.03774328864407412
        }
    },
    "WU": {
        "GIH WR": {
            "mean": 0.633467568868887,
            "stdev": 0.0231093309096419
        },
        "OH WR": {
            "mean": 0.6000652855549073,
            "stdev": 0.04109923586759252
        },
        "GD WR": {
            "mean": 0.6511567719342574,
            "stdev": 0.028667664056999602
        },
        "IWD": {
            "mean": 0.046455206838978094,
            "stdev": 0.029736242712346827
        }
    },
    "WB": {
        "GIH WR": {
            "mean": 0.6081621743326538,
            "stdev": 0.02572788283032478
        },
        "OH WR": {
            "mean": 0.5979398487552147,
            "stdev": 0.04163208107902653
        },
        "GD WR": {
            "mean": 0.6140493685555016,
            "stdev": 0.02830882360975351
        },
        "IWD": {
            "mean": 0.021152941076869117,
            "stdev": 0.030410438906299356
        }
    },
    "WR": {
        "GIH WR": {
            "mean": 0.5872372825766631,
            "stdev": 0.0400395726851944
        },
        "OH WR": {
            "mean": 0.5835035811320904,
            "stdev": 0.048830410094402095
        },
        "GD WR": {
            "mean": 0.587619347443663,
            "stdev": 0.03987327656839179
        },
        "IWD": {
            "mean": 0.007040292066192724,
            "stdev": 0.04386221520603064
        }
    },
    "WG": {
        "GIH WR": {
            "mean": 0.6101583590845775,
            "stdev": 0.02657910534442891
        },
        "OH WR": {
            "mean": 0.6041963027982904,
            "stdev": 0.04900429149321366
        },
        "GD WR": {
            "mean": 0.61522141351812,
            "stdev": 0.030128806418106006
        },
        "IWD": {
            "mean": 0.02397606829981596,
            "stdev": 0.0291989598084057
        }
    },
    "UB": {
        "GIH WR": {
            "mean": 0.6289648186754745,
            "stdev": 0.03620597472889342
        },
        "OH WR": {
            "mean": 0.5973841264663113,
            "stdev": 0.053321412485680335
        },
        "GD WR": {
            "mean": 0.6445824793089822,
            "stdev": 0.03226507118001435
        },
        "IWD": {
            "mean": 0.057687145484243044,
            "stdev": 0.04265547720607852
        }
    },
    "UR": {
        "GIH WR": {
            "mean": 0.6286943973581078,
            "stdev": 0.037142179401302565
        },
        "OH WR": {
            "mean": 0.6078823698203153,
            "stdev": 0.046940049792597374
        },
        "GD WR": {
            "mean": 0.6390807245321684,
            "stdev": 0.03663674021332906
        },
        "IWD": {
            "mean": 0.04291332580968235,
            "stdev": 0.03487922519038766
        }
    },
    "UG": {
        "GIH WR": {
            "mean": 0.5717841406143307,
            "stdev": 0.034120924554691734
        },
        "OH WR": {
            "mean": 0.5536560275915259,
            "stdev": 0.03666403182805311
        },
        "GD WR": {
            "mean": 0.5835162683827751,
            "stdev": 0.04301601037573897
        },
        "IWD": {
            "mean": 0.024641806420961337,
            "stdev": 0.0433311566089067
        }
    },
    "BR": {
        "GIH WR": {
            "mean": 0.6121711722840854,
            "stdev": 0.039182325382134245
        },
        "OH WR": {
            "mean": 0.6081100337562352,
            "stdev": 0.048372046558912085
        },
        "GD WR": {
            "mean": 0.6151333199367356,
            "stdev": 0.04004553954340363
        },
        "IWD": {
            "mean": 0.012344909928239231,
            "stdev": 0.045454338064587124
        }
    },
    "BG": {
        "GIH WR": {
            "mean": 0.6293954709257882,
            "stdev": 0.021975990554450344
        },
        "OH WR": {
            "mean": 0.6070087054207286,
            "stdev": 0.03674379559283264
        },
        "GD WR": {
            "mean": 0.6424569977034227,
            "stdev": 0.02930722962186019
        },
        "IWD": {
            "mean": 0.036128052877866,
            "stdev": 0.027898278827854284
        }
    },
    "RG": {
        "GIH WR": {
            "mean": 0.5695420345776684,
            "stdev": 0.029443763056090796
        },
        "OH WR": {
            "mean": 0.5565022066794777,
            "stdev": 0.04753216573531161
        },
        "GD WR": {
            "mean": 0.5726968253120853,
            "stdev": 0.03509198850178586
        },
        "IWD": {
            "mean": 0.021347301305722082,
            "stdev": 0.03247679759323765
        }
    }
}