{
    "all": {
        "GIH WR": {
            "mean": 0.5984448047922264,
            "stdev": 0.03401711493493438
        },
        "OH WR": {
            "mean": 0.596808961274562,
            "stdev": 0.03705904698772914
        },
        "GD WR": {
            "mean": 0.6039205598530232,
            "stdev": 0.034659141527448444
        },
        "IWD": {
            "mean": 0.013061157111571893,
            "stdev": 0.037711318299170765
        }
    },
    "WU": {
        "GIH WR": {
            "mean": 0.5941693643222974,
            "stdev": 0.03170885495940868
        },
        "OH WR": {
            "mean": 0.6025449955747484,
            "stdev": 0.03261111821062994
        },
        "GD WR": {
            "mean": 0.5930017049518428,
            "stdev": 0.03336733360949576
        },
        "IWD": {
            "mean": -0.0040365123350170375,
            "stdev": 0.036567766626772226
        }
    },
    "WB": {
        "GIH WR": {
            "mean": 0.5976446876033836,
            "stdev": 0.030011125908669077
        },
        "OH WR": {
            "mean": 0.6034674199713027,
            "stdev": 0.03718882268249218
        },
        "GD WR": {
            "mean": 0.6012849142601118,
            "stdev": 0.02518555310877063
        },
        "IWD": {
            "mean": -0.0021720759594706686,
            "stdev": 0.03897345037869982
        }
    },
    "WR": {
        "GIH WR": {
            "mean": 0.6127677958404264,
            "stdev": 0.03357776442379059
        },
        "OH WR": {
            "mean": 0.6299531416867136,
            "stdev": 0.033596049734551395
        },
        "GD WR": {
            "mean": 0.6019301895397438,
            "stdev": 0.03088250538847216
        },
        "IWD": {
            "mean": -0.01299698609412569,
            "stdev": 0.03164939654790766
        }
    },
    "WG": {
        "GIH WR": {
            "mean": 0.6142393951539387,
            "stdev": 0.03389889322867586
        },
        "OH WR": {
            "mean": 0.612808877519459,
            "stdev": 0.02659157492887438
        },
        "GD WR": {
            "mean": 0.6134773318118765,
            "stdev": 0.029573248162497474
        },
        "IWD": {
            "mean": 0.005832187250715844,
            "stdev": 0.03487212347481495
        }
    },
    "UB": {
        "GIH WR": {
            "mean": 0.5831931832407306,
            "stdev": 0.024116933774373343
        },
        "OH WR": {
            "mean": 0.559734584623323,
            "stdev": 0.05101636968339096
        },
        "GD WR": {
            "mean": 0.5992620729222186,
            "stdev": 0.021356857789981212
        },
        "IWD": {
            "mean": 0.02924564389799072,
            "stdev": 0.03537263351825255
        }
    },
    "UR": {
        "GIH WR": {
            "mean": 0.6015326347527895,
            "stdev": 0.030395589476059356
        },
        "OH WR": {
            "mean": 0.602555590292028,
            "stdev": 0.02955359475961343
        },
        "GD WR": {
            "mean": 0.6045943925690009,
            "stdev": 0.024259665990391647
        },
        "IWD": {
            "mean": 0.013996929598560031,
            "stdev": 0.03132674432998811
        }
    },
    "UG": {
        "GIH WR": {
            "mean": 0.6202833976225014,
            "stdev": 0.03116182972038247
        },
        "OH WR": {
            "mean": 0.6117848903864058,
            "stdev": 0.024026373814496137
        },
        "GD WR": {
            "mean": 0.6369348584911593,
            "stdev": 0.031211614056790928
        },
        "IWD": {
            "mean": 0.023666041252981718,
            "stdev": 0.035601258689420434
        }
    },
    "BR": {
        "GIH WR": {
            "mean": 0.5882914497479576,
            "stdev": 0.02329620392831433
        },
        "OH WR": {
            "mean": 0.6049099786290093,
            "stdev": 0.02868887711508205
        },
        "GD WR": {
            "mean": 0.5960956092449563,
            "stdev": 0.02125029843218987
        },
        "IWD": {
            "mean": 0.014444203162014483,
            "stdev": 0.020799375329476108
        }
    },
    "BG": {
        "GIH WR": {
            "mean": 0.6047776360215156,
            "stdev": 0.03344855186120061
        },
        "OH WR": {
            "mean": 0.6014342179652684,
            "stdev": 0.02592341211781488
        },
        "GD WR": {
            "mean": 0.6112677527302439,
            "stdev": 0.027578457569016515
        },
        "IWD": {
            "mean": 0.02025747642517129,
            "stdev": 0.03779643992183581
        }
    },
    "RG": {
        "GIH WR": {
            "mean": 0.5922189408570097,
            "stdev": 0.02411274492821138
        },
        "OH WR": {
            "mean": 0.5995692957987006,
            "stdev": 0.02365938303827063
        },
        "GD WR": {
            "mean": 0.59630394130108,
            "stdev": 0.027116501008902248
        },
        "IWD": {
            "mean": -0.0017663450388283098,
            "stdev": 0.029483920781574954
        }
    }
}