{
    "all": {
        "GIH WR": {
            "mean": 0.5969458251208349,
            "stdev": 0.0344221836064741
        },
        "OH WR": {
            "mean": 0.5963309727492405,
            "stdev": 0.036406532824431896
        },
        "GD WR": {
            "mean": 0.6032067437558976,
            "stdev": 0.03396858769824466
        },
        "IWD": {
            "mean": 0.013631353722509289,
            "stdev": 0.037769268860439076
        }
    },
    "WU": {
        "GIH WR": {
            "mean": 0.5928387187595769,
            "stdev": 0.03099036793029291
        },
        "OH WR": {
            "mean": 0.6003162465866234,
            "stdev": 0.03708746936985141
        },
        "GD WR": {
            "mean": 0.5916874421711695,
            "stdev": 0.030517825716831055
        },
        "IWD": {
            "mean": -0.005167979547241502,
            "stdev": 0.03570539852599223
        }
    },
    "WB": {
        "GIH WR": {
            "mean": 0.5985753151486785,
            "stdev": 0.025980673456153108
        },
        "OH WR": {
            "mean": 0.6023091253186428,
            "stdev": 0.03312105729377352
        },
        "GD WR": {
            "mean": 0.595670237228938,
            "stdev": 0.02550269788730832
        },
        "IWD": {
            "mean": -0.0020812152885173693,
            "stdev": 0.03338317527178209
        }
    },
    "WR": {
        "GIH WR": {
            "mean": 0.6082518383310982,
            "stdev": 0.03327793798296864
        },
        "OH WR": {
            "mean": 0.6242380270273948,
            "stdev": 0.034102694531862626
        },
        "GD WR": {
            "mean": 0.5982607946537191,
            "stdev": 0.03181020008688002
        },
        "IWD": {
            "mean": -0.01476980288376504,
            "stdev": 0.031103399486345887
        }
    },
    "WG": {
        "GIH WR": {
            "mean": 0.6116408237522416,
            "stdev": 0.034036974153487415
        },
        "OH WR": {
            "mean": 0.6131353041952816,
            "stdev": 0.02924385516376765
        },
        "GD WR": {
            "mean": 0.6105411965595682,
            "stdev": 0.029648875682732313
        },
        "IWD": {
            "mean": 0.007086596748658318,
            "stdev": 0.033584508200261404
        }
    },
    "UB": {
        "GIH WR": {
            "mean": 0.580578839134443,
            "stdev": 0.02416308519267807
        },
        "OH WR": {
            "mean": 0.5741394925744786,
            "stdev": 0.041289535381161396
        },
        "GD WR": {
            "mean": 0.5887050676130635,
            "stdev": 0.024602732425951596
        },
        "IWD": {
            "mean": 0.027213368997155138,
            "stdev": 0.033217183039880374
        }
    },
    "UR": {
        "GIH WR": {
            "mean": 0.600599031800137,
            "stdev": 0.02966362866428005
        },
        "OH WR": {
            "mean": 0.5984523823219541,
            "stdev": 0.028707541652901607
        },
        "GD WR": {
            "mean": 0.6016064748755867,
            "stdev": 0.026231459508336084
        },
        "IWD": {
            "mean": 0.01331549493431835,
            "stdev": 0.03187809809100337
        }
    },
    "UG": {
        "GIH WR": {
            "mean": 0.6215207458837189,
            "stdev": 0.03194720196227901
        },
        "OH WR": {
            "mean": 0.6078143392318069,
            "stdev": 0.02375012401270182
        },
        "GD WR": {
            "mean": 0.6359659311608918,
            "stdev": 0.03185617350124435
        },
        "IWD": {
            "mean": 0.024060990357413957,
            "stdev": 0.03516482423596428
        }
    },
    "BR": {
        "GIH WR": {
            "mean": 0.5905328429512136,
            "stdev": 0.0223649993364091
        },
        "OH WR": {
            "mean": 0.5980318690692242,
            "stdev": 0.030613503419137243
        },
        "GD WR": {
            "mean": 0.5934859225171035,
            "stdev": 0.022253936513800452
        },
        "IWD": {
            "mean": 0.011660373032578454,
            "stdev": 0.021944728954320366
        }
    },
    "BG": {
        "GIH WR": {
            "mean": 0.599543803468537,
            "stdev": 0.03485682576193631
        },
        "OH WR": {
            "mean": 0.5863250982052792,
            "stdev": 0.02949312479080492
        },
        "GD WR": {
            "mean": 0.606177166493305,
            "stdev": 0.03818720091773646
        },
        "IWD": {
            "mean": 0.02279828735581548,
            "stdev": 0.03982345325468452
        }
    },
    "RG": {
        "GIH WR": {
            "mean": 0.5867934486428984,
            "stdev": 0.026331776821058774
        },
        "OH WR": {
            "mean": 0.5964622810303016,
            "stdev": 0.027945035858393738
        },
        "GD WR": {
            "mean": 0.5931331368808207,
            "stdev": 0.024465327849911588
        },
        "IWD": {
            "mean": -0.005553580305649681,
            "stdev": 0.03166256419539919
        }
    }
}