{
    "all": {
        "GIH WR": {
            "mean": 0.595328637479845,
            "stdev": 0.03436873931562818
        },
        "OH WR": {
            "mean": 0.5944981450065593,
            "stdev": 0.03630409236505712
        },
        "GD WR": {
            "mean": 0.6013142455481539,
            "stdev": 0.03474155712109609
        },
        "IWD": {
            "mean": 0.013576113952366619,
            "stdev": 0.03809901665899929
        }
    },
    "WU": {
        "GIH WR": {
            "mean": 0.5945226398795453,
            "stdev": 0.029219575490782673
        },
        "OH WR": {
            "mean": 0.5961458610508361,
            "stdev": 0.03408049797748876
        },
        "GD WR": {
            "mean": 0.5919642867401175,
            "stdev": 0.029929748742666566
        },
        "IWD": {
            "mean": -0.00387598128426787,
            "stdev": 0.033222552144865726
        }
    },
    "WB": {
        "GIH WR": {
            "mean": 0.5977557492724089,
            "stdev": 0.029978290380860095
        },
        "OH WR": {
            "mean": 0.5964111447216354,
            "stdev": 0.029218742650499157
        },
        "GD WR": {
            "mean": 0.6009757134581304,
            "stdev": 0.02926098981551236
        },
        "IWD": {
            "mean": 0.0007239817440035045,
            "stdev": 0.035118094876657804
        }
    },
    "WR": {
        "GIH WR": {
            "mean": 0.6024945076200718,
            "stdev": 0.03269454311294727
        },
        "OH WR": {
            "mean": 0.6177760206281241,
            "stdev": 0.032954296228724506
        },
        "GD WR": {
            "mean": 0.5985325322764087,
            "stdev": 0.033562310481775215
        },
        "IWD": {
            "mean": -0.016127135589124344,
            "stdev": 0.030918075527280858
        }
    },
    "WG": {
        "GIH WR": {
            "mean": 0.6085479478751766,
            "stdev": 0.033674151550791925
        },
        "OH WR": {
            "mean": 0.6045751858945391,
            "stdev": 0.03312410742260456
        },
        "GD WR": {
            "mean": 0.6056535808917274,
            "stdev": 0.02946747082170842
        },
        "IWD": {
            "mean": 0.008266217387359746,
            "stdev": 0.03565773736235338
        }
    },
    "UB": {
        "GIH WR": {
            "mean": 0.582144482618811,
            "stdev": 0.02520364205634471
        },
        "OH WR": {
            "mean": 0.5754805273746866,
            "stdev": 0.03045612819754592
        },
        "GD WR": {
            "mean": 0.595146868877247,
            "stdev": 0.024073975137529662
        },
        "IWD": {
            "mean": 0.02621436949170288,
            "stdev": 0.03564978833126302
        }
    },
    "UR": {
        "GIH WR": {
            "mean": 0.5977301139471228,
            "stdev": 0.030368961007633075
        },
        "OH WR": {
            "mean": 0.5949381492077723,
            "stdev": 0.02652304034279627
        },
        "GD WR": {
            "mean": 0.6018725587577176,
            "stdev": 0.03160807146279851
        },
        "IWD": {
            "mean": 0.009777137641247978,
            "stdev": 0.030851369914000764
        }
    },
    "UG": {
        "GIH WR": {
            "mean": 0.6185762910955913,
            "stdev": 0.029282351950344954
        },
        "OH WR": {
            "mean": 0.6077097710165691,
            "stdev": 0.03377318032419367
        },
        "GD WR": {
            "mean": 0.6255453679938028,
            "stdev": 0.031871606677831905
        },
        "IWD": {
            "mean": 0.025876033224454257,
            "stdev": 0.033116155140295464
        }
    },
    "BR": {
        "GIH WR": {
            "mean": 0.587346445236271,
            "stdev": 0.023468652574396093
        },
        "OH WR": {
            "mean": 0.5905960175835613,
            "stdev": 0.02903558171294607
        },
        "GD WR": {
            "mean": 0.5891600422814305,
            "stdev": 0.028326891365582568
        },
        "IWD": {
            "mean": 0.006345684867875329,
            "stdev": 0.024847857207782816
        }
    },
    "BG": {
        "GIH WR": {
            "mean": 0.6000901982168471,
            "stdev": 0.032295788290821
        },
        "OH WR": {
            "mean": 0.5854434647436461,
            "stdev": 0.03623689930836084
        },
        "GD WR": {
            "mean": 0.6050493895002375,
            "stdev": 0.03302420181228918
        },
        "IWD": {
            "mean": 0.03159065072145024,
            "stdev": 0.03792854575319763
        }
    },
    "RG": {
        "GIH WR": {
            "mean": 0.5891730618804089,
            "stdev": 0.031032915808188764
        },
        "OH WR": {
            "mean": 0.5919841279452477,
            "stdev": 0.02397693082529793
        },
        "GD WR": {
            "mean": 0.5860492334094386,
            "stdev": 0.032293893145084934
        },
        "IWD": {
            "mean": 0.00025613782294982377,
            "stdev": 0.03604555324036817
        }
    }
}