{
    "all": {
        "GIH WR": {
            "mean": 0.5972525845282083,
            "stdev": 0.0346586972463527
        },
        "OH WR": {
            "mean": 0.5957298247697187,
            "stdev": 0.03610854212179606
        },
        "GD WR": {
            "mean": 0.6032096836930084,
            "stdev": 0.03426705321769942
        },
        "IWD": {
            "mean": 0.013516041754136777,
            "stdev": 0.038033193816247195
        }
    },
    "WU": {
        "GIH WR": {
            "mean": 0.593060174948756,
            "stdev": 0.030536483146065357
        },
        "OH WR": {
            "mean": 0.6045861384823588,
            "stdev": 0.0372522005404702
        },
        "GD WR": {
            "mean": 0.5932822195343433,
            "stdev": 0.030848739287456822
        },
        "IWD": {
            "mean": -0.006488415847447748,
            "stdev": 0.033915341074206386
        }
    },
    "WB": {
        "GIH WR": {
            "mean": 0.5981606678458011,
            "stdev": 0.027210730731812426
        },
        "OH WR": {
            "mean": 0.6035991688393819,
            "stdev": 0.03290393899425206
        },
        "GD WR": {
            "mean": 0.5996869852286135,
            "stdev": 0.025039969235893203
        },
        "IWD": {
            "mean": -0.0018167608536113766,
            "stdev": 0.0358521633160513
        }
    },
    "WR": {
        "GIH WR": {
            "mean": 0.6078783346706006,
            "stdev": 0.03451051714280709
        },
        "OH WR": {
            "mean": 0.6240426669386397,
            "stdev": 0.035045224292362426
        },
        "GD WR": {
            "mean": 0.5989718283519032,
            "stdev": 0.03160111786296368
        },
        "IWD": {
            "mean": -0.015794233057852262,
            "stdev": 0.032558092696147845
        }
    },
    "WG": {
        "GIH WR": {
            "mean": 0.6133096547820462,
            "stdev": 0.03349382368854279
        },
        "OH WR": {
            "mean": 0.611797071917993,
            "stdev": 0.026474221834973177
        },
        "GD WR": {
            "mean": 0.6132527887894841,
            "stdev": 0.02952438821589068
        },
        "IWD": {
            "mean": 0.006986563005418475,
            "stdev": 0.03412487478598106
        }
    },
    "UB": {
        "GIH WR": {
            "mean": 0.5816745447483235,
            "stdev": 0.023580382997717395
        },
        "OH WR": {
            "mean": 0.5681861829138333,
            "stdev": 0.04702187925648648
        },
        "GD WR": {
            "mean": 0.5934584002763285,
            "stdev": 0.02031369252698845
        },
        "IWD": {
            "mean": 0.029155163780755684,
            "stdev": 0.03333216270674784
        }
    },
    "UR": {
        "GIH WR": {
            "mean": 0.5996808888297288,
            "stdev": 0.03037067910851985
        },
        "OH WR": {
            "mean": 0.5993425254857095,
            "stdev": 0.029635480925734738
        },
        "GD WR": {
            "mean": 0.6035676941711946,
            "stdev": 0.026905495761946844
        },
        "IWD": {
            "mean": 0.012166280405625847,
            "stdev": 0.03000773338303329
        }
    },
    "UG": {
        "GIH WR": {
            "mean": 0.6177419055861288,
            "stdev": 0.030286128441585732
        },
        "OH WR": {
            "mean": 0.6120555646558333,
            "stdev": 0.023717993827872475
        },
        "GD WR": {
            "mean": 0.6396229301778923,
            "stdev": 0.02927399131476481
        },
        "IWD": {
            "mean": 0.02183932977094647,
            "stdev": 0.03399515810857503
        }
    },
    "BR": {
        "GIH WR": {
            "mean": 0.5891355751245417,
            "stdev": 0.02263564835842715
        },
        "OH WR": {
            "mean": 0.6090552015438615,
            "stdev": 0.022296212718171046
        },
        "GD WR": {
            "mean": 0.5977765977546574,
            "stdev": 0.022460836956443412
        },
        "IWD": {
            "mean": 0.011267289678916577,
            "stdev": 0.022042264879491957
        }
    },
    "BG": {
        "GIH WR": {
            "mean": 0.5994385383238895,
            "stdev": 0.031423815915750296
        },
        "OH WR": {
            "mean": 0.5953712036929103,
            "stdev": 0.02824448063656647
        },
        "GD WR": {
            "mean": 0.6052651714293988,
            "stdev": 0.03980613056621972
        },
        "IWD": {
            "mean": 0.021073059992846227,
            "stdev": 0.036882647053563825
        }
    },
    "RG": {
        "GIH WR": {
            "mean": 0.5878820989416408,
            "stdev": 0.026419481076638787
        },
        "OH WR": {
            "mean": 0.5958357937535718,
            "stdev": 0.02457701643093374
        },
        "GD WR": {
            "mean": 0.5946197576410075,
            "stdev": 0.024515944938323986
        },
        "IWD": {
            "mean": -0.005460584624324501,
            "stdev": 0.031955316711512124
        }
    }
}