{
    "all": {
        "GIH WR": {
            "mean": 0.6024582296071515,
            "stdev": 0.03692578285110743
        },
        "OH WR": {
            "mean": 0.6005963155846106,
            "stdev": 0.04729972634054015
        },
        "GD WR": {
            "mean": 0.6051177335282903,
            "stdev": 0.03134014678108259
        },
        "IWD": {
            "mean": 0.022533392041815925,
            "stdev": 0.03791373777372926
        }
    },
    "WU": {
        "GIH WR": {
            "mean": 0.6223480017977748,
            "stdev": 0.03647697177348108
        },
        "OH WR": {
            "mean": 0.6156341800427542,
            "stdev": 0.03721052268396563
        },
        "GD WR": {
            "mean": 0.6197234445930954,
            "stdev": 0.024471438903305134
        },
        "IWD": {
            "mean": 0.018533036293268895,
            "stdev": 0.039824218011260765
        }
    },
    "WB": {
        "GIH WR": {
            "mean": 0.5897866020094458,
            "stdev": 0.033465348169835436
        },
        "OH WR": {
            "mean": 0.5809718994711158,
            "stdev": 0.023514317376711048
        },
        "GD WR": {
            "mean": 0.6077571080907629,
            "stdev": 0.03156266772340676
        },
        "IWD": {
            "mean": 0.027502550895156713,
            "stdev": 0.035271848074668544
        }
    },
    "WR": {
        "GIH WR": {
            "mean": 0.5899139226228792,
            "stdev": 0.028589365532158528
        },
        "OH WR": {
            "mean": 0.607848083329504,
            "stdev": 0.030315092943607316
        },
        "GD WR": {
            "mean": 0.5909349553662203,
            "stdev": 0.026699978103664757
        },
        "IWD": {
            "mean": -0.012251119752103959,
            "stdev": 0.029425754790866405
        }
    },
    "WG": {
        "GIH WR": {
            "mean": 0.6055426402155689,
            "stdev": 0.024610863023988853
        },
        "OH WR": {
            "mean": 0.6147958303165908,
            "stdev": 0.03879541981959419
        },
        "GD WR": {
            "mean": 0.6113079371860475,
            "stdev": 0.02102431445373918
        },
        "IWD": {
            "mean": 0.016215846850498615,
            "stdev": 0.03065414480301906
        }
    },
    "UB": {
        "GIH WR": {
            "mean": 0.5943639819739038,
            "stdev": 0.03233516501274405
        },
        "OH WR": {
            "mean": 0.5885010614791126,
            "stdev": 0.03482367203425067
        },
        "GD WR": {
            "mean": 0.6161350354231598,
            "stdev": 0.026962758566094196
        },
        "IWD": {
            "mean": 0.03701248079435443,
            "stdev": 0.03724272636754043
        }
    },
    "UR": {
        "GIH WR": {
            "mean": 0.6188233630669256,
            "stdev": 0.03626759956321456
        },
        "OH WR": {
            "mean": 0.6181003679477243,
            "stdev": 0.03488022517330941
        },
        "GD WR": {
            "mean": 0.6110651181740138,
            "stdev": 0.023897344040211505
        },
        "IWD": {
            "mean": 0.0014437316884742604,
            "stdev": 0.03794251823427354
        }
    },
    "UG": {
        "GIH WR": {
            "mean": 0.5782861533607041,
            "stdev": 0.023786639758211728
        },
        "OH WR": {
            "mean": null,
            "stdev": null
        },
        "GD WR": {
            "mean": 0.5843937510858688,
            "stdev": 0.026202529553054136
        },
        "IWD": {
            "mean": 0.006174407527706202,
            "stdev": 0.025170958665721263
        }
    },
    "BR": {
        "GIH WR": {
            "mean": 0.5873772347933458,
            "stdev": 0.02929662649080182
        },
        "OH WR": {
            "mean": null,
            "stdev": null
        },
        "GD WR": {
            "mean": 0.6017048591720169,
            "stdev": 0.022771826796715446
        },
        "IWD": {
            "mean": 0.02849335057516252,
            "stdev": 0.0358799628627277
        }
    },
    "BG": {
        "GIH WR": {
            "mean": 0.597506822612898,
            "stdev": 0.023020319845441495
        },
        "OH WR": {
            "mean": 0.5967852340931515,
            "stdev": 0.0339627696832733
        },
        "GD WR": {
            "mean": 0.6053356307140126,
            "stdev": 0.024850602122872927
        },
        "IWD": {
            "mean": 0.032427872830052475,
            "stdev": 0.0275745546838382
        }
    },
    "RG": {
        "GIH WR": {
            "mean": 0.6113776812976782,
            "stdev": 0.0340785205092852
        },
        "OH WR": {
            "mean": 0.6153787345407294,
            "stdev": 0.03084494086742392
        },
        "GD WR": {
            "mean": 0.6080478478274506,
            "stdev": 0.026394636284081115
        },
        "IWD": {
            "mean": 0.004900125913255116,
            "stdev": 0.03811263712380373
        }
    }
}