{
    "all": {
        "GIH WR": {
            "mean": 0.6085965353661278,
            "stdev": 0.036518422080125
        },
        "OH WR": {
            "mean": 0.5932889691162572,
            "stdev": 0.04731648525977549
        },
        "GD WR": {
            "mean": 0.6172326004238287,
            "stdev": 0.03558838957066207
        },
        "IWD": {
            "mean": 0.034830061965907134,
            "stdev": 0.038665996753857956
        }
    },
    "WU": {
        "GIH WR": {
            "mean": 0.6357790027982004,
            "stdev": 0.02394225488126517
        },
        "OH WR": {
            "mean": 0.6078763826040314,
            "stdev": 0.041576331047597635
        },
        "GD WR": {
            "mean": 0.6535786487414937,
            "stdev": 0.028367761863170377
        },
        "IWD": {
            "mean": 0.046253400942178946,
            "stdev": 0.029667581927623178
        }
    },
    "WB": {
        "GIH WR": {
            "mean": 0.6074285322050864,
            "stdev": 0.028970687478358542
        },
        "OH WR": {
            "mean": 0.5969255557647304,
            "stdev": 0.043242967473490414
        },
        "GD WR": {
            "mean": 0.6151577087413681,
            "stdev": 0.029378356181964126
        },
        "IWD": {
            "mean": 0.020228281676603167,
            "stdev": 0.03513800435014627
        }
    },
    "WR": {
        "GIH WR": {
            "mean": 0.5874963842277794,
            "stdev": 0.037292157192777786
        },
        "OH WR": {
            "mean": 0.5838394536880407,
            "stdev": 0.045063418428460233
        },
        "GD WR": {
            "mean": 0.5898218944732524,
            "stdev": 0.03876880007144587
        },
        "IWD": {
            "mean": 0.00648151471672874,
            "stdev": 0.041565559678154625
        }
    },
    "WG": {
        "GIH WR": {
            "mean": 0.6106913087022348,
            "stdev": 0.02692117547690303
        },
        "OH WR": {
            "mean": 0.6046697074603602,
            "stdev": 0.04695562125794874
        },
        "GD WR": {
            "mean": 0.6144158583897212,
            "stdev": 0.03149936388729586
        },
        "IWD": {
            "mean": 0.026082061747292752,
            "stdev": 0.030222806586501488
        }
    },
    "UB": {
        "GIH WR": {
            "mean": 0.631294364829892,
            "stdev": 0.03506389680954553
        },
        "OH WR": {
            "mean": 0.6032563229183248,
            "stdev": 0.05669308955623732
        },
        "GD WR": {
            "mean": 0.6463634372161904,
            "stdev": 0.030856952847961253
        },
        "IWD": {
            "mean": 0.05694320615130378,
            "stdev": 0.040052465563024046
        }
    },
    "UR": {
        "GIH WR": {
            "mean": 0.6299977777311713,
            "stdev": 0.037033684834226956
        },
        "OH WR": {
            "mean": 0.608922226272661,
            "stdev": 0.04510573836904735
        },
        "GD WR": {
            "mean": 0.6386473238481674,
            "stdev": 0.038155944140356744
        },
        "IWD": {
            "mean": 0.04309642419953415,
            "stdev": 0.03447512843742342
        }
    },
    "UG": {
        "GIH WR": {
            "mean": 0.5691822178746595,
            "stdev": 0.03227501076412343
        },
        "OH WR": {
            "mean": 0.5509302318877909,
            "stdev": 0.036523420964416485
        },
        "GD WR": {
            "mean": 0.581401320222353,
            "stdev": 0.04280061108446943
        },
        "IWD": {
            "mean": 0.02714177472564656,
            "stdev": 0.04058101922977256
        }
    },
    "BR": {
        "GIH WR": {
            "mean": 0.6097713483643205,
            "stdev": 0.03922748739677778
        },
        "OH WR": {
            "mean": 0.6059830864327049,
            "stdev": 0.05031636304778663
        },
        "GD WR": {
            "mean": 0.6131613630257069,
            "stdev": 0.03959247769764106
        },
        "IWD": {
            "mean": 0.010454380853755281,
            "stdev": 0.045571052591686506
        }
    },
    "BG": {
        "GIH WR": {
            "mean": 0.6260487240875281,
            "stdev": 0.022371190379198644
        },
        "OH WR": {
            "mean": 0.6046332859429527,
            "stdev": 0.03681255478504929
        },
        "GD WR": {
            "mean": 0.6399782703248177,
            "stdev": 0.028652271136427578
        },
        "IWD": {
            "mean": 0.035852124774435,
            "stdev": 0.028670914213641506
        }
    },
    "RG": {
        "GIH WR": {
            "mean": 0.5687360522861149,
            "stdev": 0.028595893321085468
        },
        "OH WR": {
            "mean": 0.5554076577311294,
            "stdev": 0.04449511012277859
        },
        "GD WR": {
            "mean": 0.573480904130707,
            "stdev": 0.03225194994417939
        },
        "IWD": {
            "mean": 0.021405383142481627,
            "stdev": 0.02866224270003142
        }
    }
}