{
    "all": {
        "GIH WR": {
            "mean": 0.6031424739375311,
            "stdev": 0.036928628798980886
        },
        "OH WR": {
            "mean": 0.6011090497225146,
            "stdev": 0.04578997209646529
        },
        "GD WR": {
            "mean": 0.6049492478728524,
            "stdev": 0.03148768927055189
        },
        "IWD": {
            "mean": 0.022610785599915202,
            "stdev": 0.038170459825523466
        }
    },
    "WU": {
        "GIH WR": {
            "mean": 0.6249537986325112,
            "stdev": 0.03641666081017388
        },
        "OH WR": {
            "mean": 0.6184839317184457,
            "stdev": 0.03609353839409995
        },
        "GD WR": {
            "mean": 0.6193377348242126,
            "stdev": 0.025136565096947592
        },
        "IWD": {
            "mean": 0.01948328707847538,
            "stdev": 0.0422475102801526
        }
    },
    "WB": {
        "GIH WR": {
            "mean": 0.591925737116143,
            "stdev": 0.03237796106269408
        },
        "OH WR": {
            "mean": 0.5809041584621304,
            "stdev": 0.022858731507669254
        },
        "GD WR": {
            "mean": 0.6120509222060717,
            "stdev": 0.029360986924745452
        },
        "IWD": {
            "mean": 0.027862481267373295,
            "stdev": 0.03426492491607852
        }
    },
    "WR": {
        "GIH WR": {
            "mean": 0.5910488458266259,
            "stdev": 0.02883544068611911
        },
        "OH WR": {
            "mean": 0.6095574200757387,
            "stdev": 0.02979072919909154
        },
        "GD WR": {
            "mean": 0.5931226776660233,
            "stdev": 0.027108964714552458
        },
        "IWD": {
            "mean": -0.012466866401988075,
            "stdev": 0.029415081080927358
        }
    },
    "WG": {
        "GIH WR": {
            "mean": 0.6072723337751841,
            "stdev": 0.022700128936604794
        },
        "OH WR": {
            "mean": 0.6234182240573294,
            "stdev": 0.05306009831687764
        },
        "GD WR": {
            "mean": 0.6133944362209149,
            "stdev": 0.018903118052142894
        },
        "IWD": {
            "mean": 0.020709173416721363,
            "stdev": 0.028705757814866215
        }
    },
    "UB": {
        "GIH WR": {
            "mean": 0.5981278795847198,
            "stdev": 0.03316073164876217
        },
        "OH WR": {
            "mean": 0.5945097123631773,
            "stdev": 0.03149673842859958
        },
        "GD WR": {
            "mean": 0.6195523921635331,
            "stdev": 0.026504091065122908
        },
        "IWD": {
            "mean": 0.03675553058196991,
            "stdev": 0.039509181128825926
        }
    },
    "UR": {
        "GIH WR": {
            "mean": 0.6195946214591059,
            "stdev": 0.03584304824087103
        },
        "OH WR": {
            "mean": 0.619230835571831,
            "stdev": 0.0358181930706179
        },
        "GD WR": {
            "mean": 0.6110050355340536,
            "stdev": 0.024328360650854797
        },
        "IWD": {
            "mean": 0.0010905836853461505,
            "stdev": 0.03799748182143201
        }
    },
    "UG": {
        "GIH WR": {
            "mean": 0.5768262956430423,
            "stdev": 0.023905364024166455
        },
        "OH WR": {
            "mean": null,
            "stdev": null
        },
        "GD WR": {
            "mean": 0.5898911865806437,
            "stdev": 0.021539455999124397
        },
        "IWD": {
            "mean": 0.004742230194659525,
            "stdev": 0.025323845628564774
        }
    },
    "BR": {
        "GIH WR": {
            "mean": 0.5958018241905634,
            "stdev": 0.024465165979010297
        },
        "OH WR": {
            "mean": null,
            "stdev": null
        },
        "GD WR": {
            "mean": 0.6030761608884256,
            "stdev": 0.022024620343191945
        },
        "IWD": {
            "mean": 0.03544688858592335,
            "stdev": 0.02887074095322994
        }
    },
    "BG": {
        "GIH WR": {
            "mean": 0.6005629547148985,
            "stdev": 0.02281530678551645
        },
        "OH WR": {
            "mean": 0.601211133902233,
            "stdev": 0.03656687297383979
        },
        "GD WR": {
            "mean": 0.6079763104666727,
            "stdev": 0.024871257285532803
        },
        "IWD": {
            "mean": 0.03446479909287692,
            "stdev": 0.027698612125519
        }
    },
    "RG": {
        "GIH WR": {
            "mean": 0.6118580409023275,
            "stdev": 0.03256028038868481
        },
        "OH WR": {
            "mean": 0.6112102560306644,
            "stdev": 0.03147655926702995
        },
        "GD WR": {
            "mean": 0.6057436247796626,
            "stdev": 0.025718904180573137
        },
        "IWD": {
            "mean": 0.006866056197544702,
            "stdev": 0.03766343622855668
        }
    }
}