{
    "all": {
        "GIH WR": {
            "mean": 0.5964609439368103,
            "stdev": 0.030594968332241915
        },
        "OH WR": {
            "mean": 0.5871492099305328,
            "stdev": 0.034092476082174465
        },
        "GD WR": {
            "mean": 0.6058687317354259,
            "stdev": 0.03392877996713081
        },
        "IWD": {
            "mean": 0.02201344095242978,
            "stdev": 0.031972996767235314
        }
    },
    "WU": {
        "GIH WR": {
            "mean": 0.6032592251508594,
            "stdev": 0.02745520386367274
        },
        "OH WR": {
            "mean": 0.593413626587204,
            "stdev": 0.029312745175485
        },
        "GD WR": {
            "mean": 0.6041571885711614,
            "stdev": 0.027498180915192894
        },
        "IWD": {
            "mean": 0.017108869720903003,
            "stdev": 0.03394788371226837
        }
    },
    "WB": {
        "GIH WR": {
            "mean": 0.5915220854404625,
            "stdev": 0.025595828910051327
        },
        "OH WR": {
            "mean": 0.5835952416533894,
            "stdev": 0.021655107142854495
        },
        "GD WR": {
            "mean": 0.5973444536579704,
            "stdev": 0.026226158087311352
        },
        "IWD": {
            "mean": 0.009504007593579365,
            "stdev": 0.028090321330917583
        }
    },
    "WR": {
        "GIH WR": {
            "mean": 0.6001418771706701,
            "stdev": 0.0307218285458072
        },
        "OH WR": {
            "mean": 0.6173166735744264,
            "stdev": 0.03481229070710603
        },
        "GD WR": {
            "mean": 0.5994803930620646,
            "stdev": 0.035017156551358126
        },
        "IWD": {
            "mean": -0.007613144041962311,
            "stdev": 0.03258613002391381
        }
    },
    "WG": {
        "GIH WR": {
            "mean": 0.5840805333073136,
            "stdev": 0.025726826203310852
        },
        "OH WR": {
            "mean": 0.5970418250941362,
            "stdev": 0.02381805026966308
        },
        "GD WR": {
            "mean": 0.574211731194228,
            "stdev": 0.026000268110981408
        },
        "IWD": {
            "mean": -0.003317765874458547,
            "stdev": 0.029562830016741974
        }
    },
    "UB": {
        "GIH WR": {
            "mean": 0.60497559066701,
            "stdev": 0.03352167987861964
        },
        "OH WR": {
            "mean": 0.5871555493388741,
            "stdev": 0.023533370658790388
        },
        "GD WR": {
            "mean": 0.6187171518961357,
            "stdev": 0.03150586302882297
        },
        "IWD": {
            "mean": 0.04393419287710654,
            "stdev": 0.033173655372228536
        }
    },
    "UR": {
        "GIH WR": {
            "mean": 0.6243688015704134,
            "stdev": 0.033652036433561
        },
        "OH WR": {
            "mean": 0.6165532805161373,
            "stdev": 0.031611089658785944
        },
        "GD WR": {
            "mean": 0.6357769941224524,
            "stdev": 0.037550275851718176
        },
        "IWD": {
            "mean": 0.02258639013394247,
            "stdev": 0.030958511158643388
        }
    },
    "UG": {
        "GIH WR": {
            "mean": 0.6055712767303235,
            "stdev": 0.019729450109805237
        },
        "OH WR": {
            "mean": 0.5944184137771132,
            "stdev": 0.031177467038252825
        },
        "GD WR": {
            "mean": 0.6102810712748354,
            "stdev": 0.02175595155626569
        },
        "IWD": {
            "mean": 0.03315849272591398,
            "stdev": 0.02178710456147209
        }
    },
    "BR": {
        "GIH WR": {
            "mean": 0.5908787561015141,
            "stdev": 0.0334803205117852
        },
        "OH WR": {
            "mean": 0.5951670720373053,
            "stdev": 0.027553612536696203
        },
        "GD WR": {
            "mean": 0.6040738841445471,
            "stdev": 0.04125915973877232
        },
        "IWD": {
            "mean": 0.013606750368879,
            "stdev": 0.04037298862059218
        }
    },
    "BG": {
        "GIH WR": {
            "mean": 0.6087441362184747,
            "stdev": 0.032671168417791996
        },
        "OH WR": {
            "mean": 0.6021791792439013,
            "stdev": 0.03832330637425755
        },
        "GD WR": {
            "mean": 0.6147825369195062,
            "stdev": 0.028256819285789016
        },
        "IWD": {
            "mean": 0.02357714869587088,
            "stdev": 0.035532528733796205
        }
    },
    "RG": {
        "GIH WR": {
            "mean": 0.5813081957496392,
            "stdev": 0.032806552607299255
        },
        "OH WR": {
            "mean": 0.5915896996085676,
            "stdev": 0.030312679630710725
        },
        "GD WR": {
            "mean": 0.583659487679155,
            "stdev": 0.030759039238519147
        },
        "IWD": {
            "mean": 0.008203767006922002,
            "stdev": 0.03960143685899431
        }
    }
}