{
    "all": {
        "GIH WR": {
            "mean": 0.5960403504168892,
            "stdev": 0.033880197624116724
        },
        "OH WR": {
            "mean": 0.5948540087593607,
            "stdev": 0.03645451281371037
        },
        "GD WR": {
            "mean": 0.6022450124081814,
            "stdev": 0.03419412938229274
        },
        "IWD": {
            "mean": 0.013902558304112501,
            "stdev": 0.038080768148018224
        }
    },
    "WU": {
        "GIH WR": {
            "mean": 0.5941677784697686,
            "stdev": 0.029212983536990207
        },
        "OH WR": {
            "mean": 0.5969482461813901,
            "stdev": 0.034327059053871505
        },
        "GD WR": {
            "mean": 0.5920465378543437,
            "stdev": 0.03033116773416218
        },
        "IWD": {
            "mean": -0.0032163383783471535,
            "stdev": 0.03390904802434226
        }
    },
    "WB": {
        "GIH WR": {
            "mean": 0.5946414310587348,
            "stdev": 0.026399952001523504
        },
        "OH WR": {
            "mean": 0.594718435672961,
            "stdev": 0.02981697158661579
        },
        "GD WR": {
            "mean": 0.6018937575606178,
            "stdev": 0.028400531346807888
        },
        "IWD": {
            "mean": -0.0032859586500344584,
            "stdev": 0.030331353893192498
        }
    },
    "WR": {
        "GIH WR": {
            "mean": 0.603906913840877,
            "stdev": 0.03310622088700945
        },
        "OH WR": {
            "mean": 0.6179724442516689,
            "stdev": 0.03321029042315144
        },
        "GD WR": {
            "mean": 0.5993557300628409,
            "stdev": 0.03397448224783021
        },
        "IWD": {
            "mean": -0.015501714529961,
            "stdev": 0.031133851496068475
        }
    },
    "WG": {
        "GIH WR": {
            "mean": 0.6098748888177917,
            "stdev": 0.03474225913845286
        },
        "OH WR": {
            "mean": 0.6064196338153043,
            "stdev": 0.03325677677451669
        },
        "GD WR": {
            "mean": 0.6079501544237551,
            "stdev": 0.02962699903339041
        },
        "IWD": {
            "mean": 0.008464075601524257,
            "stdev": 0.0363891040252993
        }
    },
    "UB": {
        "GIH WR": {
            "mean": 0.5841217056963971,
            "stdev": 0.02758434744995803
        },
        "OH WR": {
            "mean": 0.5771237877834602,
            "stdev": 0.03454027537921218
        },
        "GD WR": {
            "mean": 0.599001967724238,
            "stdev": 0.026473230275419698
        },
        "IWD": {
            "mean": 0.026443325469074505,
            "stdev": 0.03703904416742795
        }
    },
    "UR": {
        "GIH WR": {
            "mean": 0.5979190036240237,
            "stdev": 0.030733493650790377
        },
        "OH WR": {
            "mean": 0.5954471529321274,
            "stdev": 0.026116753928330252
        },
        "GD WR": {
            "mean": 0.602601840048652,
            "stdev": 0.032522952328098126
        },
        "IWD": {
            "mean": 0.010639501390641296,
            "stdev": 0.03096572059568679
        }
    },
    "UG": {
        "GIH WR": {
            "mean": 0.6200311062837837,
            "stdev": 0.029248605054871278
        },
        "OH WR": {
            "mean": 0.6087434034265488,
            "stdev": 0.03375087037578785
        },
        "GD WR": {
            "mean": 0.6283323168572028,
            "stdev": 0.032682214309547535
        },
        "IWD": {
            "mean": 0.02581002817015679,
            "stdev": 0.03290781100208577
        }
    },
    "BR": {
        "GIH WR": {
            "mean": 0.5878634019584597,
            "stdev": 0.02420486287802566
        },
        "OH WR": {
            "mean": 0.5964037792878294,
            "stdev": 0.024734284469054544
        },
        "GD WR": {
            "mean": 0.5931448937665861,
            "stdev": 0.026577574088415466
        },
        "IWD": {
            "mean": 0.005952055250936073,
            "stdev": 0.025345838391966767
        }
    },
    "BG": {
        "GIH WR": {
            "mean": 0.599245983038976,
            "stdev": 0.031414459762119845
        },
        "OH WR": {
            "mean": 0.5814400129247236,
            "stdev": 0.03228291948571549
        },
        "GD WR": {
            "mean": 0.60442803173841,
            "stdev": 0.032691942941659564
        },
        "IWD": {
            "mean": 0.030468243150858974,
            "stdev": 0.037072018576950444
        }
    },
    "RG": {
        "GIH WR": {
            "mean": 0.5916451353409111,
            "stdev": 0.032037338652651785
        },
        "OH WR": {
            "mean": 0.5952933159546974,
            "stdev": 0.024726618919789407
        },
        "GD WR": {
            "mean": 0.5878984616416022,
            "stdev": 0.0317031952285858
        },
        "IWD": {
            "mean": 0.0006804187318637361,
            "stdev": 0.03677221003752494
        }
    }
}