{
    "all": {
        "GIH WR": {
            "mean": 0.5994701798319796,
            "stdev": 0.03677353557178296
        },
        "OH WR": {
            "mean": 0.5892748389735237,
            "stdev": 0.038338176987250436
        },
        "GD WR": {
            "mean": 0.6017519176088102,
            "stdev": 0.03317541532656382
        },
        "IWD": {
            "mean": 0.02828643295606444,
            "stdev": 0.03589292342613785
        }
    },
    "WU": {
        "GIH WR": {
            "mean": 0.5793702333519627,
            "stdev": 0.023115687937301767
        },
        "OH WR": {
            "mean": null,
            "stdev": null
        },
        "GD WR": {
            "mean": null,
            "stdev": null
        },
        "IWD": {
            "mean": 0.031950778673519996,
            "stdev": 0.024190859199440584
        }
    },
    "WB": {
        "GIH WR": {
            "mean": 0.6183665875895862,
            "stdev": 0.01721285440724462
        },
        "OH WR": {
            "mean": null,
            "stdev": null
        },
        "GD WR": {
            "mean": null,
            "stdev": null
        },
        "IWD": {
            "mean": 0.021827743777914937,
            "stdev": 0.023069219957895494
        }
    },
    "WR": {
        "GIH WR": {
            "mean": 0.5817878441989719,
            "stdev": 0.019738953501299544
        },
        "OH WR": {
            "mean": null,
            "stdev": null
        },
        "GD WR": {
            "mean": null,
            "stdev": null
        },
        "IWD": {
            "mean": 0.005440448014177164,
            "stdev": 0.03199713743647541
        }
    },
    "WG": {
        "GIH WR": {
            "mean": 0.6169436338625798,
            "stdev": 0.031734255305576144
        },
        "OH WR": {
            "mean": 0.6213964556009316,
            "stdev": 0.0252275904629049
        },
        "GD WR": {
            "mean": 0.6162676194103618,
            "stdev": 0.03173694087809162
        },
        "IWD": {
            "mean": 0.0072429939725147125,
            "stdev": 0.0360604150244652
        }
    },
    "UB": {
        "GIH WR": {
            "mean": 0.6251045203599926,
            "stdev": 0.021884204263109858
        },
        "OH WR": {
            "mean": 0.6135555250303392,
            "stdev": 0.025203101108228012
        },
        "GD WR": {
            "mean": 0.6400087182667958,
            "stdev": 0.023805799079609537
        },
        "IWD": {
            "mean": 0.052224936024135686,
            "stdev": 0.03416419916622297
        }
    },
    "UR": {
        "GIH WR": {
            "mean": 0.5654085561507739,
            "stdev": 0.021672796402841955
        },
        "OH WR": {
            "mean": null,
            "stdev": null
        },
        "GD WR": {
            "mean": 0.5796713411266434,
            "stdev": 0.023187528251742928
        },
        "IWD": {
            "mean": 0.03784940477175248,
            "stdev": 0.02470362798029589
        }
    },
    "UG": {
        "GIH WR": {
            "mean": 0.5956613830700268,
            "stdev": 0.028664854248067608
        },
        "OH WR": {
            "mean": null,
            "stdev": null
        },
        "GD WR": {
            "mean": 0.6222340562357133,
            "stdev": 0.017130007379102734
        },
        "IWD": {
            "mean": 0.0268217260214534,
            "stdev": 0.03722347737423925
        }
    },
    "BR": {
        "GIH WR": {
            "mean": 0.5664692533941329,
            "stdev": 0.027175029610920172
        },
        "OH WR": {
            "mean": null,
            "stdev": null
        },
        "GD WR": {
            "mean": 0.5704433675434957,
            "stdev": 0.038209615338385745
        },
        "IWD": {
            "mean": 0.008064208043840638,
            "stdev": 0.02736072792753904
        }
    },
    "BG": {
        "GIH WR": {
            "mean": 0.6154615801711139,
            "stdev": 0.024174267469324252
        },
        "OH WR": {
            "mean": 0.6115016015841286,
            "stdev": 0.023130820692429277
        },
        "GD WR": {
            "mean": 0.625353198406249,
            "stdev": 0.0319056476930353
        },
        "IWD": {
            "mean": 0.028318832367968567,
            "stdev": 0.027011216990682655
        }
    },
    "RG": {
        "GIH WR": {
            "mean": 0.5914119062058889,
            "stdev": 0.025306541521094156
        },
        "OH WR": {
            "mean": 0.5939190044039885,
            "stdev": 0.019303874507971865
        },
        "GD WR": {
            "mean": 0.5904930047410468,
            "stdev": 0.02679890794266743
        },
        "IWD": {
            "mean": -0.002032778334674541,
            "stdev": 0.026847894177829457
        }
    }
}