{
    "all": {
        "GIH WR": {
            "mean": 0.5943892872907222,
            "stdev": 0.03105770322709904
        },
        "OH WR": {
            "mean": 0.5890258489619232,
            "stdev": 0.02955843925237345
        },
        "GD WR": {
            "mean": 0.6014426848063352,
            "stdev": 0.033131425057058496
        },
        "IWD": {
            "mean": 0.018221503389348175,
            "stdev": 0.03560630866578531
        }
    },
    "WU": {
        "GIH WR": {
            "mean": null,
            "stdev": null
        },
        "OH WR": {
            "mean": null,
            "stdev": null
        },
        "GD WR": {
            "mean": null,
            "stdev": null
        },
        "IWD": {
            "mean": null,
            "stdev": null
        }
    },
    "WB": {
        "GIH WR": {
            "mean": 0.6075647292426876,
            "stdev": 0.03028870793187723
        },
        "OH WR": {
            "mean": null,
            "stdev": null
        },
        "GD WR": {
            "mean": null,
            "stdev": null
        },
        "IWD": {
            "mean": 0.024129365916544326,
            "stdev": 0.040780697422402944
        }
    },
    "WR": {
        "GIH WR": {
            "mean": 0.5687324038285665,
            "stdev": 0.024556235953640006
        },
        "OH WR": {
            "mean": null,
            "stdev": null
        },
        "GD WR": {
            "mean": null,
            "stdev": null
        },
        "IWD": {
            "mean": -0.00820735885692841,
            "stdev": 0.023349899446405035
        }
    },
    "WG": {
        "GIH WR": {
            "mean": 0.6122737795700742,
            "stdev": 0.031239967430145274
        },
        "OH WR": {
            "mean": 0.6079343445693726,
            "stdev": 0.04022221408909336
        },
        "GD WR": {
            "mean": 0.6042068232292269,
            "stdev": 0.03432806834488296
        },
        "IWD": {
            "mean": 0.0058308518901000975,
            "stdev": 0.03601597694210679
        }
    },
    "UB": {
        "GIH WR": {
            "mean": null,
            "stdev": null
        },
        "OH WR": {
            "mean": null,
            "stdev": null
        },
        "GD WR": {
            "mean": null,
            "stdev": null
        },
        "IWD": {
            "mean": null,
            "stdev": null
        }
    },
    "UR": {
        "GIH WR": {
            "mean": null,
            "stdev": null
        },
        "OH WR": {
            "mean": null,
            "stdev": null
        },
        "GD WR": {
            "mean": null,
            "stdev": null
        },
        "IWD": {
            "mean": null,
            "stdev": null
        }
    },
    "UG": {
        "GIH WR": {
            "mean": 0.617185822354535,
            "stdev": 0.02197370008397769
        },
        "OH WR": {
            "mean": null,
            "stdev": null
        },
        "GD WR": {
            "mean": 0.6477779036099778,
            "stdev": 0.02870265298641415
        },
        "IWD": {
            "mean": 0.04320799246187534,
            "stdev": 0.029243487683649656
        }
    },
    "BR": {
        "GIH WR": {
            "mean": 0.621140302067791,
            "stdev": 0.019713443769465783
        },
        "OH WR": {
            "mean": null,
            "stdev": null
        },
        "GD WR": {
            "mean": null,
            "stdev": null
        },
        "IWD": {
            "mean": -0.004526156543313614,
            "stdev": 0.02590076138149896
        }
    },
    "BG": {
        "GIH WR": {
            "mean": 0.6097734091071243,
            "stdev": 0.02649676359244005
        },
        "OH WR": {
            "mean": 0.5998493774807986,
            "stdev": 0.03348358744220371
        },
        "GD WR": {
            "mean": 0.622673144445218,
            "stdev": 0.02424878728718624
        },
        "IWD": {
            "mean": 0.022452746597335312,
            "stdev": 0.022197590584707126
        }
    },
    "RG": {
        "GIH WR": {
            "mean": 0.5812703181932932,
            "stdev": 0.027802899306519774
        },
        "OH WR": {
            "mean": null,
            "stdev": null
        },
        "GD WR": {
            "mean": null,
            "stdev": null
        },
        "IWD": {
            "mean": 0.008010259092157043,
            "stdev": 0.03204364620069913
        }
    }
}