{
    "all": {
        "GIH WR": {
            "mean": 0.6047198680134973,
            "stdev": 0.03604485570514258
        },
        "OH WR": {
            "mean": 0.5973420397862038,
            "stdev": 0.04757919690041188
        },
        "GD WR": {
            "mean": 0.6090987804191704,
            "stdev": 0.03325361451831972
        },
        "IWD": {
            "mean": 0.023435349408749077,
            "stdev": 0.03753839871107703
        }
    },
    "WU": {
        "GIH WR": {
            "mean": 0.6200558299847575,
            "stdev": 0.03602740912526736
        },
        "OH WR": {
            "mean": 0.6142392471560184,
            "stdev": 0.03779102516507602
        },
        "GD WR": {
            "mean": 0.623446892770999,
            "stdev": 0.03419633035799108
        },
        "IWD": {
            "mean": 0.016953961008249495,
            "stdev": 0.0388148212991558
        }
    },
    "WB": {
        "GIH WR": {
            "mean": 0.5906924031296535,
            "stdev": 0.03468620399674695
        },
        "OH WR": {
            "mean": 0.5877157485676461,
            "stdev": 0.030102362109115186
        },
        "GD WR": {
            "mean": 0.6089710590434321,
            "stdev": 0.03131147107851117
        },
        "IWD": {
            "mean": 0.02679465090876751,
            "stdev": 0.033868634041225185
        }
    },
    "WR": {
        "GIH WR": {
            "mean": 0.6007349802606414,
            "stdev": 0.03682668215380799
        },
        "OH WR": {
            "mean": 0.5980489156542808,
            "stdev": 0.031842246202338144
        },
        "GD WR": {
            "mean": 0.5914775358449533,
            "stdev": 0.027203128903954574
        },
        "IWD": {
            "mean": -0.0006556812415435895,
            "stdev": 0.03741690429386637
        }
    },
    "WG": {
        "GIH WR": {
            "mean": 0.6034275492734051,
            "stdev": 0.019401695909997373
        },
        "OH WR": {
            "mean": 0.6032091894637938,
            "stdev": 0.03187197083576479
        },
        "GD WR": {
            "mean": 0.6132108150613225,
            "stdev": 0.021842893947813954
        },
        "IWD": {
            "mean": 0.012395243441605572,
            "stdev": 0.022812970465374584
        }
    },
    "UB": {
        "GIH WR": {
            "mean": 0.5957832940368493,
            "stdev": 0.028958502483406066
        },
        "OH WR": {
            "mean": 0.591152461068752,
            "stdev": 0.0382241872714761
        },
        "GD WR": {
            "mean": 0.6125564352603176,
            "stdev": 0.02904203501569968
        },
        "IWD": {
            "mean": 0.03275801489060933,
            "stdev": 0.03148605246939375
        }
    },
    "UR": {
        "GIH WR": {
            "mean": 0.6170508117113921,
            "stdev": 0.03663683843307285
        },
        "OH WR": {
            "mean": 0.6149066778098765,
            "stdev": 0.03436028314775191
        },
        "GD WR": {
            "mean": 0.60865189444629,
            "stdev": 0.023734204232921278
        },
        "IWD": {
            "mean": 0.001681665359307199,
            "stdev": 0.03710461646467764
        }
    },
    "UG": {
        "GIH WR": {
            "mean": 0.585672830776207,
            "stdev": 0.019060279439778935
        },
        "OH WR": {
            "mean": 0.5840863722231099,
            "stdev": 0.022169594273448907
        },
        "GD WR": {
            "mean": 0.5826273295541706,
            "stdev": 0.020477830169222454
        },
        "IWD": {
            "mean": 0.010967087787698896,
            "stdev": 0.024551072792333966
        }
    },
    "BR": {
        "GIH WR": {
            "mean": 0.5980891555959548,
            "stdev": 0.02869634204103631
        },
        "OH WR": {
            "mean": 0.5988358801669295,
            "stdev": 0.02421146106990504
        },
        "GD WR": {
            "mean": 0.6120765846035183,
            "stdev": 0.017189931900167647
        },
        "IWD": {
            "mean": 0.026628026451421354,
            "stdev": 0.03152029523836731
        }
    },
    "BG": {
        "GIH WR": {
            "mean": 0.6041560548806924,
            "stdev": 0.027658696754402138
        },
        "OH WR": {
            "mean": 0.598232779437481,
            "stdev": 0.03581521690265565
        },
        "GD WR": {
            "mean": 0.6188035840959092,
            "stdev": 0.026733891789796006
        },
        "IWD": {
            "mean": 0.031385071612223765,
            "stdev": 0.02868255981884479
        }
    },
    "RG": {
        "GIH WR": {
            "mean": 0.6138215946042525,
            "stdev": 0.03346430529339281
        },
        "OH WR": {
            "mean": 0.6167374907881162,
            "stdev": 0.02708826841153431
        },
        "GD WR": {
            "mean": 0.6146085382502542,
            "stdev": 0.031429560056578834
        },
        "IWD": {
            "mean": 0.005736069474336716,
            "stdev": 0.03683086088009931
        }
    }
}