{
    "all": {
        "GIH WR": {
            "mean": 0.6032119531835382,
            "stdev": 0.03377476433251481
        },
        "OH WR": {
            "mean": 0.6034304755237778,
            "stdev": 0.03699329520902594
        },
        "GD WR": {
            "mean": 0.60669691018665,
            "stdev": 0.034667693689101824
        },
        "IWD": {
            "mean": 0.012235957484902289,
            "stdev": 0.03727532757902039
        }
    },
    "WU": {
        "GIH WR": {
            "mean": 0.5946208820271296,
            "stdev": 0.027861044900553696
        },
        "OH WR": {
            "mean": 0.5979336369626439,
            "stdev": 0.03016316138440476
        },
        "GD WR": {
            "mean": 0.5968818584814126,
            "stdev": 0.03306766889118963
        },
        "IWD": {
            "mean": -0.006756265699390637,
            "stdev": 0.033306033466891004
        }
    },
    "WB": {
        "GIH WR": {
            "mean": 0.6005572170931103,
            "stdev": 0.025395805608491244
        },
        "OH WR": {
            "mean": 0.6170210907594799,
            "stdev": 0.02419772665423081
        },
        "GD WR": {
            "mean": 0.6066502358211964,
            "stdev": 0.02925530109433636
        },
        "IWD": {
            "mean": -0.003534982951350423,
            "stdev": 0.03614616926004804
        }
    },
    "WR": {
        "GIH WR": {
            "mean": 0.6174896062280093,
            "stdev": 0.03114147598894114
        },
        "OH WR": {
            "mean": 0.6386373757997716,
            "stdev": 0.030156949007799413
        },
        "GD WR": {
            "mean": 0.6108326898886978,
            "stdev": 0.028873211080444185
        },
        "IWD": {
            "mean": -0.01666281354094042,
            "stdev": 0.02612487237321217
        }
    },
    "WG": {
        "GIH WR": {
            "mean": 0.6171347304816032,
            "stdev": 0.029907778780647508
        },
        "OH WR": {
            "mean": 0.6253303872088471,
            "stdev": 0.025780627415739162
        },
        "GD WR": {
            "mean": 0.620795205295738,
            "stdev": 0.02604289811638313
        },
        "IWD": {
            "mean": 0.0013802567376185043,
            "stdev": 0.03259325146169427
        }
    },
    "UB": {
        "GIH WR": {
            "mean": 0.5763796172103047,
            "stdev": 0.023179340816885465
        },
        "OH WR": {
            "mean": null,
            "stdev": null
        },
        "GD WR": {
            "mean": 0.5962393859737196,
            "stdev": 0.020295288925991552
        },
        "IWD": {
            "mean": 0.021039470963106672,
            "stdev": 0.031476624363480796
        }
    },
    "UR": {
        "GIH WR": {
            "mean": 0.6027749226672943,
            "stdev": 0.024127240244510822
        },
        "OH WR": {
            "mean": 0.6021542870710032,
            "stdev": 0.026884634646475426
        },
        "GD WR": {
            "mean": 0.6134202085755004,
            "stdev": 0.02256397482295118
        },
        "IWD": {
            "mean": 0.012127119750473947,
            "stdev": 0.02606507441151111
        }
    },
    "UG": {
        "GIH WR": {
            "mean": 0.6410049274579604,
            "stdev": 0.02618449053267534
        },
        "OH WR": {
            "mean": 0.644885009756025,
            "stdev": 0.020717217147725016
        },
        "GD WR": {
            "mean": 0.6443785731492488,
            "stdev": 0.02713412198232695
        },
        "IWD": {
            "mean": 0.025559819742254183,
            "stdev": 0.034021288473260074
        }
    },
    "BR": {
        "GIH WR": {
            "mean": 0.5896266505187417,
            "stdev": 0.019161585528912603
        },
        "OH WR": {
            "mean": null,
            "stdev": null
        },
        "GD WR": {
            "mean": 0.6022926471213443,
            "stdev": 0.02031726988294198
        },
        "IWD": {
            "mean": 0.016163591661093858,
            "stdev": 0.024732736132725745
        }
    },
    "BG": {
        "GIH WR": {
            "mean": 0.6156798154778552,
            "stdev": 0.042362127934327753
        },
        "OH WR": {
            "mean": 0.6197066249395259,
            "stdev": 0.0038221348433706264
        },
        "GD WR": {
            "mean": 0.6205491088381978,
            "stdev": 0.022864705419394372
        },
        "IWD": {
            "mean": 0.026319028771943257,
            "stdev": 0.05150202316738715
        }
    },
    "RG": {
        "GIH WR": {
            "mean": 0.5999006160322521,
            "stdev": 0.025935487809167698
        },
        "OH WR": {
            "mean": 0.6253980430143438,
            "stdev": 0.014721641063332989
        },
        "GD WR": {
            "mean": 0.5958319582919684,
            "stdev": 0.02869270624274153
        },
        "IWD": {
            "mean": -0.0027097569707021842,
            "stdev": 0.02950717622032267
        }
    }
}