{
    "all": {
        "GIH WR": {
            "mean": 0.5971775539824982,
            "stdev": 0.03139400762031726
        },
        "OH WR": {
            "mean": 0.5920456056697655,
            "stdev": 0.03733398492484165
        },
        "GD WR": {
            "mean": 0.6045383033115431,
            "stdev": 0.03051131107731563
        },
        "IWD": {
            "mean": 0.019556128895411584,
            "stdev": 0.03371492008854574
        }
    },
    "WU": {
        "GIH WR": {
            "mean": 0.5896825133689751,
            "stdev": 0.029181479493063076
        },
        "OH WR": {
            "mean": 0.5756501847006715,
            "stdev": 0.03455769907357733
        },
        "GD WR": {
            "mean": 0.6095030703051193,
            "stdev": 0.02433874428712177
        },
        "IWD": {
            "mean": 0.04611761616856167,
            "stdev": 0.03440218527786149
        }
    },
    "WB": {
        "GIH WR": {
            "mean": 0.5889761308885472,
            "stdev": 0.025224264498312596
        },
        "OH WR": {
            "mean": 0.593577504740864,
            "stdev": 0.027429597959060307
        },
        "GD WR": {
            "mean": 0.5973845896850923,
            "stdev": 0.0299336034004553
        },
        "IWD": {
            "mean": 0.006503801801190147,
            "stdev": 0.02483992256452303
        }
    },
    "WR": {
        "GIH WR": {
            "mean": 0.6099533693360638,
            "stdev": 0.031593369049831704
        },
        "OH WR": {
            "mean": 0.615502449061313,
            "stdev": 0.03184392460203761
        },
        "GD WR": {
            "mean": 0.5984563676360389,
            "stdev": 0.031023875677554703
        },
        "IWD": {
            "mean": -0.0062355130833418055,
            "stdev": 0.03241318066930377
        }
    },
    "WG": {
        "GIH WR": {
            "mean": 0.5841345161142873,
            "stdev": 0.03277606287513205
        },
        "OH WR": {
            "mean": 0.5870085003174331,
            "stdev": 0.03851087620801997
        },
        "GD WR": {
            "mean": 0.5918283113264265,
            "stdev": 0.026358517878600482
        },
        "IWD": {
            "mean": 0.009966369682545185,
            "stdev": 0.03382131234677972
        }
    },
    "UB": {
        "GIH WR": {
            "mean": 0.6095304974181381,
            "stdev": 0.034458735379330495
        },
        "OH WR": {
            "mean": 0.5886611749523499,
            "stdev": 0.028712038953060556
        },
        "GD WR": {
            "mean": 0.6247769279486315,
            "stdev": 0.02916026552468157
        },
        "IWD": {
            "mean": 0.04523377400773158,
            "stdev": 0.03515068182768591
        }
    },
    "UR": {
        "GIH WR": {
            "mean": 0.6104322653643786,
            "stdev": 0.026632105214081978
        },
        "OH WR": {
            "mean": 0.5884517018960057,
            "stdev": 0.026781928494831433
        },
        "GD WR": {
            "mean": 0.6217701134918274,
            "stdev": 0.02448560721179229
        },
        "IWD": {
            "mean": 0.04433317718199351,
            "stdev": 0.026146411254945226
        }
    },
    "UG": {
        "GIH WR": {
            "mean": 0.5867770129647872,
            "stdev": 0.027972825075385583
        },
        "OH WR": {
            "mean": 0.5727631213656377,
            "stdev": 0.037944718513155326
        },
        "GD WR": {
            "mean": 0.5961907160308644,
            "stdev": 0.027498475648030783
        },
        "IWD": {
            "mean": 0.05034094895370001,
            "stdev": 0.03367643518066405
        }
    },
    "BR": {
        "GIH WR": {
            "mean": 0.6013187528155722,
            "stdev": 0.02750743582031064
        },
        "OH WR": {
            "mean": 0.6062819748525468,
            "stdev": 0.035875645679284494
        },
        "GD WR": {
            "mean": 0.6000160766254267,
            "stdev": 0.03020090107027799
        },
        "IWD": {
            "mean": -0.0005517585584950305,
            "stdev": 0.027941646529348555
        }
    },
    "BG": {
        "GIH WR": {
            "mean": 0.6020139517140545,
            "stdev": 0.033300332641075896
        },
        "OH WR": {
            "mean": 0.5996344244824009,
            "stdev": 0.03682765579591267
        },
        "GD WR": {
            "mean": 0.6059114828555131,
            "stdev": 0.03463647707717181
        },
        "IWD": {
            "mean": 0.012363409179280365,
            "stdev": 0.037021631599061786
        }
    },
    "RG": {
        "GIH WR": {
            "mean": 0.6011053986135201,
            "stdev": 0.028178356640776225
        },
        "OH WR": {
            "mean": 0.6015466547784252,
            "stdev": 0.02553348301902605
        },
        "GD WR": {
            "mean": 0.5981405144252011,
            "stdev": 0.031146756086438097
        },
        "IWD": {
            "mean": 0.004572511437887447,
            "stdev": 0.03248403425462662
        }
    }
}