{
    "all": {
        "GIH WR": {
            "mean": 0.5990391132125336,
            "stdev": 0.03423730655221868
        },
        "OH WR": {
            "mean": 0.5976448876751849,
            "stdev": 0.037459396819011614
        },
        "GD WR": {
            "mean": 0.6043776526291155,
            "stdev": 0.03507164989942899
        },
        "IWD": {
            "mean": 0.013124342578858453,
            "stdev": 0.03781220744242893
        }
    },
    "WU": {
        "GIH WR": {
            "mean": 0.5955280097655625,
            "stdev": 0.032145134376374056
        },
        "OH WR": {
            "mean": 0.6036217418417958,
            "stdev": 0.03422621474553955
        },
        "GD WR": {
            "mean": 0.5943919579910008,
            "stdev": 0.03422639204868339
        },
        "IWD": {
            "mean": -0.0038785647170711556,
            "stdev": 0.03714724783497518
        }
    },
    "WB": {
        "GIH WR": {
            "mean": 0.5946333511562525,
            "stdev": 0.02971495874824753
        },
        "OH WR": {
            "mean": 0.6073826207582101,
            "stdev": 0.033858108510109015
        },
        "GD WR": {
            "mean": 0.5998248060620791,
            "stdev": 0.02485693294882995
        },
        "IWD": {
            "mean": -0.0019603805007295965,
            "stdev": 0.03945473472116574
        }
    },
    "WR": {
        "GIH WR": {
            "mean": 0.6139589622698859,
            "stdev": 0.03344339637495754
        },
        "OH WR": {
            "mean": 0.6310380379552838,
            "stdev": 0.03381998886147536
        },
        "GD WR": {
            "mean": 0.6033763759378595,
            "stdev": 0.030698704556156694
        },
        "IWD": {
            "mean": -0.012931774901463803,
            "stdev": 0.03131036905215104
        }
    },
    "WG": {
        "GIH WR": {
            "mean": 0.6131021671484247,
            "stdev": 0.03233551480811108
        },
        "OH WR": {
            "mean": 0.6138176971853824,
            "stdev": 0.027099026728554944
        },
        "GD WR": {
            "mean": 0.6162224770988032,
            "stdev": 0.030929626786816083
        },
        "IWD": {
            "mean": 0.0035520926730892516,
            "stdev": 0.03250887276997795
        }
    },
    "UB": {
        "GIH WR": {
            "mean": 0.5817500965148599,
            "stdev": 0.023240791587680745
        },
        "OH WR": {
            "mean": 0.5620950145757674,
            "stdev": 0.04794480358321053
        },
        "GD WR": {
            "mean": 0.5974600962809054,
            "stdev": 0.01982497682826199
        },
        "IWD": {
            "mean": 0.02702371221800518,
            "stdev": 0.034245769187224155
        }
    },
    "UR": {
        "GIH WR": {
            "mean": 0.6016591727001175,
            "stdev": 0.029624963592807856
        },
        "OH WR": {
            "mean": 0.6018073044777261,
            "stdev": 0.030455129600821074
        },
        "GD WR": {
            "mean": 0.6047736571214102,
            "stdev": 0.023714612740324863
        },
        "IWD": {
            "mean": 0.015093672572032904,
            "stdev": 0.030337586528233804
        }
    },
    "UG": {
        "GIH WR": {
            "mean": 0.6263103117157188,
            "stdev": 0.027987216377961078
        },
        "OH WR": {
            "mean": 0.6169171616988747,
            "stdev": 0.022319208405570844
        },
        "GD WR": {
            "mean": 0.638429274609637,
            "stdev": 0.02175707546179462
        },
        "IWD": {
            "mean": 0.0270579065342253,
            "stdev": 0.03277145954576286
        }
    },
    "BR": {
        "GIH WR": {
            "mean": 0.5882821252366232,
            "stdev": 0.0235742972829049
        },
        "OH WR": {
            "mean": 0.6097001151778709,
            "stdev": 0.02836855450749025
        },
        "GD WR": {
            "mean": 0.5929653915687342,
            "stdev": 0.022069344607115102
        },
        "IWD": {
            "mean": 0.015598386423374319,
            "stdev": 0.021780414682178287
        }
    },
    "BG": {
        "GIH WR": {
            "mean": 0.6091412414084182,
            "stdev": 0.03436620982399678
        },
        "OH WR": {
            "mean": 0.6099350029556293,
            "stdev": 0.022193517345287926
        },
        "GD WR": {
            "mean": 0.6154555946695718,
            "stdev": 0.029292525141496918
        },
        "IWD": {
            "mean": 0.020390595715030158,
            "stdev": 0.039594448192030965
        }
    },
    "RG": {
        "GIH WR": {
            "mean": 0.5919417150087983,
            "stdev": 0.025145815308722137
        },
        "OH WR": {
            "mean": 0.6005354849223665,
            "stdev": 0.02352151004510012
        },
        "GD WR": {
            "mean": 0.5952795072495136,
            "stdev": 0.02762581176506645
        },
        "IWD": {
            "mean": -0.0019082433467815494,
            "stdev": 0.029738975627462864
        }
    }
}