{
    "all": {
        "GIH WR": {
            "mean": 0.60881806458421,
            "stdev": 0.03612666224878578
        },
        "OH WR": {
            "mean": 0.5932328977610405,
            "stdev": 0.04686233986324813
        },
        "GD WR": {
            "mean": 0.6175540792727972,
            "stdev": 0.035064069224121676
        },
        "IWD": {
            "mean": 0.035443216154731005,
            "stdev": 0.038073780391001316
        }
    },
    "WU": {
        "GIH WR": {
            "mean": 0.6406156128484808,
            "stdev": 0.025184173268534765
        },
        "OH WR": {
            "mean": 0.6113164776544483,
            "stdev": 0.041024124814332326
        },
        "GD WR": {
            "mean": 0.6616159519343208,
            "stdev": 0.03531627666674648
        },
        "IWD": {
            "mean": 0.051414624012708014,
            "stdev": 0.031146988599169378
        }
    },
    "WB": {
        "GIH WR": {
            "mean": 0.6051463657661067,
            "stdev": 0.030038449478440966
        },
        "OH WR": {
            "mean": 0.5946905983128062,
            "stdev": 0.04290842708597188
        },
        "GD WR": {
            "mean": 0.6140123783834365,
            "stdev": 0.028770548785267795
        },
        "IWD": {
            "mean": 0.018804514292591473,
            "stdev": 0.036607029104988
        }
    },
    "WR": {
        "GIH WR": {
            "mean": 0.5892138290302354,
            "stdev": 0.036487325370168265
        },
        "OH WR": {
            "mean": 0.5853519508373928,
            "stdev": 0.04584425680432809
        },
        "GD WR": {
            "mean": 0.5908613848835067,
            "stdev": 0.03690527639552802
        },
        "IWD": {
            "mean": 0.006338434709957135,
            "stdev": 0.04026779192335717
        }
    },
    "WG": {
        "GIH WR": {
            "mean": 0.6081022032104135,
            "stdev": 0.02539497501973988
        },
        "OH WR": {
            "mean": 0.6027567560066932,
            "stdev": 0.0431593562123216
        },
        "GD WR": {
            "mean": 0.6106476057036299,
            "stdev": 0.029781559257100014
        },
        "IWD": {
            "mean": 0.025194069898750535,
            "stdev": 0.029329694308914682
        }
    },
    "UB": {
        "GIH WR": {
            "mean": 0.6321939630930438,
            "stdev": 0.034749798484811995
        },
        "OH WR": {
            "mean": 0.6050165227439519,
            "stdev": 0.05469030443700229
        },
        "GD WR": {
            "mean": 0.6470668485401405,
            "stdev": 0.031525011535593436
        },
        "IWD": {
            "mean": 0.05604569929487824,
            "stdev": 0.04083295618912711
        }
    },
    "UR": {
        "GIH WR": {
            "mean": 0.6299347687415625,
            "stdev": 0.03709563307957343
        },
        "OH WR": {
            "mean": 0.6083541060838185,
            "stdev": 0.04493458266776591
        },
        "GD WR": {
            "mean": 0.6386899059686704,
            "stdev": 0.03803585822750105
        },
        "IWD": {
            "mean": 0.043696471016085536,
            "stdev": 0.03357422136860026
        }
    },
    "UG": {
        "GIH WR": {
            "mean": 0.56841341269841,
            "stdev": 0.03165134022241681
        },
        "OH WR": {
            "mean": 0.5501059730833279,
            "stdev": 0.03909816904884305
        },
        "GD WR": {
            "mean": 0.5816058879136782,
            "stdev": 0.04131002373375038
        },
        "IWD": {
            "mean": 0.030102344205062984,
            "stdev": 0.041710646488092536
        }
    },
    "BR": {
        "GIH WR": {
            "mean": 0.6095315993782571,
            "stdev": 0.03937326342010995
        },
        "OH WR": {
            "mean": 0.6053626598066802,
            "stdev": 0.049501897352570406
        },
        "GD WR": {
            "mean": 0.6152426893697593,
            "stdev": 0.039909146005068126
        },
        "IWD": {
            "mean": 0.01043602347211744,
            "stdev": 0.045634730720764134
        }
    },
    "BG": {
        "GIH WR": {
            "mean": 0.6262896401782759,
            "stdev": 0.023569178495413914
        },
        "OH WR": {
            "mean": 0.6036647474372238,
            "stdev": 0.0411592080896948
        },
        "GD WR": {
            "mean": 0.6390425380223155,
            "stdev": 0.028732822323552183
        },
        "IWD": {
            "mean": 0.035739695817790657,
            "stdev": 0.029292351306620137
        }
    },
    "RG": {
        "GIH WR": {
            "mean": 0.5672441136592623,
            "stdev": 0.033925846354401004
        },
        "OH WR": {
            "mean": 0.5592068709210303,
            "stdev": 0.04477005052024714
        },
        "GD WR": {
            "mean": 0.5757148199723763,
            "stdev": 0.029787715253125166
        },
        "IWD": {
            "mean": 0.01839746902287872,
            "stdev": 0.031561656959176294
        }
    }
}