{
    "all": {
        "GIH WR": {
            "mean": 0.6102944512495054,
            "stdev": 0.035221971362486275
        },
        "OH WR": {
            "mean": 0.5945003669833107,
            "stdev": 0.04753750083694174
        },
        "GD WR": {
            "mean": 0.6191137417920146,
            "stdev": 0.033924581808210716
        },
        "IWD": {
            "mean": 0.036395106774832924,
            "stdev": 0.03759503683212122
        }
    },
    "WU": {
        "GIH WR": {
            "mean": 0.6329416922615969,
            "stdev": 0.022453529098930773
        },
        "OH WR": {
            "mean": 0.5936689305075323,
            "stdev": 0.03993850219458422
        },
        "GD WR": {
            "mean": 0.6464097989220463,
            "stdev": 0.024381728330589356
        },
        "IWD": {
            "mean": 0.048245090606511026,
            "stdev": 0.029414847236287216
        }
    },
    "WB": {
        "GIH WR": {
            "mean": 0.6072957955502516,
            "stdev": 0.026183059790311037
        },
        "OH WR": {
            "mean": 0.596723108387326,
            "stdev": 0.042876120498236595
        },
        "GD WR": {
            "mean": 0.6132162913824143,
            "stdev": 0.02822296283595203
        },
        "IWD": {
            "mean": 0.01979564850348207,
            "stdev": 0.03142144248364152
        }
    },
    "WR": {
        "GIH WR": {
            "mean": 0.5876643842131793,
            "stdev": 0.037418873902731666
        },
        "OH WR": {
            "mean": 0.5844802620553563,
            "stdev": 0.04994247821742293
        },
        "GD WR": {
            "mean": 0.5887241121820739,
            "stdev": 0.0355927689873414
        },
        "IWD": {
            "mean": 0.010219757317918153,
            "stdev": 0.04048852437838559
        }
    },
    "WG": {
        "GIH WR": {
            "mean": 0.6112715620537592,
            "stdev": 0.02514742073378121
        },
        "OH WR": {
            "mean": 0.6056169661784351,
            "stdev": 0.04476262998123839
        },
        "GD WR": {
            "mean": 0.6145677096282993,
            "stdev": 0.02874862036701551
        },
        "IWD": {
            "mean": 0.022405585248486876,
            "stdev": 0.02904185541994921
        }
    },
    "UB": {
        "GIH WR": {
            "mean": 0.6278891711397326,
            "stdev": 0.036478795236472066
        },
        "OH WR": {
            "mean": 0.5974448156646227,
            "stdev": 0.053588111600348196
        },
        "GD WR": {
            "mean": 0.6428251957776173,
            "stdev": 0.03314548053028688
        },
        "IWD": {
            "mean": 0.05756377900046417,
            "stdev": 0.04346558185250553
        }
    },
    "UR": {
        "GIH WR": {
            "mean": 0.6312769196649884,
            "stdev": 0.0363655749179229
        },
        "OH WR": {
            "mean": 0.6066990278545669,
            "stdev": 0.04803466702469385
        },
        "GD WR": {
            "mean": 0.6399204640079535,
            "stdev": 0.03829349286521587
        },
        "IWD": {
            "mean": 0.04465446144122348,
            "stdev": 0.03481716522859948
        }
    },
    "UG": {
        "GIH WR": {
            "mean": 0.5718265830189108,
            "stdev": 0.03362004251101733
        },
        "OH WR": {
            "mean": 0.5533738870910702,
            "stdev": 0.03468514670812824
        },
        "GD WR": {
            "mean": 0.5843097435560748,
            "stdev": 0.041324018838596266
        },
        "IWD": {
            "mean": 0.023189884319051467,
            "stdev": 0.041812967804154375
        }
    },
    "BR": {
        "GIH WR": {
            "mean": 0.6143354503316364,
            "stdev": 0.03858323542039363
        },
        "OH WR": {
            "mean": 0.6100138238060144,
            "stdev": 0.04812465822174154
        },
        "GD WR": {
            "mean": 0.6176048768983956,
            "stdev": 0.040358556268290414
        },
        "IWD": {
            "mean": 0.013017798100206248,
            "stdev": 0.04444398797630074
        }
    },
    "BG": {
        "GIH WR": {
            "mean": 0.6291676611892706,
            "stdev": 0.02188149234601934
        },
        "OH WR": {
            "mean": 0.6103621590096461,
            "stdev": 0.03405604493496841
        },
        "GD WR": {
            "mean": 0.6417807335329393,
            "stdev": 0.028732062726866698
        },
        "IWD": {
            "mean": 0.03546527205832419,
            "stdev": 0.027136053288136747
        }
    },
    "RG": {
        "GIH WR": {
            "mean": 0.5655566486923271,
            "stdev": 0.03295602457684131
        },
        "OH WR": {
            "mean": 0.5672726394243004,
            "stdev": 0.047712338462029505
        },
        "GD WR": {
            "mean": 0.5665417486542611,
            "stdev": 0.032296796475173556
        },
        "IWD": {
            "mean": 0.019469822805918646,
            "stdev": 0.0379015699449546
        }
    }
}