{
    "all": {
        "GIH WR": {
            "mean": 0.5973607102232326,
            "stdev": 0.03247244326034073
        },
        "OH WR": {
            "mean": 0.5871833772565951,
            "stdev": 0.032770562424585384
        },
        "GD WR": {
            "mean": 0.600337229619533,
            "stdev": 0.030293262889558196
        },
        "IWD": {
            "mean": 0.02486051768144809,
            "stdev": 0.03706791625261388
        }
    },
    "WU": {
        "GIH WR": {
            "mean": 0.5576703802154604,
            "stdev": 0.022507360059056628
        },
        "OH WR": {
            "mean": null,
            "stdev": null
        },
        "GD WR": {
            "mean": null,
            "stdev": null
        },
        "IWD": {
            "mean": 0.022167731959719817,
            "stdev": 0.03460428778655363
        }
    },
    "WB": {
        "GIH WR": {
            "mean": 0.6074239557165093,
            "stdev": 0.027737624568238525
        },
        "OH WR": {
            "mean": 0.6022005699791384,
            "stdev": 0.028613650199751126
        },
        "GD WR": {
            "mean": 0.6195162113190505,
            "stdev": 0.023824565112712748
        },
        "IWD": {
            "mean": 0.021775141765826903,
            "stdev": 0.03457149486744854
        }
    },
    "WR": {
        "GIH WR": {
            "mean": 0.5727034951533889,
            "stdev": 0.02252141493223238
        },
        "OH WR": {
            "mean": 0.5976367416118699,
            "stdev": 0.025542674915200566
        },
        "GD WR": {
            "mean": 0.5671211515078249,
            "stdev": 0.02203000594143265
        },
        "IWD": {
            "mean": -0.008647262033329724,
            "stdev": 0.022629398619752102
        }
    },
    "WG": {
        "GIH WR": {
            "mean": 0.6015388230156344,
            "stdev": 0.0352547522694916
        },
        "OH WR": {
            "mean": 0.6074109950860359,
            "stdev": 0.022027390197912795
        },
        "GD WR": {
            "mean": 0.6072608807940674,
            "stdev": 0.02753090482840967
        },
        "IWD": {
            "mean": 0.006011987627643202,
            "stdev": 0.03336171291432936
        }
    },
    "UB": {
        "GIH WR": {
            "mean": 0.616306337769808,
            "stdev": 0.020981877800325215
        },
        "OH WR": {
            "mean": null,
            "stdev": null
        },
        "GD WR": {
            "mean": 0.6435177564699619,
            "stdev": 0.030194575444025443
        },
        "IWD": {
            "mean": 0.06361221113818626,
            "stdev": 0.026236678952353504
        }
    },
    "UR": {
        "GIH WR": {
            "mean": 0.5715407729011867,
            "stdev": 0.0240465116695794
        },
        "OH WR": {
            "mean": null,
            "stdev": null
        },
        "GD WR": {
            "mean": null,
            "stdev": null
        },
        "IWD": {
            "mean": 0.045481917420702164,
            "stdev": 0.030543738639037307
        }
    },
    "UG": {
        "GIH WR": {
            "mean": 0.6210801541075631,
            "stdev": 0.025685482089970776
        },
        "OH WR": {
            "mean": 0.6179861591159156,
            "stdev": 0.037510009438120696
        },
        "GD WR": {
            "mean": 0.6266155490627822,
            "stdev": 0.022328262630466826
        },
        "IWD": {
            "mean": 0.03820391078975884,
            "stdev": 0.030631833864425796
        }
    },
    "BR": {
        "GIH WR": {
            "mean": 0.6070053763468326,
            "stdev": 0.0276653939511829
        },
        "OH WR": {
            "mean": 0.6161820413564648,
            "stdev": 0.023064609030391856
        },
        "GD WR": {
            "mean": 0.6076566756847265,
            "stdev": 0.01823205284320018
        },
        "IWD": {
            "mean": 0.0035930806539896066,
            "stdev": 0.02771488101706098
        }
    },
    "BG": {
        "GIH WR": {
            "mean": 0.6121361101919527,
            "stdev": 0.028070434409319018
        },
        "OH WR": {
            "mean": 0.6043976607954209,
            "stdev": 0.03315643722522442
        },
        "GD WR": {
            "mean": 0.6258369362281048,
            "stdev": 0.028678206416191076
        },
        "IWD": {
            "mean": 0.02922555392534282,
            "stdev": 0.029129216907383904
        }
    },
    "RG": {
        "GIH WR": {
            "mean": 0.5758343642137495,
            "stdev": 0.026033377869083503
        },
        "OH WR": {
            "mean": null,
            "stdev": null
        },
        "GD WR": {
            "mean": 0.5850823668573242,
            "stdev": 0.015566605025327081
        },
        "IWD": {
            "mean": -0.0010003691955865618,
            "stdev": 0.03103614551115365
        }
    }
}