{
    "all": {
        "GIH WR": {
            "mean": 0.6065058552240632,
            "stdev": 0.03618097026192716
        },
        "OH WR": {
            "mean": 0.6007238675410964,
            "stdev": 0.04816746699244827
        },
        "GD WR": {
            "mean": 0.6117800713459485,
            "stdev": 0.03341112817875281
        },
        "IWD": {
            "mean": 0.024165552229938183,
            "stdev": 0.038133576266970975
        }
    },
    "WU": {
        "GIH WR": {
            "mean": 0.6225735204434666,
            "stdev": 0.03545231533261022
        },
        "OH WR": {
            "mean": 0.6245903405486796,
            "stdev": 0.043407854973495426
        },
        "GD WR": {
            "mean": 0.6249057170117115,
            "stdev": 0.032187043586910075
        },
        "IWD": {
            "mean": 0.018895170185731964,
            "stdev": 0.03705775557245186
        }
    },
    "WB": {
        "GIH WR": {
            "mean": 0.5906295413778316,
            "stdev": 0.03349723365603827
        },
        "OH WR": {
            "mean": 0.5929529571240568,
            "stdev": 0.03238520180218824
        },
        "GD WR": {
            "mean": 0.6099947270493088,
            "stdev": 0.02901891096105513
        },
        "IWD": {
            "mean": 0.022958982313861346,
            "stdev": 0.029793776672457847
        }
    },
    "WR": {
        "GIH WR": {
            "mean": 0.6040828083398504,
            "stdev": 0.038028695965139685
        },
        "OH WR": {
            "mean": 0.5991535117091216,
            "stdev": 0.033311361082113085
        },
        "GD WR": {
            "mean": 0.5917713846164796,
            "stdev": 0.026619420846589453
        },
        "IWD": {
            "mean": 0.002115822069858372,
            "stdev": 0.04059106102534344
        }
    },
    "WG": {
        "GIH WR": {
            "mean": 0.6005030640736159,
            "stdev": 0.02375859855780884
        },
        "OH WR": {
            "mean": 0.6036742034255347,
            "stdev": 0.02893469687354414
        },
        "GD WR": {
            "mean": 0.6101778147566839,
            "stdev": 0.021008673006802654
        },
        "IWD": {
            "mean": 0.010787829396576248,
            "stdev": 0.023559932362981092
        }
    },
    "UB": {
        "GIH WR": {
            "mean": 0.6042170224085287,
            "stdev": 0.037223591651509076
        },
        "OH WR": {
            "mean": 0.5884468208085698,
            "stdev": 0.03678290743186634
        },
        "GD WR": {
            "mean": 0.6130625464428536,
            "stdev": 0.02834157753872878
        },
        "IWD": {
            "mean": 0.04055290166017075,
            "stdev": 0.040791832517241826
        }
    },
    "UR": {
        "GIH WR": {
            "mean": 0.6135385338313749,
            "stdev": 0.039316011332330564
        },
        "OH WR": {
            "mean": 0.6138552989525705,
            "stdev": 0.04028760878152221
        },
        "GD WR": {
            "mean": 0.6142291519934806,
            "stdev": 0.028918075595393535
        },
        "IWD": {
            "mean": 0.0015181574733592982,
            "stdev": 0.03667239264138189
        }
    },
    "UG": {
        "GIH WR": {
            "mean": 0.5879351284522654,
            "stdev": 0.0268967012087376
        },
        "OH WR": {
            "mean": 0.5832578719287059,
            "stdev": 0.026551547402758422
        },
        "GD WR": {
            "mean": 0.5843326099656164,
            "stdev": 0.026143190567970924
        },
        "IWD": {
            "mean": 0.015430982736453219,
            "stdev": 0.03153084927267893
        }
    },
    "BR": {
        "GIH WR": {
            "mean": 0.5969877818010524,
            "stdev": 0.028657911949488243
        },
        "OH WR": {
            "mean": 0.5846270786225141,
            "stdev": 0.028328747602337116
        },
        "GD WR": {
            "mean": 0.6095326118764317,
            "stdev": 0.023650012058300578
        },
        "IWD": {
            "mean": 0.025361917904018042,
            "stdev": 0.03063278673541428
        }
    },
    "BG": {
        "GIH WR": {
            "mean": 0.6128398233633104,
            "stdev": 0.03815998993506115
        },
        "OH WR": {
            "mean": 0.5988200913850388,
            "stdev": 0.03091524582712362
        },
        "GD WR": {
            "mean": 0.6240897113070254,
            "stdev": 0.025323878432519854
        },
        "IWD": {
            "mean": 0.03765065995683482,
            "stdev": 0.03911729227944792
        }
    },
    "RG": {
        "GIH WR": {
            "mean": 0.6159087317502916,
            "stdev": 0.03914250574569356
        },
        "OH WR": {
            "mean": 0.6186688649251931,
            "stdev": 0.03967915300858379
        },
        "GD WR": {
            "mean": 0.6112082536688441,
            "stdev": 0.031300410779776515
        },
        "IWD": {
            "mean": 0.008521949946571407,
            "stdev": 0.041316531005805776
        }
    }
}