{
    "all": {
        "GIH WR": {
            "mean": 0.6104721009165067,
            "stdev": 0.03314481515149349
        },
        "OH WR": {
            "mean": 0.6113448852698343,
            "stdev": 0.03169658949353489
        },
        "GD WR": {
            "mean": 0.6084560773374542,
            "stdev": 0.02886958824638701
        },
        "IWD": {
            "mean": 0.008456427482642304,
            "stdev": 0.03542554680452715
        }
    },
    "WU": {
        "GIH WR": {
            "mean": 0.5984334176372484,
            "stdev": 0.02593078426608367
        },
        "OH WR": {
            "mean": 0.6197364986653114,
            "stdev": 0.05005949298223708
        },
        "GD WR": {
            "mean": 0.60343655830307,
            "stdev": 0.02567307859985309
        },
        "IWD": {
            "mean": -0.005590095523885283,
            "stdev": 0.030584381077383503
        }
    },
    "WB": {
        "GIH WR": {
            "mean": 0.6241268355496083,
            "stdev": 0.025744672143221625
        },
        "OH WR": {
            "mean": null,
            "stdev": null
        },
        "GD WR": {
            "mean": null,
            "stdev": null
        },
        "IWD": {
            "mean": 0.021663256893475702,
            "stdev": 0.03315987810759906
        }
    },
    "WR": {
        "GIH WR": {
            "mean": 0.6433122004247461,
            "stdev": 0.02499448994506177
        },
        "OH WR": {
            "mean": 0.6558466245822712,
            "stdev": 0.0337262599247992
        },
        "GD WR": {
            "mean": 0.6363022688108037,
            "stdev": 0.023589966374266805
        },
        "IWD": {
            "mean": -0.01397313005101312,
            "stdev": 0.027405313546726626
        }
    },
    "WG": {
        "GIH WR": {
            "mean": 0.6340563676537382,
            "stdev": 0.023891342718864016
        },
        "OH WR": {
            "mean": null,
            "stdev": null
        },
        "GD WR": {
            "mean": 0.6412805587447272,
            "stdev": 0.0252092624890364
        },
        "IWD": {
            "mean": -0.0002755551506322063,
            "stdev": 0.0237621748382127
        }
    },
    "UB": {
        "GIH WR": {
            "mean": null,
            "stdev": null
        },
        "OH WR": {
            "mean": null,
            "stdev": null
        },
        "GD WR": {
            "mean": null,
            "stdev": null
        },
        "IWD": {
            "mean": null,
            "stdev": null
        }
    },
    "UR": {
        "GIH WR": {
            "mean": 0.614380816040988,
            "stdev": 0.02548424925866086
        },
        "OH WR": {
            "mean": null,
            "stdev": null
        },
        "GD WR": {
            "mean": 0.631328199030489,
            "stdev": 0.035185536849116024
        },
        "IWD": {
            "mean": 0.015773014034344904,
            "stdev": 0.030345482036269862
        }
    },
    "UG": {
        "GIH WR": {
            "mean": null,
            "stdev": null
        },
        "OH WR": {
            "mean": null,
            "stdev": null
        },
        "GD WR": {
            "mean": null,
            "stdev": null
        },
        "IWD": {
            "mean": null,
            "stdev": null
        }
    },
    "BR": {
        "GIH WR": {
            "mean": 0.6117707864365447,
            "stdev": 0.01144933884854365
        },
        "OH WR": {
            "mean": null,
            "stdev": null
        },
        "GD WR": {
            "mean": null,
            "stdev": null
        },
        "IWD": {
            "mean": 0.029559438469041993,
            "stdev": 0.013575764325540902
        }
    },
    "BG": {
        "GIH WR": {
            "mean": null,
            "stdev": null
        },
        "OH WR": {
            "mean": null,
            "stdev": null
        },
        "GD WR": {
            "mean": null,
            "stdev": null
        },
        "IWD": {
            "mean": null,
            "stdev": null
        }
    },
    "RG": {
        "GIH WR": {
            "mean": null,
            "stdev": null
        },
        "OH WR": {
            "mean": null,
            "stdev": null
        },
        "GD WR": {
            "mean": null,
            "stdev": null
        },
        "IWD": {
            "mean": null,
            "stdev": null
        }
    }
}