{
    "all": {
        "GIH WR": {
            "mean": 0.6047357838850184,
            "stdev": 0.035909825360034335
        },
        "OH WR": {
            "mean": 0.5976586626951716,
            "stdev": 0.04724819430648247
        },
        "GD WR": {
            "mean": 0.6089869314843167,
            "stdev": 0.03313299262419984
        },
        "IWD": {
            "mean": 0.023764073504234255,
            "stdev": 0.037722114050829425
        }
    },
    "WU": {
        "GIH WR": {
            "mean": 0.6197714534680541,
            "stdev": 0.035484472118186304
        },
        "OH WR": {
            "mean": 0.6133825856010916,
            "stdev": 0.036979057772026515
        },
        "GD WR": {
            "mean": 0.6228050939688232,
            "stdev": 0.03371478957953771
        },
        "IWD": {
            "mean": 0.016719056806148155,
            "stdev": 0.03858294014820879
        }
    },
    "WB": {
        "GIH WR": {
            "mean": 0.5913728262325726,
            "stdev": 0.034219730916807835
        },
        "OH WR": {
            "mean": 0.5867957386958215,
            "stdev": 0.030623103989749597
        },
        "GD WR": {
            "mean": 0.6084519977144178,
            "stdev": 0.03157134274061743
        },
        "IWD": {
            "mean": 0.026740862363142374,
            "stdev": 0.03406365951153976
        }
    },
    "WR": {
        "GIH WR": {
            "mean": 0.5991360519080733,
            "stdev": 0.03579261036658879
        },
        "OH WR": {
            "mean": 0.5983557004670278,
            "stdev": 0.033200082553132206
        },
        "GD WR": {
            "mean": 0.5910506595961774,
            "stdev": 0.027378521302724147
        },
        "IWD": {
            "mean": -0.0017063113532787121,
            "stdev": 0.03615112641498363
        }
    },
    "WG": {
        "GIH WR": {
            "mean": 0.6035693163103787,
            "stdev": 0.019122563957938956
        },
        "OH WR": {
            "mean": 0.6040791976875718,
            "stdev": 0.03298104617063995
        },
        "GD WR": {
            "mean": 0.6086534535673638,
            "stdev": 0.01804204117040669
        },
        "IWD": {
            "mean": 0.0121422491953543,
            "stdev": 0.021893294845445405
        }
    },
    "UB": {
        "GIH WR": {
            "mean": 0.5960934894028679,
            "stdev": 0.029219863500491838
        },
        "OH WR": {
            "mean": 0.590534596023712,
            "stdev": 0.03673302765072455
        },
        "GD WR": {
            "mean": 0.6142793459093886,
            "stdev": 0.02820957328955903
        },
        "IWD": {
            "mean": 0.03355107606154889,
            "stdev": 0.031586823166041375
        }
    },
    "UR": {
        "GIH WR": {
            "mean": 0.6178051028681482,
            "stdev": 0.03546970413757827
        },
        "OH WR": {
            "mean": 0.6147359833152479,
            "stdev": 0.03389061677942451
        },
        "GD WR": {
            "mean": 0.6094263443629864,
            "stdev": 0.02397933493185785
        },
        "IWD": {
            "mean": 0.0008281536138324101,
            "stdev": 0.036245952080421244
        }
    },
    "UG": {
        "GIH WR": {
            "mean": 0.5842239774586053,
            "stdev": 0.019130124816293913
        },
        "OH WR": {
            "mean": 0.5773294484875411,
            "stdev": 0.021364316173530438
        },
        "GD WR": {
            "mean": 0.5811600408564886,
            "stdev": 0.022385296794377483
        },
        "IWD": {
            "mean": 0.010659551031250231,
            "stdev": 0.02396828944811083
        }
    },
    "BR": {
        "GIH WR": {
            "mean": 0.5977515403116906,
            "stdev": 0.029481356669944298
        },
        "OH WR": {
            "mean": 0.5967616542025856,
            "stdev": 0.025936645382583702
        },
        "GD WR": {
            "mean": 0.611925550923649,
            "stdev": 0.018732264090321894
        },
        "IWD": {
            "mean": 0.02701603996185575,
            "stdev": 0.031376773370393414
        }
    },
    "BG": {
        "GIH WR": {
            "mean": 0.6077013038673934,
            "stdev": 0.02371934307731161
        },
        "OH WR": {
            "mean": 0.5876121357807639,
            "stdev": 0.02969199962141855
        },
        "GD WR": {
            "mean": 0.6202343355288622,
            "stdev": 0.023458778536259845
        },
        "IWD": {
            "mean": 0.03501406106132212,
            "stdev": 0.0263331000511005
        }
    },
    "RG": {
        "GIH WR": {
            "mean": 0.612316301563103,
            "stdev": 0.033120959668493315
        },
        "OH WR": {
            "mean": 0.6152323580336165,
            "stdev": 0.02721846178276154
        },
        "GD WR": {
            "mean": 0.6129252285150727,
            "stdev": 0.030698167404509036
        },
        "IWD": {
            "mean": 0.0062069704257814735,
            "stdev": 0.036804722035848975
        }
    }
}