{
    "all": {
        "GIH WR": {
            "mean": 0.6046953314940879,
            "stdev": 0.03601439660964956
        },
        "OH WR": {
            "mean": 0.5971036679752582,
            "stdev": 0.047804813146980554
        },
        "GD WR": {
            "mean": 0.6088830280064476,
            "stdev": 0.03316850897264745
        },
        "IWD": {
            "mean": 0.02364928534187993,
            "stdev": 0.03774155333425939
        }
    },
    "WU": {
        "GIH WR": {
            "mean": 0.6198787263940354,
            "stdev": 0.03591707662975227
        },
        "OH WR": {
            "mean": 0.6141460663040137,
            "stdev": 0.0381630221605246
        },
        "GD WR": {
            "mean": 0.6226003115282182,
            "stdev": 0.03446942353298985
        },
        "IWD": {
            "mean": 0.016886993794315283,
            "stdev": 0.03902044090432389
        }
    },
    "WB": {
        "GIH WR": {
            "mean": 0.5918679602231137,
            "stdev": 0.03389385124510061
        },
        "OH WR": {
            "mean": 0.58722125154611,
            "stdev": 0.02958961375678145
        },
        "GD WR": {
            "mean": 0.6092957961872196,
            "stdev": 0.03150788377058865
        },
        "IWD": {
            "mean": 0.02720624683575993,
            "stdev": 0.033518077171291974
        }
    },
    "WR": {
        "GIH WR": {
            "mean": 0.600877224915367,
            "stdev": 0.037001006475614155
        },
        "OH WR": {
            "mean": 0.598913605578288,
            "stdev": 0.032127187788044735
        },
        "GD WR": {
            "mean": 0.5919493444243931,
            "stdev": 0.02726324606003291
        },
        "IWD": {
            "mean": -0.0004884079729620413,
            "stdev": 0.03771054649445465
        }
    },
    "WG": {
        "GIH WR": {
            "mean": 0.6031947000282574,
            "stdev": 0.01944877992478728
        },
        "OH WR": {
            "mean": 0.6029232129665543,
            "stdev": 0.034169223758003145
        },
        "GD WR": {
            "mean": 0.6098586482478212,
            "stdev": 0.017512375082674635
        },
        "IWD": {
            "mean": 0.012373754551800389,
            "stdev": 0.022305159967172753
        }
    },
    "UB": {
        "GIH WR": {
            "mean": 0.5960887032437878,
            "stdev": 0.029258630464183737
        },
        "OH WR": {
            "mean": 0.5907002192777026,
            "stdev": 0.03825388829635891
        },
        "GD WR": {
            "mean": 0.613073813624849,
            "stdev": 0.028959908524274443
        },
        "IWD": {
            "mean": 0.03369708415116183,
            "stdev": 0.03116649373302095
        }
    },
    "UR": {
        "GIH WR": {
            "mean": 0.6183076931456714,
            "stdev": 0.03610347366308235
        },
        "OH WR": {
            "mean": 0.615259195838904,
            "stdev": 0.03416714950918463
        },
        "GD WR": {
            "mean": 0.6088701788077946,
            "stdev": 0.023720583920455028
        },
        "IWD": {
            "mean": 0.0018644063327633567,
            "stdev": 0.03688331663309017
        }
    },
    "UG": {
        "GIH WR": {
            "mean": 0.585059265801362,
            "stdev": 0.019299058970653076
        },
        "OH WR": {
            "mean": 0.5838106054583462,
            "stdev": 0.022614729106484825
        },
        "GD WR": {
            "mean": 0.5814769999328423,
            "stdev": 0.022036115764397107
        },
        "IWD": {
            "mean": 0.010928503126621587,
            "stdev": 0.024660589294488056
        }
    },
    "BR": {
        "GIH WR": {
            "mean": 0.5975486651312009,
            "stdev": 0.02895219794911399
        },
        "OH WR": {
            "mean": 0.5985116051321779,
            "stdev": 0.024270916091190864
        },
        "GD WR": {
            "mean": 0.6112572610746505,
            "stdev": 0.01732164166040977
        },
        "IWD": {
            "mean": 0.026177799865302977,
            "stdev": 0.03076283922751377
        }
    },
    "BG": {
        "GIH WR": {
            "mean": 0.6054507617402324,
            "stdev": 0.025067325036301175
        },
        "OH WR": {
            "mean": 0.5947120053793947,
            "stdev": 0.03699792321674161
        },
        "GD WR": {
            "mean": 0.617051673348992,
            "stdev": 0.02652821341044162
        },
        "IWD": {
            "mean": 0.03370404196370157,
            "stdev": 0.0258249950185736
        }
    },
    "RG": {
        "GIH WR": {
            "mean": 0.6122505795296819,
            "stdev": 0.03313724035227024
        },
        "OH WR": {
            "mean": 0.615750330308812,
            "stdev": 0.02673235667738492
        },
        "GD WR": {
            "mean": 0.613215931807593,
            "stdev": 0.03121443390155011
        },
        "IWD": {
            "mean": 0.00548751837538663,
            "stdev": 0.036889026674060604
        }
    }
}