{
    "all": {
        "GIH WR": {
            "mean": 0.5967263133586286,
            "stdev": 0.03154322830278668
        },
        "OH WR": {
            "mean": 0.5887481742039744,
            "stdev": 0.03736775210721366
        },
        "GD WR": {
            "mean": 0.6055627133121748,
            "stdev": 0.03473030678650633
        },
        "IWD": {
            "mean": 0.0303250809544516,
            "stdev": 0.033468738908832965
        }
    },
    "WU": {
        "GIH WR": {
            "mean": 0.5759355514732104,
            "stdev": 0.026092065998862275
        },
        "OH WR": {
            "mean": 0.5778994680849819,
            "stdev": 0.01956187730812805
        },
        "GD WR": {
            "mean": 0.5812415792197474,
            "stdev": 0.02465111972645734
        },
        "IWD": {
            "mean": 0.021856310081671066,
            "stdev": 0.03005222333135874
        }
    },
    "WB": {
        "GIH WR": {
            "mean": 0.6106200071202902,
            "stdev": 0.02031419732295868
        },
        "OH WR": {
            "mean": 0.6017519948897193,
            "stdev": 0.02689468090317259
        },
        "GD WR": {
            "mean": 0.61970823857274,
            "stdev": 0.025532114270626526
        },
        "IWD": {
            "mean": 0.02222825520220323,
            "stdev": 0.02437828672336635
        }
    },
    "WR": {
        "GIH WR": {
            "mean": 0.588608286518921,
            "stdev": 0.02356341764568496
        },
        "OH WR": {
            "mean": 0.595132805748777,
            "stdev": 0.01696525366652972
        },
        "GD WR": {
            "mean": 0.586263863134217,
            "stdev": 0.01818367401516466
        },
        "IWD": {
            "mean": -0.0001450916710708936,
            "stdev": 0.02480601272453188
        }
    },
    "WG": {
        "GIH WR": {
            "mean": 0.6070768820055671,
            "stdev": 0.03151359453035964
        },
        "OH WR": {
            "mean": 0.6104135387226376,
            "stdev": 0.03142685193607727
        },
        "GD WR": {
            "mean": 0.6025205466756571,
            "stdev": 0.03161304932171013
        },
        "IWD": {
            "mean": 0.009541843278960366,
            "stdev": 0.03313805186198684
        }
    },
    "UB": {
        "GIH WR": {
            "mean": 0.6161951521096912,
            "stdev": 0.028376805514245772
        },
        "OH WR": {
            "mean": 0.5961583994103761,
            "stdev": 0.027352714313501815
        },
        "GD WR": {
            "mean": 0.6341859270871338,
            "stdev": 0.026260203675710195
        },
        "IWD": {
            "mean": 0.05211919447193383,
            "stdev": 0.028699101698291492
        }
    },
    "UR": {
        "GIH WR": {
            "mean": 0.5783314824203253,
            "stdev": 0.02027050309804799
        },
        "OH WR": {
            "mean": 0.5601508137467154,
            "stdev": 0.019401911400564863
        },
        "GD WR": {
            "mean": 0.5910460248605511,
            "stdev": 0.02517106991302291
        },
        "IWD": {
            "mean": 0.042741752657793446,
            "stdev": 0.027295274828699787
        }
    },
    "UG": {
        "GIH WR": {
            "mean": 0.5967563979628808,
            "stdev": 0.026661988473870225
        },
        "OH WR": {
            "mean": 0.5843963926819331,
            "stdev": 0.021107222301237284
        },
        "GD WR": {
            "mean": 0.6088375930704051,
            "stdev": 0.032949504588028346
        },
        "IWD": {
            "mean": 0.02719637177591839,
            "stdev": 0.03201527252335437
        }
    },
    "BR": {
        "GIH WR": {
            "mean": 0.570427113017909,
            "stdev": 0.02590047412613822
        },
        "OH WR": {
            "mean": 0.5678410393524986,
            "stdev": 0.02305034827421122
        },
        "GD WR": {
            "mean": 0.5755515641127459,
            "stdev": 0.032686311467789136
        },
        "IWD": {
            "mean": 0.010050786310444808,
            "stdev": 0.028310691695097805
        }
    },
    "BG": {
        "GIH WR": {
            "mean": 0.6110373398189533,
            "stdev": 0.029648053370389754
        },
        "OH WR": {
            "mean": 0.5957876406917075,
            "stdev": 0.026262515109636092
        },
        "GD WR": {
            "mean": 0.6146842557716049,
            "stdev": 0.028486508894976986
        },
        "IWD": {
            "mean": 0.03205314532765232,
            "stdev": 0.03352248004836718
        }
    },
    "RG": {
        "GIH WR": {
            "mean": 0.5912038055422911,
            "stdev": 0.031064763700672928
        },
        "OH WR": {
            "mean": 0.5995919582271686,
            "stdev": 0.029039361232513293
        },
        "GD WR": {
            "mean": 0.5829263055054777,
            "stdev": 0.030501635090867674
        },
        "IWD": {
            "mean": -0.001336469304921926,
            "stdev": 0.03295372218877126
        }
    }
}