{
    "all": {
        "GIH WR": {
            "mean": 0.595395291256665,
            "stdev": 0.03428478489472499
        },
        "OH WR": {
            "mean": 0.59453204103442,
            "stdev": 0.03630014442616521
        },
        "GD WR": {
            "mean": 0.6015834985527091,
            "stdev": 0.03456812885999896
        },
        "IWD": {
            "mean": 0.013732905340938498,
            "stdev": 0.038154701197011136
        }
    },
    "WU": {
        "GIH WR": {
            "mean": 0.5945004400543991,
            "stdev": 0.029462771035320787
        },
        "OH WR": {
            "mean": 0.5966238314857917,
            "stdev": 0.03409017715096782
        },
        "GD WR": {
            "mean": 0.5918783522778179,
            "stdev": 0.030231842288806834
        },
        "IWD": {
            "mean": -0.004012456935168353,
            "stdev": 0.03350591092627936
        }
    },
    "WB": {
        "GIH WR": {
            "mean": 0.5980517493018553,
            "stdev": 0.03063755253344663
        },
        "OH WR": {
            "mean": 0.5969947544745756,
            "stdev": 0.029443166107277284
        },
        "GD WR": {
            "mean": 0.6012982252032014,
            "stdev": 0.02955992745766492
        },
        "IWD": {
            "mean": 0.0006006834999894503,
            "stdev": 0.03579962285200269
        }
    },
    "WR": {
        "GIH WR": {
            "mean": 0.6025413983490077,
            "stdev": 0.032682661780263536
        },
        "OH WR": {
            "mean": 0.6178157063944637,
            "stdev": 0.03313661828199593
        },
        "GD WR": {
            "mean": 0.5983530337021596,
            "stdev": 0.03349851808593192
        },
        "IWD": {
            "mean": -0.016087903575531273,
            "stdev": 0.0308957404315033
        }
    },
    "WG": {
        "GIH WR": {
            "mean": 0.6087144086812879,
            "stdev": 0.033871167352263115
        },
        "OH WR": {
            "mean": 0.6045441497537195,
            "stdev": 0.032994139433014186
        },
        "GD WR": {
            "mean": 0.605874833400548,
            "stdev": 0.029715271580247407
        },
        "IWD": {
            "mean": 0.008497073626945887,
            "stdev": 0.035705682010371886
        }
    },
    "UB": {
        "GIH WR": {
            "mean": 0.5823572091444444,
            "stdev": 0.02520105309100727
        },
        "OH WR": {
            "mean": 0.5751441979401701,
            "stdev": 0.030228581806252854
        },
        "GD WR": {
            "mean": 0.5954600564910564,
            "stdev": 0.024363779377176546
        },
        "IWD": {
            "mean": 0.02632944430677507,
            "stdev": 0.035625521311719886
        }
    },
    "UR": {
        "GIH WR": {
            "mean": 0.5972155454723838,
            "stdev": 0.030696180480151058
        },
        "OH WR": {
            "mean": 0.5940718281528861,
            "stdev": 0.026566059625958337
        },
        "GD WR": {
            "mean": 0.6011366492635692,
            "stdev": 0.03193458913557497
        },
        "IWD": {
            "mean": 0.010072769062423334,
            "stdev": 0.03115296425595826
        }
    },
    "UG": {
        "GIH WR": {
            "mean": 0.6181082156378441,
            "stdev": 0.02944109922892409
        },
        "OH WR": {
            "mean": 0.6073106950959032,
            "stdev": 0.033568033400730266
        },
        "GD WR": {
            "mean": 0.6251829020318406,
            "stdev": 0.032220727294361096
        },
        "IWD": {
            "mean": 0.02587812380903494,
            "stdev": 0.033130619570840056
        }
    },
    "BR": {
        "GIH WR": {
            "mean": 0.5875257050043041,
            "stdev": 0.023760862346248447
        },
        "OH WR": {
            "mean": 0.5910720568936523,
            "stdev": 0.028623295125044877
        },
        "GD WR": {
            "mean": 0.58937925478951,
            "stdev": 0.028512682058436708
        },
        "IWD": {
            "mean": 0.006392244539291303,
            "stdev": 0.02516367299306279
        }
    },
    "BG": {
        "GIH WR": {
            "mean": 0.6004882109911924,
            "stdev": 0.03211062755046081
        },
        "OH WR": {
            "mean": 0.5857976127108705,
            "stdev": 0.03696702379739406
        },
        "GD WR": {
            "mean": 0.6038226297724464,
            "stdev": 0.0325520059505053
        },
        "IWD": {
            "mean": 0.031708608670694034,
            "stdev": 0.03768976275335239
        }
    },
    "RG": {
        "GIH WR": {
            "mean": 0.5890444186373007,
            "stdev": 0.031129688147457635
        },
        "OH WR": {
            "mean": 0.5918182834811597,
            "stdev": 0.024604876856254693
        },
        "GD WR": {
            "mean": 0.5862760743716516,
            "stdev": 0.032535595462737155
        },
        "IWD": {
            "mean": 5.3190167384310504e-05,
            "stdev": 0.03603481170621904
        }
    }
}