{
    "all": {
        "GIH WR": {
            "mean": 0.6060567014242292,
            "stdev": 0.036044747348260735
        },
        "OH WR": {
            "mean": 0.590911726897483,
            "stdev": 0.04788686601600073
        },
        "GD WR": {
            "mean": 0.6146695405936616,
            "stdev": 0.037744441913457764
        },
        "IWD": {
            "mean": 0.03576574848625429,
            "stdev": 0.04164743516737957
        }
    },
    "WU": {
        "GIH WR": {
            "mean": 0.6242879587465194,
            "stdev": 0.030332481158600655
        },
        "OH WR": {
            "mean": 0.5882107092362423,
            "stdev": 0.06019843130523986
        },
        "GD WR": {
            "mean": 0.6458422260834628,
            "stdev": 0.04080947045508828
        },
        "IWD": {
            "mean": 0.056117695395429386,
            "stdev": 0.04370916469944909
        }
    },
    "WB": {
        "GIH WR": {
            "mean": 0.6085440881258687,
            "stdev": 0.03193966730722727
        },
        "OH WR": {
            "mean": 0.5956441513576286,
            "stdev": 0.04760070532196098
        },
        "GD WR": {
            "mean": 0.6157611784505596,
            "stdev": 0.03429683496516916
        },
        "IWD": {
            "mean": 0.022562195301349924,
            "stdev": 0.033064752885928306
        }
    },
    "WR": {
        "GIH WR": {
            "mean": 0.583343490828242,
            "stdev": 0.03831813332487413
        },
        "OH WR": {
            "mean": 0.583065218320798,
            "stdev": 0.0440962170818726
        },
        "GD WR": {
            "mean": 0.5845698954250801,
            "stdev": 0.0381982544007161
        },
        "IWD": {
            "mean": -0.000839353080555913,
            "stdev": 0.041224940069807724
        }
    },
    "WG": {
        "GIH WR": {
            "mean": 0.6023611757095453,
            "stdev": 0.025231820276766695
        },
        "OH WR": {
            "mean": 0.5939870921642715,
            "stdev": 0.0513287753038919
        },
        "GD WR": {
            "mean": 0.6075701536784707,
            "stdev": 0.03134932728127056
        },
        "IWD": {
            "mean": 0.02681416806271146,
            "stdev": 0.031343161936731125
        }
    },
    "UB": {
        "GIH WR": {
            "mean": 0.625995311944056,
            "stdev": 0.03874378264305253
        },
        "OH WR": {
            "mean": 0.5992095389312155,
            "stdev": 0.058470436108662996
        },
        "GD WR": {
            "mean": 0.6401353755242039,
            "stdev": 0.038722276328267156
        },
        "IWD": {
            "mean": 0.058715083397343645,
            "stdev": 0.04519727456653563
        }
    },
    "UR": {
        "GIH WR": {
            "mean": 0.6285085312912332,
            "stdev": 0.03760674905987769
        },
        "OH WR": {
            "mean": 0.6047762817849057,
            "stdev": 0.05528893746025865
        },
        "GD WR": {
            "mean": 0.6382274481957806,
            "stdev": 0.03973596967201416
        },
        "IWD": {
            "mean": 0.04494221133048987,
            "stdev": 0.03576515176982926
        }
    },
    "UG": {
        "GIH WR": {
            "mean": 0.5671235934543293,
            "stdev": 0.03137735866453114
        },
        "OH WR": {
            "mean": 0.5571948896434414,
            "stdev": 0.03622494810875198
        },
        "GD WR": {
            "mean": 0.5767382507682023,
            "stdev": 0.034931934732365805
        },
        "IWD": {
            "mean": 0.03437167016404667,
            "stdev": 0.044887906183839026
        }
    },
    "BR": {
        "GIH WR": {
            "mean": 0.6129083016795746,
            "stdev": 0.042725261207771356
        },
        "OH WR": {
            "mean": 0.6103620048369429,
            "stdev": 0.05164623115403177
        },
        "GD WR": {
            "mean": 0.6118726654985589,
            "stdev": 0.046667586855157
        },
        "IWD": {
            "mean": 0.012000965471933063,
            "stdev": 0.05056839697534721
        }
    },
    "BG": {
        "GIH WR": {
            "mean": 0.6253355377985889,
            "stdev": 0.02453986685191494
        },
        "OH WR": {
            "mean": 0.6028953607229791,
            "stdev": 0.039971301001692355
        },
        "GD WR": {
            "mean": 0.6393455030261695,
            "stdev": 0.035482883795609876
        },
        "IWD": {
            "mean": 0.033010535926084064,
            "stdev": 0.029993221535771802
        }
    },
    "RG": {
        "GIH WR": {
            "mean": 0.5795984144773991,
            "stdev": 0.02633218644956251
        },
        "OH WR": {
            "mean": 0.5606205210904366,
            "stdev": 0.04649856395902069
        },
        "GD WR": {
            "mean": 0.5898477830851875,
            "stdev": 0.027894360024206206
        },
        "IWD": {
            "mean": 0.02912262746401079,
            "stdev": 0.02704378844628341
        }
    }
}