{
    "all": {
        "GIH WR": {
            "mean": 0.5969036905762929,
            "stdev": 0.031125190121755228
        },
        "OH WR": {
            "mean": 0.5917554810150655,
            "stdev": 0.037976830735306374
        },
        "GD WR": {
            "mean": 0.6002677322080149,
            "stdev": 0.03228135020425615
        },
        "IWD": {
            "mean": 0.017391159353391097,
            "stdev": 0.03568175709964422
        }
    },
    "WU": {
        "GIH WR": {
            "mean": 0.5962540551637101,
            "stdev": 0.0240488861721696
        },
        "OH WR": {
            "mean": 0.5875316662513812,
            "stdev": 0.019590664044858017
        },
        "GD WR": {
            "mean": 0.6076475253714186,
            "stdev": 0.03144454838980705
        },
        "IWD": {
            "mean": 0.02399397217976719,
            "stdev": 0.03356393163170958
        }
    },
    "WB": {
        "GIH WR": {
            "mean": 0.604410467095123,
            "stdev": 0.02497034683060115
        },
        "OH WR": {
            "mean": 0.6045474708182279,
            "stdev": 0.02240420010373156
        },
        "GD WR": {
            "mean": 0.6084795348281299,
            "stdev": 0.03415846136305292
        },
        "IWD": {
            "mean": 0.015695578154160224,
            "stdev": 0.03336848973812097
        }
    },
    "WR": {
        "GIH WR": {
            "mean": 0.5624542865391782,
            "stdev": 0.026804697216752712
        },
        "OH WR": {
            "mean": null,
            "stdev": null
        },
        "GD WR": {
            "mean": 0.5597347499475159,
            "stdev": 0.021359771364674186
        },
        "IWD": {
            "mean": -0.016748093191558833,
            "stdev": 0.026861292047081216
        }
    },
    "WG": {
        "GIH WR": {
            "mean": 0.6046909253489084,
            "stdev": 0.025785048500849124
        },
        "OH WR": {
            "mean": 0.6104760397651909,
            "stdev": 0.027069233001109153
        },
        "GD WR": {
            "mean": 0.6025078480438006,
            "stdev": 0.034983346022822354
        },
        "IWD": {
            "mean": -0.004599317768762466,
            "stdev": 0.028766163163552905
        }
    },
    "UB": {
        "GIH WR": {
            "mean": 0.6047624923732418,
            "stdev": 0.02668555442206942
        },
        "OH WR": {
            "mean": 0.5907062171953577,
            "stdev": 0.02698390542739999
        },
        "GD WR": {
            "mean": 0.616141128512462,
            "stdev": 0.0255372500249989
        },
        "IWD": {
            "mean": 0.0355723576223106,
            "stdev": 0.03409014438448732
        }
    },
    "UR": {
        "GIH WR": {
            "mean": 0.600101239289827,
            "stdev": 0.028545442362840987
        },
        "OH WR": {
            "mean": 0.5849575017930408,
            "stdev": 0.034852901476443654
        },
        "GD WR": {
            "mean": 0.6038829011987451,
            "stdev": 0.026250000692508445
        },
        "IWD": {
            "mean": 0.02787389229541541,
            "stdev": 0.03313147608536747
        }
    },
    "UG": {
        "GIH WR": {
            "mean": 0.615484883264249,
            "stdev": 0.03283239315477162
        },
        "OH WR": {
            "mean": 0.6054118339085698,
            "stdev": 0.027196164550117335
        },
        "GD WR": {
            "mean": 0.6161978177419164,
            "stdev": 0.024508005058228234
        },
        "IWD": {
            "mean": 0.022017634444478216,
            "stdev": 0.03594575596412044
        }
    },
    "BR": {
        "GIH WR": {
            "mean": 0.6016372381753773,
            "stdev": 0.029408686963954225
        },
        "OH WR": {
            "mean": 0.6051154823489041,
            "stdev": 0.025359988167624532
        },
        "GD WR": {
            "mean": 0.5991365672570219,
            "stdev": 0.025543825419214405
        },
        "IWD": {
            "mean": 0.002354903828261997,
            "stdev": 0.03513485622316373
        }
    },
    "BG": {
        "GIH WR": {
            "mean": 0.6059236786581268,
            "stdev": 0.02873443631683938
        },
        "OH WR": {
            "mean": 0.6046482472575432,
            "stdev": 0.024565651658959232
        },
        "GD WR": {
            "mean": 0.6112751203269264,
            "stdev": 0.02859336793510907
        },
        "IWD": {
            "mean": 0.01118275943543512,
            "stdev": 0.03174374299458477
        }
    },
    "RG": {
        "GIH WR": {
            "mean": 0.5834523494985552,
            "stdev": 0.023253577099083447
        },
        "OH WR": {
            "mean": 0.5964507879660464,
            "stdev": 0.03225144490590804
        },
        "GD WR": {
            "mean": 0.576429905668858,
            "stdev": 0.026846209132046422
        },
        "IWD": {
            "mean": -0.02013118964265181,
            "stdev": 0.026826163551570935
        }
    }
}