{
    "all": {
        "GIH WR": {
            "mean": 0.6065834491577233,
            "stdev": 0.03593241698751987
        },
        "OH WR": {
            "mean": 0.60083770005143,
            "stdev": 0.047809178445164836
        },
        "GD WR": {
            "mean": 0.6119242215401519,
            "stdev": 0.0336285067423399
        },
        "IWD": {
            "mean": 0.024043280528680044,
            "stdev": 0.037644283116511634
        }
    },
    "WU": {
        "GIH WR": {
            "mean": 0.6224435029810915,
            "stdev": 0.035189702991830836
        },
        "OH WR": {
            "mean": 0.6262182893192298,
            "stdev": 0.04476273623845044
        },
        "GD WR": {
            "mean": 0.6246498697063821,
            "stdev": 0.031940489310386795
        },
        "IWD": {
            "mean": 0.018958056721046713,
            "stdev": 0.03672170163295873
        }
    },
    "WB": {
        "GIH WR": {
            "mean": 0.5912706045608725,
            "stdev": 0.033507570880927824
        },
        "OH WR": {
            "mean": 0.5937178583047876,
            "stdev": 0.03245338243732749
        },
        "GD WR": {
            "mean": 0.6103394452512565,
            "stdev": 0.028610872976902443
        },
        "IWD": {
            "mean": 0.02275558470280116,
            "stdev": 0.029895142549751997
        }
    },
    "WR": {
        "GIH WR": {
            "mean": 0.6043069785880364,
            "stdev": 0.03812349288122249
        },
        "OH WR": {
            "mean": 0.599210516553016,
            "stdev": 0.033021382308517706
        },
        "GD WR": {
            "mean": 0.5919315606860462,
            "stdev": 0.026705895290509818
        },
        "IWD": {
            "mean": 0.002495383092042014,
            "stdev": 0.04088217632495703
        }
    },
    "WG": {
        "GIH WR": {
            "mean": 0.6010502412655594,
            "stdev": 0.02347287618290221
        },
        "OH WR": {
            "mean": 0.6039039245650932,
            "stdev": 0.029035714958123463
        },
        "GD WR": {
            "mean": 0.6107009325466338,
            "stdev": 0.02081549851610977
        },
        "IWD": {
            "mean": 0.011256933286637122,
            "stdev": 0.02326836970830438
        }
    },
    "UB": {
        "GIH WR": {
            "mean": 0.6054437726106667,
            "stdev": 0.036884526670658266
        },
        "OH WR": {
            "mean": 0.5859958465627477,
            "stdev": 0.039204123810624714
        },
        "GD WR": {
            "mean": 0.6127110515689718,
            "stdev": 0.028828681513414025
        },
        "IWD": {
            "mean": 0.04073573647236946,
            "stdev": 0.03943060308001895
        }
    },
    "UR": {
        "GIH WR": {
            "mean": 0.6144719084851833,
            "stdev": 0.03950444656110527
        },
        "OH WR": {
            "mean": 0.6148189993465615,
            "stdev": 0.040297622555844584
        },
        "GD WR": {
            "mean": 0.615136303460503,
            "stdev": 0.028961139831850582
        },
        "IWD": {
            "mean": 0.0015925777401355628,
            "stdev": 0.03663081649061616
        }
    },
    "UG": {
        "GIH WR": {
            "mean": 0.5890815693639769,
            "stdev": 0.025980909676356755
        },
        "OH WR": {
            "mean": 0.5842870760511203,
            "stdev": 0.02620492484579175
        },
        "GD WR": {
            "mean": 0.5855408855248443,
            "stdev": 0.026388579191802052
        },
        "IWD": {
            "mean": 0.015315017713493514,
            "stdev": 0.030438303012306888
        }
    },
    "BR": {
        "GIH WR": {
            "mean": 0.5956804264278194,
            "stdev": 0.0282266924964553
        },
        "OH WR": {
            "mean": 0.5842461592134315,
            "stdev": 0.028061447354439207
        },
        "GD WR": {
            "mean": 0.6071781143590299,
            "stdev": 0.02361300417842135
        },
        "IWD": {
            "mean": 0.025077839646977376,
            "stdev": 0.029656528847586433
        }
    },
    "BG": {
        "GIH WR": {
            "mean": 0.6135660021416323,
            "stdev": 0.03706892075698533
        },
        "OH WR": {
            "mean": 0.5999934405485302,
            "stdev": 0.029976998284326397
        },
        "GD WR": {
            "mean": 0.625332906312353,
            "stdev": 0.02529827688425908
        },
        "IWD": {
            "mean": 0.0370309588900067,
            "stdev": 0.03823408563803026
        }
    },
    "RG": {
        "GIH WR": {
            "mean": 0.616037916199372,
            "stdev": 0.03931430856356715
        },
        "OH WR": {
            "mean": 0.6174411452507269,
            "stdev": 0.04057631690677066
        },
        "GD WR": {
            "mean": 0.6111675802113196,
            "stdev": 0.031144236828432727
        },
        "IWD": {
            "mean": 0.009221805332991016,
            "stdev": 0.042005514308233544
        }
    }
}