{
    "all": {
        "GIH WR": {
            "mean": 0.5956742115134956,
            "stdev": 0.0340531853418237
        },
        "OH WR": {
            "mean": 0.5839974701838017,
            "stdev": 0.038473416002932706
        },
        "GD WR": {
            "mean": 0.6037867051892771,
            "stdev": 0.036131219520566284
        },
        "IWD": {
            "mean": 0.029985948353216975,
            "stdev": 0.03553497803645154
        }
    },
    "WU": {
        "GIH WR": {
            "mean": 0.5732157347509824,
            "stdev": 0.02513228639958838
        },
        "OH WR": {
            "mean": null,
            "stdev": null
        },
        "GD WR": {
            "mean": 0.5917537291876365,
            "stdev": 0.019910261031707937
        },
        "IWD": {
            "mean": 0.014821575408694327,
            "stdev": 0.03085357048782695
        }
    },
    "WB": {
        "GIH WR": {
            "mean": 0.6082100097834755,
            "stdev": 0.02257645394930611
        },
        "OH WR": {
            "mean": 0.6097415717833674,
            "stdev": 0.0279021782378911
        },
        "GD WR": {
            "mean": 0.6207929990959006,
            "stdev": 0.029997052290947956
        },
        "IWD": {
            "mean": 0.02032299343852391,
            "stdev": 0.025394580581873143
        }
    },
    "WR": {
        "GIH WR": {
            "mean": 0.5748814387501489,
            "stdev": 0.020320534018304904
        },
        "OH WR": {
            "mean": null,
            "stdev": null
        },
        "GD WR": {
            "mean": 0.5872463550354027,
            "stdev": 0.020881884187587234
        },
        "IWD": {
            "mean": -0.0006256291193696154,
            "stdev": 0.028475076727895208
        }
    },
    "WG": {
        "GIH WR": {
            "mean": 0.6082373105494537,
            "stdev": 0.03126343306669963
        },
        "OH WR": {
            "mean": 0.6127780940823238,
            "stdev": 0.028712992527890432
        },
        "GD WR": {
            "mean": 0.6041354910811002,
            "stdev": 0.031337610292061675
        },
        "IWD": {
            "mean": 0.006942904562211026,
            "stdev": 0.03437257793096363
        }
    },
    "UB": {
        "GIH WR": {
            "mean": 0.6187366334729162,
            "stdev": 0.02720450369391033
        },
        "OH WR": {
            "mean": 0.6010973119953567,
            "stdev": 0.025336999197584656
        },
        "GD WR": {
            "mean": 0.6349375230211263,
            "stdev": 0.027761941304160438
        },
        "IWD": {
            "mean": 0.053461041879553035,
            "stdev": 0.033454856454244404
        }
    },
    "UR": {
        "GIH WR": {
            "mean": 0.5686118236830785,
            "stdev": 0.02035992718108581
        },
        "OH WR": {
            "mean": 0.5392656362197729,
            "stdev": 0.028132369685592
        },
        "GD WR": {
            "mean": 0.5766558619084806,
            "stdev": 0.01802557059685877
        },
        "IWD": {
            "mean": 0.04315328198343098,
            "stdev": 0.028780633250920427
        }
    },
    "UG": {
        "GIH WR": {
            "mean": 0.5982086150531623,
            "stdev": 0.027737448369757743
        },
        "OH WR": {
            "mean": 0.5846319705972485,
            "stdev": 0.02187018430299493
        },
        "GD WR": {
            "mean": 0.5991066612861842,
            "stdev": 0.033889563451009505
        },
        "IWD": {
            "mean": 0.02864132105059299,
            "stdev": 0.03628737428944584
        }
    },
    "BR": {
        "GIH WR": {
            "mean": 0.5708289701793267,
            "stdev": 0.023027159013703894
        },
        "OH WR": {
            "mean": 0.576197689697171,
            "stdev": 0.02122739255735853
        },
        "GD WR": {
            "mean": 0.5735151879547393,
            "stdev": 0.031412717153693016
        },
        "IWD": {
            "mean": 0.00980813104953545,
            "stdev": 0.02678803862068468
        }
    },
    "BG": {
        "GIH WR": {
            "mean": 0.6121598988579386,
            "stdev": 0.025435258009410305
        },
        "OH WR": {
            "mean": 0.6026958896468229,
            "stdev": 0.02595591829369256
        },
        "GD WR": {
            "mean": 0.6173187363705879,
            "stdev": 0.028535358340001638
        },
        "IWD": {
            "mean": 0.029325481509903988,
            "stdev": 0.0262913118742472
        }
    },
    "RG": {
        "GIH WR": {
            "mean": 0.5879887619498961,
            "stdev": 0.029345717434783477
        },
        "OH WR": {
            "mean": 0.5908266058854518,
            "stdev": 0.02879851022341868
        },
        "GD WR": {
            "mean": 0.5788258775974728,
            "stdev": 0.028639760660124605
        },
        "IWD": {
            "mean": 0.0007723549650129312,
            "stdev": 0.030169019210387782
        }
    }
}