{
    "all": {
        "GIH WR": {
            "mean": 0.5945881544830677,
            "stdev": 0.0331972486316987
        },
        "OH WR": {
            "mean": 0.5850546842932492,
            "stdev": 0.039201661437045565
        },
        "GD WR": {
            "mean": 0.6036624474942677,
            "stdev": 0.03532844245433695
        },
        "IWD": {
            "mean": 0.029387612265691993,
            "stdev": 0.03447262894365174
        }
    },
    "WU": {
        "GIH WR": {
            "mean": 0.5778819970688241,
            "stdev": 0.025563860299428292
        },
        "OH WR": {
            "mean": null,
            "stdev": null
        },
        "GD WR": {
            "mean": 0.5823771012792147,
            "stdev": 0.023342363559378534
        },
        "IWD": {
            "mean": 0.02034613780010436,
            "stdev": 0.031044780930336063
        }
    },
    "WB": {
        "GIH WR": {
            "mean": 0.6141743351790536,
            "stdev": 0.02052555432640779
        },
        "OH WR": {
            "mean": 0.6094898285207957,
            "stdev": 0.026372686269678113
        },
        "GD WR": {
            "mean": 0.6272337985328732,
            "stdev": 0.029139185578254116
        },
        "IWD": {
            "mean": 0.023261284062819416,
            "stdev": 0.02320943386203814
        }
    },
    "WR": {
        "GIH WR": {
            "mean": 0.5761261764238788,
            "stdev": 0.017901543179667745
        },
        "OH WR": {
            "mean": 0.5692575464773196,
            "stdev": 0.005405438348733162
        },
        "GD WR": {
            "mean": 0.5725785394218632,
            "stdev": 0.02385431238098132
        },
        "IWD": {
            "mean": 0.0008606025659079115,
            "stdev": 0.026330425999722275
        }
    },
    "WG": {
        "GIH WR": {
            "mean": 0.6051949080605008,
            "stdev": 0.0299111685316596
        },
        "OH WR": {
            "mean": 0.6082164715867803,
            "stdev": 0.030083095047516842
        },
        "GD WR": {
            "mean": 0.5996221156750594,
            "stdev": 0.03360342821112902
        },
        "IWD": {
            "mean": 0.006966971036322957,
            "stdev": 0.03271801551525979
        }
    },
    "UB": {
        "GIH WR": {
            "mean": 0.6169838846821487,
            "stdev": 0.024873795590959143
        },
        "OH WR": {
            "mean": 0.5965755269680342,
            "stdev": 0.030219233318320465
        },
        "GD WR": {
            "mean": 0.632564801663489,
            "stdev": 0.023998242618929275
        },
        "IWD": {
            "mean": 0.05380979499756941,
            "stdev": 0.03044757236916438
        }
    },
    "UR": {
        "GIH WR": {
            "mean": 0.5699874819261679,
            "stdev": 0.021309935078442234
        },
        "OH WR": {
            "mean": 0.5537324638293422,
            "stdev": 0.026428802302725252
        },
        "GD WR": {
            "mean": 0.5845738651311877,
            "stdev": 0.0210268259878622
        },
        "IWD": {
            "mean": 0.041752668901971275,
            "stdev": 0.028107539329421543
        }
    },
    "UG": {
        "GIH WR": {
            "mean": 0.5962767564118169,
            "stdev": 0.027717942158123104
        },
        "OH WR": {
            "mean": 0.5874194223687099,
            "stdev": 0.02404259230755318
        },
        "GD WR": {
            "mean": 0.6001145212124419,
            "stdev": 0.031160876594636556
        },
        "IWD": {
            "mean": 0.026691860822938066,
            "stdev": 0.034638883772805024
        }
    },
    "BR": {
        "GIH WR": {
            "mean": 0.5711377691683164,
            "stdev": 0.024028706322149634
        },
        "OH WR": {
            "mean": 0.5663692745966079,
            "stdev": 0.025727873174499986
        },
        "GD WR": {
            "mean": 0.5773099957707196,
            "stdev": 0.031899844975447615
        },
        "IWD": {
            "mean": 0.010863286610154685,
            "stdev": 0.028175823125341885
        }
    },
    "BG": {
        "GIH WR": {
            "mean": 0.6101163962579409,
            "stdev": 0.025882283754509385
        },
        "OH WR": {
            "mean": 0.5999124277819743,
            "stdev": 0.026413476365467124
        },
        "GD WR": {
            "mean": 0.6133185689664911,
            "stdev": 0.027649578144557117
        },
        "IWD": {
            "mean": 0.029925183430100085,
            "stdev": 0.027315091716128823
        }
    },
    "RG": {
        "GIH WR": {
            "mean": 0.5841722636200899,
            "stdev": 0.030793152537702487
        },
        "OH WR": {
            "mean": 0.590232306608342,
            "stdev": 0.02912106316143021
        },
        "GD WR": {
            "mean": 0.5744871363122103,
            "stdev": 0.026958927258091053
        },
        "IWD": {
            "mean": -0.002958386717438239,
            "stdev": 0.031327860973571715
        }
    }
}