{
    "all": {
        "GIH WR": {
            "mean": 0.6019889534858258,
            "stdev": 0.03428286835658264
        },
        "OH WR": {
            "mean": 0.6017869289595937,
            "stdev": 0.03700123304555587
        },
        "GD WR": {
            "mean": 0.606213454433649,
            "stdev": 0.034913275419066934
        },
        "IWD": {
            "mean": 0.012964220255664424,
            "stdev": 0.03798458685903334
        }
    },
    "WU": {
        "GIH WR": {
            "mean": 0.5942355984285532,
            "stdev": 0.028269008605905997
        },
        "OH WR": {
            "mean": 0.6067500925547676,
            "stdev": 0.038370955767799524
        },
        "GD WR": {
            "mean": 0.5959972050437568,
            "stdev": 0.033763857673349267
        },
        "IWD": {
            "mean": -0.0073153192033895975,
            "stdev": 0.032300997405554456
        }
    },
    "WB": {
        "GIH WR": {
            "mean": 0.5987347849358732,
            "stdev": 0.023461554836906665
        },
        "OH WR": {
            "mean": 0.6235275780049075,
            "stdev": 0.03188406492870343
        },
        "GD WR": {
            "mean": 0.6028003593491588,
            "stdev": 0.02733790453511576
        },
        "IWD": {
            "mean": -0.0021512176939022564,
            "stdev": 0.03295721593101486
        }
    },
    "WR": {
        "GIH WR": {
            "mean": 0.6173073824758941,
            "stdev": 0.031038258795527532
        },
        "OH WR": {
            "mean": 0.6379600650898003,
            "stdev": 0.030332784097300614
        },
        "GD WR": {
            "mean": 0.6105350668803398,
            "stdev": 0.028497771110367547
        },
        "IWD": {
            "mean": -0.01606642385380832,
            "stdev": 0.026546858132193894
        }
    },
    "WG": {
        "GIH WR": {
            "mean": 0.61617587730196,
            "stdev": 0.030236431595951786
        },
        "OH WR": {
            "mean": 0.6247995076995971,
            "stdev": 0.025998811999643406
        },
        "GD WR": {
            "mean": 0.620832910593768,
            "stdev": 0.026941855742418187
        },
        "IWD": {
            "mean": 0.001824831529336672,
            "stdev": 0.03178465013231839
        }
    },
    "UB": {
        "GIH WR": {
            "mean": 0.577609440016045,
            "stdev": 0.022403543977595843
        },
        "OH WR": {
            "mean": null,
            "stdev": null
        },
        "GD WR": {
            "mean": 0.5953640085017515,
            "stdev": 0.02050709535335918
        },
        "IWD": {
            "mean": 0.02210950888072841,
            "stdev": 0.02878010314700981
        }
    },
    "UR": {
        "GIH WR": {
            "mean": 0.6016167633186483,
            "stdev": 0.02751301282200266
        },
        "OH WR": {
            "mean": 0.600976201476146,
            "stdev": 0.02927946704297644
        },
        "GD WR": {
            "mean": 0.6067780442322288,
            "stdev": 0.02427977804153511
        },
        "IWD": {
            "mean": 0.012310924186506231,
            "stdev": 0.02914377622214117
        }
    },
    "UG": {
        "GIH WR": {
            "mean": 0.6417355374676345,
            "stdev": 0.0266734458851303
        },
        "OH WR": {
            "mean": 0.6389183016286386,
            "stdev": 0.021655827168482137
        },
        "GD WR": {
            "mean": 0.6430354866846578,
            "stdev": 0.026882437443636005
        },
        "IWD": {
            "mean": 0.02914138657198683,
            "stdev": 0.03469446272175518
        }
    },
    "BR": {
        "GIH WR": {
            "mean": 0.5878841233370857,
            "stdev": 0.016612731666537428
        },
        "OH WR": {
            "mean": null,
            "stdev": null
        },
        "GD WR": {
            "mean": 0.5992377569336118,
            "stdev": 0.01848549688873401
        },
        "IWD": {
            "mean": 0.017481670792693572,
            "stdev": 0.022050385028068845
        }
    },
    "BG": {
        "GIH WR": {
            "mean": 0.6124862661336761,
            "stdev": 0.03921082702437962
        },
        "OH WR": {
            "mean": 0.5929322794750159,
            "stdev": 0.04260151448685304
        },
        "GD WR": {
            "mean": 0.6194727121710667,
            "stdev": 0.022270516338002515
        },
        "IWD": {
            "mean": 0.024296263114575584,
            "stdev": 0.04741794272593641
        }
    },
    "RG": {
        "GIH WR": {
            "mean": 0.5959329512368411,
            "stdev": 0.024718813193954636
        },
        "OH WR": {
            "mean": 0.6213544194550069,
            "stdev": 0.013385303119434108
        },
        "GD WR": {
            "mean": 0.5912801596974797,
            "stdev": 0.0269516526251518
        },
        "IWD": {
            "mean": -0.004845377159365099,
            "stdev": 0.02982350719002514
        }
    }
}