{
    "all": {
        "GIH WR": {
            "mean": 0.6066034210530002,
            "stdev": 0.037042495557385445
        },
        "OH WR": {
            "mean": 0.6035877328369043,
            "stdev": 0.03564979247722727
        },
        "GD WR": {
            "mean": 0.6080886387086398,
            "stdev": 0.029095709626891
        },
        "IWD": {
            "mean": 0.017432836175068845,
            "stdev": 0.03593543620640373
        }
    },
    "WU": {
        "GIH WR": {
            "mean": 0.6318896725282452,
            "stdev": 0.027594120218603618
        },
        "OH WR": {
            "mean": 0.6401242589499202,
            "stdev": 0.04058327837428224
        },
        "GD WR": {
            "mean": 0.6384288970111178,
            "stdev": 0.0267967289218928
        },
        "IWD": {
            "mean": 0.008650564934046846,
            "stdev": 0.028679500166077225
        }
    },
    "WB": {
        "GIH WR": {
            "mean": 0.6055775396721255,
            "stdev": 0.025585391698680866
        },
        "OH WR": {
            "mean": null,
            "stdev": null
        },
        "GD WR": {
            "mean": 0.6080670775907834,
            "stdev": 0.024452201007965517
        },
        "IWD": {
            "mean": 0.026556170915235756,
            "stdev": 0.024746296497851334
        }
    },
    "WR": {
        "GIH WR": {
            "mean": 0.6042718707016389,
            "stdev": 0.0268923934337023
        },
        "OH WR": {
            "mean": 0.6249047408405596,
            "stdev": 0.021199412700386323
        },
        "GD WR": {
            "mean": 0.6089609458234373,
            "stdev": 0.021545506771093934
        },
        "IWD": {
            "mean": -0.011626644249915028,
            "stdev": 0.02658058251940462
        }
    },
    "WG": {
        "GIH WR": {
            "mean": 0.6265493457917651,
            "stdev": 0.015103587671087021
        },
        "OH WR": {
            "mean": null,
            "stdev": null
        },
        "GD WR": {
            "mean": null,
            "stdev": null
        },
        "IWD": {
            "mean": 0.03825935178468519,
            "stdev": 0.02207215878306037
        }
    },
    "UB": {
        "GIH WR": {
            "mean": 0.603965415105304,
            "stdev": 0.032205182048508564
        },
        "OH WR": {
            "mean": 0.6014584839600228,
            "stdev": 0.020105495426368407
        },
        "GD WR": {
            "mean": 0.6026906505386685,
            "stdev": 0.03125649921439358
        },
        "IWD": {
            "mean": 0.042545879219763376,
            "stdev": 0.0446805410777886
        }
    },
    "UR": {
        "GIH WR": {
            "mean": 0.622804067656105,
            "stdev": 0.025340296772137113
        },
        "OH WR": {
            "mean": 0.6357737132219281,
            "stdev": 0.03897586364824986
        },
        "GD WR": {
            "mean": 0.6248880478787251,
            "stdev": 0.026453387663802275
        },
        "IWD": {
            "mean": -0.007677531363192476,
            "stdev": 0.025806794206177038
        }
    },
    "UG": {
        "GIH WR": {
            "mean": 0.5785854135579471,
            "stdev": 0.030951425225375657
        },
        "OH WR": {
            "mean": null,
            "stdev": null
        },
        "GD WR": {
            "mean": null,
            "stdev": null
        },
        "IWD": {
            "mean": 0.015198530035101765,
            "stdev": 0.024418627159496487
        }
    },
    "BR": {
        "GIH WR": {
            "mean": 0.6170531593893959,
            "stdev": 0.017068864647897402
        },
        "OH WR": {
            "mean": null,
            "stdev": null
        },
        "GD WR": {
            "mean": null,
            "stdev": null
        },
        "IWD": {
            "mean": 0.05360650746510871,
            "stdev": 0.01837645135234049
        }
    },
    "BG": {
        "GIH WR": {
            "mean": 0.5847268119843683,
            "stdev": 0.012673452726484145
        },
        "OH WR": {
            "mean": null,
            "stdev": null
        },
        "GD WR": {
            "mean": null,
            "stdev": null
        },
        "IWD": {
            "mean": 0.028916984219455252,
            "stdev": 0.023015785945485825
        }
    },
    "RG": {
        "GIH WR": {
            "mean": 0.6168603536527419,
            "stdev": 0.023775021341261773
        },
        "OH WR": {
            "mean": 0.6326896551900384,
            "stdev": 0.03746193241535569
        },
        "GD WR": {
            "mean": 0.6256147002630356,
            "stdev": 0.02734813526126166
        },
        "IWD": {
            "mean": 0.005533194197753569,
            "stdev": 0.02932098304104875
        }
    }
}