{
    "all": {
        "GIH WR": {
            "mean": 0.5960389930132199,
            "stdev": 0.034024899293823525
        },
        "OH WR": {
            "mean": 0.5949916868871327,
            "stdev": 0.03639257373398926
        },
        "GD WR": {
            "mean": 0.6022985479482567,
            "stdev": 0.034260287378046504
        },
        "IWD": {
            "mean": 0.013868307714615719,
            "stdev": 0.03821379391311424
        }
    },
    "WU": {
        "GIH WR": {
            "mean": 0.5938428291864845,
            "stdev": 0.029328620631459374
        },
        "OH WR": {
            "mean": 0.5965845377696105,
            "stdev": 0.034324454085344736
        },
        "GD WR": {
            "mean": 0.5916492857419248,
            "stdev": 0.030458251355241914
        },
        "IWD": {
            "mean": -0.0031315486717838534,
            "stdev": 0.03394708411963105
        }
    },
    "WB": {
        "GIH WR": {
            "mean": 0.5953085631842426,
            "stdev": 0.02638397134134787
        },
        "OH WR": {
            "mean": 0.5958976282635886,
            "stdev": 0.030301811694232482
        },
        "GD WR": {
            "mean": 0.6026771973509836,
            "stdev": 0.028289417669921085
        },
        "IWD": {
            "mean": -0.002915376010828023,
            "stdev": 0.030282207554691683
        }
    },
    "WR": {
        "GIH WR": {
            "mean": 0.6044078340589011,
            "stdev": 0.03301123928993206
        },
        "OH WR": {
            "mean": 0.6184254334585515,
            "stdev": 0.03339017943659877
        },
        "GD WR": {
            "mean": 0.5997644654804769,
            "stdev": 0.03402936624353994
        },
        "IWD": {
            "mean": -0.01543332767281378,
            "stdev": 0.031118008700318743
        }
    },
    "WG": {
        "GIH WR": {
            "mean": 0.610192117201029,
            "stdev": 0.03480667048632298
        },
        "OH WR": {
            "mean": 0.606684124859437,
            "stdev": 0.0332565144779056
        },
        "GD WR": {
            "mean": 0.6080530565615659,
            "stdev": 0.029803585911950686
        },
        "IWD": {
            "mean": 0.008772466292520306,
            "stdev": 0.03653183607104454
        }
    },
    "UB": {
        "GIH WR": {
            "mean": 0.5836673966409157,
            "stdev": 0.027552306761004494
        },
        "OH WR": {
            "mean": 0.5776241896573094,
            "stdev": 0.03473255595863646
        },
        "GD WR": {
            "mean": 0.5983496614889169,
            "stdev": 0.026434982503137458
        },
        "IWD": {
            "mean": 0.02577272079441621,
            "stdev": 0.03681752469661425
        }
    },
    "UR": {
        "GIH WR": {
            "mean": 0.597263226196936,
            "stdev": 0.030785105252316775
        },
        "OH WR": {
            "mean": 0.5952417601025185,
            "stdev": 0.026103253335358997
        },
        "GD WR": {
            "mean": 0.6011995811517348,
            "stdev": 0.032706647233636116
        },
        "IWD": {
            "mean": 0.010388606705303427,
            "stdev": 0.03059556538958346
        }
    },
    "UG": {
        "GIH WR": {
            "mean": 0.6192918307104817,
            "stdev": 0.02938576535896359
        },
        "OH WR": {
            "mean": 0.6083853647757118,
            "stdev": 0.033548812399264355
        },
        "GD WR": {
            "mean": 0.6266783611940653,
            "stdev": 0.03205525803213357
        },
        "IWD": {
            "mean": 0.02472777455849232,
            "stdev": 0.03218769981033553
        }
    },
    "BR": {
        "GIH WR": {
            "mean": 0.5883773972598721,
            "stdev": 0.024135885702841302
        },
        "OH WR": {
            "mean": 0.5972782272596592,
            "stdev": 0.024390133552381503
        },
        "GD WR": {
            "mean": 0.5938128368767155,
            "stdev": 0.02654717499512781
        },
        "IWD": {
            "mean": 0.006031031336975634,
            "stdev": 0.025241455336976155
        }
    },
    "BG": {
        "GIH WR": {
            "mean": 0.5993763815607959,
            "stdev": 0.03143759724171947
        },
        "OH WR": {
            "mean": 0.5802581673837882,
            "stdev": 0.03196162722646972
        },
        "GD WR": {
            "mean": 0.6043708338692494,
            "stdev": 0.032482912794829046
        },
        "IWD": {
            "mean": 0.030822381929127556,
            "stdev": 0.0371461136846275
        }
    },
    "RG": {
        "GIH WR": {
            "mean": 0.5919908953522651,
            "stdev": 0.03195275568866444
        },
        "OH WR": {
            "mean": 0.5954865376937309,
            "stdev": 0.024776615010681804
        },
        "GD WR": {
            "mean": 0.5883200530478294,
            "stdev": 0.03191611597127254
        },
        "IWD": {
            "mean": 0.0009762232958956072,
            "stdev": 0.03658204935172352
        }
    }
}