{
    "all": {
        "GIH WR": {
            "mean": 0.5977551300511985,
            "stdev": 0.031329530510250746
        },
        "OH WR": {
            "mean": 0.5927847708991626,
            "stdev": 0.0373643478050614
        },
        "GD WR": {
            "mean": 0.604414539715137,
            "stdev": 0.03094314057249908
        },
        "IWD": {
            "mean": 0.019700743044968,
            "stdev": 0.03340929502591753
        }
    },
    "WU": {
        "GIH WR": {
            "mean": 0.5869737452094184,
            "stdev": 0.02799640522769777
        },
        "OH WR": {
            "mean": 0.5768799828953947,
            "stdev": 0.0413337816215596
        },
        "GD WR": {
            "mean": 0.6103468497443956,
            "stdev": 0.024692636724700907
        },
        "IWD": {
            "mean": 0.04384973254119033,
            "stdev": 0.03501756661646679
        }
    },
    "WB": {
        "GIH WR": {
            "mean": 0.5867701878244816,
            "stdev": 0.023429204660738872
        },
        "OH WR": {
            "mean": 0.5948235534513204,
            "stdev": 0.02696384750543766
        },
        "GD WR": {
            "mean": 0.5984915852188555,
            "stdev": 0.031221545190306843
        },
        "IWD": {
            "mean": 0.00510168711174109,
            "stdev": 0.022392098934233877
        }
    },
    "WR": {
        "GIH WR": {
            "mean": 0.609384849461898,
            "stdev": 0.03162580402894143
        },
        "OH WR": {
            "mean": 0.6173937272637593,
            "stdev": 0.02812790130834843
        },
        "GD WR": {
            "mean": 0.5991607501069732,
            "stdev": 0.028663406919727602
        },
        "IWD": {
            "mean": -0.006816613513045367,
            "stdev": 0.03292196708095527
        }
    },
    "WG": {
        "GIH WR": {
            "mean": 0.5825981212489597,
            "stdev": 0.030973687878774154
        },
        "OH WR": {
            "mean": 0.5868045554219604,
            "stdev": 0.037208745559524824
        },
        "GD WR": {
            "mean": 0.5896030888603317,
            "stdev": 0.026744660031979103
        },
        "IWD": {
            "mean": 0.009665112398665859,
            "stdev": 0.031389863196734
        }
    },
    "UB": {
        "GIH WR": {
            "mean": 0.6064054481197815,
            "stdev": 0.03274226354593262
        },
        "OH WR": {
            "mean": 0.5868860511492154,
            "stdev": 0.028426566126299492
        },
        "GD WR": {
            "mean": 0.620948237245811,
            "stdev": 0.026535151149243492
        },
        "IWD": {
            "mean": 0.04337358819677649,
            "stdev": 0.0323369241485451
        }
    },
    "UR": {
        "GIH WR": {
            "mean": 0.6107625149661582,
            "stdev": 0.027602542658162345
        },
        "OH WR": {
            "mean": 0.5900212474282404,
            "stdev": 0.029238364131795334
        },
        "GD WR": {
            "mean": 0.6223081846187134,
            "stdev": 0.023396594245057866
        },
        "IWD": {
            "mean": 0.043710541512125105,
            "stdev": 0.027281131895368342
        }
    },
    "UG": {
        "GIH WR": {
            "mean": 0.5880577185316295,
            "stdev": 0.028308163112706373
        },
        "OH WR": {
            "mean": 0.5759149643603501,
            "stdev": 0.03844122653343026
        },
        "GD WR": {
            "mean": 0.5984710860094711,
            "stdev": 0.029222094974530172
        },
        "IWD": {
            "mean": 0.050063801190928334,
            "stdev": 0.03437934497516585
        }
    },
    "BR": {
        "GIH WR": {
            "mean": 0.6030256966229369,
            "stdev": 0.027760883432320346
        },
        "OH WR": {
            "mean": 0.6049654296680034,
            "stdev": 0.02683096443680931
        },
        "GD WR": {
            "mean": 0.6006323324325689,
            "stdev": 0.028551194037159916
        },
        "IWD": {
            "mean": -0.0003351557438961699,
            "stdev": 0.028547149864249954
        }
    },
    "BG": {
        "GIH WR": {
            "mean": 0.6034029068269797,
            "stdev": 0.03335698726754772
        },
        "OH WR": {
            "mean": 0.6022636429182003,
            "stdev": 0.037156312887594356
        },
        "GD WR": {
            "mean": 0.6085806771189813,
            "stdev": 0.03446721721047922
        },
        "IWD": {
            "mean": 0.012412778867561293,
            "stdev": 0.03734241041959984
        }
    },
    "RG": {
        "GIH WR": {
            "mean": 0.6003708377718157,
            "stdev": 0.02857219763415888
        },
        "OH WR": {
            "mean": 0.6010703909203949,
            "stdev": 0.02599610468347121
        },
        "GD WR": {
            "mean": 0.5973914019563633,
            "stdev": 0.03171819168252459
        },
        "IWD": {
            "mean": 0.004504511958211947,
            "stdev": 0.032777945915420555
        }
    }
}