{
    "Banishing Light": 3.2185338865836792,
    "Beza, the Bounding Spring": null,
    "Brave-Kin Duo": 6.220481615743139,
    "Brightblade Stoat": 2.875,
    "Builder's Talent": 4.560787671232877,
    "Caretaker's Talent": 2.4410058027079304,
    "Carrot Cake": 3.6530817104998996,
    "Crumb and Get It": 4.7759520884520885,
    "Dawn's Truce": 4.806076854334227,
    "Dewdrop Cure": 6.2455801992928315,
    "Driftgloom Coyote": 2.9343112244897958,
    "Essence Channeler": null,
    "Feather of Flight": 4.500791765637372,
    "Flowerfoot Swordmaster": 4.5999180999181,
    "Harvestrite Host": 3.233136094674556,
    "Hop to It": 3.3609065155807367,
    "Intrepid Rabbit": 3.404358353510896,
    "Jackdaw Savior": 2.391304347826087,
    "Jolly Gerbils": 4.7663903541823665,
    "Lifecreed Duo": 4.22150687315121,
    "Mabel's Mettle": 4.758884218570882,
    "Mouse Trapper": 5.084078711985689,
    "Nettle Guard": 4.95754647928561,
    "Parting Gust": 4.101555747623164,
    "Pileated Provisioner": 6.491932504002956,
    "Rabbit Response": 6.124378109452737,
    "Repel Calamity": 3.6500493583415596,
    "Salvation Swan": null,
    "Season of the Burrow": null,
    "Seasoned Warrenguard": 5.280522230063514,
    "Shrike Force": 3.7635623869801087,
    "Sonar Strike": 4.317627677100495,
    "Star Charter": 4.187635105923044,
    "Starfall Invocation": null,
    "Thistledown Players": 6.060854834506125,
    "Valley Questcaller": null,
    "Warren Elder": 4.3019508057676,
    "Warren Warleader": null,
    "Wax-Wane Witness": 5.9427055702917775,
    "Whiskervale Forerunner": null,
    "Azure Beastbinder": 2.932917316692668,
    "Bellowing Crier": 6.8592021871504905,
    "Calamitous Tide": 6.059485530546624,
    "Daring Waverider": 5.182709135456773,
    "Dazzling Denial": 6.74953823420761,
    "Dire Downdraft": 6.348340328119039,
    "Dour Port-Mage": 2.781094527363184,
    "Eddymurk Crab": 4.869394177812746,
    "Eluge, the Shoreless Sea": null,
    "Finch Formation": 7.448422847399829,
    "Gossip's Talent": 5.960344827586207,
    "Into the Flood Maw": 5.588762495691141,
    "Kitnap": 3.007716049382716,
    "Kitsa, Otterball Elite": null,
    "Knightfisher": 5.686092715231788,
    "Lightshell Duo": 6.893052682808127,
    "Long River Lurker": 4.354202401372213,
    "Long River's Pull": 6.345378957467221,
    "Mind Spiral": 7.339385975391232,
    "Mindwhisker": 4.350533049040512,
    "Mockingbird": 2.6432,
    "Nightwhorl Hermit": 7.821161048689139,
    "Otterball Antics": 5.911794871794871,
    "Pearl of Wisdom": 6.540996168582375,
    "Plumecreed Escort": 4.442748091603053,
    "Portent of Calamity": 5.557389937106918,
    "Run Away Together": 7.019154318756776,
    "Season of Weaving": null,
    "Shore Up": 6.54679802955665,
    "Shoreline Looter": 3.3451803984921917,
    "Skyskipper Duo": 6.834789026940583,
    "Spellgyre": 5.655551958562642,
    "Splash Lasher": 4.2216589861751155,
    "Splash Portal": 5.562264150943396,
    "Stormchaser's Talent": 3.281949934123847,
    "Sugar Coat": 4.711472926921621,
    "Thought Shucker": 7.624094955489614,
    "Thundertrap Trainer": 3.537748344370861,
    "Valley Floodcaller": 2.8335724533715925,
    "Waterspout Warden": 7.687767220902613,
    "Wishing Well": 5.770986745213549,
    "Agate-Blade Assassin": 5.494171523730225,
    "Bandit's Talent": 4.750623441396509,
    "Bonebind Orator": 5.0,
    "Bonecache Overseer": 5.30356512530886,
    "Coiling Rebirth": 3.5332480818414322,
    "Consumed by Greed": 2.874368686868687,
    "Cruelclaw's Heist": 3.5067319461444306,
    "Daggerfang Duo": 4.977177177177177,
    "Darkstar Augur": null,
    "Diresight": 6.624408589105908,
    "Downwind Ambusher": 3.3310734463276837,
    "Early Winter": 5.9709494255909155,
    "Feed the Cycle": 2.5752078609221467,
    "Fell": 2.2535335689045937,
    "Glidedive Duo": 4.893719806763285,
    "Hazel's Nocturne": 4.55498417721519,
    "Huskburster Swarm": 4.710730948678072,
    "Iridescent Vinelasher": null,
    "Maha, Its Feathers Night": null,
    "Moonstone Harbinger": 3.823756639304684,
    "Nocturnal Hunger": 3.1460569295380307,
    "Osteomancer Adept": null,
    "Persistent Marshstalker": 4.604495268138801,
    "Psychic Whorl": 7.382408724513987,
    "Ravine Raider": 6.58034917802982,
    "Rottenmouth Viper": null,
    "Ruthless Negotiation": 5.217452006980802,
    "Savor": 3.2170367014046217,
    "Scales of Shale": 5.513737401629159,
    "Scavenger's Talent": 2.891935483870968,
    "Season of Loss": null,
    "Sinister Monolith": 5.186372007366482,
    "Stargaze": 6.407103023187555,
    "Starlit Soothsayer": 6.559307141960588,
    "Starscape Cleric": 3.9251930501930503,
    "Thornplate Intimidator": 6.038101430429129,
    "Thought-Stalker Warlock": 2.4989369241672574,
    "Valley Rotcaller": null,
    "Wick, the Whorled Mind": 3.5019710906701706,
    "Wick's Patrol": 2.9801455989410988,
    "Agate Assault": 4.506631299734748,
    "Alania's Pathmaker": 6.321205007824726,
    "Artist's Talent": 5.261151662611517,
    "Blacksmith's Talent": 4.072982116964718,
    "Blooming Blast": 4.264705882352941,
    "Brambleguard Captain": 4.316163410301954,
    "Brazen Collector": 3.9262564584311885,
    "Byway Barterer": 2.604696673189824,
    "Coruscation Mage": 4.538989898989899,
    "Conduct Electricity": 6.832999499248873,
    "Emberheart Challenger": 2.3490196078431373,
    "Festival of Embers": 5.87038280725319,
    "Flamecache Gecko": 4.530790623758443,
    "Dragonhawk, Fate's Tempest": null,
    "Frilled Sparkshooter": 6.872343054869006,
    "Harnesser of Storms": 5.900829081632653,
    "Heartfire Hero": 3.6873065015479876,
    "Hearthborn Battler": 2.7521222410865875,
    "Hired Claw": 2.5992063492063493,
    "Hoarder's Overflow": 7.119753448781919,
    "Kindlespark Duo": 6.828774822030723,
    "Manifold Mouse": 2.462151394422311,
    "Might of the Meek": 6.500064259092662,
    "Playful Shove": 5.216991150442478,
    "Quaketusk Boar": 3.637295081967213,
    "Rabid Gnaw": 3.071306332002282,
    "Raccoon Rallier": 6.358500390523301,
    "Reptilian Recruiter": 5.9383333333333335,
    "Roughshod Duo": 5.87396694214876,
    "Sazacap's Brew": 7.119039082108283,
    "Season of the Bold": null,
    "Steampath Charger": 6.312265736073414,
    "Stormsplitter": null,
    "Sunspine Lynx": 3.661680092059839,
    "Take Out the Trash": 3.77238951896754,
    "Teapot Slinger": 4.72641878669276,
    "Valley Flamecaller": 2.279441117764471,
    "War Squeak": 7.551547619047619,
    "Whiskerquill Scribe": 6.787611702778798,
    "Wildfire Howl": 5.814242526032919,
    "Bakersbane Duo": 3.537796542018496,
    "Valley Rally": 6.2101890419737265,
    "Bark-Knuckle Boxer": 3.9725400457665905,
    "Brambleguard Veteran": 3.8136384866884634,
    "Bushy Bodyguard": 3.8155893536121672,
    "Cache Grab": 5.023546725533481,
    "Clifftop Lookout": 4.348856209150327,
    "Curious Forager": 3.8149158708503865,
    "Druid of the Spade": 6.251184834123222,
    "Fecund Greenshell": null,
    "For the Common Good": 5.223472668810289,
    "Galewind Moose": 2.6529160739687057,
    "Hazardroot Herbalist": 5.332639611515782,
    "Heaped Harvest": 5.276577600909608,
    "High Stride": 6.816578694817658,
    "Hivespine Wolverine": 3.1149635036496353,
    "Honored Dreyleader": 4.643920595533499,
    "Hunter's Talent": 1.9244060475161988,
    "Innkeeper's Talent": null,
    "Keen-Eyed Curator": null,
    "Longstalk Brawl": 3.731748726655348,
    "Lumra, Bellow of the Woods": null,
    "Mistbreath Elder": null,
    "Overprotect": 3.253177966101695,
    "Pawpatch Formation": 4.724137931034483,
    "Pawpatch Recruit": null,
    "Peerless Recycling": 5.924265842349304,
    "Polliwallop": 3.9518918918918917,
    "Rust-Shield Rampager": 5.475814143616296,
    "Scrapshooter": null,
    "Season of Gathering": null,
    "Stickytongue Sentinel": 4.582554517133956,
    "Stocking the Pantry": 6.576674500587544,
    "Sunshower Druid": 5.612436928951316,
    "Tender Wildguide": null,