{
    "all": {
        "GIH WR": {
            "mean": 0.5448877874090443,
            "stdev": 0.04183115827206092
        },
        "OH WR": {
            "mean": 0.539894412629893,
            "stdev": 0.047550572347276526
        },
        "GD WR": {
            "mean": 0.5526088175026941,
            "stdev": 0.03725103837995741
        },
        "IWD": {
            "mean": 0.012929000983281428,
            "stdev": 0.03459228030250181
        }
    },
    "WU": {
        "GIH WR": {
            "mean": 0.5636288828740604,
            "stdev": 0.03716088939091594
        },
        "OH WR": {
            "mean": 0.5623888276459441,
            "stdev": 0.040439854124951796
        },
        "GD WR": {
            "mean": 0.5643409072587332,
            "stdev": 0.030436929618129698
        },
        "IWD": {
            "mean": 0.007049344945930229,
            "stdev": 0.03460213304975191
        }
    },
    "WB": {
        "GIH WR": {
            "mean": 0.5426658386232246,
            "stdev": 0.03354720645162983
        },
        "OH WR": {
            "mean": 0.5374695280495939,
            "stdev": 0.03808425383010125
        },
        "GD WR": {
            "mean": 0.5460655008344211,
            "stdev": 0.030450177271230006
        },
        "IWD": {
            "mean": 0.013207018480673922,
            "stdev": 0.03520276270044285
        }
    },
    "WR": {
        "GIH WR": {
            "mean": 0.5707557358457428,
            "stdev": 0.04013492571576278
        },
        "OH WR": {
            "mean": 0.5871103268921263,
            "stdev": 0.04770216345182866
        },
        "GD WR": {
            "mean": 0.5610434528826905,
            "stdev": 0.03592347234652953
        },
        "IWD": {
            "mean": -0.016517837893422906,
            "stdev": 0.034378812056017415
        }
    },
    "WG": {
        "GIH WR": {
            "mean": 0.5531404497399571,
            "stdev": 0.03477422983939283
        },
        "OH WR": {
            "mean": 0.5642420353593408,
            "stdev": 0.044779497887585076
        },
        "GD WR": {
            "mean": 0.5491397794747026,
            "stdev": 0.029662975574902176
        },
        "IWD": {
            "mean": -0.008814498466188947,
            "stdev": 0.031706820715503334
        }
    },
    "UB": {
        "GIH WR": {
            "mean": 0.5679463012382467,
            "stdev": 0.03764013752688088
        },
        "OH WR": {
            "mean": 0.5449226464965389,
            "stdev": 0.045251109514432994
        },
        "GD WR": {
            "mean": 0.5866964705360794,
            "stdev": 0.03479936939756166
        },
        "IWD": {
            "mean": 0.05304373498860144,
            "stdev": 0.027695794771788764
        }
    },
    "UR": {
        "GIH WR": {
            "mean": 0.548052320576368,
            "stdev": 0.035791143592558194
        },
        "OH WR": {
            "mean": 0.5356006872066208,
            "stdev": 0.0374732120413688
        },
        "GD WR": {
            "mean": 0.5606619515859678,
            "stdev": 0.036770652739900475
        },
        "IWD": {
            "mean": 0.03146039932077227,
            "stdev": 0.030026637088486203
        }
    },
    "UG": {
        "GIH WR": {
            "mean": 0.5478391431431404,
            "stdev": 0.03860626007169272
        },
        "OH WR": {
            "mean": 0.5361753255844752,
            "stdev": 0.042626048814279276
        },
        "GD WR": {
            "mean": 0.5636797136196264,
            "stdev": 0.03446959850215616
        },
        "IWD": {
            "mean": 0.030471539983199496,
            "stdev": 0.030392323028475502
        }
    },
    "BR": {
        "GIH WR": {
            "mean": 0.532373062015574,
            "stdev": 0.0369738959428539
        },
        "OH WR": {
            "mean": 0.5308567006574666,
            "stdev": 0.04062746770665723
        },
        "GD WR": {
            "mean": 0.5415597752682073,
            "stdev": 0.034875644975648636
        },
        "IWD": {
            "mean": 0.004418716594917605,
            "stdev": 0.03160978074750229
        }
    },
    "BG": {
        "GIH WR": {
            "mean": 0.5375775265637533,
            "stdev": 0.033163756065209354
        },
        "OH WR": {
            "mean": 0.5340607844617012,
            "stdev": 0.039504184382225915
        },
        "GD WR": {
            "mean": 0.5464205052298134,
            "stdev": 0.031496438696833544
        },
        "IWD": {
            "mean": 0.012848838346273156,
            "stdev": 0.028281147109962573
        }
    },
    "RG": {
        "GIH WR": {
            "mean": 0.5771167375991338,
            "stdev": 0.03519904553932274
        },
        "OH WR": {
            "mean": 0.58461896864072,
            "stdev": 0.039555115615810384
        },
        "GD WR": {
            "mean": 0.5817907583053872,
            "stdev": 0.0303401605581583
        },
        "IWD": {
            "mean": -0.005709141347408386,
            "stdev": 0.02936944115608362
        }
    }
}