{
    "Abuelo's Awakening": 4.617175202809057,
    "Acrobatic Leap": 8.545679944786635,
    "Adaptive Gemguard": 5.60999654701602,
    "Attentive Sunscribe": 5.65892953741055,
    "Bat Colony": 6.593923703647301,
    "Clay-Fired Bricks": 2.9872166208371524,
    "Cosmium Blast": 5.426099941962452,
    "Dauntless Dismantler": 5.857655163735884,
    "Deconstruction Hammer": 6.795827944357531,
    "Dusk Rose Reliquary": 3.248392768464708,
    "Envoy of Okinec Ahau": 6.643039955518997,
    "Fabrication Foundry": 5.090996405148047,
    "Family Reunion": 8.454286406539694,
    "Get Lost": 2.697257885560311,
    "Glorifier of Suffering": 5.89138401894797,
    "Guardian of the Great Door": 3.2552075609065536,
    "Helping Hand": 6.290156232094427,
    "Ironpaw Aspirant": 5.2222229554498245,
    "Kinjalli's Dawnrunner": 3.4965396852908768,
    "Kutzil's Flanker": 2.2628372497824194,
    "Malamet War Scribe": 4.494558717419023,
    "Market Gnome": 4.419142753715353,
    "Might of the Ancestors": 6.2267716285994865,
    "Miner's Guidewing": 4.330876159215392,
    "Mischievous Pup": 4.745124374448042,
    "Ojer Taq, Deepest Foundation": 1.5374295158467821,
    "Oltec Archaeologists": 7.449202027303995,
    "Oltec Cloud Guard": 3.4301911744685816,
    "Oteclan Landmark": 7.016617675084749,
    "Petrify": 3.478910102893708,
    "Quicksand Whirlpool": 5.172819316194997,
    "Resplendent Angel": 1.3896429317185217,
    "Ruin-Lurker Bat": 3.0834241155897026,
    "Sanguine Evangelist": 1.6197285727297568,
    "Soaring Sandwing": 5.970000896030585,
    "Spring-Loaded Sawblades": 2.595622263914947,
    "Thousand Moons Crackshot": 7.784480843901277,
    "Thousand Moons Infantry": 7.984286474389654,
    "Thousand Moons Smithy": 1.4899053935433533,
    "Tinker's Tote": 4.186416759421212,
    "Unstable Glyphbridge": 1.6257230657989876,
    "Vanguard of the Rose": 4.55357946655174,
    "Warden of the Inner Sky": 1.7043418920071653,
    "Akal Pakal, First Among Equals": 1.8418177499802075,
    "Ancestral Reminiscence": 8.524911339170824,
    "Brackish Blunder": 6.0151947704238955,
    "Braided Net": 2.3993811733904558,
    "Chart a Course": 4.378370018558799,
    "Cogwork Wrestler": 5.917613759664689,
    "Confounding Riddle": 5.355913372107704,
    "Council of Echoes": 5.098316239392666,
    "Didact Echo": 7.651819099056324,
    "Eaten by Piranhas": 4.4072216550534735,
    "The Enigma Jewel": 4.517904632321108,
    "The Everflowing Well": 2.7013306257681826,
    "Frilled Cave-Wurm": 8.662669421466017,
    "Hermitic Nautilus": 4.540913466680928,
    "Hurl into History": 7.024055353178281,
    "Inverted Iceberg": 5.225040340071137,
    "Kitesail Larcenist": 1.6113190324052944,
    "Lodestone Needle": 3.5851821697537147,
    "Malcolm, Alluring Scoundrel": 1.5918963314473444,
    "Marauding Brinefang": 6.990743807172854,
    "Merfolk Cave-Diver": 6.183612190500658,
    "Oaken Siren": 4.359229447046521,
    "Ojer Pakpatiq, Deepest Epoch": 1.4201183431952662,
    "Orazca Puzzle-Door": 7.397232541013231,
    "Out of Air": 8.338901939620964,
    "Pirate Hat": 7.795163807818303,
    "Relic's Roar": 9.333893048238181,
    "River Herald Scout": 5.448019544651211,
    "Sage of Days": 7.983637887499133,
    "Self-Reflection": 7.196969268209859,
    "Shipwreck Sentry": 7.029008859279708,
    "Sinuous Benthisaur": 6.681632145937176,
    "Song of Stupefaction": 8.887818421456258,
    "Spyglass Siren": 2.7575020670200865,
    "Staunch Crewmate": 3.7126613036400955,
    "Tishana's Tidebinder": 2.199073776291246,
    "Unlucky Drop": 7.752437908163402,
    "Waterlogged Hulk": 7.281978450198362,
    "Waterwind Scout": 3.374321631151311,
    "Waylaying Pirates": 6.075663087857251,
    "Zoetic Glyph": 2.9704174026511354,
    "Abyssal Gorestalker": 6.470002515991796,
    "Aclazotz, Deepest Betrayal": 1.2475086906141368,
    "Another Chance": 6.506646085997795,
    "Bitter Triumph": 2.6949945984875767,
    "Bloodthorn Flail": 7.968783119106497,
    "Bringer of the Last Gift": 2.616845261229249,
    "Broodrage Mycoid": 6.51205818930455,
    "Canonized in Blood": 6.3033786276931965,
    "Chupacabra Echo": 2.536871207247309,
    "Corpses of the Lost": 2.2010991921599787,
    "Dead Weight": 4.4131154155012355,
    "Deathcap Marionette": 5.4018222964101685,
    "Deep Goblin Skulltaker": 6.588067511444618,
    "Deep-Cavern Bat": 2.8588993523761848,
    "Echo of Dusk": 5.921999384804676,
    "Fanatical Offering": 6.667244206463222,
    "Gargantuan Leech": 6.451360975684309,
    "Grasping Shadows": 5.089526234671313,
    "Greedy Freebooter": 7.00415140206115,
    "Join the Dead": 3.350288274786279,
    "Malicious Eclipse": 6.577949459582889,
    "Mephitic Draught": 7.251484640829783,
    "Preacher of the Schism": 1.5698640138724103,
    "Primordial Gnawer": 7.813062899330377,
    "Queen's Bay Paladin": 3.172051364072568,
    "Rampaging Spiketail": 5.944651212412174,
    "Ray of Ruin": 6.339218518716673,
    "Screaming Phantom": 6.687762543757293,
    "Skullcap Snail": 5.448823665372108,
    "Soulcoil Viper": 4.43390591489447,
    "Stalactite Stalker": 2.069058110713302,
    "Starving Revenant": 1.8967952612393681,
    "Stinging Cave Crawler": 3.7580672934531805,
    "Synapse Necromage": 4.902997675938703,
    "Tarrian's Journal": 2.252578665622144,
    "Terror Tide": 2.2369202945355897,
    "Tithing Blade": 4.730193231217425,
    "Visage of Dread": 4.269201476360654,
    "Vito's Inquisitor": 7.786621758497882,
    "Abrade": 2.671919716106384,
    "Ancestors' Aid": 7.16115727559646,
    "Belligerent Yearling": 3.045853252365161,
    "Bonehoard Dracosaur": 1.14380081300813,
    "Brass's Tunnel-Grinder": 2.3959666706919456,
    "Brazen Blademaster": 6.898278178736046,
    "Breeches, Eager Pillager": 1.4151156812339332,
    "Burning Sun Cavalry": 6.639652329852775,
    "Calamitous Cave-In": 7.18045829775121,
    "Child of the Volcano": 7.876549944513524,
    "Curator of Sun's Creation": 5.6279435780709255,
    "Daring Discovery": 8.526329826176083,
    "Diamond Pick-Axe": 3.6556907317422604,
    "Dinotomaton": 5.239477227826577,
    "Dire Flail": 2.113103448275862,
    "Dowsing Device": 5.377249880661556,
    "Dreadmaw's Ire": 3.663216643653621,
    "Enterprising Scallywag": 3.9442023709917526,
    "Etali's Favor": 5.162654780284312,
    "Geological Appraiser": 2.5619656259250876,
    "Goblin Tomb Raider": 5.71150870714081,
    "Goldfury Strider": 6.1670772285933015,
    "Hit the Mother Lode": 5.617450812660394,
    "Hotfoot Gnome": 7.387941765290697,
    "Idol of the Deep King": 5.095062996250552,
    "Inti, Seneschal of the Sun": 1.4550855991943605,
    "Magmatic Galleon": 1.5571336346029696,
    "Ojer Axonil, Deepest Might": 1.5851063829787233,
    "Panicked Altisaur": 5.505577357057087,
    "Plundering Pirate": 4.4328009685266325,
    "Poetic Ingenuity": 1.9591146633876422,
    "Rampaging Ceratops": 4.550760099446753,
    "Rumbling Rockslide": 4.9834274537131265,
    "Saheeli's Lattice": 4.693081789156447,
    "Scytheclaw Raptor": 2.920012986821328,
    "Seismic Monstrosaur": 5.646468829793859,
    "Sunfire Torch": 5.659086993431089,
    "Sunshot Militia": 5.754093973098971,
    "Tectonic Hazard": 9.35620656512429,
    "Triumphant Chomp": 3.2426140267427725,
    "Trumpeting Carnosaur": 1.3087695898632878,
    "Volatile Wanderglyph": 5.123390255469732,
    "Zoyowa's Justice": 8.085938341410877,
    "Armored Kincaller": 5.231707275969113,
    "Basking Capybara": 7.610992835488124,
    "Bedrock Tortoise": 1.8271272381556014,
    "Cavern Stomper": 5.693085482443011,
    "Cenote Scout": 3.948550495524471,
    "Coati Scavenger": 4.630087691054755,
    "Colossadactyl": 3.058039126865038,
    "Disturbed Slumber": 9.234255618634077,
    "Earthshaker Dreadmaw": 3.420002602811036,
    "Explorer's Cache": 5.567526064147685,
    "Ghalta, Stampede Tyrant": 2.211285918606163,
    "Glimpse the Core": 6.1584546647503595,
    "Glowcap Lantern": 6.134976769434643,
    "Growing Rites of Itlimoc": 3.9450009105809505,