{
    "all": {
        "GIH WR": {
            "mean": 0.6066074456132073,
            "stdev": 0.03622092130209068
        },
        "OH WR": {
            "mean": 0.6008164620431391,
            "stdev": 0.04822348853428286
        },
        "GD WR": {
            "mean": 0.6118809867505713,
            "stdev": 0.03344078473415572
        },
        "IWD": {
            "mean": 0.024164113570333403,
            "stdev": 0.038106916052505845
        }
    },
    "WU": {
        "GIH WR": {
            "mean": 0.6223627651553919,
            "stdev": 0.03549350324049995
        },
        "OH WR": {
            "mean": 0.624567661839179,
            "stdev": 0.04349100710542677
        },
        "GD WR": {
            "mean": 0.6246868685568953,
            "stdev": 0.032117949460054605
        },
        "IWD": {
            "mean": 0.018926984124963946,
            "stdev": 0.036923887495009716
        }
    },
    "WB": {
        "GIH WR": {
            "mean": 0.5910372112433382,
            "stdev": 0.03345794017756909
        },
        "OH WR": {
            "mean": 0.5934451402270419,
            "stdev": 0.03211894469113252
        },
        "GD WR": {
            "mean": 0.6104232287625372,
            "stdev": 0.028924331836020528
        },
        "IWD": {
            "mean": 0.022850985131933264,
            "stdev": 0.029744970046375094
        }
    },
    "WR": {
        "GIH WR": {
            "mean": 0.6042661172060986,
            "stdev": 0.037851434129837616
        },
        "OH WR": {
            "mean": 0.5992439866841053,
            "stdev": 0.033422852862574334
        },
        "GD WR": {
            "mean": 0.5921408413136875,
            "stdev": 0.026617100665490355
        },
        "IWD": {
            "mean": 0.0021686618778536636,
            "stdev": 0.04048439143509703
        }
    },
    "WG": {
        "GIH WR": {
            "mean": 0.6004000164393049,
            "stdev": 0.0235662349963044
        },
        "OH WR": {
            "mean": 0.6039095264646378,
            "stdev": 0.02883211576167281
        },
        "GD WR": {
            "mean": 0.6101233283233741,
            "stdev": 0.021115633388542793
        },
        "IWD": {
            "mean": 0.01065969567068212,
            "stdev": 0.02319327725328656
        }
    },
    "UB": {
        "GIH WR": {
            "mean": 0.6045902374928562,
            "stdev": 0.03723636358129667
        },
        "OH WR": {
            "mean": 0.5873926237220157,
            "stdev": 0.03814949264924837
        },
        "GD WR": {
            "mean": 0.6134681840043421,
            "stdev": 0.02832325258784297
        },
        "IWD": {
            "mean": 0.04060613286443707,
            "stdev": 0.040783282878627605
        }
    },
    "UR": {
        "GIH WR": {
            "mean": 0.6140142353732349,
            "stdev": 0.03933478321326362
        },
        "OH WR": {
            "mean": 0.6143585690339372,
            "stdev": 0.04024890076577296
        },
        "GD WR": {
            "mean": 0.6147092186464218,
            "stdev": 0.02890858139184677
        },
        "IWD": {
            "mean": 0.0016414054452728289,
            "stdev": 0.03662488614210508
        }
    },
    "UG": {
        "GIH WR": {
            "mean": 0.5878419406065816,
            "stdev": 0.02691200762132247
        },
        "OH WR": {
            "mean": 0.5830006578939559,
            "stdev": 0.026551916252254126
        },
        "GD WR": {
            "mean": 0.5839683721664214,
            "stdev": 0.02664574149509318
        },
        "IWD": {
            "mean": 0.015295467552990948,
            "stdev": 0.031566642852661086
        }
    },
    "BR": {
        "GIH WR": {
            "mean": 0.5968820681609052,
            "stdev": 0.02862284098684093
        },
        "OH WR": {
            "mean": 0.5843467700926741,
            "stdev": 0.028061171800177972
        },
        "GD WR": {
            "mean": 0.6095709157116767,
            "stdev": 0.023631516865383874
        },
        "IWD": {
            "mean": 0.025365665110932866,
            "stdev": 0.030510031627382375
        }
    },
    "BG": {
        "GIH WR": {
            "mean": 0.6131761744629337,
            "stdev": 0.038032695769203574
        },
        "OH WR": {
            "mean": 0.5991533982378967,
            "stdev": 0.030972551689146026
        },
        "GD WR": {
            "mean": 0.6244000863602029,
            "stdev": 0.025187941686416266
        },
        "IWD": {
            "mean": 0.03763926302509133,
            "stdev": 0.038895929930384494
        }
    },
    "RG": {
        "GIH WR": {
            "mean": 0.6162120313929387,
            "stdev": 0.03944000351992372
        },
        "OH WR": {
            "mean": 0.6176876030203983,
            "stdev": 0.04035762414750377
        },
        "GD WR": {
            "mean": 0.6114424875594904,
            "stdev": 0.031302864978561794
        },
        "IWD": {
            "mean": 0.008536327883245811,
            "stdev": 0.04154599716737145
        }
    }
}